DATA_ELABORAZIONE,REGIONE,COD_ISTAT_REGIONE,PROVINCIA,COMUNE,COD_ISTAT_COMUNE,RETTIFICHE,CAMBI_RESIDENZA,AUTOCERTIFICAZIONI,VISURE,CERTIFICATI,TOTALE
03-10-2026,ABRUZZO,13,PESCARA,ABBATEGGIO,068001,0,1,17,168,34,220
03-10-2026,ABRUZZO,13,L'AQUILA,ACCIANO,066001,0,3,6,146,61,216
03-10-2026,ABRUZZO,13,L'AQUILA,AIELLI,066002,0,3,116,827,324,1270
03-10-2026,ABRUZZO,13,PESCARA,ALANNO,068002,2,30,196,1481,641,2350
03-10-2026,ABRUZZO,13,TERAMO,ALBA ADRIATICA,067001,71,476,1341,15528,7089,24505
03-10-2026,ABRUZZO,13,L'AQUILA,ALFEDENA,066003,4,27,125,2079,1448,3683
03-10-2026,ABRUZZO,13,CHIETI,ALTINO,069001,3,16,122,1453,430,2024
03-10-2026,ABRUZZO,13,TERAMO,ANCARANO,067002,0,13,74,1211,517,1815
03-10-2026,ABRUZZO,13,L'AQUILA,ANVERSA DEGLI ABRUZZI,066004,1,10,29,335,73,448
03-10-2026,ABRUZZO,13,CHIETI,ARCHI,069002,3,15,80,976,346,1420
03-10-2026,ABRUZZO,13,CHIETI,ARI,069003,2,6,61,721,364,1154
03-10-2026,ABRUZZO,13,CHIETI,ARIELLI,069004,1,7,26,368,139,541
03-10-2026,ABRUZZO,13,TERAMO,ARSITA,067003,0,4,55,449,180,688
03-10-2026,ABRUZZO,13,L'AQUILA,ATELETA,066005,5,29,116,1572,780,2502
03-10-2026,ABRUZZO,13,CHIETI,ATESSA,069005,7,128,509,6161,2772,9577
03-10-2026,ABRUZZO,13,TERAMO,ATRI,067004,10,100,645,5894,2358,9007
03-10-2026,ABRUZZO,13,L'AQUILA,AVEZZANO,066006,47,612,2976,38292,19026,60953
03-10-2026,ABRUZZO,13,L'AQUILA,BALSORANO,066007,2,20,158,1266,681,2127
03-10-2026,ABRUZZO,13,L'AQUILA,BARETE,066008,1,5,56,738,539,1339
03-10-2026,ABRUZZO,13,L'AQUILA,BARISCIANO,066009,4,11,75,650,214,954
03-10-2026,ABRUZZO,13,L'AQUILA,BARREA,066010,3,10,35,580,285,913
03-10-2026,ABRUZZO,13,TERAMO,BASCIANO,067005,6,23,135,1525,598,2287
03-10-2026,ABRUZZO,13,TERAMO,BELLANTE,067006,5,79,491,4438,1856,6869
03-10-2026,ABRUZZO,13,L'AQUILA,BISEGNA,066011,0,2,11,162,42,217
03-10-2026,ABRUZZO,13,TERAMO,BISENTI,067007,0,16,65,751,311,1143
03-10-2026,ABRUZZO,13,PESCARA,BOLOGNANO,068003,0,1,43,509,156,709
03-10-2026,ABRUZZO,13,CHIETI,BOMBA,069006,0,3,49,371,114,537
03-10-2026,ABRUZZO,13,CHIETI,BORRELLO,069007,1,6,15,160,29,211
03-10-2026,ABRUZZO,13,PESCARA,BRITTOLI,068004,0,0,3,43,27,73
03-10-2026,ABRUZZO,13,CHIETI,BUCCHIANICO,069008,4,49,329,2879,1083,4344
03-10-2026,ABRUZZO,13,L'AQUILA,BUGNARA,066012,3,11,60,700,274,1048
03-10-2026,ABRUZZO,13,PESCARA,BUSSI SUL TIRINO,068005,5,16,72,1069,460,1622
03-10-2026,ABRUZZO,13,L'AQUILA,CAGNANO AMITERNO,066013,2,5,55,462,156,680
03-10-2026,ABRUZZO,13,L'AQUILA,CALASCIO,066014,0,1,5,56,21,83
03-10-2026,ABRUZZO,13,TERAMO,CAMPLI,067008,5,64,332,3712,1391,5504
03-10-2026,ABRUZZO,13,L'AQUILA,CAMPO DI GIOVE,066015,0,22,74,878,355,1329
03-10-2026,ABRUZZO,13,L'AQUILA,CAMPOTOSTO,066016,1,4,25,194,74,298
03-10-2026,ABRUZZO,13,L'AQUILA,CANISTRO,066017,0,6,37,252,82,377
03-10-2026,ABRUZZO,13,CHIETI,CANOSA SANNITA,069010,0,3,49,448,240,740
03-10-2026,ABRUZZO,13,L'AQUILA,CANSANO,066018,0,1,13,130,137,281
03-10-2026,ABRUZZO,13,TERAMO,CANZANO,067009,0,26,81,1219,578,1904
03-10-2026,ABRUZZO,13,L'AQUILA,CAPESTRANO,066019,0,5,14,229,50,298
03-10-2026,ABRUZZO,13,L'AQUILA,CAPISTRELLO,066020,6,34,246,3225,1085,4596
03-10-2026,ABRUZZO,13,L'AQUILA,CAPITIGNANO,066021,4,7,31,384,105,531
03-10-2026,ABRUZZO,13,L'AQUILA,CAPORCIANO,066022,1,0,8,116,46,171
03-10-2026,ABRUZZO,13,L'AQUILA,CAPPADOCIA,066023,1,22,96,1129,222,1470
03-10-2026,ABRUZZO,13,PESCARA,CAPPELLE SUL TAVO,068006,7,64,381,3348,1447,5247
03-10-2026,ABRUZZO,13,PESCARA,CARAMANICO TERME,068007,1,17,49,747,268,1082
03-10-2026,ABRUZZO,13,L'AQUILA,CARAPELLE CALVISIO,066024,0,0,1,13,7,21
03-10-2026,ABRUZZO,13,PESCARA,CARPINETO DELLA NORA,068008,0,4,15,198,61,278
03-10-2026,ABRUZZO,13,CHIETI,CARPINETO SINELLO,069011,0,3,14,105,17,139
03-10-2026,ABRUZZO,13,L'AQUILA,CARSOLI,066025,2,75,305,3618,1316,5316
03-10-2026,ABRUZZO,13,CHIETI,CARUNCHIO,069012,0,4,27,201,72,304
03-10-2026,ABRUZZO,13,CHIETI,CASACANDITELLA,069013,3,3,59,544,208,817
03-10-2026,ABRUZZO,13,CHIETI,CASALANGUIDA,069014,0,1,17,119,34,171
03-10-2026,ABRUZZO,13,CHIETI,CASALBORDINO,069015,5,35,236,2847,1194,4317
03-10-2026,ABRUZZO,13,CHIETI,CASALINCONTRADA,069016,4,42,247,2156,957,3406
03-10-2026,ABRUZZO,13,CHIETI,CASOLI,069017,0,16,242,2170,1261,3689
03-10-2026,ABRUZZO,13,TERAMO,CASTEL CASTAGNA,067010,0,0,21,134,60,215
03-10-2026,ABRUZZO,13,L'AQUILA,CASTEL DEL MONTE,066026,5,3,11,231,51,301
03-10-2026,ABRUZZO,13,L'AQUILA,CASTEL DI IERI,066027,0,2,8,86,15,111
03-10-2026,ABRUZZO,13,L'AQUILA,CASTEL DI SANGRO,066028,12,172,615,8468,4425,13692
03-10-2026,ABRUZZO,13,CHIETI,CASTEL FRENTANO,069018,5,37,331,2236,877,3486
03-10-2026,ABRUZZO,13,CHIETI,CASTELGUIDONE,069019,3,7,22,119,27,178
03-10-2026,ABRUZZO,13,L'AQUILA,CASTELLAFIUME,066029,1,5,45,477,145,673
03-10-2026,ABRUZZO,13,TERAMO,CASTELLALTO,067011,4,47,431,3801,1286,5569
03-10-2026,ABRUZZO,13,TERAMO,CASTELLI,067012,0,4,27,258,132,421
03-10-2026,ABRUZZO,13,L'AQUILA,CASTELVECCHIO CALVISIO,066030,1,2,8,77,18,106
03-10-2026,ABRUZZO,13,L'AQUILA,CASTELVECCHIO SUBEQUO,066031,0,4,41,356,111,512
03-10-2026,ABRUZZO,13,PESCARA,CASTIGLIONE A CASAURIA,068009,0,5,37,373,140,555
03-10-2026,ABRUZZO,13,CHIETI,CASTIGLIONE MESSER MARINO,069020,3,10,54,449,172,688
03-10-2026,ABRUZZO,13,TERAMO,CASTIGLIONE MESSER RAIMONDO,067013,1,21,83,870,285,1260
03-10-2026,ABRUZZO,13,TERAMO,CASTILENTI,067014,4,5,49,440,157,655
03-10-2026,ABRUZZO,13,PESCARA,CATIGNANO,068010,0,7,21,440,86,554
03-10-2026,ABRUZZO,13,L'AQUILA,CELANO,066032,11,38,376,5055,1883,7363
03-10-2026,ABRUZZO,13,CHIETI,CELENZA SUL TRIGNO,069021,0,10,22,344,163,539
03-10-2026,ABRUZZO,13,TERAMO,CELLINO ATTANASIO,067015,2,11,71,773,334,1191
03-10-2026,ABRUZZO,13,PESCARA,CEPAGATTI,068011,4,140,740,7736,4965,13585
03-10-2026,ABRUZZO,13,L'AQUILA,CERCHIO,066033,0,5,58,689,414,1166
03-10-2026,ABRUZZO,13,TERAMO,CERMIGNANO,067016,3,20,85,707,284,1099
03-10-2026,ABRUZZO,13,CHIETI,CHIETI,069022,182,1407,4895,55578,23756,85818
03-10-2026,ABRUZZO,13,PESCARA,CITTÀ SANT'ANGELO,068012,48,284,1483,14588,6525,22928
03-10-2026,ABRUZZO,13,L'AQUILA,CIVITA D'ANTINO,066034,0,8,93,679,232,1012
03-10-2026,ABRUZZO,13,CHIETI,CIVITALUPARELLA,069023,0,0,6,47,27,80
03-10-2026,ABRUZZO,13,PESCARA,CIVITAQUANA,068013,1,8,54,522,224,809
03-10-2026,ABRUZZO,13,L'AQUILA,CIVITELLA ALFEDENA,066035,0,1,46,224,39,310
03-10-2026,ABRUZZO,13,PESCARA,CIVITELLA CASANOVA,068014,2,14,79,618,154,867
03-10-2026,ABRUZZO,13,TERAMO,CIVITELLA DEL TRONTO,067017,1,29,161,2183,1016,3390
03-10-2026,ABRUZZO,13,CHIETI,CIVITELLA MESSER RAIMONDO,069024,1,2,22,303,206,534
03-10-2026,ABRUZZO,13,L'AQUILA,CIVITELLA ROVETO,066036,2,21,118,2081,925,3147
03-10-2026,ABRUZZO,13,L'AQUILA,COCULLO,066037,0,3,10,58,30,101
03-10-2026,ABRUZZO,13,L'AQUILA,COLLARMELE,066038,0,5,31,290,124,450
03-10-2026,ABRUZZO,13,PESCARA,COLLECORVINO,068015,4,35,336,2984,1145,4504
03-10-2026,ABRUZZO,13,TERAMO,COLLEDARA,067018,0,9,96,860,218,1183
03-10-2026,ABRUZZO,13,CHIETI,COLLEDIMACINE,069025,0,1,8,97,49,155
03-10-2026,ABRUZZO,13,CHIETI,COLLEDIMEZZO,069026,0,1,9,132,44,186
03-10-2026,ABRUZZO,13,L'AQUILA,COLLELONGO,066039,0,4,61,582,331,978
03-10-2026,ABRUZZO,13,L'AQUILA,COLLEPIETRO,066040,0,3,4,54,13,74
03-10-2026,ABRUZZO,13,TERAMO,COLONNELLA,067019,2,30,202,2315,1160,3709
03-10-2026,ABRUZZO,13,TERAMO,CONTROGUERRA,067020,1,14,189,1615,776,2595
03-10-2026,ABRUZZO,13,L'AQUILA,CORFINIO,066041,0,4,57,428,144,633
03-10-2026,ABRUZZO,13,TERAMO,CORROPOLI,067021,4,56,409,3638,1628,5735
03-10-2026,ABRUZZO,13,TERAMO,CORTINO,067022,1,5,25,260,110,401
03-10-2026,ABRUZZO,13,PESCARA,CORVARA,068016,0,0,3,77,38,118
03-10-2026,ABRUZZO,13,CHIETI,CRECCHIO,069027,3,15,118,1356,697,2189
03-10-2026,ABRUZZO,13,TERAMO,CROGNALETO,067023,4,22,85,780,324,1215
03-10-2026,ABRUZZO,13,PESCARA,CUGNOLI,068017,3,2,81,426,136,648
03-10-2026,ABRUZZO,13,CHIETI,CUPELLO,069028,8,26,206,2422,880,3542
03-10-2026,ABRUZZO,13,CHIETI,DOGLIOLA,069029,0,0,27,138,73,238
03-10-2026,ABRUZZO,13,PESCARA,ELICE,068018,1,26,94,901,283,1305
03-10-2026,ABRUZZO,13,L'AQUILA,FAGNANO ALTO,066042,0,0,11,144,20,175
03-10-2026,ABRUZZO,13,CHIETI,FALLO,069104,0,5,15,69,7,96
03-10-2026,ABRUZZO,13,TERAMO,FANO ADRIANO,067024,0,7,26,220,60,313
03-10-2026,ABRUZZO,13,CHIETI,FARA FILIORUM PETRI,069030,1,24,78,1201,463,1767
03-10-2026,ABRUZZO,13,CHIETI,FARA SAN MARTINO,069031,3,13,96,757,570,1439
03-10-2026,ABRUZZO,13,PESCARA,FARINDOLA,068019,4,13,44,514,112,687
03-10-2026,ABRUZZO,13,CHIETI,FILETTO,069032,2,5,59,474,181,721
03-10-2026,ABRUZZO,13,L'AQUILA,FONTECCHIO,066043,0,8,16,162,43,229
03-10-2026,ABRUZZO,13,L'AQUILA,FOSSA,066044,1,6,56,622,152,837
03-10-2026,ABRUZZO,13,CHIETI,FOSSACESIA,069033,11,82,501,4689,1753,7036
03-10-2026,ABRUZZO,13,CHIETI,FRAINE,069034,0,0,21,102,32,155
03-10-2026,ABRUZZO,13,CHIETI,FRANCAVILLA AL MARE,069035,100,926,2933,31983,13903,49845
03-10-2026,ABRUZZO,13,CHIETI,FRESAGRANDINARIA,069036,0,0,14,224,91,329
03-10-2026,ABRUZZO,13,CHIETI,FRISA,069037,0,7,51,562,225,845
03-10-2026,ABRUZZO,13,CHIETI,FURCI,069038,0,7,17,223,218,465
03-10-2026,ABRUZZO,13,L'AQUILA,GAGLIANO ATERNO,066045,0,0,23,140,42,205
03-10-2026,ABRUZZO,13,CHIETI,GAMBERALE,069039,3,6,23,275,183,490
03-10-2026,ABRUZZO,13,CHIETI,GESSOPALENA,069040,7,12,69,735,391,1214
03-10-2026,ABRUZZO,13,L'AQUILA,GIOIA DEI MARSI,066046,5,12,74,964,318,1373
03-10-2026,ABRUZZO,13,CHIETI,GISSI,069041,4,17,68,959,435,1483
03-10-2026,ABRUZZO,13,CHIETI,GIULIANO TEATINO,069042,0,10,33,438,181,662
03-10-2026,ABRUZZO,13,TERAMO,GIULIANOVA,067025,30,443,1787,18199,8626,29085
03-10-2026,ABRUZZO,13,L'AQUILA,GORIANO SICOLI,066047,0,4,24,279,107,414
03-10-2026,ABRUZZO,13,CHIETI,GUARDIAGRELE,069043,10,75,475,5022,2690,8272
03-10-2026,ABRUZZO,13,CHIETI,GUILMI,069044,0,3,5,103,30,141
03-10-2026,ABRUZZO,13,L'AQUILA,INTRODACQUA,066048,4,15,156,1392,622,2189
03-10-2026,ABRUZZO,13,TERAMO,ISOLA DEL GRAN SASSO D'ITALIA,067026,4,18,181,1830,521,2554
03-10-2026,ABRUZZO,13,L'AQUILA,L'AQUILA,066049,163,1685,5243,63129,24865,95085
03-10-2026,ABRUZZO,13,CHIETI,LAMA DEI PELIGNI,069045,1,10,50,656,280,997
03-10-2026,ABRUZZO,13,CHIETI,LANCIANO,069046,32,616,2410,27431,13349,43838
03-10-2026,ABRUZZO,13,L'AQUILA,LECCE NEI MARSI,066050,0,3,50,725,499,1277
03-10-2026,ABRUZZO,13,CHIETI,LENTELLA,069047,0,0,15,189,81,285
03-10-2026,ABRUZZO,13,PESCARA,LETTOMANOPPELLO,068020,3,14,182,1351,482,2032
03-10-2026,ABRUZZO,13,CHIETI,LETTOPALENA,069048,0,6,19,150,73,248
03-10-2026,ABRUZZO,13,CHIETI,LISCIA,069049,0,0,3,112,52,167
03-10-2026,ABRUZZO,13,PESCARA,LORETO APRUTINO,068021,15,175,411,4190,1435,6226
03-10-2026,ABRUZZO,13,L'AQUILA,LUCO DEI MARSI,066051,2,48,451,4207,1826,6534
03-10-2026,ABRUZZO,13,L'AQUILA,LUCOLI,066052,0,31,63,851,293,1238
03-10-2026,ABRUZZO,13,L'AQUILA,MAGLIANO DE' MARSI,066053,3,51,209,2136,1041,3440
03-10-2026,ABRUZZO,13,PESCARA,MANOPPELLO,068022,17,160,590,5906,1986,8659
03-10-2026,ABRUZZO,13,TERAMO,MARTINSICURO,067047,26,317,1348,13802,6012,21505
03-10-2026,ABRUZZO,13,L'AQUILA,MASSA D'ALBE,066054,2,25,109,1077,528,1741
03-10-2026,ABRUZZO,13,CHIETI,MIGLIANICO,069050,4,52,278,3294,1413,5041
03-10-2026,ABRUZZO,13,L'AQUILA,MOLINA ATERNO,066055,0,5,5,79,37,126
03-10-2026,ABRUZZO,13,CHIETI,MONTAZZOLI,069051,0,0,12,100,17,129
03-10-2026,ABRUZZO,13,PESCARA,MONTEBELLO DI BERTONA,068023,0,5,25,464,163,657
03-10-2026,ABRUZZO,13,CHIETI,MONTEBELLO SUL SANGRO,069009,0,0,10,121,42,173
03-10-2026,ABRUZZO,13,CHIETI,MONTEFERRANTE,069052,0,3,9,99,37,148
03-10-2026,ABRUZZO,13,TERAMO,MONTEFINO,067027,0,2,42,354,206,604
03-10-2026,ABRUZZO,13,CHIETI,MONTELAPIANO,069053,0,4,1,33,11,49
03-10-2026,ABRUZZO,13,CHIETI,MONTENERODOMO,069054,0,1,12,126,60,199
03-10-2026,ABRUZZO,13,CHIETI,MONTEODORISIO,069055,1,15,100,865,236,1217
03-10-2026,ABRUZZO,13,L'AQUILA,MONTEREALE,066056,0,19,88,794,183,1084
03-10-2026,ABRUZZO,13,PESCARA,MONTESILVANO,068024,210,2493,7343,72670,43132,125848
03-10-2026,ABRUZZO,13,TERAMO,MONTORIO AL VOMANO,067028,5,80,322,4043,1793,6243
03-10-2026,ABRUZZO,13,L'AQUILA,MORINO,066057,2,11,64,592,309,978
03-10-2026,ABRUZZO,13,TERAMO,MORRO D'ORO,067029,3,36,152,1889,810,2890
03-10-2026,ABRUZZO,13,TERAMO,MOSCIANO SANT'ANGELO,067030,2,73,499,5264,2254,8092
03-10-2026,ABRUZZO,13,PESCARA,MOSCUFO,068025,2,16,158,1460,775,2411
03-10-2026,ABRUZZO,13,CHIETI,MOZZAGROGNA,069056,4,20,161,1559,579,2323
03-10-2026,ABRUZZO,13,L'AQUILA,NAVELLI,066058,2,16,56,429,105,608
03-10-2026,ABRUZZO,13,TERAMO,NERETO,067031,11,34,412,4603,2350,7410
03-10-2026,ABRUZZO,13,PESCARA,NOCCIANO,068026,5,10,84,997,649,1745
03-10-2026,ABRUZZO,13,TERAMO,NOTARESCO,067032,5,41,285,2982,984,4297
03-10-2026,ABRUZZO,13,L'AQUILA,OCRE,066059,0,16,54,587,239,896
03-10-2026,ABRUZZO,13,L'AQUILA,OFENA,066060,0,2,10,223,31,266
03-10-2026,ABRUZZO,13,L'AQUILA,OPI,066061,0,4,32,280,128,444
03-10-2026,ABRUZZO,13,L'AQUILA,ORICOLA,066062,5,7,96,856,403,1367
03-10-2026,ABRUZZO,13,CHIETI,ORSOGNA,069057,7,24,220,1873,841,2965
03-10-2026,ABRUZZO,13,CHIETI,ORTONA,069058,31,424,1662,17462,7601,27180
03-10-2026,ABRUZZO,13,L'AQUILA,ORTONA DEI MARSI,066063,1,3,24,241,91,360
03-10-2026,ABRUZZO,13,L'AQUILA,ORTUCCHIO,066064,0,7,101,751,259,1118
03-10-2026,ABRUZZO,13,L'AQUILA,OVINDOLI,066065,6,67,155,1418,670,2316
03-10-2026,ABRUZZO,13,L'AQUILA,PACENTRO,066066,1,14,50,564,254,883
03-10-2026,ABRUZZO,13,CHIETI,PAGLIETA,069059,0,21,241,2159,980,3401
03-10-2026,ABRUZZO,13,CHIETI,PALENA,069060,0,5,67,804,397,1273
03-10-2026,ABRUZZO,13,CHIETI,PALMOLI,069061,0,2,13,140,50,205
03-10-2026,ABRUZZO,13,CHIETI,PALOMBARO,069062,0,6,40,468,222,736
03-10-2026,ABRUZZO,13,TERAMO,PENNA SANT'ANDREA,067033,2,17,95,916,362,1392
03-10-2026,ABRUZZO,13,CHIETI,PENNADOMO,069063,0,8,29,127,31,195
03-10-2026,ABRUZZO,13,CHIETI,PENNAPIEDIMONTE,069064,0,6,14,160,41,221
03-10-2026,ABRUZZO,13,PESCARA,PENNE,068027,3,92,673,5440,2159,8367
03-10-2026,ABRUZZO,13,CHIETI,PERANO,069065,0,15,62,657,198,932
03-10-2026,ABRUZZO,13,L'AQUILA,PERETO,066067,1,4,36,313,107,461
03-10-2026,ABRUZZO,13,PESCARA,PESCARA,068028,378,7749,12682,180395,126782,327986
03-10-2026,ABRUZZO,13,L'AQUILA,PESCASSEROLI,066068,2,26,121,2098,1031,3278
03-10-2026,ABRUZZO,13,L'AQUILA,PESCINA,066069,2,23,237,3296,1293,4851
03-10-2026,ABRUZZO,13,L'AQUILA,PESCOCOSTANZO,066070,2,13,89,1132,733,1969
03-10-2026,ABRUZZO,13,PESCARA,PESCOSANSONESCO,068029,0,4,12,158,43,217
03-10-2026,ABRUZZO,13,L'AQUILA,PETTORANO SUL GIZIO,066071,0,14,79,879,520,1492
03-10-2026,ABRUZZO,13,PESCARA,PIANELLA,068030,13,112,562,5550,2399,8636
03-10-2026,ABRUZZO,13,PESCARA,PICCIANO,068031,2,5,62,852,1003,1924
03-10-2026,ABRUZZO,13,TERAMO,PIETRACAMELA,067034,0,3,18,118,34,173
03-10-2026,ABRUZZO,13,CHIETI,PIETRAFERRAZZANA,069103,0,0,5,32,5,42
03-10-2026,ABRUZZO,13,PESCARA,PIETRANICO,068032,1,2,16,253,154,426
03-10-2026,ABRUZZO,13,TERAMO,PINETO,067035,22,186,975,9846,4091,15120
03-10-2026,ABRUZZO,13,CHIETI,PIZZOFERRATO,069066,4,11,92,1494,636,2237
03-10-2026,ABRUZZO,13,L'AQUILA,PIZZOLI,066072,14,66,235,2969,1315,4599
03-10-2026,ABRUZZO,13,L'AQUILA,POGGIO PICENZE,066073,1,8,51,577,210,847
03-10-2026,ABRUZZO,13,CHIETI,POGGIOFIORITO,069067,0,4,28,214,86,332
03-10-2026,ABRUZZO,13,CHIETI,POLLUTRI,069068,0,10,99,743,351,1203
03-10-2026,ABRUZZO,13,PESCARA,POPOLI TERME,068033,2,34,175,2098,1194,3503
03-10-2026,ABRUZZO,13,L'AQUILA,PRATA D'ANSIDONIA,066074,0,3,19,167,61,250
03-10-2026,ABRUZZO,13,L'AQUILA,PRATOLA PELIGNA,066075,8,64,397,3896,1297,5662
03-10-2026,ABRUZZO,13,CHIETI,PRETORO,069069,0,12,62,488,210,772
03-10-2026,ABRUZZO,13,L'AQUILA,PREZZA,066076,0,5,66,594,387,1052
03-10-2026,ABRUZZO,13,CHIETI,QUADRI,069070,0,8,36,302,114,460
03-10-2026,ABRUZZO,13,L'AQUILA,RAIANO,066077,0,31,183,1594,975,2783
03-10-2026,ABRUZZO,13,CHIETI,RAPINO,069071,2,9,54,591,151,807
03-10-2026,ABRUZZO,13,CHIETI,RIPA TEATINA,069072,4,29,233,2177,820,3263
03-10-2026,ABRUZZO,13,L'AQUILA,RIVISONDOLI,066078,3,26,88,1151,416,1684
03-10-2026,ABRUZZO,13,L'AQUILA,ROCCA DI BOTTE,066080,5,10,58,755,327,1155
03-10-2026,ABRUZZO,13,L'AQUILA,ROCCA DI CAMBIO,066081,1,20,49,738,331,1139
03-10-2026,ABRUZZO,13,L'AQUILA,ROCCA DI MEZZO,066082,4,27,123,1326,774,2254
03-10-2026,ABRUZZO,13,L'AQUILA,ROCCA PIA,066083,0,0,13,161,45,219
03-10-2026,ABRUZZO,13,CHIETI,ROCCA SAN GIOVANNI,069074,2,15,160,1460,689,2326
03-10-2026,ABRUZZO,13,TERAMO,ROCCA SANTA MARIA,067036,0,2,17,89,27,135
03-10-2026,ABRUZZO,13,L'AQUILA,ROCCACASALE,066079,1,5,30,287,77,400
03-10-2026,ABRUZZO,13,CHIETI,ROCCAMONTEPIANO,069073,0,16,66,619,354,1055
03-10-2026,ABRUZZO,13,PESCARA,ROCCAMORICE,068034,0,3,37,470,249,759
03-10-2026,ABRUZZO,13,L'AQUILA,ROCCARASO,066084,5,53,210,2499,1647,4414
03-10-2026,ABRUZZO,13,CHIETI,ROCCASCALEGNA,069075,0,3,49,289,82,423
03-10-2026,ABRUZZO,13,CHIETI,ROCCASPINALVETI,069076,0,4,16,277,72,369
03-10-2026,ABRUZZO,13,CHIETI,ROIO DEL SANGRO,069077,1,3,4,135,24,167
03-10-2026,ABRUZZO,13,PESCARA,ROSCIANO,068035,1,56,263,2467,1021,3808
03-10-2026,ABRUZZO,13,CHIETI,ROSELLO,069078,0,1,2,37,14,54
03-10-2026,ABRUZZO,13,TERAMO,ROSETO DEGLI ABRUZZI,067037,45,538,1744,18643,8112,29082
03-10-2026,ABRUZZO,13,PESCARA,SALLE,068036,1,1,24,152,33,211
03-10-2026,ABRUZZO,13,L'AQUILA,SAN BENEDETTO DEI MARSI,066085,4,11,177,1863,937,2992
03-10-2026,ABRUZZO,13,L'AQUILA,SAN BENEDETTO IN PERILLIS,066086,0,3,5,78,33,119
03-10-2026,ABRUZZO,13,CHIETI,SAN BUONO,069079,0,2,30,180,52,264
03-10-2026,ABRUZZO,13,L'AQUILA,SAN DEMETRIO NE' VESTINI,066087,4,10,118,1539,534,2205
03-10-2026,ABRUZZO,13,CHIETI,SAN GIOVANNI LIPIONI,069080,0,0,4,93,19,116
03-10-2026,ABRUZZO,13,CHIETI,SAN GIOVANNI TEATINO,069081,23,661,1445,15624,6411,24164
03-10-2026,ABRUZZO,13,CHIETI,SAN MARTINO SULLA MARRUCINA,069082,0,8,46,450,145,649
03-10-2026,ABRUZZO,13,L'AQUILA,SAN PIO DELLE CAMERE,066088,3,7,28,417,109,564
03-10-2026,ABRUZZO,13,CHIETI,SAN SALVO,069083,17,199,1051,12160,4969,18396
03-10-2026,ABRUZZO,13,PESCARA,SAN VALENTINO IN ABRUZZO CITERIORE,068038,1,11,118,805,250,1185
03-10-2026,ABRUZZO,13,L'AQUILA,SAN VINCENZO VALLE ROVETO,066092,0,13,100,905,348,1366
03-10-2026,ABRUZZO,13,CHIETI,SAN VITO CHIETINO,069086,17,70,327,3288,1586,5288
03-10-2026,ABRUZZO,13,TERAMO,SANT'EGIDIO ALLA VIBRATA,067038,11,64,484,5453,2508,8520
03-10-2026,ABRUZZO,13,PESCARA,SANT'EUFEMIA A MAIELLA,068037,1,6,13,189,58,267
03-10-2026,ABRUZZO,13,CHIETI,SANT'EUSANIO DEL SANGRO,069085,3,16,164,1033,402,1618
03-10-2026,ABRUZZO,13,L'AQUILA,SANT'EUSANIO FORCONESE,066090,1,5,17,298,111,432
03-10-2026,ABRUZZO,13,TERAMO,SANT'OMERO,067039,6,44,273,3013,1393,4729
03-10-2026,ABRUZZO,13,CHIETI,SANTA MARIA IMBARO,069084,3,16,93,1262,589,1963
03-10-2026,ABRUZZO,13,L'AQUILA,SANTE MARIE,066089,3,16,89,997,378,1483
03-10-2026,ABRUZZO,13,L'AQUILA,SANTO STEFANO DI SESSANIO,066091,0,1,6,51,25,83
03-10-2026,ABRUZZO,13,PESCARA,SCAFA,068039,2,23,192,1640,548,2405
03-10-2026,ABRUZZO,13,L'AQUILA,SCANNO,066093,5,6,59,801,408,1279
03-10-2026,ABRUZZO,13,CHIETI,SCERNI,069087,1,16,146,1664,879,2706
03-10-2026,ABRUZZO,13,CHIETI,SCHIAVI DI ABRUZZO,069088,8,4,36,308,88,444
03-10-2026,ABRUZZO,13,L'AQUILA,SCONTRONE,066094,0,0,27,257,131,415
03-10-2026,ABRUZZO,13,L'AQUILA,SCOPPITO,066095,9,152,361,3708,1512,5742
03-10-2026,ABRUZZO,13,L'AQUILA,SCURCOLA MARSICANA,066096,3,29,186,1945,717,2880
03-10-2026,ABRUZZO,13,L'AQUILA,SECINARO,066097,1,5,9,92,23,130
03-10-2026,ABRUZZO,13,PESCARA,SERRAMONACESCA,068040,1,4,32,243,98,378
03-10-2026,ABRUZZO,13,TERAMO,SILVI,067040,34,289,1428,14689,11409,27849
03-10-2026,ABRUZZO,13,PESCARA,SPOLTORE,068041,38,532,1942,18537,7998,29047
03-10-2026,ABRUZZO,13,L'AQUILA,SULMONA,066098,30,243,1426,16158,8989,26846
03-10-2026,ABRUZZO,13,L'AQUILA,TAGLIACOZZO,066099,19,304,409,5514,2382,8628
03-10-2026,ABRUZZO,13,CHIETI,TARANTA PELIGNA,069089,0,5,30,194,77,306
03-10-2026,ABRUZZO,13,TERAMO,TERAMO,067041,187,2116,4714,57967,29971,94955
03-10-2026,ABRUZZO,13,L'AQUILA,TIONE DEGLI ABRUZZI,066100,0,2,14,125,45,186
03-10-2026,ABRUZZO,13,PESCARA,TOCCO DA CASAURIA,068042,2,6,116,1125,610,1859
03-10-2026,ABRUZZO,13,CHIETI,TOLLO,069090,9,18,183,2408,1035,3653
03-10-2026,ABRUZZO,13,TERAMO,TORANO NUOVO,067042,0,4,67,727,324,1122
03-10-2026,ABRUZZO,13,CHIETI,TORINO DI SANGRO,069091,2,18,128,1241,558,1947
03-10-2026,ABRUZZO,13,CHIETI,TORNARECCIO,069092,0,7,52,607,158,824
03-10-2026,ABRUZZO,13,L'AQUILA,TORNIMPARTE,066101,3,34,138,1485,728,2388
03-10-2026,ABRUZZO,13,PESCARA,TORRE DE' PASSERI,068043,2,22,148,1706,910,2788
03-10-2026,ABRUZZO,13,CHIETI,TORREBRUNA,069093,0,9,34,227,76,346
03-10-2026,ABRUZZO,13,CHIETI,TORREVECCHIA TEATINA,069094,6,43,312,3121,1448,4930
03-10-2026,ABRUZZO,13,CHIETI,TORRICELLA PELIGNA,069095,0,12,32,393,90,527
03-10-2026,ABRUZZO,13,TERAMO,TORRICELLA SICURA,067043,1,17,91,984,394,1487
03-10-2026,ABRUZZO,13,TERAMO,TORTORETO,067044,11,317,987,11719,5681,18715
03-10-2026,ABRUZZO,13,TERAMO,TOSSICIA,067045,4,8,50,610,185,857
03-10-2026,ABRUZZO,13,L'AQUILA,TRASACCO,066102,2,36,322,2905,1144,4409
03-10-2026,ABRUZZO,13,CHIETI,TREGLIO,069096,0,13,114,879,538,1544
03-10-2026,ABRUZZO,13,CHIETI,TUFILLO,069097,0,3,21,122,37,183
03-10-2026,ABRUZZO,13,PESCARA,TURRIVALIGNANI,068044,0,8,36,359,125,528
03-10-2026,ABRUZZO,13,CHIETI,VACRI,069098,1,10,61,583,248,903
03-10-2026,ABRUZZO,13,TERAMO,VALLE CASTELLANA,067046,0,8,30,300,129,467
03-10-2026,ABRUZZO,13,CHIETI,VASTO,069099,133,3137,4278,53940,24226,85714
03-10-2026,ABRUZZO,13,PESCARA,VICOLI,068045,0,4,4,181,54,243
03-10-2026,ABRUZZO,13,PESCARA,VILLA CELIERA,068046,0,2,33,129,38,202
03-10-2026,ABRUZZO,13,L'AQUILA,VILLA SANT'ANGELO,066105,2,1,29,204,51,287
03-10-2026,ABRUZZO,13,L'AQUILA,VILLA SANTA LUCIA DEGLI ABRUZZI,066104,0,0,8,31,20,59
03-10-2026,ABRUZZO,13,CHIETI,VILLA SANTA MARIA,069102,0,8,33,437,129,607
03-10-2026,ABRUZZO,13,L'AQUILA,VILLALAGO,066103,5,8,55,500,184,752
03-10-2026,ABRUZZO,13,CHIETI,VILLALFONSINA,069100,0,3,26,386,101,516
03-10-2026,ABRUZZO,13,CHIETI,VILLAMAGNA,069101,5,11,173,1383,514,2086
03-10-2026,ABRUZZO,13,L'AQUILA,VILLAVALLELONGA,066106,0,2,4,168,52,226
03-10-2026,ABRUZZO,13,L'AQUILA,VILLETTA BARREA,066107,0,9,28,368,127,532
03-10-2026,ABRUZZO,13,L'AQUILA,VITTORITO,066108,0,4,61,554,215,834
03-10-2026,BASILICATA,17,POTENZA,ABRIOLA,076001,2,9,78,705,245,1039
03-10-2026,BASILICATA,17,MATERA,ACCETTURA,077001,0,8,64,519,235,826
03-10-2026,BASILICATA,17,POTENZA,ACERENZA,076002,0,22,153,1473,683,2331
03-10-2026,BASILICATA,17,POTENZA,ALBANO DI LUCANIA,076003,0,29,98,908,316,1351
03-10-2026,BASILICATA,17,MATERA,ALIANO,077002,5,10,25,478,181,699
03-10-2026,BASILICATA,17,POTENZA,ANZI,076004,3,21,77,652,174,927
03-10-2026,BASILICATA,17,POTENZA,ARMENTO,076005,1,2,30,268,123,424
03-10-2026,BASILICATA,17,POTENZA,ATELLA,076006,2,30,200,1836,681,2749
03-10-2026,BASILICATA,17,POTENZA,AVIGLIANO,076007,18,118,768,6581,2663,10148
03-10-2026,BASILICATA,17,POTENZA,BALVANO,076008,3,16,114,926,338,1397
03-10-2026,BASILICATA,17,POTENZA,BANZI,076009,1,10,102,771,330,1214
03-10-2026,BASILICATA,17,POTENZA,BARAGIANO,076010,3,17,201,1605,774,2600
03-10-2026,BASILICATA,17,POTENZA,BARILE,076011,0,19,131,1461,932,2543
03-10-2026,BASILICATA,17,POTENZA,BELLA,076012,6,34,458,3468,2155,6121
03-10-2026,BASILICATA,17,MATERA,BERNALDA,077003,16,118,1047,8988,3695,13864
03-10-2026,BASILICATA,17,POTENZA,BRIENZA,076013,0,34,216,1855,962,3067
03-10-2026,BASILICATA,17,POTENZA,BRINDISI MONTAGNA,076014,0,4,42,290,105,441
03-10-2026,BASILICATA,17,MATERA,CALCIANO,077004,1,3,48,316,276,644
03-10-2026,BASILICATA,17,POTENZA,CALVELLO,076015,1,11,106,686,266,1070
03-10-2026,BASILICATA,17,POTENZA,CALVERA,076016,0,1,10,130,52,193
03-10-2026,BASILICATA,17,POTENZA,CAMPOMAGGIORE,076017,0,6,62,667,178,913
03-10-2026,BASILICATA,17,POTENZA,CANCELLARA,076018,2,13,58,731,166,970
03-10-2026,BASILICATA,17,POTENZA,CARBONE,076019,0,1,6,155,45,207
03-10-2026,BASILICATA,17,POTENZA,CASTELGRANDE,076021,0,3,29,380,167,579
03-10-2026,BASILICATA,17,POTENZA,CASTELLUCCIO INFERIORE,076022,2,8,119,974,406,1509
03-10-2026,BASILICATA,17,POTENZA,CASTELLUCCIO SUPERIORE,076023,1,10,43,897,1244,2195
03-10-2026,BASILICATA,17,POTENZA,CASTELMEZZANO,076024,1,2,21,252,85,361
03-10-2026,BASILICATA,17,POTENZA,CASTELSARACENO,076025,1,6,45,587,209,848
03-10-2026,BASILICATA,17,POTENZA,CASTRONUOVO DI SANT'ANDREA,076026,2,4,67,373,81,527
03-10-2026,BASILICATA,17,POTENZA,CERSOSIMO,076027,0,5,14,147,45,211
03-10-2026,BASILICATA,17,POTENZA,CHIAROMONTE,076028,1,6,129,1078,352,1566
03-10-2026,BASILICATA,17,MATERA,CIRIGLIANO,077005,0,4,15,191,43,253
03-10-2026,BASILICATA,17,MATERA,COLOBRARO,077006,1,11,79,742,196,1029
03-10-2026,BASILICATA,17,POTENZA,CORLETO PERTICARA,076029,1,9,92,883,427,1412
03-10-2026,BASILICATA,17,MATERA,CRACO,077007,0,2,39,401,175,617
03-10-2026,BASILICATA,17,POTENZA,EPISCOPIA,076030,0,8,34,357,149,548
03-10-2026,BASILICATA,17,POTENZA,FARDELLA,076031,1,1,48,327,92,469
03-10-2026,BASILICATA,17,MATERA,FERRANDINA,077008,10,62,541,4705,1731,7049
03-10-2026,BASILICATA,17,POTENZA,FILIANO,076032,3,14,138,1292,833,2280
03-10-2026,BASILICATA,17,POTENZA,FORENZA,076033,0,5,74,631,420,1130
03-10-2026,BASILICATA,17,POTENZA,FRANCAVILLA IN SINNI,076034,5,32,233,2280,681,3231
03-10-2026,BASILICATA,17,POTENZA,GALLICCHIO,076035,1,4,56,497,188,746
03-10-2026,BASILICATA,17,MATERA,GARAGUSO,077009,0,9,107,470,245,831
03-10-2026,BASILICATA,17,POTENZA,GENZANO DI LUCANIA,076036,4,47,624,2973,1061,4709
03-10-2026,BASILICATA,17,POTENZA,GINESTRA,076099,1,3,38,251,54,347
03-10-2026,BASILICATA,17,MATERA,GORGOGLIONE,077010,0,4,29,433,220,686
03-10-2026,BASILICATA,17,MATERA,GRASSANO,077011,3,64,378,3360,1189,4994
03-10-2026,BASILICATA,17,MATERA,GROTTOLE,077012,1,20,114,1499,780,2414
03-10-2026,BASILICATA,17,POTENZA,GRUMENTO NOVA,076037,0,13,111,815,284,1223
03-10-2026,BASILICATA,17,POTENZA,GUARDIA PERTICARA,076038,1,8,34,320,150,513
03-10-2026,BASILICATA,17,MATERA,IRSINA,077013,3,37,276,2334,1144,3794
03-10-2026,BASILICATA,17,POTENZA,LAGONEGRO,076039,6,30,331,3635,1657,5659
03-10-2026,BASILICATA,17,POTENZA,LATRONICO,076040,2,36,220,1974,897,3129
03-10-2026,BASILICATA,17,POTENZA,LAURENZANA,076041,1,3,95,656,860,1615
03-10-2026,BASILICATA,17,POTENZA,LAURIA,076042,6,111,623,6585,3425,10750
03-10-2026,BASILICATA,17,POTENZA,LAVELLO,076043,10,101,804,7539,3108,11562
03-10-2026,BASILICATA,17,POTENZA,MARATEA,076044,9,65,409,3344,1529,5356
03-10-2026,BASILICATA,17,POTENZA,MARSICO NUOVO,076045,2,37,246,2511,1104,3900
03-10-2026,BASILICATA,17,POTENZA,MARSICOVETERE,076046,12,64,568,5129,2464,8237
03-10-2026,BASILICATA,17,POTENZA,MASCHITO,076047,0,5,58,555,145,763
03-10-2026,BASILICATA,17,MATERA,MATERA,077014,118,1242,7746,60896,21664,91666
03-10-2026,BASILICATA,17,POTENZA,MELFI,076048,29,190,1617,13122,5727,20685
03-10-2026,BASILICATA,17,MATERA,MIGLIONICO,077015,8,257,251,3018,1205,4739
03-10-2026,BASILICATA,17,POTENZA,MISSANELLO,076049,2,9,32,291,77,411
03-10-2026,BASILICATA,17,POTENZA,MOLITERNO,076050,5,25,197,2209,982,3418
03-10-2026,BASILICATA,17,MATERA,MONTALBANO JONICO,077016,5,44,411,3720,1561,5741
03-10-2026,BASILICATA,17,POTENZA,MONTEMILONE,076051,1,3,73,702,339,1118
03-10-2026,BASILICATA,17,POTENZA,MONTEMURRO,076052,1,2,54,409,128,594
03-10-2026,BASILICATA,17,MATERA,MONTESCAGLIOSO,077017,9,78,639,5734,2045,8505
03-10-2026,BASILICATA,17,POTENZA,MURO LUCANO,076053,3,28,223,2572,1129,3955
03-10-2026,BASILICATA,17,POTENZA,NEMOLI,076054,0,6,65,936,379,1386
03-10-2026,BASILICATA,17,POTENZA,NOEPOLI,076055,3,2,24,341,221,591
03-10-2026,BASILICATA,17,MATERA,NOVA SIRI,077018,11,72,556,4478,1715,6832
03-10-2026,BASILICATA,17,MATERA,OLIVETO LUCANO,077019,0,3,5,133,32,173
03-10-2026,BASILICATA,17,POTENZA,OPPIDO LUCANO,076056,2,23,190,1958,644,2817
03-10-2026,BASILICATA,17,POTENZA,PALAZZO SAN GERVASIO,076057,8,25,261,2643,907,3844
03-10-2026,BASILICATA,17,POTENZA,PATERNO,076100,2,22,226,1677,565,2492
03-10-2026,BASILICATA,17,POTENZA,PESCOPAGANO,076058,0,16,140,1072,388,1616
03-10-2026,BASILICATA,17,POTENZA,PICERNO,076059,4,53,329,3164,1238,4788
03-10-2026,BASILICATA,17,POTENZA,PIETRAGALLA,076060,2,39,280,2420,1021,3762
03-10-2026,BASILICATA,17,POTENZA,PIETRAPERTOSA,076061,2,0,38,453,156,649
03-10-2026,BASILICATA,17,POTENZA,PIGNOLA,076062,17,77,593,5704,1933,8324
03-10-2026,BASILICATA,17,MATERA,PISTICCI,077020,22,196,1202,11321,4668,17409
03-10-2026,BASILICATA,17,MATERA,POLICORO,077021,38,179,1505,15915,8642,26279
03-10-2026,BASILICATA,17,MATERA,POMARICO,077022,7,43,205,1750,870,2875
03-10-2026,BASILICATA,17,POTENZA,POTENZA,076063,202,2785,8626,77665,35254,124532
03-10-2026,BASILICATA,17,POTENZA,RAPOLLA,076064,0,27,266,2130,902,3325
03-10-2026,BASILICATA,17,POTENZA,RAPONE,076065,0,8,64,527,134,733
03-10-2026,BASILICATA,17,POTENZA,RIONERO IN VULTURE,076066,18,121,671,7159,2963,10932
03-10-2026,BASILICATA,17,POTENZA,RIPACANDIDA,076067,1,15,65,734,353,1168
03-10-2026,BASILICATA,17,POTENZA,RIVELLO,076068,2,19,154,1455,677,2307
03-10-2026,BASILICATA,17,POTENZA,ROCCANOVA,076069,2,28,121,865,326,1342
03-10-2026,BASILICATA,17,POTENZA,ROTONDA,076070,1,22,193,1279,440,1935
03-10-2026,BASILICATA,17,MATERA,ROTONDELLA,077023,3,16,366,1499,345,2229
03-10-2026,BASILICATA,17,POTENZA,RUOTI,076071,5,46,194,1829,618,2692
03-10-2026,BASILICATA,17,POTENZA,RUVO DEL MONTE,076072,0,3,38,229,74,344
03-10-2026,BASILICATA,17,MATERA,SALANDRA,077024,3,12,147,1068,311,1541
03-10-2026,BASILICATA,17,POTENZA,SAN CHIRICO NUOVO,076073,0,6,58,686,219,969
03-10-2026,BASILICATA,17,POTENZA,SAN CHIRICO RAPARO,076074,0,4,55,427,128,614
03-10-2026,BASILICATA,17,POTENZA,SAN COSTANTINO ALBANESE,076075,0,6,25,289,84,404
03-10-2026,BASILICATA,17,POTENZA,SAN FELE,076076,6,11,128,1484,696,2325
03-10-2026,BASILICATA,17,MATERA,SAN GIORGIO LUCANO,077025,2,8,55,1010,1347,2422
03-10-2026,BASILICATA,17,POTENZA,SAN MARTINO D'AGRI,076077,1,9,40,306,94,450
03-10-2026,BASILICATA,17,MATERA,SAN MAURO FORTE,077026,0,18,87,1005,954,2064
03-10-2026,BASILICATA,17,POTENZA,SAN PAOLO ALBANESE,076020,0,2,11,123,28,164
03-10-2026,BASILICATA,17,POTENZA,SAN SEVERINO LUCANO,076078,2,5,80,537,139,763
03-10-2026,BASILICATA,17,POTENZA,SANT'ANGELO LE FRATTE,076079,0,12,46,756,200,1014
03-10-2026,BASILICATA,17,POTENZA,SANT'ARCANGELO,076080,10,57,432,4406,1873,6778
03-10-2026,BASILICATA,17,POTENZA,SARCONI,076081,0,3,58,510,205,776
03-10-2026,BASILICATA,17,POTENZA,SASSO DI CASTALDA,076082,1,9,35,378,137,560
03-10-2026,BASILICATA,17,POTENZA,SATRIANO DI LUCANIA,076083,3,14,146,1271,542,1976
03-10-2026,BASILICATA,17,POTENZA,SAVOIA DI LUCANIA,076084,1,11,58,413,210,693
03-10-2026,BASILICATA,17,MATERA,SCANZANO JONICO,077031,11,82,630,5762,2901,9386
03-10-2026,BASILICATA,17,POTENZA,SENISE,076085,3,87,439,4527,1749,6805
03-10-2026,BASILICATA,17,POTENZA,SPINOSO,076086,0,8,102,597,256,963
03-10-2026,BASILICATA,17,MATERA,STIGLIANO,077027,6,65,267,2526,937,3801
03-10-2026,BASILICATA,17,POTENZA,TEANA,076087,1,2,42,323,81,449
03-10-2026,BASILICATA,17,POTENZA,TERRANOVA DI POLLINO,076088,0,14,118,651,205,988
03-10-2026,BASILICATA,17,POTENZA,TITO,076089,4,95,715,5782,2230,8826
03-10-2026,BASILICATA,17,POTENZA,TOLVE,076090,3,31,223,1929,808,2994
03-10-2026,BASILICATA,17,POTENZA,TRAMUTOLA,076091,6,9,283,2101,1053,3452
03-10-2026,BASILICATA,17,POTENZA,TRECCHINA,076092,1,24,124,1411,759,2319
03-10-2026,BASILICATA,17,MATERA,TRICARICO,077028,4,55,382,3399,2298,6138
03-10-2026,BASILICATA,17,POTENZA,TRIVIGNO,076093,2,5,33,493,80,613
03-10-2026,BASILICATA,17,MATERA,TURSI,077029,1,29,216,2662,1162,4070
03-10-2026,BASILICATA,17,POTENZA,VAGLIO BASILICATA,076094,2,24,121,1259,684,2090
03-10-2026,BASILICATA,17,MATERA,VALSINNI,077030,0,14,67,701,331,1113
03-10-2026,BASILICATA,17,POTENZA,VENOSA,076095,10,93,1034,7629,4989,13755
03-10-2026,BASILICATA,17,POTENZA,VIETRI DI POTENZA,076096,5,52,172,1458,432,2119
03-10-2026,BASILICATA,17,POTENZA,VIGGIANELLO,076097,2,7,119,892,399,1419
03-10-2026,BASILICATA,17,POTENZA,VIGGIANO,076098,3,32,296,2451,916,3698
03-10-2026,CALABRIA,18,COSENZA,ACQUAFORMOSA,078001,1,2,26,231,86,346
03-10-2026,CALABRIA,18,COSENZA,ACQUAPPESA,078002,4,24,126,1529,586,2269
03-10-2026,CALABRIA,18,VIBO VALENTIA,ACQUARO,102001,1,18,112,1331,784,2246
03-10-2026,CALABRIA,18,COSENZA,ACRI,078003,16,177,1149,12754,6590,20686
03-10-2026,CALABRIA,18,REGGIO DI CALABRIA,AFRICO,080001,0,6,216,1877,1121,3220
03-10-2026,CALABRIA,18,REGGIO DI CALABRIA,AGNANA CALABRA,080002,1,5,26,243,38,313
03-10-2026,CALABRIA,18,COSENZA,AIELLO CALABRO,078004,1,8,138,970,321,1438
03-10-2026,CALABRIA,18,COSENZA,AIETA,078005,1,4,32,395,127,559
03-10-2026,CALABRIA,18,CATANZARO,ALBI,079002,2,5,38,254,139,438
03-10-2026,CALABRIA,18,COSENZA,ALBIDONA,078006,0,8,49,512,223,792
03-10-2026,CALABRIA,18,COSENZA,ALESSANDRIA DEL CARRETTO,078007,0,1,6,73,31,111
03-10-2026,CALABRIA,18,COSENZA,ALTILIA,078008,1,7,31,294,86,419
03-10-2026,CALABRIA,18,COSENZA,ALTOMONTE,078009,4,25,147,2108,711,2995
03-10-2026,CALABRIA,18,COSENZA,AMANTEA,078010,31,165,1314,12376,4635,18521
03-10-2026,CALABRIA,18,CATANZARO,AMARONI,079003,1,3,55,746,530,1335
03-10-2026,CALABRIA,18,CATANZARO,AMATO,079004,2,5,40,1336,1876,3259
03-10-2026,CALABRIA,18,COSENZA,AMENDOLARA,078011,2,18,255,1434,543,2252
03-10-2026,CALABRIA,18,CATANZARO,ANDALI,079005,0,0,13,229,63,305
03-10-2026,CALABRIA,18,REGGIO DI CALABRIA,ANOIA,080003,3,17,114,962,290,1386
03-10-2026,CALABRIA,18,REGGIO DI CALABRIA,ANTONIMINA,080004,0,6,52,498,316,872
03-10-2026,CALABRIA,18,COSENZA,APRIGLIANO,078012,3,13,143,1488,743,2390
03-10-2026,CALABRIA,18,REGGIO DI CALABRIA,ARDORE,080005,7,52,261,4209,6022,10551
03-10-2026,CALABRIA,18,VIBO VALENTIA,ARENA,102002,0,9,41,341,105,496
03-10-2026,CALABRIA,18,CATANZARO,ARGUSTO,079007,0,2,13,131,27,173
03-10-2026,CALABRIA,18,CATANZARO,BADOLATO,079008,0,42,250,2550,1101,3943
03-10-2026,CALABRIA,18,REGGIO DI CALABRIA,BAGALADI,080006,1,10,79,736,230,1056
03-10-2026,CALABRIA,18,REGGIO DI CALABRIA,BAGNARA CALABRA,080007,20,83,571,5999,2434,9107
03-10-2026,CALABRIA,18,CATANZARO,BELCASTRO,079009,2,8,71,750,268,1099
03-10-2026,CALABRIA,18,COSENZA,BELMONTE CALABRO,078013,1,11,89,734,320,1155
03-10-2026,CALABRIA,18,COSENZA,BELSITO,078014,2,4,32,332,167,537
03-10-2026,CALABRIA,18,CROTONE,BELVEDERE DI SPINELLO,101001,0,7,61,589,229,886
03-10-2026,CALABRIA,18,COSENZA,BELVEDERE MARITTIMO,078015,8,95,507,7065,3772,11447
03-10-2026,CALABRIA,18,REGGIO DI CALABRIA,BENESTARE,080008,3,15,162,1461,592,2233
03-10-2026,CALABRIA,18,COSENZA,BIANCHI,078016,2,4,59,579,258,902
03-10-2026,CALABRIA,18,REGGIO DI CALABRIA,BIANCO,080009,10,25,351,7166,16043,23595
03-10-2026,CALABRIA,18,COSENZA,BISIGNANO,078017,12,40,567,6127,2885,9631
03-10-2026,CALABRIA,18,REGGIO DI CALABRIA,BIVONGI,080010,2,9,95,879,794,1779
03-10-2026,CALABRIA,18,COSENZA,BOCCHIGLIERO,078018,5,22,38,774,210,1049
03-10-2026,CALABRIA,18,COSENZA,BONIFATI,078019,4,15,147,1683,748,2597
03-10-2026,CALABRIA,18,CATANZARO,BORGIA,079011,13,73,497,5304,2426,8313
03-10-2026,CALABRIA,18,CATANZARO,BOTRICELLO,079012,6,21,252,3567,1893,5739
03-10-2026,CALABRIA,18,REGGIO DI CALABRIA,BOVA,080011,2,8,51,812,205,1078
03-10-2026,CALABRIA,18,REGGIO DI CALABRIA,BOVA MARINA,080013,10,33,289,3382,1179,4893
03-10-2026,CALABRIA,18,REGGIO DI CALABRIA,BOVALINO,080012,17,148,910,11062,27240,39377
03-10-2026,CALABRIA,18,REGGIO DI CALABRIA,BRANCALEONE,080014,2,30,179,1724,720,2655
03-10-2026,CALABRIA,18,VIBO VALENTIA,BRIATICO,102003,5,41,248,2408,940,3642
03-10-2026,CALABRIA,18,VIBO VALENTIA,BROGNATURO,102004,0,8,48,470,170,696
03-10-2026,CALABRIA,18,REGGIO DI CALABRIA,BRUZZANO ZEFFIRIO,080015,0,2,29,331,114,476
03-10-2026,CALABRIA,18,COSENZA,BUONVICINO,078020,2,6,54,594,200,856
03-10-2026,CALABRIA,18,CROTONE,CACCURI,101002,1,9,141,761,222,1134
03-10-2026,CALABRIA,18,REGGIO DI CALABRIA,CALANNA,080016,0,7,76,573,170,826
03-10-2026,CALABRIA,18,COSENZA,CALOPEZZATI,078021,0,24,58,991,604,1677
03-10-2026,CALABRIA,18,COSENZA,CALOVETO,078022,0,13,39,448,151,651
03-10-2026,CALABRIA,18,REGGIO DI CALABRIA,CAMINI,080017,1,5,49,655,249,959
03-10-2026,CALABRIA,18,COSENZA,CAMPANA,078023,1,6,51,403,99,560
03-10-2026,CALABRIA,18,REGGIO DI CALABRIA,CAMPO CALABRO,080018,8,71,412,4442,1703,6636
03-10-2026,CALABRIA,18,REGGIO DI CALABRIA,CANDIDONI,080019,1,5,47,236,50,339
03-10-2026,CALABRIA,18,COSENZA,CANNA,078024,0,4,26,273,113,416
03-10-2026,CALABRIA,18,REGGIO DI CALABRIA,CANOLO,080020,2,1,22,212,139,376
03-10-2026,CALABRIA,18,VIBO VALENTIA,CAPISTRANO,102005,1,8,70,633,177,889
03-10-2026,CALABRIA,18,REGGIO DI CALABRIA,CARAFFA DEL BIANCO,080021,1,0,20,208,50,279
03-10-2026,CALABRIA,18,CATANZARO,CARAFFA DI CATANZARO,079017,1,13,74,882,395,1365
03-10-2026,CALABRIA,18,REGGIO DI CALABRIA,CARDETO,080022,1,18,71,715,233,1038
03-10-2026,CALABRIA,18,CATANZARO,CARDINALE,079018,0,11,79,850,329,1269
03-10-2026,CALABRIA,18,REGGIO DI CALABRIA,CARERI,080023,4,6,115,937,471,1533
03-10-2026,CALABRIA,18,CROTONE,CARFIZZI,101003,1,4,13,203,53,274
03-10-2026,CALABRIA,18,COSENZA,CARIATI,078025,15,68,362,5138,2725,8308
03-10-2026,CALABRIA,18,CATANZARO,CARLOPOLI,079020,1,13,28,487,189,718
03-10-2026,CALABRIA,18,COSENZA,CAROLEI,078026,9,19,199,2244,953,3424
03-10-2026,CALABRIA,18,COSENZA,CARPANZANO,078027,0,2,14,91,31,138
03-10-2026,CALABRIA,18,CROTONE,CASABONA,101004,1,14,75,1125,775,1990
03-10-2026,CALABRIA,18,COSENZA,CASALI DEL MANCO,078156,14,94,586,6484,2485,9663
03-10-2026,CALABRIA,18,REGGIO DI CALABRIA,CASIGNANA,080024,0,0,45,497,296,838
03-10-2026,CALABRIA,18,COSENZA,CASSANO ALL'IONIO,078029,10,122,1132,13150,11055,25469
03-10-2026,CALABRIA,18,CROTONE,CASTELSILANO,101005,1,6,47,423,123,600
03-10-2026,CALABRIA,18,COSENZA,CASTIGLIONE COSENTINO,078030,6,23,200,1775,561,2565
03-10-2026,CALABRIA,18,COSENZA,CASTROLIBERO,078031,21,163,1076,11952,6932,20144
03-10-2026,CALABRIA,18,COSENZA,CASTROREGIO,078032,1,2,29,154,39,225
03-10-2026,CALABRIA,18,COSENZA,CASTROVILLARI,078033,42,324,1526,20306,11866,34064
03-10-2026,CALABRIA,18,CATANZARO,CATANZARO,079023,250,1334,9804,109301,57243,177932
03-10-2026,CALABRIA,18,REGGIO DI CALABRIA,CAULONIA,080025,13,70,508,6231,2770,9592
03-10-2026,CALABRIA,18,COSENZA,CELICO,078034,6,23,179,1751,881,2840
03-10-2026,CALABRIA,18,COSENZA,CELLARA,078035,0,0,24,200,60,284
03-10-2026,CALABRIA,18,CATANZARO,CENADI,079024,1,2,22,304,143,472
03-10-2026,CALABRIA,18,CATANZARO,CENTRACHE,079025,0,0,6,95,56,157
03-10-2026,CALABRIA,18,COSENZA,CERCHIARA DI CALABRIA,078036,1,24,196,1674,821,2716
03-10-2026,CALABRIA,18,CROTONE,CERENZIA,101006,2,8,83,709,197,999
03-10-2026,CALABRIA,18,COSENZA,CERISANO,078037,8,23,180,2158,987,3356
03-10-2026,CALABRIA,18,CATANZARO,CERVA,079027,2,8,28,370,102,510
03-10-2026,CALABRIA,18,COSENZA,CERVICATI,078038,0,3,38,233,87,361
03-10-2026,CALABRIA,18,COSENZA,CERZETO,078039,1,9,52,622,198,882
03-10-2026,CALABRIA,18,VIBO VALENTIA,CESSANITI,102006,4,49,242,2356,818,3469
03-10-2026,CALABRIA,18,COSENZA,CETRARO,078040,23,61,529,6219,2818,9650
03-10-2026,CALABRIA,18,CATANZARO,CHIARAVALLE CENTRALE,079029,2,19,184,2497,1110,3812
03-10-2026,CALABRIA,18,CATANZARO,CICALA,079030,4,26,52,440,157,679
03-10-2026,CALABRIA,18,REGGIO DI CALABRIA,CIMINÀ,080026,0,1,6,160,53,220
03-10-2026,CALABRIA,18,REGGIO DI CALABRIA,CINQUEFRONDI,080027,10,43,373,3769,2114,6309
03-10-2026,CALABRIA,18,CROTONE,CIRÒ,101007,3,13,122,1100,555,1793
03-10-2026,CALABRIA,18,CROTONE,CIRÒ MARINA,101008,10,100,889,10633,4642,16274
03-10-2026,CALABRIA,18,REGGIO DI CALABRIA,CITTANOVA,080028,11,68,600,6653,3590,10922
03-10-2026,CALABRIA,18,COSENZA,CIVITA,078041,0,6,20,245,147,418
03-10-2026,CALABRIA,18,COSENZA,CLETO,078042,0,6,71,1003,205,1285
03-10-2026,CALABRIA,18,COSENZA,COLOSIMI,078043,0,27,77,630,202,936
03-10-2026,CALABRIA,18,REGGIO DI CALABRIA,CONDOFURI,080029,10,35,379,3387,1684,5495
03-10-2026,CALABRIA,18,CATANZARO,CONFLENTI,079033,0,9,56,641,300,1006
03-10-2026,CALABRIA,18,COSENZA,CORIGLIANO-ROSSANO,078157,192,828,5414,65291,48411,120136
03-10-2026,CALABRIA,18,CATANZARO,CORTALE,079034,1,13,102,829,307,1252
03-10-2026,CALABRIA,18,COSENZA,COSENZA,078045,469,2439,9698,123621,65725,201952
03-10-2026,CALABRIA,18,REGGIO DI CALABRIA,COSOLETO,080030,1,11,42,560,95,709
03-10-2026,CALABRIA,18,CROTONE,COTRONEI,101009,8,85,440,4269,1686,6488
03-10-2026,CALABRIA,18,COSENZA,CROPALATI,078046,0,8,53,503,207,771
03-10-2026,CALABRIA,18,CATANZARO,CROPANI,079036,20,37,330,4214,1944,6545
03-10-2026,CALABRIA,18,COSENZA,CROSIA,078047,16,76,532,5211,1720,7555
03-10-2026,CALABRIA,18,CROTONE,CROTONE,101010,151,1193,7197,68932,30351,107824
03-10-2026,CALABRIA,18,CROTONE,CRUCOLI,101011,5,18,173,1786,708,2690
03-10-2026,CALABRIA,18,CATANZARO,CURINGA,079039,11,50,406,4207,2075,6749
03-10-2026,CALABRIA,18,CROTONE,CUTRO,101012,6,43,440,5858,3026,9373
03-10-2026,CALABRIA,18,VIBO VALENTIA,DASÀ,102007,1,11,42,712,272,1038
03-10-2026,CALABRIA,18,CATANZARO,DAVOLI,079042,9,94,417,4933,2191,7644
03-10-2026,CALABRIA,18,CATANZARO,DECOLLATURA,079043,7,33,263,1957,728,2988
03-10-2026,CALABRIA,18,REGGIO DI CALABRIA,DELIANUOVA,080031,0,31,145,1403,711,2290
03-10-2026,CALABRIA,18,COSENZA,DIAMANTE,078048,16,35,389,5213,3369,9022
03-10-2026,CALABRIA,18,VIBO VALENTIA,DINAMI,102008,3,14,77,879,286,1259
03-10-2026,CALABRIA,18,COSENZA,DIPIGNANO,078049,5,50,307,3807,1699,5868
03-10-2026,CALABRIA,18,COSENZA,DOMANICO,078050,0,1,45,376,139,561
03-10-2026,CALABRIA,18,VIBO VALENTIA,DRAPIA,102009,3,16,190,1891,570,2670
03-10-2026,CALABRIA,18,VIBO VALENTIA,FABRIZIA,102010,2,8,39,539,220,808
03-10-2026,CALABRIA,18,COSENZA,FAGNANO CASTELLO,078051,4,38,197,2100,1183,3522
03-10-2026,CALABRIA,18,COSENZA,FALCONARA ALBANESE,078052,7,32,141,1740,661,2581
03-10-2026,CALABRIA,18,CATANZARO,FALERNA,079047,23,78,312,4157,1501,6071
03-10-2026,CALABRIA,18,CATANZARO,FEROLETO ANTICO,079048,2,20,131,1198,657,2008
03-10-2026,CALABRIA,18,REGGIO DI CALABRIA,FEROLETO DELLA CHIESA,080032,2,17,126,882,238,1265
03-10-2026,CALABRIA,18,REGGIO DI CALABRIA,FERRUZZANO,080033,0,10,56,454,234,754
03-10-2026,CALABRIA,18,COSENZA,FIGLINE VEGLIATURO,078053,1,5,52,707,304,1069
03-10-2026,CALABRIA,18,VIBO VALENTIA,FILADELFIA,102011,8,20,244,2095,760,3127
03-10-2026,CALABRIA,18,VIBO VALENTIA,FILANDARI,102012,1,12,142,1305,690,2150
03-10-2026,CALABRIA,18,VIBO VALENTIA,FILOGASO,102013,2,23,89,804,324,1242
03-10-2026,CALABRIA,18,COSENZA,FIRMO,078054,0,8,67,995,516,1586
03-10-2026,CALABRIA,18,REGGIO DI CALABRIA,FIUMARA,080034,0,8,40,563,150,761
03-10-2026,CALABRIA,18,COSENZA,FIUMEFREDDO BRUZIO,078055,5,31,335,3952,1287,5610
03-10-2026,CALABRIA,18,CATANZARO,FOSSATO SERRALTA,079052,2,2,31,240,94,369
03-10-2026,CALABRIA,18,VIBO VALENTIA,FRANCAVILLA ANGITOLA,102014,0,4,92,787,294,1177
03-10-2026,CALABRIA,18,COSENZA,FRANCAVILLA MARITTIMA,078056,6,13,178,2129,2612,4938
03-10-2026,CALABRIA,18,VIBO VALENTIA,FRANCICA,102015,0,11,59,614,221,905
03-10-2026,CALABRIA,18,COSENZA,FRASCINETO,078057,1,13,85,993,521,1613
03-10-2026,CALABRIA,18,COSENZA,FUSCALDO,078058,7,49,504,5857,2622,9039
03-10-2026,CALABRIA,18,CATANZARO,GAGLIATO,079055,0,5,69,577,318,969
03-10-2026,CALABRIA,18,REGGIO DI CALABRIA,GALATRO,080035,0,6,36,438,147,627
03-10-2026,CALABRIA,18,CATANZARO,GASPERINA,079056,0,23,102,856,263,1244
03-10-2026,CALABRIA,18,REGGIO DI CALABRIA,GERACE,080036,0,28,153,1347,538,2066
03-10-2026,CALABRIA,18,VIBO VALENTIA,GEROCARNE,102016,4,21,83,1023,441,1572
03-10-2026,CALABRIA,18,REGGIO DI CALABRIA,GIFFONE,080037,0,6,24,490,232,752
03-10-2026,CALABRIA,18,CATANZARO,GIMIGLIANO,079058,2,31,241,1941,834,3049
03-10-2026,CALABRIA,18,REGGIO DI CALABRIA,GIOIA TAURO,080038,36,153,1215,13910,6834,22148
03-10-2026,CALABRIA,18,REGGIO DI CALABRIA,GIOIOSA IONICA,080039,8,43,412,4644,2214,7321
03-10-2026,CALABRIA,18,CATANZARO,GIRIFALCO,079059,4,36,448,3283,1353,5124
03-10-2026,CALABRIA,18,CATANZARO,GIZZERIA,079060,23,69,380,4915,2382,7769
03-10-2026,CALABRIA,18,COSENZA,GRIMALDI,078059,3,9,106,884,219,1221
03-10-2026,CALABRIA,18,COSENZA,GRISOLIA,078060,4,20,87,1203,497,1811
03-10-2026,CALABRIA,18,REGGIO DI CALABRIA,GROTTERIA,080040,1,18,113,1384,719,2235
03-10-2026,CALABRIA,18,CATANZARO,GUARDAVALLE,079061,0,57,274,3213,1434,4978
03-10-2026,CALABRIA,18,COSENZA,GUARDIA PIEMONTESE,078061,3,25,103,1605,813,2549
03-10-2026,CALABRIA,18,CATANZARO,ISCA SULLO IONIO,079063,1,19,165,1274,532,1991
03-10-2026,CALABRIA,18,CROTONE,ISOLA DI CAPO RIZZUTO,101013,20,79,973,11560,5770,18402
03-10-2026,CALABRIA,18,CATANZARO,JACURSO,079065,0,3,26,356,229,614
03-10-2026,CALABRIA,18,VIBO VALENTIA,JONADI,102017,8,68,304,5624,1100,7104
03-10-2026,CALABRIA,18,VIBO VALENTIA,JOPPOLO,102018,7,32,127,1506,504,2176
03-10-2026,CALABRIA,18,REGGIO DI CALABRIA,LAGANADI,080041,0,2,16,158,52,228
03-10-2026,CALABRIA,18,COSENZA,LAGO,078062,4,17,149,1714,518,2402
03-10-2026,CALABRIA,18,COSENZA,LAINO BORGO,078063,0,15,59,558,282,914
03-10-2026,CALABRIA,18,COSENZA,LAINO CASTELLO,078064,1,2,19,183,51,256
03-10-2026,CALABRIA,18,CATANZARO,LAMEZIA TERME,079160,164,1233,5522,70313,29499,106731
03-10-2026,CALABRIA,18,COSENZA,LAPPANO,078065,4,6,72,575,209,866
03-10-2026,CALABRIA,18,COSENZA,LATTARICO,078066,9,20,287,2453,1613,4382
03-10-2026,CALABRIA,18,REGGIO DI CALABRIA,LAUREANA DI BORRELLO,080042,6,43,213,2627,924,3813
03-10-2026,CALABRIA,18,VIBO VALENTIA,LIMBADI,102019,10,45,314,2988,1088,4445
03-10-2026,CALABRIA,18,REGGIO DI CALABRIA,LOCRI,080043,36,62,1115,13167,24206,38586
03-10-2026,CALABRIA,18,COSENZA,LONGOBARDI,078067,11,12,153,2156,857,3189
03-10-2026,CALABRIA,18,COSENZA,LONGOBUCCO,078068,0,15,96,783,193,1087
03-10-2026,CALABRIA,18,COSENZA,LUNGRO,078069,1,6,100,599,162,868
03-10-2026,CALABRIA,18,COSENZA,LUZZI,078070,12,51,614,6402,3445,10524
03-10-2026,CALABRIA,18,CATANZARO,MAGISANO,079068,0,3,66,579,244,892
03-10-2026,CALABRIA,18,CATANZARO,MAIDA,079069,10,24,225,2220,668,3147
03-10-2026,CALABRIA,18,VIBO VALENTIA,MAIERATO,102020,3,16,172,1417,554,2162
03-10-2026,CALABRIA,18,COSENZA,MAIERÀ,078071,2,4,90,514,122,732
03-10-2026,CALABRIA,18,COSENZA,MALITO,078072,3,3,23,245,66,340
03-10-2026,CALABRIA,18,COSENZA,MALVITO,078073,5,6,63,689,312,1075
03-10-2026,CALABRIA,18,REGGIO DI CALABRIA,MAMMOLA,080044,2,12,91,1217,629,1951
03-10-2026,CALABRIA,18,COSENZA,MANDATORICCIO,078074,7,31,164,1859,688,2749
03-10-2026,CALABRIA,18,COSENZA,MANGONE,078075,6,14,162,1502,558,2242
03-10-2026,CALABRIA,18,COSENZA,MARANO MARCHESATO,078076,6,49,260,3249,1230,4794
03-10-2026,CALABRIA,18,COSENZA,MARANO PRINCIPATO,078077,2,24,203,2142,1086,3457
03-10-2026,CALABRIA,18,CATANZARO,MARCEDUSA,079071,0,2,13,153,31,199
03-10-2026,CALABRIA,18,CATANZARO,MARCELLINARA,079072,4,41,138,1525,765,2473
03-10-2026,CALABRIA,18,REGGIO DI CALABRIA,MARINA DI GIOIOSA IONICA,080045,12,74,528,5463,2410,8487
03-10-2026,CALABRIA,18,REGGIO DI CALABRIA,MAROPATI,080046,1,25,118,931,328,1403
03-10-2026,CALABRIA,18,CATANZARO,MARTIRANO,079073,1,7,51,756,341,1156
03-10-2026,CALABRIA,18,CATANZARO,MARTIRANO LOMBARDO,079074,3,15,65,479,169,731
03-10-2026,CALABRIA,18,REGGIO DI CALABRIA,MARTONE,080047,0,4,10,250,81,345
03-10-2026,CALABRIA,18,COSENZA,MARZI,078078,0,8,29,479,230,746
03-10-2026,CALABRIA,18,REGGIO DI CALABRIA,MELICUCCO,080049,3,29,197,2290,898,3417
03-10-2026,CALABRIA,18,REGGIO DI CALABRIA,MELICUCCÀ,080048,0,3,29,262,80,374
03-10-2026,CALABRIA,18,CROTONE,MELISSA,101014,2,23,123,1489,547,2184
03-10-2026,CALABRIA,18,REGGIO DI CALABRIA,MELITO DI PORTO SALVO,080050,10,160,1158,11065,5636,18029
03-10-2026,CALABRIA,18,COSENZA,MENDICINO,078079,26,81,899,8264,3849,13119
03-10-2026,CALABRIA,18,CROTONE,MESORACA,101015,0,31,162,1977,835,3005
03-10-2026,CALABRIA,18,CATANZARO,MIGLIERINA,079077,3,10,29,518,193,753
03-10-2026,CALABRIA,18,VIBO VALENTIA,MILETO,102021,14,80,415,4374,1787,6670
03-10-2026,CALABRIA,18,REGGIO DI CALABRIA,MOLOCHIO,080051,3,18,156,906,397,1480
03-10-2026,CALABRIA,18,REGGIO DI CALABRIA,MONASTERACE,080052,11,29,274,3116,1346,4776
03-10-2026,CALABRIA,18,VIBO VALENTIA,MONGIANA,102022,2,6,34,346,142,530
03-10-2026,CALABRIA,18,COSENZA,MONGRASSANO,078080,1,9,70,644,269,993
03-10-2026,CALABRIA,18,COSENZA,MONTALTO UFFUGO,078081,75,815,2084,24288,13118,40380
03-10-2026,CALABRIA,18,CATANZARO,MONTAURO,079080,12,74,226,2698,1347,4357
03-10-2026,CALABRIA,18,REGGIO DI CALABRIA,MONTEBELLO JONICO,080053,12,75,431,4435,1645,6598
03-10-2026,CALABRIA,18,COSENZA,MONTEGIORDANO,078082,0,11,54,707,244,1016
03-10-2026,CALABRIA,18,CATANZARO,MONTEPAONE,079081,30,146,541,5853,2360,8930
03-10-2026,CALABRIA,18,VIBO VALENTIA,MONTEROSSO CALABRO,102023,4,10,89,891,500,1494
03-10-2026,CALABRIA,18,COSENZA,MORANO CALABRO,078083,7,29,189,1902,686,2813
03-10-2026,CALABRIA,18,COSENZA,MORMANNO,078084,1,23,112,1446,21169,22751
03-10-2026,CALABRIA,18,REGGIO DI CALABRIA,MOTTA SAN GIOVANNI,080054,18,95,497,4671,1913,7194
03-10-2026,CALABRIA,18,CATANZARO,MOTTA SANTA LUCIA,079083,0,4,29,484,142,659
03-10-2026,CALABRIA,18,COSENZA,MOTTAFOLLONE,078085,0,7,69,705,259,1040
03-10-2026,CALABRIA,18,VIBO VALENTIA,NARDODIPACE,102024,0,6,16,254,80,356
03-10-2026,CALABRIA,18,VIBO VALENTIA,NICOTERA,102025,23,76,593,6359,1925,8976
03-10-2026,CALABRIA,18,COSENZA,NOCARA,078086,0,0,6,113,27,146
03-10-2026,CALABRIA,18,CATANZARO,NOCERA TERINESE,079087,15,39,356,3400,1093,4903
03-10-2026,CALABRIA,18,CATANZARO,OLIVADI,079088,0,7,24,260,115,406
03-10-2026,CALABRIA,18,REGGIO DI CALABRIA,OPPIDO MAMERTINA,080055,2,26,242,2487,1084,3841
03-10-2026,CALABRIA,18,COSENZA,ORIOLO,078087,3,20,84,928,275,1310
03-10-2026,CALABRIA,18,COSENZA,ORSOMARSO,078088,0,2,40,391,215,648
03-10-2026,CALABRIA,18,CATANZARO,PALERMITI,079089,2,2,63,492,137,696
03-10-2026,CALABRIA,18,REGGIO DI CALABRIA,PALIZZI,080056,6,32,173,2071,1053,3335
03-10-2026,CALABRIA,18,CROTONE,PALLAGORIO,101016,0,12,31,346,135,524
03-10-2026,CALABRIA,18,REGGIO DI CALABRIA,PALMI,080057,42,177,1402,17381,8405,27407
03-10-2026,CALABRIA,18,COSENZA,PALUDI,078089,3,4,31,384,260,682
03-10-2026,CALABRIA,18,COSENZA,PANETTIERI,078090,0,1,19,104,30,154
03-10-2026,CALABRIA,18,COSENZA,PAOLA,078091,17,100,1148,15415,10046,26726
03-10-2026,CALABRIA,18,COSENZA,PAPASIDERO,078092,1,0,27,160,49,237
03-10-2026,CALABRIA,18,COSENZA,PARENTI,078093,6,20,98,985,245,1354
03-10-2026,CALABRIA,18,VIBO VALENTIA,PARGHELIA,102026,4,10,83,918,351,1366
03-10-2026,CALABRIA,18,COSENZA,PATERNO CALABRO,078094,0,6,107,1092,551,1756
03-10-2026,CALABRIA,18,REGGIO DI CALABRIA,PAZZANO,080058,1,7,43,316,104,471
03-10-2026,CALABRIA,18,COSENZA,PEDIVIGLIANO,078096,2,3,27,349,101,482
03-10-2026,CALABRIA,18,CATANZARO,PENTONE,079092,1,27,140,1356,808,2332
03-10-2026,CALABRIA,18,CROTONE,PETILIA POLICASTRO,101017,7,102,500,5583,2793,8985
03-10-2026,CALABRIA,18,CATANZARO,PETRIZZI,079094,2,8,47,523,198,778
03-10-2026,CALABRIA,18,CATANZARO,PETRONÀ,079095,4,13,99,1246,446,1808
03-10-2026,CALABRIA,18,COSENZA,PIANE CRATI,078097,3,6,79,949,437,1474
03-10-2026,CALABRIA,18,CATANZARO,PIANOPOLI,079096,1,24,236,1552,769,2582
03-10-2026,CALABRIA,18,COSENZA,PIETRAFITTA,078098,1,5,59,715,538,1318
03-10-2026,CALABRIA,18,COSENZA,PIETRAPAOLA,078099,1,15,101,763,266,1146
03-10-2026,CALABRIA,18,VIBO VALENTIA,PIZZO,102027,17,118,876,8458,3486,12955
03-10-2026,CALABRIA,18,VIBO VALENTIA,PIZZONI,102028,1,3,31,363,123,521
03-10-2026,CALABRIA,18,REGGIO DI CALABRIA,PLACANICA,080059,0,2,36,352,158,548
03-10-2026,CALABRIA,18,COSENZA,PLATACI,078100,0,3,22,271,122,418
03-10-2026,CALABRIA,18,CATANZARO,PLATANIA,079099,0,31,97,946,347,1421
03-10-2026,CALABRIA,18,REGGIO DI CALABRIA,PLATÌ,080060,1,20,200,2295,2731,5247
03-10-2026,CALABRIA,18,VIBO VALENTIA,POLIA,102029,2,4,56,468,176,706
03-10-2026,CALABRIA,18,REGGIO DI CALABRIA,POLISTENA,080061,7,48,589,6468,3234,10346
03-10-2026,CALABRIA,18,REGGIO DI CALABRIA,PORTIGLIOLA,080062,1,7,36,556,276,876
03-10-2026,CALABRIA,18,COSENZA,PRAIA A MARE,078101,23,157,620,8202,4462,13464
03-10-2026,CALABRIA,18,REGGIO DI CALABRIA,REGGIO DI CALABRIA,080063,892,6890,24107,263427,118868,414184
03-10-2026,CALABRIA,18,COSENZA,RENDE,078102,1171,1269,6436,69715,29995,108586
03-10-2026,CALABRIA,18,REGGIO DI CALABRIA,RIACE,080064,2,11,96,1084,444,1637
03-10-2026,CALABRIA,18,VIBO VALENTIA,RICADI,102030,9,78,448,4441,1768,6744
03-10-2026,CALABRIA,18,REGGIO DI CALABRIA,RIZZICONI,080065,9,141,486,5980,3437,10053
03-10-2026,CALABRIA,18,CROTONE,ROCCA DI NETO,101019,1,9,256,2290,1129,3685
03-10-2026,CALABRIA,18,COSENZA,ROCCA IMPERIALE,078103,4,32,246,1932,1166,3380
03-10-2026,CALABRIA,18,CROTONE,ROCCABERNARDA,101018,5,17,164,1630,618,2434
03-10-2026,CALABRIA,18,REGGIO DI CALABRIA,ROCCAFORTE DEL GRECO,080066,0,5,6,124,81,216
03-10-2026,CALABRIA,18,REGGIO DI CALABRIA,ROCCELLA IONICA,080067,16,46,429,4881,1969,7341
03-10-2026,CALABRIA,18,COSENZA,ROGGIANO GRAVINA,078104,15,48,447,5338,2113,7961
03-10-2026,CALABRIA,18,REGGIO DI CALABRIA,ROGHUDI,080068,1,8,99,896,491,1495
03-10-2026,CALABRIA,18,COSENZA,ROGLIANO,078105,7,39,405,3412,1476,5339
03-10-2026,CALABRIA,18,VIBO VALENTIA,ROMBIOLO,102031,4,40,288,2875,1602,4809
03-10-2026,CALABRIA,18,REGGIO DI CALABRIA,ROSARNO,080069,13,47,692,6967,3354,11073
03-10-2026,CALABRIA,18,COSENZA,ROSE,078106,4,38,213,2396,836,3487
03-10-2026,CALABRIA,18,COSENZA,ROSETO CAPO SPULICO,078107,1,25,131,1778,1401,3336
03-10-2026,CALABRIA,18,COSENZA,ROTA GRECA,078109,0,4,97,540,313,954
03-10-2026,CALABRIA,18,COSENZA,ROVITO,078110,4,37,236,2397,1095,3769
03-10-2026,CALABRIA,18,REGGIO DI CALABRIA,SAMO,080070,0,5,66,898,397,1366
03-10-2026,CALABRIA,18,COSENZA,SAN BASILE,078111,1,5,38,741,224,1009
03-10-2026,CALABRIA,18,COSENZA,SAN BENEDETTO ULLANO,078112,0,6,77,711,178,972
03-10-2026,CALABRIA,18,VIBO VALENTIA,SAN CALOGERO,102032,1,20,205,1961,1038,3225
03-10-2026,CALABRIA,18,COSENZA,SAN COSMO ALBANESE,078113,0,4,22,235,106,367
03-10-2026,CALABRIA,18,VIBO VALENTIA,SAN COSTANTINO CALABRO,102033,0,23,147,1209,470,1849
03-10-2026,CALABRIA,18,COSENZA,SAN DEMETRIO CORONE,078114,6,28,165,1994,1268,3461
03-10-2026,CALABRIA,18,COSENZA,SAN DONATO DI NINEA,078115,0,13,56,597,212,878
03-10-2026,CALABRIA,18,REGGIO DI CALABRIA,SAN FERDINANDO,080097,7,46,263,2521,975,3812
03-10-2026,CALABRIA,18,COSENZA,SAN FILI,078116,3,19,151,1911,730,2814
03-10-2026,CALABRIA,18,CATANZARO,SAN FLORO,079108,1,11,53,608,376,1049
03-10-2026,CALABRIA,18,COSENZA,SAN GIORGIO ALBANESE,078118,1,5,112,612,318,1048
03-10-2026,CALABRIA,18,REGGIO DI CALABRIA,SAN GIORGIO MORGETO,080071,3,10,145,1531,533,2222
03-10-2026,CALABRIA,18,REGGIO DI CALABRIA,SAN GIOVANNI DI GERACE,080072,0,4,20,191,69,284
03-10-2026,CALABRIA,18,COSENZA,SAN GIOVANNI IN FIORE,078119,15,123,1092,9552,4123,14905
03-10-2026,CALABRIA,18,VIBO VALENTIA,SAN GREGORIO D'IPPONA,102034,1,19,259,1732,556,2567
03-10-2026,CALABRIA,18,REGGIO DI CALABRIA,SAN LORENZO,080073,12,22,278,2208,864,3384
03-10-2026,CALABRIA,18,COSENZA,SAN LORENZO BELLIZZI,078120,0,0,36,174,60,270
03-10-2026,CALABRIA,18,COSENZA,SAN LORENZO DEL VALLO,078121,3,9,139,1143,582,1876
03-10-2026,CALABRIA,18,REGGIO DI CALABRIA,SAN LUCA,080074,1,29,131,1719,628,2508
03-10-2026,CALABRIA,18,COSENZA,SAN LUCIDO,078122,19,50,599,7757,4032,12457
03-10-2026,CALABRIA,18,CATANZARO,SAN MANGO D'AQUINO,079110,2,12,60,698,231,1003
03-10-2026,CALABRIA,18,COSENZA,SAN MARCO ARGENTANO,078123,5,46,341,3392,1314,5098
03-10-2026,CALABRIA,18,COSENZA,SAN MARTINO DI FINITA,078124,0,8,53,384,136,581
03-10-2026,CALABRIA,18,CROTONE,SAN MAURO MARCHESATO,101020,1,12,81,825,252,1171
03-10-2026,CALABRIA,18,COSENZA,SAN NICOLA ARCELLA,078125,5,42,163,1740,845,2795
03-10-2026,CALABRIA,18,VIBO VALENTIA,SAN NICOLA DA CRISSA,102035,1,4,152,713,207,1077
03-10-2026,CALABRIA,18,CROTONE,SAN NICOLA DELL'ALTO,101021,1,5,47,362,48,463
03-10-2026,CALABRIA,18,CATANZARO,SAN PIETRO A MAIDA,079114,6,8,222,1844,866,2946
03-10-2026,CALABRIA,18,CATANZARO,SAN PIETRO APOSTOLO,079115,4,19,86,898,338,1345
03-10-2026,CALABRIA,18,REGGIO DI CALABRIA,SAN PIETRO DI CARIDÀ,080075,0,11,38,378,156,583
03-10-2026,CALABRIA,18,COSENZA,SAN PIETRO IN AMANTEA,078126,1,7,59,273,63,403
03-10-2026,CALABRIA,18,COSENZA,SAN PIETRO IN GUARANO,078127,7,33,254,2363,1246,3903
03-10-2026,CALABRIA,18,REGGIO DI CALABRIA,SAN PROCOPIO,080076,0,5,15,162,49,231
03-10-2026,CALABRIA,18,REGGIO DI CALABRIA,SAN ROBERTO,080077,1,10,100,886,308,1305
03-10-2026,CALABRIA,18,CATANZARO,SAN SOSTENE,079116,1,16,124,1189,447,1777
03-10-2026,CALABRIA,18,COSENZA,SAN SOSTI,078128,1,10,51,723,256,1041
03-10-2026,CALABRIA,18,COSENZA,SAN VINCENZO LA COSTA,078135,3,11,81,945,382,1422
03-10-2026,CALABRIA,18,CATANZARO,SAN VITO SULLO IONIO,079122,1,18,73,760,347,1199
03-10-2026,CALABRIA,18,COSENZA,SANGINETO,078117,2,1,84,1032,480,1599
03-10-2026,CALABRIA,18,REGGIO DI CALABRIA,SANT'AGATA DEL BIANCO,080079,0,1,50,402,295,748
03-10-2026,CALABRIA,18,COSENZA,SANT'AGATA DI ESARO,078131,1,10,68,876,455,1410
03-10-2026,CALABRIA,18,REGGIO DI CALABRIA,SANT'ALESSIO IN ASPROMONTE,080080,1,3,37,329,86,456
03-10-2026,CALABRIA,18,CATANZARO,SANT'ANDREA APOSTOLO DELLO IONIO,079118,4,30,165,1356,593,2148
03-10-2026,CALABRIA,18,REGGIO DI CALABRIA,SANT'EUFEMIA D'ASPROMONTE,080081,6,40,287,2321,1010,3664
03-10-2026,CALABRIA,18,REGGIO DI CALABRIA,SANT'ILARIO DELLO IONIO,080082,1,9,109,1110,619,1848
03-10-2026,CALABRIA,18,VIBO VALENTIA,SANT'ONOFRIO,102036,2,50,202,1835,1025,3114
03-10-2026,CALABRIA,18,COSENZA,SANTA CATERINA ALBANESE,078129,1,7,56,564,193,821
03-10-2026,CALABRIA,18,CATANZARO,SANTA CATERINA DELLO IONIO,079117,4,31,136,1575,746,2492
03-10-2026,CALABRIA,18,REGGIO DI CALABRIA,SANTA CRISTINA D'ASPROMONTE,080078,1,7,51,340,104,503
03-10-2026,CALABRIA,18,COSENZA,SANTA DOMENICA TALAO,078130,1,8,55,737,465,1266
03-10-2026,CALABRIA,18,COSENZA,SANTA MARIA DEL CEDRO,078132,17,83,360,4637,1876,6973
03-10-2026,CALABRIA,18,CROTONE,SANTA SEVERINA,101022,2,10,80,1017,539,1648
03-10-2026,CALABRIA,18,COSENZA,SANTA SOFIA D'EPIRO,078133,5,11,105,840,280,1241
03-10-2026,CALABRIA,18,COSENZA,SANTO STEFANO DI ROGLIANO,078134,2,12,161,1250,611,2036
03-10-2026,CALABRIA,18,REGGIO DI CALABRIA,SANTO STEFANO IN ASPROMONTE,080083,2,11,85,977,444,1519
03-10-2026,CALABRIA,18,COSENZA,SARACENA,078136,2,20,92,1868,779,2761
03-10-2026,CALABRIA,18,CATANZARO,SATRIANO,079123,11,41,261,2773,916,4002
03-10-2026,CALABRIA,18,CROTONE,SAVELLI,101023,0,9,62,595,277,943
03-10-2026,CALABRIA,18,COSENZA,SCALA COELI,078137,0,2,36,390,202,630
03-10-2026,CALABRIA,18,COSENZA,SCALEA,078138,38,103,1224,14296,7755,23416
03-10-2026,CALABRIA,18,CROTONE,SCANDALE,101024,3,10,51,948,329,1341
03-10-2026,CALABRIA,18,REGGIO DI CALABRIA,SCIDO,080084,0,3,42,409,155,609
03-10-2026,CALABRIA,18,COSENZA,SCIGLIANO,078139,4,16,80,779,241,1120
03-10-2026,CALABRIA,18,REGGIO DI CALABRIA,SCILLA,080085,8,33,352,2973,1001,4367
03-10-2026,CALABRIA,18,CATANZARO,SELLIA,079126,1,6,60,390,157,614
03-10-2026,CALABRIA,18,CATANZARO,SELLIA MARINA,079127,23,125,808,8022,3315,12293
03-10-2026,CALABRIA,18,REGGIO DI CALABRIA,SEMINARA,080086,7,11,121,1151,304,1594
03-10-2026,CALABRIA,18,COSENZA,SERRA D'AIELLO,078140,0,5,22,210,63,300
03-10-2026,CALABRIA,18,VIBO VALENTIA,SERRA SAN BRUNO,102037,2,129,374,3385,1075,4965
03-10-2026,CALABRIA,18,CATANZARO,SERRASTRETTA,079129,1,58,144,1291,509,2003
03-10-2026,CALABRIA,18,REGGIO DI CALABRIA,SERRATA,080087,5,10,66,460,114,655
03-10-2026,CALABRIA,18,CATANZARO,SERSALE,079130,14,14,243,2246,868,3385
03-10-2026,CALABRIA,18,CATANZARO,SETTINGIANO,079131,4,48,278,2903,1575,4808
03-10-2026,CALABRIA,18,REGGIO DI CALABRIA,SIDERNO,080088,28,179,1139,14653,7122,23121
03-10-2026,CALABRIA,18,VIBO VALENTIA,SIMBARIO,102038,1,16,27,569,166,779
03-10-2026,CALABRIA,18,CATANZARO,SIMERI CRICHI,079133,22,71,360,4623,2562,7638
03-10-2026,CALABRIA,18,REGGIO DI CALABRIA,SINOPOLI,080089,1,13,74,673,196,957
03-10-2026,CALABRIA,18,CATANZARO,SORBO SAN BASILE,079134,1,3,48,357,159,568
03-10-2026,CALABRIA,18,VIBO VALENTIA,SORIANELLO,102039,1,8,43,604,320,976
03-10-2026,CALABRIA,18,VIBO VALENTIA,SORIANO CALABRO,102040,4,11,157,2410,1018,3600
03-10-2026,CALABRIA,18,CATANZARO,SOVERATO,079137,23,154,887,10094,5801,16959
03-10-2026,CALABRIA,18,CATANZARO,SOVERIA MANNELLI,079138,11,10,230,1916,796,2963
03-10-2026,CALABRIA,18,CATANZARO,SOVERIA SIMERI,079139,2,4,111,874,399,1390
03-10-2026,CALABRIA,18,VIBO VALENTIA,SPADOLA,102041,0,28,93,839,289,1249
03-10-2026,CALABRIA,18,COSENZA,SPEZZANO ALBANESE,078142,8,57,386,4156,2001,6608
03-10-2026,CALABRIA,18,COSENZA,SPEZZANO DELLA SILA,078143,16,57,322,2819,993,4207
03-10-2026,CALABRIA,18,VIBO VALENTIA,SPILINGA,102042,0,8,93,860,361,1322
03-10-2026,CALABRIA,18,CATANZARO,SQUILLACE,079142,9,54,413,4315,1609,6400
03-10-2026,CALABRIA,18,REGGIO DI CALABRIA,STAITI,080090,0,1,7,49,18,75
03-10-2026,CALABRIA,18,CATANZARO,STALETTÌ,079143,7,33,193,2025,791,3049
03-10-2026,CALABRIA,18,VIBO VALENTIA,STEFANACONI,102043,2,21,149,1369,603,2144
03-10-2026,CALABRIA,18,REGGIO DI CALABRIA,STIGNANO,080091,0,4,49,650,292,995
03-10-2026,CALABRIA,18,REGGIO DI CALABRIA,STILO,080092,3,14,169,1933,1049,3168
03-10-2026,CALABRIA,18,CROTONE,STRONGOLI,101025,13,35,358,4142,2007,6555
03-10-2026,CALABRIA,18,COSENZA,TARSIA,078145,1,27,133,1177,482,1820
03-10-2026,CALABRIA,18,REGGIO DI CALABRIA,TAURIANOVA,080093,15,100,947,10798,4450,16310
03-10-2026,CALABRIA,18,CATANZARO,TAVERNA,079146,1,25,144,1406,474,2050
03-10-2026,CALABRIA,18,COSENZA,TERRANOVA DA SIBARI,078146,15,33,368,3564,1698,5678
03-10-2026,CALABRIA,18,REGGIO DI CALABRIA,TERRANOVA SAPPO MINULIO,080094,0,1,26,203,65,295
03-10-2026,CALABRIA,18,COSENZA,TERRAVECCHIA,078147,0,1,25,165,89,280
03-10-2026,CALABRIA,18,CATANZARO,TIRIOLO,079147,5,45,196,1981,722,2949
03-10-2026,CALABRIA,18,COSENZA,TORANO CASTELLO,078148,3,35,248,2830,1633,4749
03-10-2026,CALABRIA,18,CATANZARO,TORRE DI RUGGIERO,079148,0,1,52,293,62,408
03-10-2026,CALABRIA,18,COSENZA,TORTORA,078149,12,53,454,5347,2306,8172
03-10-2026,CALABRIA,18,COSENZA,TREBISACCE,078150,8,113,886,7495,9151,17653
03-10-2026,CALABRIA,18,VIBO VALENTIA,TROPEA,102044,15,78,477,5455,2354,8379
03-10-2026,CALABRIA,18,CROTONE,UMBRIATICO,101026,0,2,19,253,88,362
03-10-2026,CALABRIA,18,COSENZA,VACCARIZZO ALBANESE,078152,3,1,57,597,249,907
03-10-2026,CALABRIA,18,CATANZARO,VALLEFIORITA,079151,6,1,92,713,390,1202
03-10-2026,CALABRIA,18,VIBO VALENTIA,VALLELONGA,102045,0,6,32,347,107,492
03-10-2026,CALABRIA,18,REGGIO DI CALABRIA,VARAPODIO,080095,1,13,91,983,395,1483
03-10-2026,CALABRIA,18,VIBO VALENTIA,VAZZANO,102046,2,16,100,823,373,1314
03-10-2026,CALABRIA,18,COSENZA,VERBICARO,078153,2,8,107,975,339,1431
03-10-2026,CALABRIA,18,CROTONE,VERZINO,101027,0,5,82,879,498,1464
03-10-2026,CALABRIA,18,VIBO VALENTIA,VIBO VALENTIA,102047,132,657,3465,39608,18292,62154
03-10-2026,CALABRIA,18,REGGIO DI CALABRIA,VILLA SAN GIOVANNI,080096,71,352,1711,19058,6154,27346
03-10-2026,CALABRIA,18,COSENZA,VILLAPIANA,078154,15,95,530,5260,2116,8016
03-10-2026,CALABRIA,18,VIBO VALENTIA,ZACCANOPOLI,102048,0,16,63,521,187,787
03-10-2026,CALABRIA,18,CATANZARO,ZAGARISE,079157,0,9,60,687,162,918
03-10-2026,CALABRIA,18,VIBO VALENTIA,ZAMBRONE,102049,3,20,112,1159,419,1713
03-10-2026,CALABRIA,18,COSENZA,ZUMPANO,078155,6,29,257,2669,1627,4588
03-10-2026,CALABRIA,18,VIBO VALENTIA,ZUNGRI,102050,1,11,64,687,207,970
03-10-2026,CAMPANIA,15,SALERNO,ACERNO,065001,0,18,132,1347,522,2019
03-10-2026,CAMPANIA,15,NAPOLI,ACERRA,063001,172,805,5685,69805,40311,116778
03-10-2026,CAMPANIA,15,NAPOLI,AFRAGOLA,063002,197,618,6125,69309,33236,109485
03-10-2026,CAMPANIA,15,NAPOLI,AGEROLA,063003,5,57,440,5184,3481,9167
03-10-2026,CAMPANIA,15,SALERNO,AGROPOLI,065002,67,294,2224,25105,14683,42373
03-10-2026,CAMPANIA,15,AVELLINO,AIELLO DEL SABATO,064001,2,39,296,3284,1485,5106
03-10-2026,CAMPANIA,15,CASERTA,AILANO,061001,5,7,134,875,275,1296
03-10-2026,CAMPANIA,15,BENEVENTO,AIROLA,062001,14,101,765,8400,3656,12936
03-10-2026,CAMPANIA,15,SALERNO,ALBANELLA,065003,2,51,495,5615,2909,9072
03-10-2026,CAMPANIA,15,SALERNO,ALFANO,065004,0,6,34,350,137,527
03-10-2026,CAMPANIA,15,CASERTA,ALIFE,061002,14,59,583,6176,2336,9168
03-10-2026,CAMPANIA,15,AVELLINO,ALTAVILLA IRPINA,064002,2,32,187,2484,1072,3777
03-10-2026,CAMPANIA,15,SALERNO,ALTAVILLA SILENTINA,065005,13,71,622,7382,3420,11508
03-10-2026,CAMPANIA,15,CASERTA,ALVIGNANO,061003,6,21,306,3325,1595,5253
03-10-2026,CAMPANIA,15,SALERNO,AMALFI,065006,9,41,214,2884,1481,4629
03-10-2026,CAMPANIA,15,BENEVENTO,AMOROSI,062002,5,34,261,2316,1232,3848
03-10-2026,CAMPANIA,15,NAPOLI,ANACAPRI,063004,2,34,464,5002,2748,8250
03-10-2026,CAMPANIA,15,AVELLINO,ANDRETTA,064003,1,3,114,866,248,1232
03-10-2026,CAMPANIA,15,SALERNO,ANGRI,065007,81,362,3233,37174,21258,62108
03-10-2026,CAMPANIA,15,BENEVENTO,APICE,062003,3,53,367,4248,2183,6854
03-10-2026,CAMPANIA,15,BENEVENTO,APOLLOSA,062004,2,27,248,2091,918,3286
03-10-2026,CAMPANIA,15,SALERNO,AQUARA,065008,2,4,71,544,147,768
03-10-2026,CAMPANIA,15,AVELLINO,AQUILONIA,064004,1,11,90,555,255,912
03-10-2026,CAMPANIA,15,AVELLINO,ARIANO IRPINO,064005,25,145,1389,14749,7064,23372
03-10-2026,CAMPANIA,15,CASERTA,ARIENZO,061004,10,36,378,4313,2237,6974
03-10-2026,CAMPANIA,15,BENEVENTO,ARPAIA,062005,3,17,92,1219,511,1842
03-10-2026,CAMPANIA,15,BENEVENTO,ARPAISE,062006,0,11,74,743,287,1115
03-10-2026,CAMPANIA,15,NAPOLI,ARZANO,063005,57,484,2918,37353,17398,58210
03-10-2026,CAMPANIA,15,SALERNO,ASCEA,065009,19,146,680,7073,3242,11160
03-10-2026,CAMPANIA,15,SALERNO,ATENA LUCANA,065010,5,38,265,2307,1996,4611
03-10-2026,CAMPANIA,15,SALERNO,ATRANI,065011,1,6,42,267,223,539
03-10-2026,CAMPANIA,15,AVELLINO,ATRIPALDA,064006,24,240,909,10032,4231,15436
03-10-2026,CAMPANIA,15,SALERNO,AULETTA,065012,0,12,101,1157,571,1841
03-10-2026,CAMPANIA,15,AVELLINO,AVELLA,064007,8,51,511,6116,3174,9860
03-10-2026,CAMPANIA,15,AVELLINO,AVELLINO,064008,227,1691,5946,74949,43034,125847
03-10-2026,CAMPANIA,15,CASERTA,AVERSA,061005,218,1180,5741,89438,47249,143826
03-10-2026,CAMPANIA,15,NAPOLI,BACOLI,063006,63,218,1719,23403,12578,37981
03-10-2026,CAMPANIA,15,AVELLINO,BAGNOLI IRPINO,064009,1,25,162,1738,775,2701
03-10-2026,CAMPANIA,15,CASERTA,BAIA E LATINA,061006,0,13,76,1121,500,1710
03-10-2026,CAMPANIA,15,AVELLINO,BAIANO,064010,13,39,348,3991,1552,5943
03-10-2026,CAMPANIA,15,NAPOLI,BARANO D'ISCHIA,063007,17,57,591,7968,4879,13512
03-10-2026,CAMPANIA,15,SALERNO,BARONISSI,065013,52,208,1652,18090,9545,29547
03-10-2026,CAMPANIA,15,BENEVENTO,BASELICE,062007,1,2,110,724,326,1163
03-10-2026,CAMPANIA,15,SALERNO,BATTIPAGLIA,065014,123,881,4815,63830,34197,103846
03-10-2026,CAMPANIA,15,SALERNO,BELLIZZI,065158,16,89,1166,12071,5870,19212
03-10-2026,CAMPANIA,15,CASERTA,BELLONA,061007,16,59,672,7063,3583,11393
03-10-2026,CAMPANIA,15,SALERNO,BELLOSGUARDO,065015,0,3,24,285,98,410
03-10-2026,CAMPANIA,15,BENEVENTO,BENEVENTO,062008,169,1236,6045,71127,93120,171697
03-10-2026,CAMPANIA,15,AVELLINO,BISACCIA,064011,4,23,178,1724,778,2707
03-10-2026,CAMPANIA,15,BENEVENTO,BONEA,062009,1,14,92,855,280,1242
03-10-2026,CAMPANIA,15,AVELLINO,BONITO,064012,1,21,218,1755,551,2546
03-10-2026,CAMPANIA,15,NAPOLI,BOSCOREALE,063008,39,357,2743,30767,16539,50445
03-10-2026,CAMPANIA,15,NAPOLI,BOSCOTRECASE,063009,21,91,900,11502,6432,18946
03-10-2026,CAMPANIA,15,SALERNO,BRACIGLIANO,065016,15,64,521,5128,2139,7867
03-10-2026,CAMPANIA,15,NAPOLI,BRUSCIANO,063010,31,116,1103,14333,7138,22721
03-10-2026,CAMPANIA,15,BENEVENTO,BUCCIANO,062010,0,8,91,953,438,1490
03-10-2026,CAMPANIA,15,SALERNO,BUCCINO,065017,3,18,282,2735,961,3999
03-10-2026,CAMPANIA,15,SALERNO,BUONABITACOLO,065018,1,9,110,1319,348,1787
03-10-2026,CAMPANIA,15,BENEVENTO,BUONALBERGO,062011,0,10,63,688,347,1108
03-10-2026,CAMPANIA,15,SALERNO,CAGGIANO,065019,0,11,152,1418,645,2226
03-10-2026,CAMPANIA,15,CASERTA,CAIANELLO,061008,7,22,166,1647,666,2508
03-10-2026,CAMPANIA,15,CASERTA,CAIAZZO,061009,15,51,363,4019,1665,6113
03-10-2026,CAMPANIA,15,AVELLINO,CAIRANO,064013,0,1,8,83,27,119
03-10-2026,CAMPANIA,15,NAPOLI,CAIVANO,063011,41,284,2865,35401,20600,59191
03-10-2026,CAMPANIA,15,AVELLINO,CALABRITTO,064014,1,13,86,1075,961,2136
03-10-2026,CAMPANIA,15,AVELLINO,CALITRI,064015,0,18,182,1652,656,2508
03-10-2026,CAMPANIA,15,SALERNO,CALVANICO,065020,2,1,85,1011,383,1482
03-10-2026,CAMPANIA,15,BENEVENTO,CALVI,062012,4,22,259,1990,886,3161
03-10-2026,CAMPANIA,15,CASERTA,CALVI RISORTA,061010,13,68,541,5340,2394,8356
03-10-2026,CAMPANIA,15,NAPOLI,CALVIZZANO,063012,36,146,919,12874,7135,21110
03-10-2026,CAMPANIA,15,SALERNO,CAMEROTA,065021,17,117,459,5398,1919,7910
03-10-2026,CAMPANIA,15,CASERTA,CAMIGLIANO,061011,2,18,187,2093,992,3292
03-10-2026,CAMPANIA,15,SALERNO,CAMPAGNA,065022,32,264,1443,20046,9320,31105
03-10-2026,CAMPANIA,15,BENEVENTO,CAMPOLATTARO,062013,0,3,42,331,101,477
03-10-2026,CAMPANIA,15,BENEVENTO,CAMPOLI DEL MONTE TABURNO,062014,5,7,68,926,438,1444
03-10-2026,CAMPANIA,15,SALERNO,CAMPORA,065023,0,2,6,93,54,155
03-10-2026,CAMPANIA,15,NAPOLI,CAMPOSANO,063013,10,89,467,6279,3259,10104
03-10-2026,CAMPANIA,15,CASERTA,CANCELLO ED ARNONE,061012,11,38,356,5672,2699,8776
03-10-2026,CAMPANIA,15,AVELLINO,CANDIDA,064016,1,4,110,873,251,1239
03-10-2026,CAMPANIA,15,SALERNO,CANNALONGA,065024,2,5,32,515,281,835
03-10-2026,CAMPANIA,15,SALERNO,CAPACCIO PAESTUM,065025,37,190,1430,18622,9839,30118
03-10-2026,CAMPANIA,15,CASERTA,CAPODRISE,061013,21,115,1002,11495,5663,18296
03-10-2026,CAMPANIA,15,AVELLINO,CAPOSELE,064017,7,20,225,1838,947,3037
03-10-2026,CAMPANIA,15,NAPOLI,CAPRI,063014,9,49,480,5825,3927,10290
03-10-2026,CAMPANIA,15,CASERTA,CAPRIATI A VOLTURNO,061014,6,8,82,801,371,1268
03-10-2026,CAMPANIA,15,AVELLINO,CAPRIGLIA IRPINA,064018,4,13,183,1844,670,2714
03-10-2026,CAMPANIA,15,CASERTA,CAPUA,061015,79,397,2299,23773,10512,37060
03-10-2026,CAMPANIA,15,NAPOLI,CARBONARA DI NOLA,063015,2,17,273,3150,2350,5792
03-10-2026,CAMPANIA,15,NAPOLI,CARDITO,063016,34,179,1827,21303,11018,34361
03-10-2026,CAMPANIA,15,AVELLINO,CARIFE,064019,0,5,65,972,669,1711
03-10-2026,CAMPANIA,15,CASERTA,CARINARO,061016,22,59,491,6000,2908,9480
03-10-2026,CAMPANIA,15,CASERTA,CARINOLA,061017,30,185,575,7278,2659,10727
03-10-2026,CAMPANIA,15,CASERTA,CASAGIOVE,061018,67,378,1713,21086,10869,34113
03-10-2026,CAMPANIA,15,CASERTA,CASAL DI PRINCIPE,061019,57,129,1891,24478,12172,38727
03-10-2026,CAMPANIA,15,SALERNO,CASAL VELINO,065028,16,84,546,5845,2662,9153
03-10-2026,CAMPANIA,15,AVELLINO,CASALBORE,064020,0,5,41,552,191,789
03-10-2026,CAMPANIA,15,SALERNO,CASALBUONO,065026,1,4,23,380,128,536
03-10-2026,CAMPANIA,15,BENEVENTO,CASALDUNI,062015,0,8,51,588,204,851
03-10-2026,CAMPANIA,15,SALERNO,CASALETTO SPARTANO,065027,0,2,27,321,192,542
03-10-2026,CAMPANIA,15,NAPOLI,CASALNUOVO DI NAPOLI,063017,112,838,4189,53297,29497,87933
03-10-2026,CAMPANIA,15,CASERTA,CASALUCE,061020,24,139,988,10871,5600,17622
03-10-2026,CAMPANIA,15,NAPOLI,CASAMARCIANO,063018,11,27,362,4213,2402,7015
03-10-2026,CAMPANIA,15,NAPOLI,CASAMICCIOLA TERME,063019,8,52,553,6634,3557,10804
03-10-2026,CAMPANIA,15,NAPOLI,CASANDRINO,063020,45,122,1322,15337,8247,25073
03-10-2026,CAMPANIA,15,CASERTA,CASAPESENNA,061103,6,42,570,6306,3374,10298
03-10-2026,CAMPANIA,15,CASERTA,CASAPULLA,061021,19,176,809,9714,5025,15743
03-10-2026,CAMPANIA,15,NAPOLI,CASAVATORE,063021,36,336,1584,19553,11184,32693
03-10-2026,CAMPANIA,15,SALERNO,CASELLE IN PITTARI,065029,3,8,142,1057,457,1667
03-10-2026,CAMPANIA,15,CASERTA,CASERTA,061022,713,2594,12087,157356,78575,251325
03-10-2026,CAMPANIA,15,NAPOLI,CASOLA DI NAPOLI,063022,3,19,248,2243,1113,3626
03-10-2026,CAMPANIA,15,NAPOLI,CASORIA,063023,315,1652,10348,105093,53362,170770
03-10-2026,CAMPANIA,15,AVELLINO,CASSANO IRPINO,064021,0,8,46,317,121,492
03-10-2026,CAMPANIA,15,AVELLINO,CASTEL BARONIA,064022,1,9,124,867,286,1287
03-10-2026,CAMPANIA,15,CASERTA,CASTEL CAMPAGNANO,061023,3,13,113,1436,519,2084
03-10-2026,CAMPANIA,15,CASERTA,CASTEL DI SASSO,061024,0,3,48,580,335,966
03-10-2026,CAMPANIA,15,CASERTA,CASTEL MORRONE,061026,4,30,198,2442,909,3583
03-10-2026,CAMPANIA,15,SALERNO,CASTEL SAN GIORGIO,065034,30,282,1298,15135,7363,24108
03-10-2026,CAMPANIA,15,SALERNO,CASTEL SAN LORENZO,065035,0,10,131,1381,654,2176
03-10-2026,CAMPANIA,15,CASERTA,CASTEL VOLTURNO,061027,153,616,3326,48336,19851,72282
03-10-2026,CAMPANIA,15,SALERNO,CASTELCIVITA,065030,1,14,79,665,283,1042
03-10-2026,CAMPANIA,15,AVELLINO,CASTELFRANCI,064023,1,9,72,784,490,1356
03-10-2026,CAMPANIA,15,BENEVENTO,CASTELFRANCO IN MISCANO,062016,0,2,17,227,64,310
03-10-2026,CAMPANIA,15,SALERNO,CASTELLABATE,065031,26,155,776,9059,4268,14284
03-10-2026,CAMPANIA,15,NAPOLI,CASTELLAMMARE DI STABIA,063024,114,1667,6280,78581,46310,132952
03-10-2026,CAMPANIA,15,CASERTA,CASTELLO DEL MATESE,061025,2,9,84,953,352,1400
03-10-2026,CAMPANIA,15,NAPOLI,CASTELLO DI CISTERNA,063025,20,112,753,9141,5416,15442
03-10-2026,CAMPANIA,15,SALERNO,CASTELNUOVO CILENTO,065032,10,44,202,2550,1334,4140
03-10-2026,CAMPANIA,15,SALERNO,CASTELNUOVO DI CONZA,065033,2,4,55,276,145,482
03-10-2026,CAMPANIA,15,BENEVENTO,CASTELPAGANO,062017,0,6,31,309,119,465
03-10-2026,CAMPANIA,15,BENEVENTO,CASTELPOTO,062018,2,9,87,643,229,970
03-10-2026,CAMPANIA,15,BENEVENTO,CASTELVENERE,062019,1,20,136,1509,645,2311
03-10-2026,CAMPANIA,15,BENEVENTO,CASTELVETERE IN VAL FORTORE,062020,0,8,33,380,100,521
03-10-2026,CAMPANIA,15,AVELLINO,CASTELVETERE SUL CALORE,064024,0,14,79,1123,521,1737
03-10-2026,CAMPANIA,15,SALERNO,CASTIGLIONE DEL GENOVESI,065036,1,8,135,1099,454,1697
03-10-2026,CAMPANIA,15,BENEVENTO,CAUTANO,062021,6,25,120,1711,753,2615
03-10-2026,CAMPANIA,15,SALERNO,CAVA DE' TIRRENI,065037,111,1079,5089,57925,32246,96450
03-10-2026,CAMPANIA,15,SALERNO,CELLE DI BULGHERIA,065038,1,6,126,981,449,1563
03-10-2026,CAMPANIA,15,CASERTA,CELLOLE,061102,21,135,779,8670,4320,13925
03-10-2026,CAMPANIA,15,SALERNO,CENTOLA,065039,12,27,301,3583,1850,5773
03-10-2026,CAMPANIA,15,BENEVENTO,CEPPALONI,062022,10,38,282,3165,1189,4684
03-10-2026,CAMPANIA,15,SALERNO,CERASO,065040,1,20,161,1396,716,2294
03-10-2026,CAMPANIA,15,NAPOLI,CERCOLA,063026,58,349,1768,23802,13558,39535
03-10-2026,CAMPANIA,15,BENEVENTO,CERRETO SANNITA,062023,4,21,127,2277,12064,14493
03-10-2026,CAMPANIA,15,AVELLINO,CERVINARA,064025,20,110,794,8847,4128,13899
03-10-2026,CAMPANIA,15,CASERTA,CERVINO,061028,6,34,241,2807,1282,4370
03-10-2026,CAMPANIA,15,CASERTA,CESA,061029,27,59,973,12306,6384,19749
03-10-2026,CAMPANIA,15,AVELLINO,CESINALI,064026,1,31,188,1962,700,2882
03-10-2026,CAMPANIA,15,SALERNO,CETARA,065041,5,32,162,1392,411,2002
03-10-2026,CAMPANIA,15,AVELLINO,CHIANCHE,064027,0,5,20,292,238,555
03-10-2026,CAMPANIA,15,AVELLINO,CHIUSANO DI SAN DOMENICO,064028,6,14,83,1042,379,1524
03-10-2026,CAMPANIA,15,NAPOLI,CICCIANO,063027,45,93,1347,14509,6523,22517
03-10-2026,CAMPANIA,15,SALERNO,CICERALE,065042,2,12,55,766,337,1172
03-10-2026,CAMPANIA,15,NAPOLI,CIMITILE,063028,19,93,674,9015,5307,15108
03-10-2026,CAMPANIA,15,CASERTA,CIORLANO,061030,0,1,19,105,26,151
03-10-2026,CAMPANIA,15,BENEVENTO,CIRCELLO,062024,1,10,130,877,240,1258
03-10-2026,CAMPANIA,15,BENEVENTO,COLLE SANNITA,062025,1,8,50,575,195,829
03-10-2026,CAMPANIA,15,SALERNO,COLLIANO,065043,1,12,181,1902,731,2827
03-10-2026,CAMPANIA,15,NAPOLI,COMIZIANO,063029,4,32,180,2000,941,3157
03-10-2026,CAMPANIA,15,SALERNO,CONCA DEI MARINI,065044,0,3,39,466,306,814
03-10-2026,CAMPANIA,15,CASERTA,CONCA DELLA CAMPANIA,061031,0,6,50,467,166,689
03-10-2026,CAMPANIA,15,AVELLINO,CONTRADA,064029,10,14,154,2044,666,2888
03-10-2026,CAMPANIA,15,SALERNO,CONTRONE,065045,1,4,41,627,210,883
03-10-2026,CAMPANIA,15,SALERNO,CONTURSI TERME,065046,2,24,198,2283,1108,3615
03-10-2026,CAMPANIA,15,AVELLINO,CONZA DELLA CAMPANIA,064030,2,17,103,799,246,1167
03-10-2026,CAMPANIA,15,SALERNO,CORBARA,065047,2,23,168,1872,883,2948
03-10-2026,CAMPANIA,15,SALERNO,CORLETO MONFORTE,065048,0,3,21,226,87,337
03-10-2026,CAMPANIA,15,NAPOLI,CRISPANO,063030,36,111,1192,13516,7256,22111
03-10-2026,CAMPANIA,15,SALERNO,CUCCARO VETERE,065049,1,1,27,235,94,358
03-10-2026,CAMPANIA,15,CASERTA,CURTI,061032,18,110,804,8628,4337,13897
03-10-2026,CAMPANIA,15,BENEVENTO,CUSANO MUTRI,062026,0,12,106,1220,487,1825
03-10-2026,CAMPANIA,15,AVELLINO,DOMICELLA,064031,1,7,198,1973,1002,3181
03-10-2026,CAMPANIA,15,CASERTA,DRAGONI,061033,5,14,115,1430,681,2245
03-10-2026,CAMPANIA,15,BENEVENTO,DUGENTA,062027,0,23,293,2204,1078,3598
03-10-2026,CAMPANIA,15,BENEVENTO,DURAZZANO,062028,4,17,115,1681,2733,4550
03-10-2026,CAMPANIA,15,SALERNO,EBOLI,065050,134,589,3865,46695,23468,74751
03-10-2026,CAMPANIA,15,NAPOLI,ERCOLANO,063064,139,825,4282,51361,24052,80659
03-10-2026,CAMPANIA,15,BENEVENTO,FAICCHIO,062029,3,31,277,2722,3514,6547
03-10-2026,CAMPANIA,15,CASERTA,FALCIANO DEL MASSICO,061101,6,44,226,2561,1244,4081
03-10-2026,CAMPANIA,15,SALERNO,FELITTO,065051,2,8,49,735,530,1324
03-10-2026,CAMPANIA,15,SALERNO,FISCIANO,065052,78,397,2090,21182,8204,31951
03-10-2026,CAMPANIA,15,AVELLINO,FLUMERI,064032,4,11,182,1339,585,2121
03-10-2026,CAMPANIA,15,BENEVENTO,FOGLIANISE,062030,1,28,218,2163,1195,3605
03-10-2026,CAMPANIA,15,BENEVENTO,FOIANO DI VAL FORTORE,062031,1,4,41,363,107,516
03-10-2026,CAMPANIA,15,AVELLINO,FONTANAROSA,064033,2,19,211,1580,590,2402
03-10-2026,CAMPANIA,15,CASERTA,FONTEGRECA,061034,0,2,12,250,59,323
03-10-2026,CAMPANIA,15,BENEVENTO,FORCHIA,062032,0,7,74,764,314,1159
03-10-2026,CAMPANIA,15,AVELLINO,FORINO,064034,1,16,326,3472,1353,5168
03-10-2026,CAMPANIA,15,NAPOLI,FORIO,063031,21,92,1226,19556,12673,33568
03-10-2026,CAMPANIA,15,CASERTA,FORMICOLA,061035,2,19,134,1149,739,2043
03-10-2026,CAMPANIA,15,BENEVENTO,FRAGNETO L'ABATE,062033,1,1,80,488,130,700
03-10-2026,CAMPANIA,15,BENEVENTO,FRAGNETO MONFORTE,062034,0,8,123,840,296,1267
03-10-2026,CAMPANIA,15,CASERTA,FRANCOLISE,061036,5,30,237,2889,1144,4305
03-10-2026,CAMPANIA,15,BENEVENTO,FRASSO TELESINO,062035,0,23,228,1803,676,2730
03-10-2026,CAMPANIA,15,NAPOLI,FRATTAMAGGIORE,063032,63,480,3007,37701,22992,64243
03-10-2026,CAMPANIA,15,NAPOLI,FRATTAMINORE,063033,46,112,1417,15273,7464,24312
03-10-2026,CAMPANIA,15,AVELLINO,FRIGENTO,064035,3,26,248,2140,827,3244
03-10-2026,CAMPANIA,15,CASERTA,FRIGNANO,061037,12,94,813,9889,5310,16118
03-10-2026,CAMPANIA,15,SALERNO,FURORE,065053,0,8,48,392,189,637
03-10-2026,CAMPANIA,15,SALERNO,FUTANI,065054,1,6,31,486,289,813
03-10-2026,CAMPANIA,15,CASERTA,GALLO MATESE,061038,1,4,17,175,74,271
03-10-2026,CAMPANIA,15,CASERTA,GALLUCCIO,061039,0,21,97,1300,568,1986
03-10-2026,CAMPANIA,15,AVELLINO,GESUALDO,064036,3,17,211,1967,765,2963
03-10-2026,CAMPANIA,15,CASERTA,GIANO VETUSTO,061040,1,15,98,755,253,1122
03-10-2026,CAMPANIA,15,SALERNO,GIFFONI SEI CASALI,065055,7,41,428,5353,2671,8500
03-10-2026,CAMPANIA,15,SALERNO,GIFFONI VALLE PIANA,065056,20,87,815,8436,4451,13809
03-10-2026,CAMPANIA,15,BENEVENTO,GINESTRA DEGLI SCHIAVONI,062036,0,2,16,211,54,283
03-10-2026,CAMPANIA,15,SALERNO,GIOI,065057,0,5,59,660,343,1067
03-10-2026,CAMPANIA,15,CASERTA,GIOIA SANNITICA,061041,6,18,288,2716,1393,4421
03-10-2026,CAMPANIA,15,NAPOLI,GIUGLIANO IN CAMPANIA,063034,1054,3492,14320,203912,99129,321907
03-10-2026,CAMPANIA,15,SALERNO,GIUNGANO,065058,1,9,67,947,555,1579
03-10-2026,CAMPANIA,15,NAPOLI,GRAGNANO,063035,26,427,2335,29544,18390,50722
03-10-2026,CAMPANIA,15,CASERTA,GRAZZANISE,061042,23,78,604,7868,3380,11953
03-10-2026,CAMPANIA,15,AVELLINO,GRECI,064037,1,3,18,285,155,462
03-10-2026,CAMPANIA,15,CASERTA,GRICIGNANO DI AVERSA,061043,24,113,1349,15895,7951,25332
03-10-2026,CAMPANIA,15,AVELLINO,GROTTAMINARDA,064038,6,88,625,6351,11234,18304
03-10-2026,CAMPANIA,15,AVELLINO,GROTTOLELLA,064039,0,22,126,1479,582,2209
03-10-2026,CAMPANIA,15,NAPOLI,GRUMO NEVANO,063036,28,214,1618,20752,10372,32984
03-10-2026,CAMPANIA,15,AVELLINO,GUARDIA LOMBARDI,064040,0,11,40,535,197,783
03-10-2026,CAMPANIA,15,BENEVENTO,GUARDIA SANFRAMONDI,062037,3,37,284,2597,1316,4237
03-10-2026,CAMPANIA,15,NAPOLI,ISCHIA,063037,44,164,1491,20202,13412,35313
03-10-2026,CAMPANIA,15,SALERNO,ISPANI,065059,1,21,100,1792,2140,4054
03-10-2026,CAMPANIA,15,NAPOLI,LACCO AMENO,063038,3,31,392,7239,7675,15340
03-10-2026,CAMPANIA,15,AVELLINO,LACEDONIA,064041,2,17,112,964,440,1535
03-10-2026,CAMPANIA,15,AVELLINO,LAPIO,064042,0,5,90,756,296,1147
03-10-2026,CAMPANIA,15,SALERNO,LAUREANA CILENTO,065060,6,7,89,1296,550,1948
03-10-2026,CAMPANIA,15,SALERNO,LAURINO,065061,2,7,56,599,190,854
03-10-2026,CAMPANIA,15,SALERNO,LAURITO,065062,0,3,17,240,72,332
03-10-2026,CAMPANIA,15,AVELLINO,LAURO,064043,8,17,297,3409,1732,5463
03-10-2026,CAMPANIA,15,SALERNO,LAVIANO,065063,0,3,60,496,173,732
03-10-2026,CAMPANIA,15,CASERTA,LETINO,061044,0,7,19,225,79,330
03-10-2026,CAMPANIA,15,NAPOLI,LETTERE,063039,4,32,384,4225,2236,6881
03-10-2026,CAMPANIA,15,CASERTA,LIBERI,061045,0,5,87,722,339,1153
03-10-2026,CAMPANIA,15,BENEVENTO,LIMATOLA,062038,1,20,285,3390,2185,5881
03-10-2026,CAMPANIA,15,AVELLINO,LIONI,064044,4,41,315,3730,1435,5525
03-10-2026,CAMPANIA,15,NAPOLI,LIVERI,063040,0,28,124,1669,723,2544
03-10-2026,CAMPANIA,15,AVELLINO,LUOGOSANO,064045,0,5,67,818,259,1149
03-10-2026,CAMPANIA,15,CASERTA,LUSCIANO,061046,44,186,1566,19867,9932,31595
03-10-2026,CAMPANIA,15,SALERNO,LUSTRA,065064,3,3,38,511,178,733
03-10-2026,CAMPANIA,15,CASERTA,MACERATA CAMPANIA,061047,28,85,977,11174,5628,17892
03-10-2026,CAMPANIA,15,CASERTA,MADDALONI,061048,73,458,2924,34938,17231,55624
03-10-2026,CAMPANIA,15,SALERNO,MAGLIANO VETERE,065065,0,1,90,464,148,703
03-10-2026,CAMPANIA,15,SALERNO,MAIORI,065066,9,39,379,3767,1571,5765
03-10-2026,CAMPANIA,15,AVELLINO,MANOCALZATI,064046,2,32,190,2221,1090,3535
03-10-2026,CAMPANIA,15,NAPOLI,MARANO DI NAPOLI,063041,227,1366,5018,67081,33040,106732
03-10-2026,CAMPANIA,15,CASERTA,MARCIANISE,061049,96,369,3597,41612,23355,69029
03-10-2026,CAMPANIA,15,NAPOLI,MARIGLIANELLA,063042,16,149,825,9666,5342,15998
03-10-2026,CAMPANIA,15,NAPOLI,MARIGLIANO,063043,90,415,2894,36394,18516,58309
03-10-2026,CAMPANIA,15,CASERTA,MARZANO APPIO,061050,5,32,120,1826,1022,3005
03-10-2026,CAMPANIA,15,AVELLINO,MARZANO DI NOLA,064047,3,10,169,2299,1378,3859
03-10-2026,CAMPANIA,15,NAPOLI,MASSA DI SOMMA,063092,7,86,435,5029,2734,8291
03-10-2026,CAMPANIA,15,NAPOLI,MASSA LUBRENSE,063044,8,151,772,8568,4326,13825
03-10-2026,CAMPANIA,15,NAPOLI,MELITO DI NAPOLI,063045,109,1075,3551,50143,25007,79885
03-10-2026,CAMPANIA,15,AVELLINO,MELITO IRPINO,064048,1,8,90,576,247,922
03-10-2026,CAMPANIA,15,BENEVENTO,MELIZZANO,062039,1,15,165,1634,925,2740
03-10-2026,CAMPANIA,15,SALERNO,MERCATO SAN SEVERINO,065067,68,220,2466,25991,14333,43078
03-10-2026,CAMPANIA,15,AVELLINO,MERCOGLIANO,064049,16,224,1118,13368,6735,21461
03-10-2026,CAMPANIA,15,NAPOLI,META,063046,5,59,531,6169,3778,10542
03-10-2026,CAMPANIA,15,CASERTA,MIGNANO MONTE LUNGO,061051,3,25,156,1876,800,2860
03-10-2026,CAMPANIA,15,SALERNO,MINORI,065068,3,36,160,1871,927,2997
03-10-2026,CAMPANIA,15,AVELLINO,MIRABELLA ECLANO,064050,22,38,382,4398,2194,7034
03-10-2026,CAMPANIA,15,BENEVENTO,MOIANO,062040,3,22,298,2693,891,3907
03-10-2026,CAMPANIA,15,SALERNO,MOIO DELLA CIVITELLA,065069,1,11,109,1029,494,1644
03-10-2026,CAMPANIA,15,BENEVENTO,MOLINARA,062041,0,12,50,582,142,786
03-10-2026,CAMPANIA,15,CASERTA,MONDRAGONE,061052,153,3398,2785,49740,19620,75696
03-10-2026,CAMPANIA,15,AVELLINO,MONTAGUTO,064051,1,4,15,143,83,246
03-10-2026,CAMPANIA,15,SALERNO,MONTANO ANTILIA,065070,4,5,57,822,710,1598
03-10-2026,CAMPANIA,15,NAPOLI,MONTE DI PROCIDA,063047,9,101,668,8742,4521,14041
03-10-2026,CAMPANIA,15,SALERNO,MONTE SAN GIACOMO,065075,0,4,54,614,244,916
03-10-2026,CAMPANIA,15,AVELLINO,MONTECALVO IRPINO,064052,0,15,158,1809,1043,3025
03-10-2026,CAMPANIA,15,SALERNO,MONTECORICE,065071,5,39,188,2392,1238,3862
03-10-2026,CAMPANIA,15,SALERNO,MONTECORVINO PUGLIANO,065072,11,95,1014,11569,5568,18257
03-10-2026,CAMPANIA,15,SALERNO,MONTECORVINO ROVELLA,065073,13,71,1006,11743,5915,18748
03-10-2026,CAMPANIA,15,AVELLINO,MONTEFALCIONE,064053,1,17,168,1589,668,2443
03-10-2026,CAMPANIA,15,BENEVENTO,MONTEFALCONE DI VAL FORTORE,062042,5,7,50,719,136,917
03-10-2026,CAMPANIA,15,SALERNO,MONTEFORTE CILENTO,065074,2,5,23,309,123,462
03-10-2026,CAMPANIA,15,AVELLINO,MONTEFORTE IRPINO,064054,36,278,1382,14927,6093,22716
03-10-2026,CAMPANIA,15,AVELLINO,MONTEFREDANE,064055,6,17,184,1909,704,2820
03-10-2026,CAMPANIA,15,AVELLINO,MONTEFUSCO,064056,0,23,98,871,329,1321
03-10-2026,CAMPANIA,15,AVELLINO,MONTELLA,064057,2,58,336,4052,2203,6651
03-10-2026,CAMPANIA,15,AVELLINO,MONTEMARANO,064058,1,18,105,1339,595,2058
03-10-2026,CAMPANIA,15,AVELLINO,MONTEMILETTO,064059,7,31,241,2804,1414,4497
03-10-2026,CAMPANIA,15,SALERNO,MONTESANO SULLA MARCELLANA,065076,2,47,335,3871,2072,6327
03-10-2026,CAMPANIA,15,BENEVENTO,MONTESARCHIO,062043,38,188,1091,12279,5284,18880
03-10-2026,CAMPANIA,15,AVELLINO,MONTEVERDE,064060,0,8,13,210,65,296
03-10-2026,CAMPANIA,15,AVELLINO,MONTORO,064121,36,189,1709,17088,7600,26622
03-10-2026,CAMPANIA,15,BENEVENTO,MORCONE,062044,3,64,233,3011,1004,4315
03-10-2026,CAMPANIA,15,SALERNO,MORIGERATI,065077,0,3,21,245,99,368
03-10-2026,CAMPANIA,15,AVELLINO,MORRA DE SANCTIS,064063,0,2,38,398,241,679
03-10-2026,CAMPANIA,15,AVELLINO,MOSCHIANO,064064,1,8,122,816,472,1419
03-10-2026,CAMPANIA,15,AVELLINO,MUGNANO DEL CARDINALE,064065,8,37,439,5431,2297,8212
03-10-2026,CAMPANIA,15,NAPOLI,MUGNANO DI NAPOLI,063048,115,901,3751,45682,26017,76466
03-10-2026,CAMPANIA,15,NAPOLI,NAPOLI,063049,3327,33283,72859,1290850,694190,2094509
03-10-2026,CAMPANIA,15,SALERNO,NOCERA INFERIORE,065078,128,891,4999,64709,40958,111685
03-10-2026,CAMPANIA,15,SALERNO,NOCERA SUPERIORE,065079,48,401,2462,25220,13167,41298
03-10-2026,CAMPANIA,15,NAPOLI,NOLA,063050,127,615,4248,48902,25984,79876
03-10-2026,CAMPANIA,15,SALERNO,NOVI VELIA,065080,5,23,96,2034,1532,3690
03-10-2026,CAMPANIA,15,AVELLINO,NUSCO,064066,5,30,166,1626,687,2514
03-10-2026,CAMPANIA,15,SALERNO,OGLIASTRO CILENTO,065081,6,27,123,1908,936,3000
03-10-2026,CAMPANIA,15,SALERNO,OLEVANO SUL TUSCIANO,065082,3,40,486,5352,2479,8360
03-10-2026,CAMPANIA,15,SALERNO,OLIVETO CITRA,065083,1,20,176,1791,694,2682
03-10-2026,CAMPANIA,15,SALERNO,OMIGNANO,065084,2,9,109,839,415,1374
03-10-2026,CAMPANIA,15,SALERNO,ORRIA,065085,0,4,60,458,150,672
03-10-2026,CAMPANIA,15,CASERTA,ORTA DI ATELLA,061053,79,424,3238,35354,16164,55259
03-10-2026,CAMPANIA,15,AVELLINO,OSPEDALETTO D'ALPINOLO,064067,1,18,152,1577,848,2596
03-10-2026,CAMPANIA,15,SALERNO,OTTATI,065086,0,6,26,333,128,493
03-10-2026,CAMPANIA,15,NAPOLI,OTTAVIANO,063051,37,219,1781,27033,16080,45150
03-10-2026,CAMPANIA,15,SALERNO,PADULA,065087,11,38,333,3817,2047,6246
03-10-2026,CAMPANIA,15,BENEVENTO,PADULI,062045,2,25,173,1807,1850,3857
03-10-2026,CAMPANIA,15,SALERNO,PAGANI,065088,95,422,3081,38977,20656,63231
03-10-2026,CAMPANIA,15,AVELLINO,PAGO DEL VALLO DI LAURO,064068,1,14,147,1627,771,2560
03-10-2026,CAMPANIA,15,BENEVENTO,PAGO VEIANO,062046,0,4,76,790,263,1133
03-10-2026,CAMPANIA,15,NAPOLI,PALMA CAMPANIA,063052,25,129,1842,27348,20274,49618
03-10-2026,CAMPANIA,15,SALERNO,PALOMONTE,065089,2,14,223,2338,671,3248
03-10-2026,CAMPANIA,15,BENEVENTO,PANNARANO,062047,6,19,125,1752,917,2819
03-10-2026,CAMPANIA,15,BENEVENTO,PAOLISI,062048,7,15,151,1946,901,3020
03-10-2026,CAMPANIA,15,CASERTA,PARETE,061054,28,134,1052,13374,7331,21919
03-10-2026,CAMPANIA,15,AVELLINO,PAROLISE,064069,3,9,54,571,206,843
03-10-2026,CAMPANIA,15,CASERTA,PASTORANO,061055,2,34,291,3278,1439,5044
03-10-2026,CAMPANIA,15,AVELLINO,PATERNOPOLI,064070,1,26,233,1901,1094,3255
03-10-2026,CAMPANIA,15,BENEVENTO,PAUPISI,062049,2,14,91,864,277,1248
03-10-2026,CAMPANIA,15,SALERNO,PELLEZZANO,065090,24,133,919,11656,6641,19373
03-10-2026,CAMPANIA,15,SALERNO,PERDIFUMO,065091,3,25,140,1443,696,2307
03-10-2026,CAMPANIA,15,SALERNO,PERITO,065092,0,6,26,570,241,843
03-10-2026,CAMPANIA,15,SALERNO,PERTOSA,065093,0,1,30,271,129,431
03-10-2026,CAMPANIA,15,BENEVENTO,PESCO SANNITA,062050,1,6,122,1197,622,1948
03-10-2026,CAMPANIA,15,SALERNO,PETINA,065094,0,6,87,606,224,923
03-10-2026,CAMPANIA,15,AVELLINO,PETRURO IRPINO,064071,0,0,10,88,32,130
03-10-2026,CAMPANIA,15,SALERNO,PIAGGINE,065095,1,11,62,885,475,1434
03-10-2026,CAMPANIA,15,CASERTA,PIANA DI MONTE VERNA,061056,1,18,150,1526,890,2585
03-10-2026,CAMPANIA,15,NAPOLI,PIANO DI SORRENTO,063053,6,86,963,10182,6774,18011
03-10-2026,CAMPANIA,15,CASERTA,PIEDIMONTE MATESE,061057,37,77,760,8770,4215,13859
03-10-2026,CAMPANIA,15,AVELLINO,PIETRADEFUSI,064072,1,24,114,1466,614,2219
03-10-2026,CAMPANIA,15,CASERTA,PIETRAMELARA,061058,3,31,268,2711,1340,4353
03-10-2026,CAMPANIA,15,BENEVENTO,PIETRAROJA,062051,1,0,28,286,128,443
03-10-2026,CAMPANIA,15,AVELLINO,PIETRASTORNINA,064073,0,8,155,1150,430,1743
03-10-2026,CAMPANIA,15,CASERTA,PIETRAVAIRANO,061059,4,20,159,2388,1718,4289
03-10-2026,CAMPANIA,15,BENEVENTO,PIETRELCINA,062052,4,34,225,1936,916,3115
03-10-2026,CAMPANIA,15,CASERTA,PIGNATARO MAGGIORE,061060,16,32,387,4257,2019,6711
03-10-2026,CAMPANIA,15,NAPOLI,PIMONTE,063054,1,29,265,3175,1800,5270
03-10-2026,CAMPANIA,15,SALERNO,PISCIOTTA,065096,3,26,178,2335,1534,4076
03-10-2026,CAMPANIA,15,NAPOLI,POGGIOMARINO,063055,72,275,2585,30590,17106,50628
03-10-2026,CAMPANIA,15,SALERNO,POLLA,065097,8,42,374,4051,1487,5962
03-10-2026,CAMPANIA,15,NAPOLI,POLLENA TROCCHIA,063056,15,200,1060,12582,8414,22271
03-10-2026,CAMPANIA,15,SALERNO,POLLICA,065098,7,54,156,1624,738,2579
03-10-2026,CAMPANIA,15,NAPOLI,POMIGLIANO D'ARCO,063057,121,593,3636,48503,29069,81922
03-10-2026,CAMPANIA,15,NAPOLI,POMPEI,063058,30,297,2034,23006,12039,37406
03-10-2026,CAMPANIA,15,BENEVENTO,PONTE,062053,8,21,164,1754,679,2626
03-10-2026,CAMPANIA,15,SALERNO,PONTECAGNANO FAIANO,065099,60,320,2985,36632,17746,57743
03-10-2026,CAMPANIA,15,BENEVENTO,PONTELANDOLFO,062054,0,22,89,949,335,1395
03-10-2026,CAMPANIA,15,CASERTA,PONTELATONE,061061,2,10,125,1204,542,1883
03-10-2026,CAMPANIA,15,NAPOLI,PORTICI,063059,152,1161,5525,75988,43638,126464
03-10-2026,CAMPANIA,15,CASERTA,PORTICO DI CASERTA,061062,12,103,951,9784,4147,14997
03-10-2026,CAMPANIA,15,SALERNO,POSITANO,065100,3,29,174,2283,986,3475
03-10-2026,CAMPANIA,15,SALERNO,POSTIGLIONE,065101,1,6,110,1047,612,1776
03-10-2026,CAMPANIA,15,NAPOLI,POZZUOLI,063060,238,1997,6880,94722,50561,154398
03-10-2026,CAMPANIA,15,SALERNO,PRAIANO,065102,2,22,104,979,327,1434
03-10-2026,CAMPANIA,15,AVELLINO,PRATA DI PRINCIPATO ULTRA,064074,0,17,139,1243,559,1958
03-10-2026,CAMPANIA,15,CASERTA,PRATA SANNITA,061063,0,28,67,1093,498,1686
03-10-2026,CAMPANIA,15,CASERTA,PRATELLA,061064,2,16,55,986,345,1404
03-10-2026,CAMPANIA,15,AVELLINO,PRATOLA SERRA,064075,4,27,271,2629,1259,4190
03-10-2026,CAMPANIA,15,CASERTA,PRESENZANO,061065,0,11,75,1102,609,1797
03-10-2026,CAMPANIA,15,SALERNO,PRIGNANO CILENTO,065103,0,10,98,956,385,1449
03-10-2026,CAMPANIA,15,NAPOLI,PROCIDA,063061,17,79,599,7474,3995,12164
03-10-2026,CAMPANIA,15,BENEVENTO,PUGLIANELLO,062055,3,9,103,820,357,1292
03-10-2026,CAMPANIA,15,AVELLINO,QUADRELLE,064076,4,23,233,1905,844,3009
03-10-2026,CAMPANIA,15,NAPOLI,QUALIANO,063062,44,308,1560,20655,10167,32734
03-10-2026,CAMPANIA,15,NAPOLI,QUARTO,063063,168,675,4257,49299,25351,79750
03-10-2026,CAMPANIA,15,AVELLINO,QUINDICI,064077,0,11,107,1024,459,1601
03-10-2026,CAMPANIA,15,SALERNO,RAVELLO,065104,2,44,181,1702,743,2672
03-10-2026,CAMPANIA,15,CASERTA,RAVISCANINA,061066,0,12,100,794,274,1180
03-10-2026,CAMPANIA,15,CASERTA,RECALE,061067,26,157,680,8573,3333,12769
03-10-2026,CAMPANIA,15,BENEVENTO,REINO,062056,1,13,77,638,193,922
03-10-2026,CAMPANIA,15,CASERTA,RIARDO,061068,1,10,102,1131,544,1788
03-10-2026,CAMPANIA,15,SALERNO,RICIGLIANO,065105,0,11,49,556,162,778
03-10-2026,CAMPANIA,15,CASERTA,ROCCA D'EVANDRO,061069,3,33,184,1846,741,2807
03-10-2026,CAMPANIA,15,AVELLINO,ROCCA SAN FELICE,064079,1,5,42,394,124,566
03-10-2026,CAMPANIA,15,AVELLINO,ROCCABASCERANA,064078,5,23,141,2338,1013,3520
03-10-2026,CAMPANIA,15,SALERNO,ROCCADASPIDE,065106,13,40,375,4937,2319,7684
03-10-2026,CAMPANIA,15,SALERNO,ROCCAGLORIOSA,065107,1,13,90,906,369,1379
03-10-2026,CAMPANIA,15,CASERTA,ROCCAMONFINA,061070,1,37,215,2184,1109,3546
03-10-2026,CAMPANIA,15,SALERNO,ROCCAPIEMONTE,065108,6,222,755,9465,4140,14588
03-10-2026,CAMPANIA,15,NAPOLI,ROCCARAINOLA,063065,15,34,432,5206,2984,8671
03-10-2026,CAMPANIA,15,CASERTA,ROCCAROMANA,061071,2,5,30,538,299,874
03-10-2026,CAMPANIA,15,CASERTA,ROCCHETTA E CROCE,061072,0,3,23,257,78,361
03-10-2026,CAMPANIA,15,SALERNO,ROFRANO,065109,3,2,41,561,165,772
03-10-2026,CAMPANIA,15,SALERNO,ROMAGNANO AL MONTE,065110,0,5,38,345,111,499
03-10-2026,CAMPANIA,15,SALERNO,ROSCIGNO,065111,1,5,23,265,104,398
03-10-2026,CAMPANIA,15,AVELLINO,ROTONDI,064080,7,45,272,2774,1209,4307
03-10-2026,CAMPANIA,15,SALERNO,RUTINO,065112,3,7,45,623,198,876
03-10-2026,CAMPANIA,15,CASERTA,RUVIANO,061073,2,25,104,1347,1465,2943
03-10-2026,CAMPANIA,15,SALERNO,SACCO,065113,0,2,20,142,49,213
03-10-2026,CAMPANIA,15,SALERNO,SALA CONSILINA,065114,30,96,955,11339,6826,19246
03-10-2026,CAMPANIA,15,SALERNO,SALENTO,065115,7,4,93,1398,663,2165
03-10-2026,CAMPANIA,15,SALERNO,SALERNO,065116,328,4049,11751,182696,118311,317135
03-10-2026,CAMPANIA,15,SALERNO,SALVITELLE,065117,2,3,31,263,90,389
03-10-2026,CAMPANIA,15,AVELLINO,SALZA IRPINA,064081,1,12,53,526,188,780
03-10-2026,CAMPANIA,15,BENEVENTO,SAN BARTOLOMEO IN GALDO,062057,9,23,210,1949,718,2909
03-10-2026,CAMPANIA,15,CASERTA,SAN CIPRIANO D'AVERSA,061074,32,97,1043,14359,7139,22670
03-10-2026,CAMPANIA,15,SALERNO,SAN CIPRIANO PICENTINO,065118,10,76,556,6761,3505,10908
03-10-2026,CAMPANIA,15,CASERTA,SAN FELICE A CANCELLO,061075,41,158,1312,14707,7627,23845
03-10-2026,CAMPANIA,15,NAPOLI,SAN GENNARO VESUVIANO,063066,47,165,1588,20933,14210,36943
03-10-2026,CAMPANIA,15,NAPOLI,SAN GIORGIO A CREMANO,063067,190,1118,4480,53988,37894,97670
03-10-2026,CAMPANIA,15,BENEVENTO,SAN GIORGIO DEL SANNIO,062058,22,151,959,9337,4228,14697
03-10-2026,CAMPANIA,15,BENEVENTO,SAN GIORGIO LA MOLARA,062059,3,10,84,1013,477,1587
03-10-2026,CAMPANIA,15,SALERNO,SAN GIOVANNI A PIRO,065119,1,28,245,3042,1554,4870
03-10-2026,CAMPANIA,15,NAPOLI,SAN GIUSEPPE VESUVIANO,063068,89,384,3362,49272,27294,80401
03-10-2026,CAMPANIA,15,SALERNO,SAN GREGORIO MAGNO,065120,0,25,391,2699,1098,4213
03-10-2026,CAMPANIA,15,CASERTA,SAN GREGORIO MATESE,061076,0,3,45,474,269,791
03-10-2026,CAMPANIA,15,BENEVENTO,SAN LEUCIO DEL SANNIO,062060,12,35,184,2035,824,3090
03-10-2026,CAMPANIA,15,BENEVENTO,SAN LORENZELLO,062061,2,10,107,1010,264,1393
03-10-2026,CAMPANIA,15,BENEVENTO,SAN LORENZO MAGGIORE,062062,0,13,86,759,275,1133
03-10-2026,CAMPANIA,15,BENEVENTO,SAN LUPO,062063,0,5,42,311,114,472
03-10-2026,CAMPANIA,15,SALERNO,SAN MANGO PIEMONTE,065121,4,39,183,2857,1166,4249
03-10-2026,CAMPANIA,15,AVELLINO,SAN MANGO SUL CALORE,064082,4,13,104,866,299,1286
03-10-2026,CAMPANIA,15,CASERTA,SAN MARCELLINO,061077,57,160,1288,16075,8342,25922
03-10-2026,CAMPANIA,15,BENEVENTO,SAN MARCO DEI CAVOTI,062064,1,11,169,1331,632,2144
03-10-2026,CAMPANIA,15,CASERTA,SAN MARCO EVANGELISTA,061104,18,94,618,6834,2602,10166
03-10-2026,CAMPANIA,15,BENEVENTO,SAN MARTINO SANNITA,062065,5,10,129,873,304,1321
03-10-2026,CAMPANIA,15,AVELLINO,SAN MARTINO VALLE CAUDINA,064083,4,44,373,4004,1962,6387
03-10-2026,CAMPANIA,15,SALERNO,SAN MARZANO SUL SARNO,065122,12,67,726,8391,5248,14444
03-10-2026,CAMPANIA,15,SALERNO,SAN MAURO CILENTO,065123,1,12,72,745,316,1146
03-10-2026,CAMPANIA,15,SALERNO,SAN MAURO LA BRUCA,065124,0,2,23,259,63,347
03-10-2026,CAMPANIA,15,AVELLINO,SAN MICHELE DI SERINO,064084,4,29,158,2183,854,3228
03-10-2026,CAMPANIA,15,BENEVENTO,SAN NAZZARO,062066,3,8,81,775,299,1166
03-10-2026,CAMPANIA,15,AVELLINO,SAN NICOLA BARONIA,064085,0,5,61,589,321,976
03-10-2026,CAMPANIA,15,CASERTA,SAN NICOLA LA STRADA,061078,59,705,2767,34419,16035,53985
03-10-2026,CAMPANIA,15,BENEVENTO,SAN NICOLA MANFREDI,062067,15,18,323,3372,2054,5782
03-10-2026,CAMPANIA,15,NAPOLI,SAN PAOLO BEL SITO,063069,7,26,337,4689,2812,7871
03-10-2026,CAMPANIA,15,SALERNO,SAN PIETRO AL TANAGRO,065125,3,9,80,1036,496,1624
03-10-2026,CAMPANIA,15,CASERTA,SAN PIETRO INFINE,061079,2,7,36,509,230,784
03-10-2026,CAMPANIA,15,CASERTA,SAN POTITO SANNITICO,061080,6,13,125,1634,1027,2805
03-10-2026,CAMPANIA,15,AVELLINO,SAN POTITO ULTRA,064086,0,14,137,1637,731,2519
03-10-2026,CAMPANIA,15,CASERTA,SAN PRISCO,061081,35,282,1475,17598,9910,29300
03-10-2026,CAMPANIA,15,SALERNO,SAN RUFO,065126,0,8,56,657,275,996
03-10-2026,CAMPANIA,15,BENEVENTO,SAN SALVATORE TELESINO,062068,4,37,265,2948,1187,4441
03-10-2026,CAMPANIA,15,NAPOLI,SAN SEBASTIANO AL VESUVIO,063070,16,135,786,10801,8278,20016
03-10-2026,CAMPANIA,15,AVELLINO,SAN SOSSIO BARONIA,064087,1,13,98,1090,675,1877
03-10-2026,CAMPANIA,15,CASERTA,SAN TAMMARO,061085,19,79,605,6557,3333,10593
03-10-2026,CAMPANIA,15,SALERNO,SAN VALENTINO TORIO,065132,24,97,1234,12474,7173,21002
03-10-2026,CAMPANIA,15,NAPOLI,SAN VITALIANO,063075,9,104,865,8894,3971,13843
03-10-2026,CAMPANIA,15,BENEVENTO,SANT'AGATA DE' GOTI,062070,17,113,748,7649,4114,12641
03-10-2026,CAMPANIA,15,NAPOLI,SANT'AGNELLO,063071,10,102,610,6597,3280,10599
03-10-2026,CAMPANIA,15,NAPOLI,SANT'ANASTASIA,063072,31,230,1689,25465,17712,45127
03-10-2026,CAMPANIA,15,AVELLINO,SANT'ANDREA DI CONZA,064089,1,10,56,657,249,973
03-10-2026,CAMPANIA,15,BENEVENTO,SANT'ANGELO A CUPOLO,062071,6,79,349,6506,10569,17509
03-10-2026,CAMPANIA,15,SALERNO,SANT'ANGELO A FASANELLA,065128,2,3,21,334,240,600
03-10-2026,CAMPANIA,15,AVELLINO,SANT'ANGELO A SCALA,064091,0,6,33,481,242,762
03-10-2026,CAMPANIA,15,AVELLINO,SANT'ANGELO ALL'ESCA,064090,2,5,31,303,88,429
03-10-2026,CAMPANIA,15,CASERTA,SANT'ANGELO D'ALIFE,061086,7,12,152,1871,514,2556
03-10-2026,CAMPANIA,15,AVELLINO,SANT'ANGELO DEI LOMBARDI,064092,4,18,236,2128,1042,3428
03-10-2026,CAMPANIA,15,NAPOLI,SANT'ANTIMO,063073,86,509,3365,43576,22015,69551
03-10-2026,CAMPANIA,15,NAPOLI,SANT'ANTONIO ABATE,063074,16,191,1483,17268,9809,28767
03-10-2026,CAMPANIA,15,BENEVENTO,SANT'ARCANGELO TRIMONTE,062078,0,4,15,164,67,250
03-10-2026,CAMPANIA,15,CASERTA,SANT'ARPINO,061087,40,241,2001,19533,9254,31069
03-10-2026,CAMPANIA,15,SALERNO,SANT'ARSENIO,065129,5,15,205,2018,702,2945
03-10-2026,CAMPANIA,15,SALERNO,SANT'EGIDIO DEL MONTE ALBINO,065130,11,117,650,7545,4128,12451
03-10-2026,CAMPANIA,15,BENEVENTO,SANTA CROCE DEL SANNIO,062069,5,8,30,560,342,945
03-10-2026,CAMPANIA,15,AVELLINO,SANTA LUCIA DI SERINO,064088,1,4,65,561,201,832
03-10-2026,CAMPANIA,15,CASERTA,SANTA MARIA A VICO,061082,22,222,1414,15556,9219,26433
03-10-2026,CAMPANIA,15,CASERTA,SANTA MARIA CAPUA VETERE,061083,113,523,4280,56881,42545,104342
03-10-2026,CAMPANIA,15,NAPOLI,SANTA MARIA LA CARITÀ,063090,21,121,846,11966,8274,21228
03-10-2026,CAMPANIA,15,CASERTA,SANTA MARIA LA FOSSA,061084,1,14,158,1967,890,3030
03-10-2026,CAMPANIA,15,SALERNO,SANTA MARINA,065127,4,36,236,2441,1206,3923
03-10-2026,CAMPANIA,15,AVELLINO,SANTA PAOLINA,064093,4,9,74,743,390,1220
03-10-2026,CAMPANIA,15,AVELLINO,SANTO STEFANO DEL SOLE,064095,1,22,136,1247,491,1897
03-10-2026,CAMPANIA,15,SALERNO,SANTOMENNA,065131,0,1,23,181,69,274
03-10-2026,CAMPANIA,15,SALERNO,SANZA,065133,3,9,83,1254,758,2107
03-10-2026,CAMPANIA,15,SALERNO,SAPRI,065134,10,39,298,4892,2700,7939
03-10-2026,CAMPANIA,15,SALERNO,SARNO,065135,75,393,2950,34299,16648,54365
03-10-2026,CAMPANIA,15,SALERNO,SASSANO,065136,4,19,216,2731,7362,10332
03-10-2026,CAMPANIA,15,BENEVENTO,SASSINORO,062072,1,4,28,314,254,601
03-10-2026,CAMPANIA,15,NAPOLI,SAVIANO,063076,32,230,1786,19588,10096,31732
03-10-2026,CAMPANIA,15,AVELLINO,SAVIGNANO IRPINO,064096,1,9,48,404,133,595
03-10-2026,CAMPANIA,15,SALERNO,SCAFATI,065137,178,1108,5334,62976,31496,101092
03-10-2026,CAMPANIA,15,SALERNO,SCALA,065138,4,6,57,716,281,1064
03-10-2026,CAMPANIA,15,AVELLINO,SCAMPITELLA,064097,3,6,52,558,237,856
03-10-2026,CAMPANIA,15,NAPOLI,SCISCIANO,063077,5,85,784,7727,4229,12830
03-10-2026,CAMPANIA,15,AVELLINO,SENERCHIA,064098,3,8,67,487,152,717
03-10-2026,CAMPANIA,15,AVELLINO,SERINO,064099,7,19,337,3653,1508,5524
03-10-2026,CAMPANIA,15,SALERNO,SERRAMEZZANA,065139,0,5,11,158,73,247
03-10-2026,CAMPANIA,15,NAPOLI,SERRARA FONTANA,063078,2,5,172,2419,1607,4205
03-10-2026,CAMPANIA,15,SALERNO,SERRE,065140,16,56,350,3224,1684,5330
03-10-2026,CAMPANIA,15,CASERTA,SESSA AURUNCA,061088,37,426,1464,21722,10567,34216
03-10-2026,CAMPANIA,15,SALERNO,SESSA CILENTO,065141,0,13,56,677,247,993
03-10-2026,CAMPANIA,15,SALERNO,SIANO,065142,20,100,723,7442,3101,11386
03-10-2026,CAMPANIA,15,SALERNO,SICIGNANO DEGLI ALBURNI,065143,3,15,139,1688,524,2369
03-10-2026,CAMPANIA,15,AVELLINO,SIRIGNANO,064100,4,41,269,3179,1673,5166
03-10-2026,CAMPANIA,15,AVELLINO,SOLOFRA,064101,10,92,825,9648,4102,14677
03-10-2026,CAMPANIA,15,BENEVENTO,SOLOPACA,062073,0,27,268,2535,1434,4264
03-10-2026,CAMPANIA,15,NAPOLI,SOMMA VESUVIANA,063079,76,425,2537,35618,23113,61769
03-10-2026,CAMPANIA,15,AVELLINO,SORBO SERPICO,064102,0,2,47,377,160,586
03-10-2026,CAMPANIA,15,NAPOLI,SORRENTO,063080,22,182,1129,13957,8832,24122
03-10-2026,CAMPANIA,15,CASERTA,SPARANISE,061089,13,139,588,6553,3143,10436
03-10-2026,CAMPANIA,15,AVELLINO,SPERONE,064103,5,23,283,3310,1507,5128
03-10-2026,CAMPANIA,15,SALERNO,STELLA CILENTO,065144,0,3,29,272,93,397
03-10-2026,CAMPANIA,15,SALERNO,STIO,065145,1,4,33,314,127,479
03-10-2026,CAMPANIA,15,NAPOLI,STRIANO,063081,8,79,678,9650,5721,16136
03-10-2026,CAMPANIA,15,AVELLINO,STURNO,064104,1,21,186,1677,622,2507
03-10-2026,CAMPANIA,15,CASERTA,SUCCIVO,061090,15,82,923,11567,4645,17232
03-10-2026,CAMPANIA,15,AVELLINO,SUMMONTE,064105,8,29,244,1596,455,2332
03-10-2026,CAMPANIA,15,AVELLINO,TAURANO,064106,0,9,60,698,301,1068
03-10-2026,CAMPANIA,15,AVELLINO,TAURASI,064107,3,17,132,1260,741,2153
03-10-2026,CAMPANIA,15,CASERTA,TEANO,061091,24,144,668,8501,2973,12310
03-10-2026,CAMPANIA,15,SALERNO,TEGGIANO,065146,14,36,377,3954,1458,5839
03-10-2026,CAMPANIA,15,BENEVENTO,TELESE TERME,062074,15,114,792,8559,5056,14536
03-10-2026,CAMPANIA,15,AVELLINO,TEORA,064108,0,5,126,1002,423,1556
03-10-2026,CAMPANIA,15,NAPOLI,TERZIGNO,063082,21,146,1244,17633,9179,28223
03-10-2026,CAMPANIA,15,CASERTA,TEVEROLA,061092,49,243,1524,17778,12107,31701
03-10-2026,CAMPANIA,15,BENEVENTO,TOCCO CAUDIO,062075,1,3,64,691,281,1040
03-10-2026,CAMPANIA,15,CASERTA,TORA E PICCILLI,061093,0,8,28,402,138,576
03-10-2026,CAMPANIA,15,SALERNO,TORCHIARA,065147,0,39,143,1820,865,2867
03-10-2026,CAMPANIA,15,AVELLINO,TORELLA DEI LOMBARDI,064109,0,16,108,1043,486,1653
03-10-2026,CAMPANIA,15,SALERNO,TORRACA,065148,2,8,80,582,236,908
03-10-2026,CAMPANIA,15,NAPOLI,TORRE ANNUNZIATA,063083,65,598,3882,42282,22761,69588
03-10-2026,CAMPANIA,15,NAPOLI,TORRE DEL GRECO,063084,216,2046,8226,107712,49748,167948
03-10-2026,CAMPANIA,15,AVELLINO,TORRE LE NOCELLE,064110,0,10,111,1006,651,1778
03-10-2026,CAMPANIA,15,SALERNO,TORRE ORSAIA,065149,9,13,157,1667,771,2617
03-10-2026,CAMPANIA,15,BENEVENTO,TORRECUSO,062076,4,24,194,1958,980,3160
03-10-2026,CAMPANIA,15,AVELLINO,TORRIONI,064111,1,1,14,341,257,614
03-10-2026,CAMPANIA,15,SALERNO,TORTORELLA,065150,0,0,28,185,40,253
03-10-2026,CAMPANIA,15,SALERNO,TRAMONTI,065151,12,56,319,3241,1064,4692
03-10-2026,CAMPANIA,15,NAPOLI,TRECASE,063091,11,202,723,9909,5209,16054
03-10-2026,CAMPANIA,15,SALERNO,TRENTINARA,065152,0,14,109,957,462,1542
03-10-2026,CAMPANIA,15,CASERTA,TRENTOLA DUCENTA,061094,79,197,1990,23934,13741,39941
03-10-2026,CAMPANIA,15,AVELLINO,TREVICO,064112,0,10,33,409,156,608
03-10-2026,CAMPANIA,15,NAPOLI,TUFINO,063085,12,43,334,3565,1858,5812
03-10-2026,CAMPANIA,15,AVELLINO,TUFO,064113,2,3,55,664,260,984
03-10-2026,CAMPANIA,15,CASERTA,VAIRANO PATENORA,061095,25,230,618,7631,4213,12717
03-10-2026,CAMPANIA,15,AVELLINO,VALLATA,064114,0,16,161,1188,571,1936
03-10-2026,CAMPANIA,15,CASERTA,VALLE AGRICOLA,061096,0,0,19,208,135,362
03-10-2026,CAMPANIA,15,SALERNO,VALLE DELL'ANGELO,065153,0,1,20,99,37,157
03-10-2026,CAMPANIA,15,CASERTA,VALLE DI MADDALONI,061097,2,10,200,1690,502,2404
03-10-2026,CAMPANIA,15,AVELLINO,VALLESACCARDA,064115,2,23,82,703,272,1082
03-10-2026,CAMPANIA,15,SALERNO,VALLO DELLA LUCANIA,065154,16,79,604,9126,5486,15311
03-10-2026,CAMPANIA,15,SALERNO,VALVA,065155,1,8,73,733,300,1115
03-10-2026,CAMPANIA,15,AVELLINO,VENTICANO,064116,5,10,161,1808,804,2788
03-10-2026,CAMPANIA,15,SALERNO,VIBONATI,065156,3,60,296,3098,1814,5271
03-10-2026,CAMPANIA,15,NAPOLI,VICO EQUENSE,063086,14,158,1153,14449,9398,25172
03-10-2026,CAMPANIA,15,SALERNO,VIETRI SUL MARE,065157,14,110,564,6705,3393,10786
03-10-2026,CAMPANIA,15,CASERTA,VILLA DI BRIANO,061098,18,67,659,7980,3902,12626
03-10-2026,CAMPANIA,15,CASERTA,VILLA LITERNO,061099,24,83,717,10628,5061,16513
03-10-2026,CAMPANIA,15,AVELLINO,VILLAMAINA,064117,2,3,24,348,137,514
03-10-2026,CAMPANIA,15,AVELLINO,VILLANOVA DEL BATTISTA,064118,2,4,54,652,249,961
03-10-2026,CAMPANIA,15,NAPOLI,VILLARICCA,063087,131,438,3038,44697,25099,73403
03-10-2026,CAMPANIA,15,NAPOLI,VISCIANO,063088,4,22,182,2164,948,3320
03-10-2026,CAMPANIA,15,BENEVENTO,VITULANO,062077,5,24,166,1386,495,2076
03-10-2026,CAMPANIA,15,CASERTA,VITULAZIO,061100,12,115,954,9346,4712,15139
03-10-2026,CAMPANIA,15,NAPOLI,VOLLA,063089,57,298,2464,31762,16747,51328
03-10-2026,CAMPANIA,15,AVELLINO,VOLTURARA IRPINA,064119,4,9,177,1322,502,2014
03-10-2026,CAMPANIA,15,AVELLINO,ZUNGOLI,064120,1,2,21,360,109,493
03-10-2026,EMILIA ROMAGNA,08,PIACENZA,AGAZZANO,033001,2,43,176,1462,563,2246
03-10-2026,EMILIA ROMAGNA,08,PARMA,ALBARETO,034001,2,14,77,686,272,1051
03-10-2026,EMILIA ROMAGNA,08,REGGIO NELL'EMILIA,ALBINEA,035001,14,257,1091,9592,6105,17059
03-10-2026,EMILIA ROMAGNA,08,RAVENNA,ALFONSINE,039001,5,104,752,7107,3615,11583
03-10-2026,EMILIA ROMAGNA,08,PIACENZA,ALSENO,033002,0,36,298,3720,2298,6352
03-10-2026,EMILIA ROMAGNA,08,PIACENZA,ALTA VAL TIDONE,033049,2,19,209,2007,1134,3371
03-10-2026,EMILIA ROMAGNA,08,BOLOGNA,ALTO RENO TERME,037062,20,63,579,6509,2731,9902
03-10-2026,EMILIA ROMAGNA,08,BOLOGNA,ANZOLA DELL'EMILIA,037001,22,585,2175,15681,6545,25008
03-10-2026,EMILIA ROMAGNA,08,BOLOGNA,ARGELATO,037002,10,167,1388,10898,5094,17557
03-10-2026,EMILIA ROMAGNA,08,FERRARA,ARGENTA,038001,21,600,1968,17650,8305,28544
03-10-2026,EMILIA ROMAGNA,08,RAVENNA,BAGNACAVALLO,039002,13,220,1483,11961,4688,18365
03-10-2026,EMILIA ROMAGNA,08,RAVENNA,BAGNARA DI ROMAGNA,039003,1,7,160,1691,1588,3447
03-10-2026,EMILIA ROMAGNA,08,FORLI'-CESENA,BAGNO DI ROMAGNA,040001,2,65,333,3100,1246,4746
03-10-2026,EMILIA ROMAGNA,08,REGGIO NELL'EMILIA,BAGNOLO IN PIANO,035002,12,290,1381,11797,6743,20223
03-10-2026,EMILIA ROMAGNA,08,REGGIO NELL'EMILIA,BAISO,035003,1,29,258,2322,1246,3856
03-10-2026,EMILIA ROMAGNA,08,PARMA,BARDI,034002,0,8,39,514,176,737
03-10-2026,EMILIA ROMAGNA,08,BOLOGNA,BARICELLA,037003,20,340,867,8301,3223,12751
03-10-2026,EMILIA ROMAGNA,08,MODENA,BASTIGLIA,036001,5,79,401,3952,1727,6164
03-10-2026,EMILIA ROMAGNA,08,PARMA,BEDONIA,034003,1,28,149,1382,490,2050
03-10-2026,EMILIA ROMAGNA,08,RIMINI,BELLARIA-IGEA MARINA,099001,19,216,1501,14427,7121,23284
03-10-2026,EMILIA ROMAGNA,08,BOLOGNA,BENTIVOGLIO,037005,11,107,681,6563,3028,10390
03-10-2026,EMILIA ROMAGNA,08,PARMA,BERCETO,034004,5,9,111,1128,444,1697
03-10-2026,EMILIA ROMAGNA,08,FORLI'-CESENA,BERTINORO,040003,8,302,1512,11622,4491,17935
03-10-2026,EMILIA ROMAGNA,08,PIACENZA,BESENZONE,033003,0,10,81,637,346,1074
03-10-2026,EMILIA ROMAGNA,08,PIACENZA,BETTOLA,033004,0,27,117,1317,601,2062
03-10-2026,EMILIA ROMAGNA,08,REGGIO NELL'EMILIA,BIBBIANO,035004,5,325,1050,9797,5355,16532
03-10-2026,EMILIA ROMAGNA,08,PIACENZA,BOBBIO,033005,3,42,199,1923,1137,3304
03-10-2026,EMILIA ROMAGNA,08,BOLOGNA,BOLOGNA,037006,1456,27576,60617,715746,315456,1120851
03-10-2026,EMILIA ROMAGNA,08,MODENA,BOMPORTO,036002,10,253,1114,10233,3948,15558
03-10-2026,EMILIA ROMAGNA,08,FERRARA,BONDENO,038003,16,321,1603,15590,6253,23783
03-10-2026,EMILIA ROMAGNA,08,PARMA,BORE,034005,0,4,34,277,101,416
03-10-2026,EMILIA ROMAGNA,08,REGGIO NELL'EMILIA,BORETTO,035005,7,98,554,4935,2356,7950
03-10-2026,EMILIA ROMAGNA,08,FORLI'-CESENA,BORGHI,040004,2,42,272,2233,858,3407
03-10-2026,EMILIA ROMAGNA,08,BOLOGNA,BORGO TOSSIGNANO,037007,1,30,225,2114,1001,3371
03-10-2026,EMILIA ROMAGNA,08,PARMA,BORGO VAL DI TARO,034006,6,53,492,4034,1905,6490
03-10-2026,EMILIA ROMAGNA,08,PIACENZA,BORGONOVO VAL TIDONE,033006,2,37,697,6688,3444,10868
03-10-2026,EMILIA ROMAGNA,08,REGGIO NELL'EMILIA,BRESCELLO,035006,10,69,695,5288,3012,9074
03-10-2026,EMILIA ROMAGNA,08,RAVENNA,BRISIGHELLA,039004,2,87,478,3443,1464,5474
03-10-2026,EMILIA ROMAGNA,08,BOLOGNA,BUDRIO,037008,27,625,2577,22005,9846,35080
03-10-2026,EMILIA ROMAGNA,08,PARMA,BUSSETO,034007,4,122,703,7106,3205,11140
03-10-2026,EMILIA ROMAGNA,08,REGGIO NELL'EMILIA,CADELBOSCO DI SOPRA,035008,13,250,1387,12078,6238,19966
03-10-2026,EMILIA ROMAGNA,08,PIACENZA,CADEO,033007,5,34,536,5142,2614,8331
03-10-2026,EMILIA ROMAGNA,08,BOLOGNA,CALDERARA DI RENO,037009,28,885,2249,21322,9156,33640
03-10-2026,EMILIA ROMAGNA,08,PIACENZA,CALENDASCO,033008,2,14,142,1612,782,2552
03-10-2026,EMILIA ROMAGNA,08,PARMA,CALESTANO,034008,4,36,193,2114,1182,3529
03-10-2026,EMILIA ROMAGNA,08,REGGIO NELL'EMILIA,CAMPAGNOLA EMILIA,035009,9,150,715,7274,3935,12083
03-10-2026,EMILIA ROMAGNA,08,REGGIO NELL'EMILIA,CAMPEGINE,035010,20,101,649,5852,2745,9367
03-10-2026,EMILIA ROMAGNA,08,MODENA,CAMPOGALLIANO,036003,18,527,1382,9928,4104,15959
03-10-2026,EMILIA ROMAGNA,08,MODENA,CAMPOSANTO,036004,3,57,509,3752,1374,5695
03-10-2026,EMILIA ROMAGNA,08,BOLOGNA,CAMUGNANO,037010,2,27,136,1087,377,1629
03-10-2026,EMILIA ROMAGNA,08,REGGIO NELL'EMILIA,CANOSSA,035018,1,64,389,3035,1431,4920
03-10-2026,EMILIA ROMAGNA,08,PIACENZA,CAORSO,033010,1,65,385,3829,1679,5959
03-10-2026,EMILIA ROMAGNA,08,PIACENZA,CARPANETO PIACENTINO,033011,11,175,600,6054,3059,9899
03-10-2026,EMILIA ROMAGNA,08,MODENA,CARPI,036005,214,5321,11447,121147,54504,192633
03-10-2026,EMILIA ROMAGNA,08,REGGIO NELL'EMILIA,CARPINETI,035011,2,55,282,2209,1108,3656
03-10-2026,EMILIA ROMAGNA,08,BOLOGNA,CASALECCHIO DI RENO,037011,53,1823,5330,48309,21962,77477
03-10-2026,EMILIA ROMAGNA,08,BOLOGNA,CASALFIUMANESE,037012,4,30,288,2579,1009,3910
03-10-2026,EMILIA ROMAGNA,08,REGGIO NELL'EMILIA,CASALGRANDE,035012,12,477,2202,17331,8445,28467
03-10-2026,EMILIA ROMAGNA,08,REGGIO NELL'EMILIA,CASINA,035013,7,53,420,3599,1472,5551
03-10-2026,EMILIA ROMAGNA,08,RAVENNA,CASOLA VALSENIO,039005,0,16,143,1244,615,2018
03-10-2026,EMILIA ROMAGNA,08,RAVENNA,CASTEL BOLOGNESE,039006,8,188,649,6335,2356,9536
03-10-2026,EMILIA ROMAGNA,08,BOLOGNA,CASTEL D'AIANO,037013,12,33,217,2582,670,3514
03-10-2026,EMILIA ROMAGNA,08,BOLOGNA,CASTEL DEL RIO,037014,0,6,49,796,559,1410
03-10-2026,EMILIA ROMAGNA,08,BOLOGNA,CASTEL DI CASIO,037015,11,53,308,2860,1221,4453
03-10-2026,EMILIA ROMAGNA,08,BOLOGNA,CASTEL GUELFO DI BOLOGNA,037016,9,84,640,4236,1766,6735
03-10-2026,EMILIA ROMAGNA,08,BOLOGNA,CASTEL MAGGIORE,037019,50,1106,2703,24246,11052,39157
03-10-2026,EMILIA ROMAGNA,08,PIACENZA,CASTEL SAN GIOVANNI,033013,20,159,1617,15670,7065,24531
03-10-2026,EMILIA ROMAGNA,08,BOLOGNA,CASTEL SAN PIETRO TERME,037020,41,1178,2823,24633,12148,40823
03-10-2026,EMILIA ROMAGNA,08,RIMINI,CASTELDELCI,099021,0,2,36,224,159,421
03-10-2026,EMILIA ROMAGNA,08,MODENA,CASTELFRANCO EMILIA,036006,39,760,4082,37920,18850,61651
03-10-2026,EMILIA ROMAGNA,08,PIACENZA,CASTELL'ARQUATO,033012,4,26,334,2752,1450,4566
03-10-2026,EMILIA ROMAGNA,08,REGGIO NELL'EMILIA,CASTELLARANO,035014,16,383,1795,13803,6665,22662
03-10-2026,EMILIA ROMAGNA,08,BOLOGNA,CASTELLO D'ARGILE,037017,4,135,881,7379,3134,11533
03-10-2026,EMILIA ROMAGNA,08,REGGIO NELL'EMILIA,CASTELNOVO DI SOTTO,035015,9,176,1002,9590,5058,15835
03-10-2026,EMILIA ROMAGNA,08,REGGIO NELL'EMILIA,CASTELNOVO NE' MONTI,035016,4,86,731,6435,3435,10691
03-10-2026,EMILIA ROMAGNA,08,MODENA,CASTELNUOVO RANGONE,036007,14,232,1935,15977,9063,27221
03-10-2026,EMILIA ROMAGNA,08,MODENA,CASTELVETRO DI MODENA,036008,13,232,1218,9865,4470,15798
03-10-2026,EMILIA ROMAGNA,08,PIACENZA,CASTELVETRO PIACENTINO,033014,7,43,448,4837,2305,7640
03-10-2026,EMILIA ROMAGNA,08,BOLOGNA,CASTENASO,037021,28,675,2364,20836,8649,32552
03-10-2026,EMILIA ROMAGNA,08,BOLOGNA,CASTIGLIONE DEI PEPOLI,037022,2,174,424,4201,1564,6365
03-10-2026,EMILIA ROMAGNA,08,FORLI'-CESENA,CASTROCARO TERME E TERRA DEL SOLE,040005,5,77,580,5691,2168,8521
03-10-2026,EMILIA ROMAGNA,08,RIMINI,CATTOLICA,099002,10,176,1084,11629,5603,18502
03-10-2026,EMILIA ROMAGNA,08,MODENA,CAVEZZO,036009,8,156,770,7550,7121,15605
03-10-2026,EMILIA ROMAGNA,08,REGGIO NELL'EMILIA,CAVRIAGO,035017,8,256,1103,10206,4984,16557
03-10-2026,EMILIA ROMAGNA,08,FERRARA,CENTO,038004,60,894,5841,46854,23962,77611
03-10-2026,EMILIA ROMAGNA,08,PIACENZA,CERIGNALE,033015,0,0,1,16,5,22
03-10-2026,EMILIA ROMAGNA,08,RAVENNA,CERVIA,039007,27,1249,2852,30002,12590,46720
03-10-2026,EMILIA ROMAGNA,08,FORLI'-CESENA,CESENA,040007,141,7017,12856,108522,41813,170349
03-10-2026,EMILIA ROMAGNA,08,FORLI'-CESENA,CESENATICO,040008,10,432,2319,20534,10004,33299
03-10-2026,EMILIA ROMAGNA,08,FORLI'-CESENA,CIVITELLA DI ROMAGNA,040009,4,36,195,1817,753,2805
03-10-2026,EMILIA ROMAGNA,08,FERRARA,CODIGORO,038005,9,316,549,5843,1834,8551
03-10-2026,EMILIA ROMAGNA,08,PIACENZA,COLI,033016,1,6,29,398,88,522
03-10-2026,EMILIA ROMAGNA,08,PARMA,COLLECCHIO,034009,14,390,1588,13904,6898,22794
03-10-2026,EMILIA ROMAGNA,08,PARMA,COLORNO,034010,10,178,1002,9521,4627,15338
03-10-2026,EMILIA ROMAGNA,08,FERRARA,COMACCHIO,038006,27,1185,1860,20572,5941,29585
03-10-2026,EMILIA ROMAGNA,08,PARMA,COMPIANO,034011,0,5,39,370,156,570
03-10-2026,EMILIA ROMAGNA,08,MODENA,CONCORDIA SULLA SECCHIA,036010,13,209,888,9409,3466,13985
03-10-2026,EMILIA ROMAGNA,08,RAVENNA,CONSELICE,039008,6,97,826,6744,2824,10497
03-10-2026,EMILIA ROMAGNA,08,FERRARA,COPPARO,038007,20,561,1369,13261,5387,20598
03-10-2026,EMILIA ROMAGNA,08,RIMINI,CORIANO,099003,14,170,1237,11007,4709,17137
03-10-2026,EMILIA ROMAGNA,08,PARMA,CORNIGLIO,034012,2,6,118,946,405,1477
03-10-2026,EMILIA ROMAGNA,08,REGGIO NELL'EMILIA,CORREGGIO,035020,31,902,2597,26772,14589,44891
03-10-2026,EMILIA ROMAGNA,08,PIACENZA,CORTE BRUGNATELLA,033017,1,7,14,229,171,422
03-10-2026,EMILIA ROMAGNA,08,PIACENZA,CORTEMAGGIORE,033018,4,32,471,4745,2059,7311
03-10-2026,EMILIA ROMAGNA,08,RAVENNA,COTIGNOLA,039009,12,324,740,5940,2003,9019
03-10-2026,EMILIA ROMAGNA,08,BOLOGNA,CREVALCORE,037024,24,424,1728,16537,9115,27828
03-10-2026,EMILIA ROMAGNA,08,FORLI'-CESENA,DOVADOLA,040011,2,27,128,1213,405,1775
03-10-2026,EMILIA ROMAGNA,08,BOLOGNA,DOZZA,037025,10,136,744,6510,2925,10325
03-10-2026,EMILIA ROMAGNA,08,REGGIO NELL'EMILIA,FABBRICO,035021,4,198,921,9878,5535,16536
03-10-2026,EMILIA ROMAGNA,08,RAVENNA,FAENZA,039010,44,1636,6107,52721,30830,91338
03-10-2026,EMILIA ROMAGNA,08,MODENA,FANANO,036011,1,51,165,1545,557,2319
03-10-2026,EMILIA ROMAGNA,08,PIACENZA,FARINI,033019,0,13,64,468,252,797
03-10-2026,EMILIA ROMAGNA,08,PARMA,FELINO,034013,7,155,892,8124,3851,13029
03-10-2026,EMILIA ROMAGNA,08,FERRARA,FERRARA,038008,359,5968,18791,195948,72214,293280
03-10-2026,EMILIA ROMAGNA,08,PIACENZA,FERRIERE,033020,1,8,71,579,246,905
03-10-2026,EMILIA ROMAGNA,08,PARMA,FIDENZA,034014,33,573,3742,29017,13480,46845
03-10-2026,EMILIA ROMAGNA,08,MODENA,FINALE EMILIA,036012,28,321,1884,16848,6731,25812
03-10-2026,EMILIA ROMAGNA,08,MODENA,FIORANO MODENESE,036013,20,535,2464,17376,7672,28067
03-10-2026,EMILIA ROMAGNA,08,PIACENZA,FIORENZUOLA D'ARDA,033021,18,208,1610,14870,9428,26134
03-10-2026,EMILIA ROMAGNA,08,FERRARA,FISCAGLIA,038027,17,135,710,6416,2092,9370
03-10-2026,EMILIA ROMAGNA,08,MODENA,FIUMALBO,036014,2,12,43,419,111,587
03-10-2026,EMILIA ROMAGNA,08,BOLOGNA,FONTANELICE,037026,2,14,120,1328,358,1822
03-10-2026,EMILIA ROMAGNA,08,PARMA,FONTANELLATO,034015,14,126,635,6476,2735,9986
03-10-2026,EMILIA ROMAGNA,08,PARMA,FONTEVIVO,034016,6,98,491,4582,2083,7260
03-10-2026,EMILIA ROMAGNA,08,FORLI'-CESENA,FORLIMPOPOLI,040013,12,341,1498,11722,5342,18915
03-10-2026,EMILIA ROMAGNA,08,FORLI'-CESENA,FORLÌ,040012,228,6112,17942,154155,64897,243334
03-10-2026,EMILIA ROMAGNA,08,MODENA,FORMIGINE,036015,54,1953,5897,43916,19050,70870
03-10-2026,EMILIA ROMAGNA,08,PARMA,FORNOVO DI TARO,034017,7,97,690,6155,3009,9958
03-10-2026,EMILIA ROMAGNA,08,MODENA,FRASSINORO,036016,0,26,74,838,557,1495
03-10-2026,EMILIA ROMAGNA,08,RAVENNA,FUSIGNANO,039011,6,85,644,4856,1549,7140
03-10-2026,EMILIA ROMAGNA,08,BOLOGNA,GAGGIO MONTANO,037027,2,46,340,2903,1191,4482
03-10-2026,EMILIA ROMAGNA,08,FORLI'-CESENA,GALEATA,040014,3,14,184,1734,643,2578
03-10-2026,EMILIA ROMAGNA,08,BOLOGNA,GALLIERA,037028,21,59,805,7905,3576,12366
03-10-2026,EMILIA ROMAGNA,08,FORLI'-CESENA,GAMBETTOLA,040015,14,139,984,8339,3571,13047
03-10-2026,EMILIA ROMAGNA,08,REGGIO NELL'EMILIA,GATTATICO,035022,1,71,640,4780,2343,7835
03-10-2026,EMILIA ROMAGNA,08,FORLI'-CESENA,GATTEO,040016,11,66,1025,7335,3176,11613
03-10-2026,EMILIA ROMAGNA,08,PIACENZA,GAZZOLA,033022,1,42,221,1631,816,2711
03-10-2026,EMILIA ROMAGNA,08,RIMINI,GEMMANO,099004,0,18,67,651,292,1028
03-10-2026,EMILIA ROMAGNA,08,FERRARA,GORO,038025,0,15,66,784,449,1314
03-10-2026,EMILIA ROMAGNA,08,PIACENZA,GOSSOLENGO,033023,4,177,553,5370,2806,8910
03-10-2026,EMILIA ROMAGNA,08,PIACENZA,GRAGNANO TREBBIENSE,033024,6,32,505,4275,2762,7580
03-10-2026,EMILIA ROMAGNA,08,BOLOGNA,GRANAROLO DELL'EMILIA,037030,32,592,2210,18187,7019,28040
03-10-2026,EMILIA ROMAGNA,08,BOLOGNA,GRIZZANA MORANDI,037031,5,154,466,3968,1851,6444
03-10-2026,EMILIA ROMAGNA,08,PIACENZA,GROPPARELLO,033025,2,46,111,1069,452,1680
03-10-2026,EMILIA ROMAGNA,08,REGGIO NELL'EMILIA,GUALTIERI,035023,1,59,695,5039,3039,8833
03-10-2026,EMILIA ROMAGNA,08,REGGIO NELL'EMILIA,GUASTALLA,035024,19,553,2047,17598,9016,29233
03-10-2026,EMILIA ROMAGNA,08,MODENA,GUIGLIA,036017,6,89,455,4442,1832,6824
03-10-2026,EMILIA ROMAGNA,08,BOLOGNA,IMOLA,037032,103,3593,9025,84573,33488,130782
03-10-2026,EMILIA ROMAGNA,08,FERRARA,JOLANDA DI SAVOIA,038010,6,36,139,1493,416,2090
03-10-2026,EMILIA ROMAGNA,08,FERRARA,LAGOSANTO,038011,12,76,335,3359,1154,4936
03-10-2026,EMILIA ROMAGNA,08,MODENA,LAMA MOCOGNO,036018,1,21,131,1508,426,2087
03-10-2026,EMILIA ROMAGNA,08,PARMA,LANGHIRANO,034018,14,70,1253,10544,4909,16790
03-10-2026,EMILIA ROMAGNA,08,PARMA,LESIGNANO DE' BAGNI,034019,6,41,438,3994,2255,6734
03-10-2026,EMILIA ROMAGNA,08,BOLOGNA,LIZZANO IN BELVEDERE,037033,1,24,208,1855,716,2804
03-10-2026,EMILIA ROMAGNA,08,BOLOGNA,LOIANO,037034,7,160,631,5045,2115,7958
03-10-2026,EMILIA ROMAGNA,08,FORLI'-CESENA,LONGIANO,040018,0,98,543,5349,2516,8506
03-10-2026,EMILIA ROMAGNA,08,PIACENZA,LUGAGNANO VAL D'ARDA,033026,2,70,260,2326,1117,3775
03-10-2026,EMILIA ROMAGNA,08,RAVENNA,LUGO,039012,33,513,3231,26415,12934,43126
03-10-2026,EMILIA ROMAGNA,08,REGGIO NELL'EMILIA,LUZZARA,035026,9,181,1186,9427,5413,16216
03-10-2026,EMILIA ROMAGNA,08,RIMINI,MAIOLO,099022,0,2,23,433,452,910
03-10-2026,EMILIA ROMAGNA,08,BOLOGNA,MALALBERGO,037035,10,268,1232,11100,5001,17611
03-10-2026,EMILIA ROMAGNA,08,MODENA,MARANELLO,036019,14,920,2312,19292,9081,31619
03-10-2026,EMILIA ROMAGNA,08,MODENA,MARANO SUL PANARO,036020,5,198,616,5348,2398,8565
03-10-2026,EMILIA ROMAGNA,08,BOLOGNA,MARZABOTTO,037036,10,112,830,6840,3194,10986
03-10-2026,EMILIA ROMAGNA,08,FERRARA,MASI TORELLO,038012,3,39,184,1605,565,2396
03-10-2026,EMILIA ROMAGNA,08,RAVENNA,MASSA LOMBARDA,039013,13,112,961,9158,3170,13414
03-10-2026,EMILIA ROMAGNA,08,PARMA,MEDESANO,034020,11,322,1127,10660,5006,17126
03-10-2026,EMILIA ROMAGNA,08,BOLOGNA,MEDICINA,037037,40,750,2090,17331,7030,27241
03-10-2026,EMILIA ROMAGNA,08,MODENA,MEDOLLA,036021,10,135,698,5214,2087,8144
03-10-2026,EMILIA ROMAGNA,08,FORLI'-CESENA,MELDOLA,040019,3,203,802,7732,3047,11787
03-10-2026,EMILIA ROMAGNA,08,FORLI'-CESENA,MERCATO SARACENO,040020,5,143,589,5745,2264,8746
03-10-2026,EMILIA ROMAGNA,08,FERRARA,MESOLA,038014,1,48,308,2702,1153,4212
03-10-2026,EMILIA ROMAGNA,08,BOLOGNA,MINERBIO,037038,13,256,1189,10422,4465,16345
03-10-2026,EMILIA ROMAGNA,08,MODENA,MIRANDOLA,036022,31,1322,3268,30286,32827,67734
03-10-2026,EMILIA ROMAGNA,08,RIMINI,MISANO ADRIATICO,099005,15,412,1523,13778,6698,22426
03-10-2026,EMILIA ROMAGNA,08,MODENA,MODENA,036023,493,3533,30856,300765,135324,470971
03-10-2026,EMILIA ROMAGNA,08,FORLI'-CESENA,MODIGLIANA,040022,2,34,206,2023,1078,3343
03-10-2026,EMILIA ROMAGNA,08,BOLOGNA,MOLINELLA,037039,31,794,2426,20287,9128,32666
03-10-2026,EMILIA ROMAGNA,08,PARMA,MONCHIO DELLE CORTI,034022,5,3,47,478,232,765
03-10-2026,EMILIA ROMAGNA,08,RIMINI,MONDAINO,099006,0,5,104,827,475,1411
03-10-2026,EMILIA ROMAGNA,08,BOLOGNA,MONGHIDORO,037040,3,111,367,3348,1403,5232
03-10-2026,EMILIA ROMAGNA,08,BOLOGNA,MONTE SAN PIETRO,037042,6,256,1207,10497,3983,15949
03-10-2026,EMILIA ROMAGNA,08,REGGIO NELL'EMILIA,MONTECCHIO EMILIA,035027,20,278,1106,11092,5147,17643
03-10-2026,EMILIA ROMAGNA,08,PARMA,MONTECHIARUGOLO,034023,9,237,1135,11690,6275,19346
03-10-2026,EMILIA ROMAGNA,08,RIMINI,MONTECOPIOLO,099030,0,8,32,580,255,875
03-10-2026,EMILIA ROMAGNA,08,MODENA,MONTECRETO,036024,0,6,46,459,125,636
03-10-2026,EMILIA ROMAGNA,08,RIMINI,MONTEFIORE CONCA,099008,1,28,225,1651,748,2653
03-10-2026,EMILIA ROMAGNA,08,MODENA,MONTEFIORINO,036025,1,29,145,1125,470,1770
03-10-2026,EMILIA ROMAGNA,08,RIMINI,MONTEGRIDOLFO,099009,1,2,52,424,167,646
03-10-2026,EMILIA ROMAGNA,08,BOLOGNA,MONTERENZIO,037041,2,165,700,6274,2552,9693
03-10-2026,EMILIA ROMAGNA,08,RIMINI,MONTESCUDO-MONTE COLOMBO,099029,5,215,837,7876,3427,12360
03-10-2026,EMILIA ROMAGNA,08,MODENA,MONTESE,036026,4,27,221,2847,1947,5046
03-10-2026,EMILIA ROMAGNA,08,FORLI'-CESENA,MONTIANO,040028,0,33,135,926,302,1396
03-10-2026,EMILIA ROMAGNA,08,PIACENZA,MONTICELLI D'ONGINA,033027,13,33,403,3818,1818,6085
03-10-2026,EMILIA ROMAGNA,08,BOLOGNA,MONZUNO,037044,18,191,824,7135,2428,10596
03-10-2026,EMILIA ROMAGNA,08,RIMINI,MORCIANO DI ROMAGNA,099011,4,113,596,5518,2405,8636
03-10-2026,EMILIA ROMAGNA,08,BOLOGNA,MORDANO,037045,7,57,345,2884,1036,4329
03-10-2026,EMILIA ROMAGNA,08,PIACENZA,MORFASSO,033028,0,8,23,274,83,388
03-10-2026,EMILIA ROMAGNA,08,PARMA,NEVIANO DEGLI ARDUINI,034024,2,11,271,2321,1022,3627
03-10-2026,EMILIA ROMAGNA,08,PARMA,NOCETO,034025,12,132,1144,10660,4842,16790
03-10-2026,EMILIA ROMAGNA,08,MODENA,NONANTOLA,036027,24,569,2312,16672,6109,25686
03-10-2026,EMILIA ROMAGNA,08,RIMINI,NOVAFELTRIA,099023,5,71,589,5315,2949,8929
03-10-2026,EMILIA ROMAGNA,08,REGGIO NELL'EMILIA,NOVELLARA,035028,13,499,1596,15553,7426,25087
03-10-2026,EMILIA ROMAGNA,08,MODENA,NOVI DI MODENA,036028,20,326,1266,12783,5669,20064
03-10-2026,EMILIA ROMAGNA,08,FERRARA,OSTELLATO,038017,3,89,454,3960,1658,6164
03-10-2026,EMILIA ROMAGNA,08,PIACENZA,OTTONE,033030,0,4,36,193,69,302
03-10-2026,EMILIA ROMAGNA,08,BOLOGNA,OZZANO DELL'EMILIA,037046,12,421,1943,16895,7119,26390
03-10-2026,EMILIA ROMAGNA,08,MODENA,PALAGANO,036029,1,19,123,960,438,1541
03-10-2026,EMILIA ROMAGNA,08,PARMA,PALANZANO,034026,0,0,24,422,151,597
03-10-2026,EMILIA ROMAGNA,08,PARMA,PARMA,034027,587,3845,33081,328097,166367,531977
03-10-2026,EMILIA ROMAGNA,08,MODENA,PAVULLO NEL FRIGNANO,036030,14,205,1554,13119,5753,20645
03-10-2026,EMILIA ROMAGNA,08,PARMA,PELLEGRINO PARMENSE,034028,0,15,57,644,212,928
03-10-2026,EMILIA ROMAGNA,08,RIMINI,PENNABILLI,099024,0,2,134,1530,797,2463
03-10-2026,EMILIA ROMAGNA,08,PIACENZA,PIACENZA,033032,225,2093,15156,147840,80483,245797
03-10-2026,EMILIA ROMAGNA,08,PIACENZA,PIANELLO VAL TIDONE,033033,2,22,176,1577,716,2493
03-10-2026,EMILIA ROMAGNA,08,BOLOGNA,PIANORO,037047,55,1360,2820,26441,13459,44135
03-10-2026,EMILIA ROMAGNA,08,BOLOGNA,PIEVE DI CENTO,037048,4,286,1190,8834,3798,14112
03-10-2026,EMILIA ROMAGNA,08,MODENA,PIEVEPELAGO,036031,0,25,69,634,183,911
03-10-2026,EMILIA ROMAGNA,08,PIACENZA,PIOZZANO,033034,0,4,46,366,100,516
03-10-2026,EMILIA ROMAGNA,08,PIACENZA,PODENZANO,033035,5,185,834,8165,3997,13186
03-10-2026,EMILIA ROMAGNA,08,FERRARA,POGGIO RENATICO,038018,19,315,1286,13187,5699,20506
03-10-2026,EMILIA ROMAGNA,08,RIMINI,POGGIO TORRIANA,099028,10,167,522,4448,2132,7279
03-10-2026,EMILIA ROMAGNA,08,PARMA,POLESINE ZIBELLO,034050,1,24,241,2414,1098,3778
03-10-2026,EMILIA ROMAGNA,08,MODENA,POLINAGO,036032,1,18,91,855,249,1214
03-10-2026,EMILIA ROMAGNA,08,PIACENZA,PONTE DELL'OLIO,033036,3,71,342,3413,1367,5196
03-10-2026,EMILIA ROMAGNA,08,PIACENZA,PONTENURE,033037,5,108,741,7023,3531,11408
03-10-2026,EMILIA ROMAGNA,08,FORLI'-CESENA,PORTICO E SAN BENEDETTO,040031,0,5,47,284,89,425
03-10-2026,EMILIA ROMAGNA,08,FERRARA,PORTOMAGGIORE,038019,41,262,1841,18850,10588,31582
03-10-2026,EMILIA ROMAGNA,08,REGGIO NELL'EMILIA,POVIGLIO,035029,17,144,1045,7665,4223,13094
03-10-2026,EMILIA ROMAGNA,08,FORLI'-CESENA,PREDAPPIO,040032,3,33,433,3799,1682,5950
03-10-2026,EMILIA ROMAGNA,08,FORLI'-CESENA,PREMILCUORE,040033,0,10,13,234,64,321
03-10-2026,EMILIA ROMAGNA,08,MODENA,PRIGNANO SULLA SECCHIA,036033,4,54,438,3341,1364,5201
03-10-2026,EMILIA ROMAGNA,08,REGGIO NELL'EMILIA,QUATTRO CASTELLA,035030,11,198,1262,11471,5486,18428
03-10-2026,EMILIA ROMAGNA,08,MODENA,RAVARINO,036034,4,131,732,6455,2259,9581
03-10-2026,EMILIA ROMAGNA,08,RAVENNA,RAVENNA,039014,298,12043,19733,206664,81217,319955
03-10-2026,EMILIA ROMAGNA,08,REGGIO NELL'EMILIA,REGGIO NELL'EMILIA,035033,358,7978,28603,299113,155680,491732
03-10-2026,EMILIA ROMAGNA,08,REGGIO NELL'EMILIA,REGGIOLO,035032,2,159,735,8594,4751,14241
03-10-2026,EMILIA ROMAGNA,08,RIMINI,RICCIONE,099013,35,1479,3338,33623,16552,55027
03-10-2026,EMILIA ROMAGNA,08,RIMINI,RIMINI,099014,204,2041,15441,156686,79928,254300
03-10-2026,EMILIA ROMAGNA,08,REGGIO NELL'EMILIA,RIO SALICETO,035034,11,93,778,6661,2792,10335
03-10-2026,EMILIA ROMAGNA,08,RAVENNA,RIOLO TERME,039015,2,45,383,2980,1119,4529
03-10-2026,EMILIA ROMAGNA,08,MODENA,RIOLUNATO,036035,0,6,48,513,162,729
03-10-2026,EMILIA ROMAGNA,08,FERRARA,RIVA DEL PO,038029,15,126,647,5370,1998,8156
03-10-2026,EMILIA ROMAGNA,08,PIACENZA,RIVERGARO,033038,8,127,598,5568,2698,8999
03-10-2026,EMILIA ROMAGNA,08,FORLI'-CESENA,ROCCA SAN CASCIANO,040036,0,7,113,871,473,1464
03-10-2026,EMILIA ROMAGNA,08,PARMA,ROCCABIANCA,034030,3,20,227,2234,1103,3587
03-10-2026,EMILIA ROMAGNA,08,REGGIO NELL'EMILIA,ROLO,035035,10,82,595,6176,3689,10552
03-10-2026,EMILIA ROMAGNA,08,FORLI'-CESENA,RONCOFREDDO,040037,2,25,216,1830,702,2775
03-10-2026,EMILIA ROMAGNA,08,PIACENZA,ROTTOFRENO,033039,9,143,1256,10914,5390,17712
03-10-2026,EMILIA ROMAGNA,08,REGGIO NELL'EMILIA,RUBIERA,035036,25,399,1845,14676,7045,23990
03-10-2026,EMILIA ROMAGNA,08,RAVENNA,RUSSI,039016,15,312,1184,10791,3894,16196
03-10-2026,EMILIA ROMAGNA,08,PARMA,SALA BAGANZA,034031,4,233,589,5596,2490,8912
03-10-2026,EMILIA ROMAGNA,08,BOLOGNA,SALA BOLOGNESE,037050,15,478,1210,10307,4261,16271
03-10-2026,EMILIA ROMAGNA,08,PARMA,SALSOMAGGIORE TERME,034032,43,530,2001,19762,8165,30501
03-10-2026,EMILIA ROMAGNA,08,RIMINI,SALUDECIO,099015,4,35,327,2740,1363,4469
03-10-2026,EMILIA ROMAGNA,08,BOLOGNA,SAN BENEDETTO VAL DI SAMBRO,037051,3,63,397,3282,1133,4878
03-10-2026,EMILIA ROMAGNA,08,MODENA,SAN CESARIO SUL PANARO,036036,8,194,867,7567,3512,12148
03-10-2026,EMILIA ROMAGNA,08,RIMINI,SAN CLEMENTE,099016,6,111,652,5491,2240,8500
03-10-2026,EMILIA ROMAGNA,08,MODENA,SAN FELICE SUL PANARO,036037,10,185,1265,10968,5292,17720
03-10-2026,EMILIA ROMAGNA,08,BOLOGNA,SAN GIORGIO DI PIANO,037052,20,183,1505,12697,6074,20479
03-10-2026,EMILIA ROMAGNA,08,PIACENZA,SAN GIORGIO PIACENTINO,033040,5,73,358,4035,2186,6657
03-10-2026,EMILIA ROMAGNA,08,RIMINI,SAN GIOVANNI IN MARIGNANO,099017,7,40,538,5695,2747,9027
03-10-2026,EMILIA ROMAGNA,08,BOLOGNA,SAN GIOVANNI IN PERSICETO,037053,26,1109,3251,29509,13444,47339
03-10-2026,EMILIA ROMAGNA,08,BOLOGNA,SAN LAZZARO DI SAVENA,037054,83,2429,5267,48042,22089,77910
03-10-2026,EMILIA ROMAGNA,08,RIMINI,SAN LEO,099025,6,35,169,2163,991,3364
03-10-2026,EMILIA ROMAGNA,08,REGGIO NELL'EMILIA,SAN MARTINO IN RIO,035037,11,114,770,7793,4503,13191
03-10-2026,EMILIA ROMAGNA,08,FORLI'-CESENA,SAN MAURO PASCOLI,040041,10,154,1064,9126,4166,14520
03-10-2026,EMILIA ROMAGNA,08,BOLOGNA,SAN PIETRO IN CASALE,037055,40,268,2450,24619,10762,38139
03-10-2026,EMILIA ROMAGNA,08,PIACENZA,SAN PIETRO IN CERRO,033041,0,11,47,486,209,753
03-10-2026,EMILIA ROMAGNA,08,REGGIO NELL'EMILIA,SAN POLO D'ENZA,035038,6,118,504,5182,2756,8566
03-10-2026,EMILIA ROMAGNA,08,MODENA,SAN POSSIDONIO,036038,5,45,389,3328,1276,5043
03-10-2026,EMILIA ROMAGNA,08,MODENA,SAN PROSPERO,036039,11,145,697,7143,2450,10446
03-10-2026,EMILIA ROMAGNA,08,PARMA,SAN SECONDO PARMENSE,034033,2,91,625,5449,2924,9091
03-10-2026,EMILIA ROMAGNA,08,BOLOGNA,SANT'AGATA BOLOGNESE,037056,13,187,924,8069,3404,12597
03-10-2026,EMILIA ROMAGNA,08,RIMINI,SANT'AGATA FELTRIA,099026,1,10,94,1070,453,1628
03-10-2026,EMILIA ROMAGNA,08,RAVENNA,SANT'AGATA SUL SANTERNO,039017,1,37,282,1941,854,3115
03-10-2026,EMILIA ROMAGNA,08,REGGIO NELL'EMILIA,SANT'ILARIO D'ENZA,035039,22,214,1286,12230,6597,20349
03-10-2026,EMILIA ROMAGNA,08,FORLI'-CESENA,SANTA SOFIA,040043,1,12,223,1767,732,2735
03-10-2026,EMILIA ROMAGNA,08,RIMINI,SANTARCANGELO DI ROMAGNA,099018,30,754,2472,21031,9450,33737
03-10-2026,EMILIA ROMAGNA,08,PIACENZA,SARMATO,033042,2,25,402,4135,1330,5894
03-10-2026,EMILIA ROMAGNA,08,FORLI'-CESENA,SARSINA,040044,3,45,245,1872,404,2569
03-10-2026,EMILIA ROMAGNA,08,BOLOGNA,SASSO MARCONI,037057,17,285,1886,14800,7199,24187
03-10-2026,EMILIA ROMAGNA,08,RIMINI,SASSOFELTRIO,099031,1,14,108,1004,612,1739
03-10-2026,EMILIA ROMAGNA,08,MODENA,SASSUOLO,036040,83,1538,6456,55345,28784,92206
03-10-2026,EMILIA ROMAGNA,08,MODENA,SAVIGNANO SUL PANARO,036041,8,59,1638,10728,4803,17236
03-10-2026,EMILIA ROMAGNA,08,FORLI'-CESENA,SAVIGNANO SUL RUBICONE,040045,12,453,1743,15142,5065,22415
03-10-2026,EMILIA ROMAGNA,08,REGGIO NELL'EMILIA,SCANDIANO,035040,31,866,2713,23699,11435,38744
03-10-2026,EMILIA ROMAGNA,08,MODENA,SERRAMAZZONI,036042,14,244,1103,7847,3076,12284
03-10-2026,EMILIA ROMAGNA,08,MODENA,SESTOLA,036043,0,21,154,1986,1166,3327
03-10-2026,EMILIA ROMAGNA,08,PARMA,SISSA TRECASALI,034049,10,376,982,9362,4282,15012
03-10-2026,EMILIA ROMAGNA,08,FORLI'-CESENA,SOGLIANO AL RUBICONE,040046,1,36,255,1936,733,2961
03-10-2026,EMILIA ROMAGNA,08,RAVENNA,SOLAROLO,039018,0,43,305,2808,1142,4298
03-10-2026,EMILIA ROMAGNA,08,MODENA,SOLIERA,036044,33,741,2118,18533,7939,29364
03-10-2026,EMILIA ROMAGNA,08,PARMA,SOLIGNANO,034035,0,20,117,1368,611,2116
03-10-2026,EMILIA ROMAGNA,08,PARMA,SORAGNA,034036,5,40,508,4378,1980,6911
03-10-2026,EMILIA ROMAGNA,08,PARMA,SORBOLO MEZZANI,034051,17,173,1363,12904,6159,20616
03-10-2026,EMILIA ROMAGNA,08,MODENA,SPILAMBERTO,036045,16,486,1603,13546,6654,22305
03-10-2026,EMILIA ROMAGNA,08,RIMINI,TALAMELLO,099027,2,12,86,661,255,1016
03-10-2026,EMILIA ROMAGNA,08,PARMA,TERENZO,034038,0,14,96,744,306,1160
03-10-2026,EMILIA ROMAGNA,08,FERRARA,TERRE DEL RENO,038028,9,317,1432,11809,5176,18743
03-10-2026,EMILIA ROMAGNA,08,PARMA,TIZZANO VAL PARMA,034039,1,24,168,1499,600,2292
03-10-2026,EMILIA ROMAGNA,08,REGGIO NELL'EMILIA,TOANO,035041,1,23,292,2399,882,3597
03-10-2026,EMILIA ROMAGNA,08,PARMA,TORNOLO,034040,4,5,21,325,100,455
03-10-2026,EMILIA ROMAGNA,08,PARMA,TORRILE,034041,15,330,969,9741,4546,15601
03-10-2026,EMILIA ROMAGNA,08,PARMA,TRAVERSETOLO,034042,14,311,959,9475,4724,15483
03-10-2026,EMILIA ROMAGNA,08,PIACENZA,TRAVO,033043,2,53,252,2056,1025,3388
03-10-2026,EMILIA ROMAGNA,08,FORLI'-CESENA,TREDOZIO,040049,0,7,38,530,166,741
03-10-2026,EMILIA ROMAGNA,08,FERRARA,TRESIGNANA,038030,9,70,698,5907,2425,9109
03-10-2026,EMILIA ROMAGNA,08,PARMA,VALMOZZOLA,034044,0,4,25,316,302,647
03-10-2026,EMILIA ROMAGNA,08,BOLOGNA,VALSAMOGGIA,037061,64,2328,5277,42064,18117,67850
03-10-2026,EMILIA ROMAGNA,08,PARMA,VARANO DE' MELEGARI,034045,3,43,239,2059,837,3181
03-10-2026,EMILIA ROMAGNA,08,PARMA,VARSI,034046,4,8,36,556,190,794
03-10-2026,EMILIA ROMAGNA,08,REGGIO NELL'EMILIA,VENTASSO,035046,4,23,237,1941,785,2990
03-10-2026,EMILIA ROMAGNA,08,BOLOGNA,VERGATO,037059,35,52,984,7274,2934,11279
03-10-2026,EMILIA ROMAGNA,08,FORLI'-CESENA,VERGHERETO,040050,1,29,122,813,353,1318
03-10-2026,EMILIA ROMAGNA,08,PIACENZA,VERNASCA,033044,2,23,153,1119,370,1667
03-10-2026,EMILIA ROMAGNA,08,RIMINI,VERUCCHIO,099020,17,93,962,8573,3861,13506
03-10-2026,EMILIA ROMAGNA,08,REGGIO NELL'EMILIA,VETTO,035042,3,14,104,979,404,1504
03-10-2026,EMILIA ROMAGNA,08,REGGIO NELL'EMILIA,VEZZANO SUL CROSTOLO,035043,7,52,391,4096,2287,6833
03-10-2026,EMILIA ROMAGNA,08,REGGIO NELL'EMILIA,VIANO,035044,5,90,385,3051,1350,4881
03-10-2026,EMILIA ROMAGNA,08,FERRARA,VIGARANO MAINARDA,038022,10,246,814,7421,2731,11222
03-10-2026,EMILIA ROMAGNA,08,MODENA,VIGNOLA,036046,51,1407,3710,34278,15639,55085
03-10-2026,EMILIA ROMAGNA,08,PIACENZA,VIGOLZONE,033045,3,65,341,3703,1889,6001
03-10-2026,EMILIA ROMAGNA,08,REGGIO NELL'EMILIA,VILLA MINOZZO,035045,5,31,279,2184,1233,3732
03-10-2026,EMILIA ROMAGNA,08,PIACENZA,VILLANOVA SULL'ARDA,033046,2,22,131,1096,593,1844
03-10-2026,EMILIA ROMAGNA,08,FERRARA,VOGHIERA,038023,1,92,365,2713,1089,4260
03-10-2026,EMILIA ROMAGNA,08,PIACENZA,ZERBA,033047,0,2,3,71,7,83
03-10-2026,EMILIA ROMAGNA,08,PIACENZA,ZIANO PIACENTINO,033048,2,22,158,1631,868,2681
03-10-2026,EMILIA ROMAGNA,08,MODENA,ZOCCA,036047,17,143,542,4694,1867,7263
03-10-2026,EMILIA ROMAGNA,08,BOLOGNA,ZOLA PREDOSA,037060,22,148,2624,21998,9018,33810
03-10-2026,FRIULI VENEZIA GIULIA,06,UDINE,AIELLO DEL FRIULI,030001,1,55,144,1781,966,2947
03-10-2026,FRIULI VENEZIA GIULIA,06,UDINE,AMARO,030002,0,8,57,437,169,671
03-10-2026,FRIULI VENEZIA GIULIA,06,UDINE,AMPEZZO,030003,0,6,51,494,170,721
03-10-2026,FRIULI VENEZIA GIULIA,06,PORDENONE,ANDREIS,093001,0,4,19,101,34,158
03-10-2026,FRIULI VENEZIA GIULIA,06,UDINE,AQUILEIA,030004,1,48,256,1895,804,3004
03-10-2026,FRIULI VENEZIA GIULIA,06,PORDENONE,ARBA,093002,0,6,101,1002,443,1552
03-10-2026,FRIULI VENEZIA GIULIA,06,UDINE,ARTA TERME,030005,0,23,154,1143,405,1725
03-10-2026,FRIULI VENEZIA GIULIA,06,UDINE,ARTEGNA,030006,1,42,300,1795,704,2842
03-10-2026,FRIULI VENEZIA GIULIA,06,UDINE,ATTIMIS,030007,2,29,192,1442,482,2147
03-10-2026,FRIULI VENEZIA GIULIA,06,PORDENONE,AVIANO,093004,11,163,973,7731,2800,11678
03-10-2026,FRIULI VENEZIA GIULIA,06,PORDENONE,AZZANO DECIMO,093005,13,302,1982,16037,5914,24248
03-10-2026,FRIULI VENEZIA GIULIA,06,UDINE,BAGNARIA ARSA,030008,2,133,366,2800,800,4101
03-10-2026,FRIULI VENEZIA GIULIA,06,PORDENONE,BARCIS,093006,0,4,14,137,72,227
03-10-2026,FRIULI VENEZIA GIULIA,06,UDINE,BASILIANO,030009,5,82,516,4415,1572,6590
03-10-2026,FRIULI VENEZIA GIULIA,06,UDINE,BERTIOLO,030010,0,66,272,1830,628,2796
03-10-2026,FRIULI VENEZIA GIULIA,06,UDINE,BICINICCO,030011,1,26,159,993,389,1568
03-10-2026,FRIULI VENEZIA GIULIA,06,UDINE,BORDANO,030012,1,4,53,333,97,488
03-10-2026,FRIULI VENEZIA GIULIA,06,PORDENONE,BRUGNERA,093007,7,92,800,6162,2621,9682
03-10-2026,FRIULI VENEZIA GIULIA,06,PORDENONE,BUDOIA,093008,3,56,279,2158,843,3339
03-10-2026,FRIULI VENEZIA GIULIA,06,UDINE,BUJA,030013,8,128,697,4779,1905,7517
03-10-2026,FRIULI VENEZIA GIULIA,06,UDINE,BUTTRIO,030014,5,49,392,3623,1161,5230
03-10-2026,FRIULI VENEZIA GIULIA,06,UDINE,CAMINO AL TAGLIAMENTO,030015,1,6,147,1222,509,1885
03-10-2026,FRIULI VENEZIA GIULIA,06,UDINE,CAMPOFORMIDO,030016,18,352,1193,9920,4537,16020
03-10-2026,FRIULI VENEZIA GIULIA,06,UDINE,CAMPOLONGO TAPOGLIANO,030138,0,12,71,526,201,810
03-10-2026,FRIULI VENEZIA GIULIA,06,PORDENONE,CANEVA,093009,5,73,455,4196,1540,6269
03-10-2026,FRIULI VENEZIA GIULIA,06,GORIZIA,CAPRIVA DEL FRIULI,031001,0,37,138,1342,523,2040
03-10-2026,FRIULI VENEZIA GIULIA,06,UDINE,CARLINO,030018,1,37,191,1423,598,2250
03-10-2026,FRIULI VENEZIA GIULIA,06,PORDENONE,CASARSA DELLA DELIZIA,093010,12,238,1054,8321,2796,12421
03-10-2026,FRIULI VENEZIA GIULIA,06,UDINE,CASSACCO,030019,1,57,216,1870,759,2903
03-10-2026,FRIULI VENEZIA GIULIA,06,PORDENONE,CASTELNOVO DEL FRIULI,093011,0,8,116,625,181,930
03-10-2026,FRIULI VENEZIA GIULIA,06,UDINE,CASTIONS DI STRADA,030020,1,66,268,2125,672,3132
03-10-2026,FRIULI VENEZIA GIULIA,06,PORDENONE,CAVASSO NUOVO,093012,0,24,133,888,218,1263
03-10-2026,FRIULI VENEZIA GIULIA,06,UDINE,CAVAZZO CARNICO,030021,1,8,82,679,159,929
03-10-2026,FRIULI VENEZIA GIULIA,06,UDINE,CERCIVENTO,030022,0,1,43,230,52,326
03-10-2026,FRIULI VENEZIA GIULIA,06,UDINE,CERVIGNANO DEL FRIULI,030023,24,299,1546,13619,5208,20696
03-10-2026,FRIULI VENEZIA GIULIA,06,PORDENONE,CHIONS,093013,4,167,591,4364,1949,7075
03-10-2026,FRIULI VENEZIA GIULIA,06,UDINE,CHIOPRIS-VISCONE,030024,1,5,75,615,234,930
03-10-2026,FRIULI VENEZIA GIULIA,06,UDINE,CHIUSAFORTE,030025,1,5,44,366,145,561
03-10-2026,FRIULI VENEZIA GIULIA,06,PORDENONE,CIMOLAIS,093014,0,6,14,95,22,137
03-10-2026,FRIULI VENEZIA GIULIA,06,UDINE,CIVIDALE DEL FRIULI,030026,13,557,1313,11516,4445,17844
03-10-2026,FRIULI VENEZIA GIULIA,06,PORDENONE,CLAUT,093015,0,8,88,440,125,661
03-10-2026,FRIULI VENEZIA GIULIA,06,PORDENONE,CLAUZETTO,093016,0,2,12,176,68,258
03-10-2026,FRIULI VENEZIA GIULIA,06,UDINE,CODROIPO,030027,27,695,1783,15845,5730,24080
03-10-2026,FRIULI VENEZIA GIULIA,06,UDINE,COLLOREDO DI MONTE ALBANO,030028,5,50,254,2018,774,3101
03-10-2026,FRIULI VENEZIA GIULIA,06,UDINE,COMEGLIANS,030029,2,3,16,168,57,246
03-10-2026,FRIULI VENEZIA GIULIA,06,PORDENONE,CORDENONS,093017,15,580,1998,17906,7365,27864
03-10-2026,FRIULI VENEZIA GIULIA,06,PORDENONE,CORDOVADO,093018,1,28,329,2103,733,3194
03-10-2026,FRIULI VENEZIA GIULIA,06,GORIZIA,CORMONS,031002,6,253,763,6487,2804,10313
03-10-2026,FRIULI VENEZIA GIULIA,06,UDINE,CORNO DI ROSAZZO,030030,1,48,296,2412,728,3485
03-10-2026,FRIULI VENEZIA GIULIA,06,UDINE,COSEANO,030031,1,22,160,1173,463,1819
03-10-2026,FRIULI VENEZIA GIULIA,06,UDINE,DIGNANO,030032,1,29,181,1357,523,2091
03-10-2026,FRIULI VENEZIA GIULIA,06,GORIZIA,DOBERDÒ DEL LAGO-DOBERDOB,031003,1,29,84,1309,861,2284
03-10-2026,FRIULI VENEZIA GIULIA,06,UDINE,DOGNA,030033,0,0,21,108,23,152
03-10-2026,FRIULI VENEZIA GIULIA,06,GORIZIA,DOLEGNA DEL COLLIO,031004,0,3,33,177,40,253
03-10-2026,FRIULI VENEZIA GIULIA,06,UDINE,DRENCHIA,030034,0,0,1,31,18,50
03-10-2026,FRIULI VENEZIA GIULIA,06,TRIESTE,DUINO AURISINA-DEVIN NABRE¿INA,032001,15,259,949,8909,4028,14160
03-10-2026,FRIULI VENEZIA GIULIA,06,UDINE,ENEMONZO,030035,0,16,59,564,223,862
03-10-2026,FRIULI VENEZIA GIULIA,06,PORDENONE,ERTO E CASSO,093019,0,2,7,104,37,150
03-10-2026,FRIULI VENEZIA GIULIA,06,UDINE,FAEDIS,030036,4,26,195,1921,917,3063
03-10-2026,FRIULI VENEZIA GIULIA,06,UDINE,FAGAGNA,030037,0,98,553,4358,1546,6555
03-10-2026,FRIULI VENEZIA GIULIA,06,PORDENONE,FANNA,093020,0,3,172,1066,545,1786
03-10-2026,FRIULI VENEZIA GIULIA,06,GORIZIA,FARRA D'ISONZO,031005,1,33,214,1869,517,2634
03-10-2026,FRIULI VENEZIA GIULIA,06,PORDENONE,FIUME VENETO,093021,15,545,1325,12880,13184,27949
03-10-2026,FRIULI VENEZIA GIULIA,06,UDINE,FIUMICELLO VILLA VICENTINA,030190,4,157,541,4392,1840,6934
03-10-2026,FRIULI VENEZIA GIULIA,06,UDINE,FLAIBANO,030039,1,14,74,788,311,1188
03-10-2026,FRIULI VENEZIA GIULIA,06,GORIZIA,FOGLIANO REDIPUGLIA,031006,3,53,319,2377,960,3712
03-10-2026,FRIULI VENEZIA GIULIA,06,PORDENONE,FONTANAFREDDA,093022,10,355,1406,11177,4321,17269
03-10-2026,FRIULI VENEZIA GIULIA,06,UDINE,FORGARIA NEL FRIULI,030137,3,12,78,793,226,1112
03-10-2026,FRIULI VENEZIA GIULIA,06,UDINE,FORNI AVOLTRI,030040,0,5,16,192,59,272
03-10-2026,FRIULI VENEZIA GIULIA,06,UDINE,FORNI DI SOPRA,030041,0,1,73,616,226,916
03-10-2026,FRIULI VENEZIA GIULIA,06,UDINE,FORNI DI SOTTO,030042,0,1,20,278,131,430
03-10-2026,FRIULI VENEZIA GIULIA,06,PORDENONE,FRISANCO,093024,0,9,62,548,180,799
03-10-2026,FRIULI VENEZIA GIULIA,06,UDINE,GEMONA DEL FRIULI,030043,4,195,892,7251,2956,11298
03-10-2026,FRIULI VENEZIA GIULIA,06,UDINE,GONARS,030044,1,34,421,3276,1305,5037
03-10-2026,FRIULI VENEZIA GIULIA,06,GORIZIA,GORIZIA,031007,52,1646,3920,40450,16423,62491
03-10-2026,FRIULI VENEZIA GIULIA,06,GORIZIA,GRADISCA D'ISONZO,031008,9,123,653,5914,2448,9147
03-10-2026,FRIULI VENEZIA GIULIA,06,GORIZIA,GRADO,031009,6,158,717,7924,3449,12254
03-10-2026,FRIULI VENEZIA GIULIA,06,UDINE,GRIMACCO,030045,0,4,27,158,43,232
03-10-2026,FRIULI VENEZIA GIULIA,06,UDINE,LATISANA,030046,15,370,1716,13638,5738,21477
03-10-2026,FRIULI VENEZIA GIULIA,06,UDINE,LAUCO,030047,0,1,29,206,87,323
03-10-2026,FRIULI VENEZIA GIULIA,06,UDINE,LESTIZZA,030048,4,46,318,2497,956,3821
03-10-2026,FRIULI VENEZIA GIULIA,06,UDINE,LIGNANO SABBIADORO,030049,10,418,964,8846,2938,13176
03-10-2026,FRIULI VENEZIA GIULIA,06,UDINE,LUSEVERA,030051,1,10,37,306,98,452
03-10-2026,FRIULI VENEZIA GIULIA,06,UDINE,MAGNANO IN RIVIERA,030052,0,23,183,1471,588,2265
03-10-2026,FRIULI VENEZIA GIULIA,06,UDINE,MAJANO,030053,1,89,404,3284,1099,4877
03-10-2026,FRIULI VENEZIA GIULIA,06,UDINE,MALBORGHETTO VALBRUNA,030054,0,6,71,492,206,775
03-10-2026,FRIULI VENEZIA GIULIA,06,PORDENONE,MANIAGO,093025,8,142,1135,9261,3189,13735
03-10-2026,FRIULI VENEZIA GIULIA,06,UDINE,MANZANO,030055,9,201,682,5130,1501,7523
03-10-2026,FRIULI VENEZIA GIULIA,06,UDINE,MARANO LAGUNARE,030056,0,15,120,951,292,1378
03-10-2026,FRIULI VENEZIA GIULIA,06,GORIZIA,MARIANO DEL FRIULI,031010,1,35,120,1097,473,1726
03-10-2026,FRIULI VENEZIA GIULIA,06,UDINE,MARTIGNACCO,030057,12,213,809,6929,2265,10228
03-10-2026,FRIULI VENEZIA GIULIA,06,GORIZIA,MEDEA,031011,1,14,77,679,286,1057
03-10-2026,FRIULI VENEZIA GIULIA,06,PORDENONE,MEDUNO,093026,1,12,115,936,273,1337
03-10-2026,FRIULI VENEZIA GIULIA,06,UDINE,MERETO DI TOMBA,030058,6,27,251,1971,726,2981
03-10-2026,FRIULI VENEZIA GIULIA,06,UDINE,MOGGIO UDINESE,030059,0,16,122,673,241,1052
03-10-2026,FRIULI VENEZIA GIULIA,06,UDINE,MOIMACCO,030060,1,43,225,1765,811,2845
03-10-2026,FRIULI VENEZIA GIULIA,06,GORIZIA,MONFALCONE,031012,52,489,3227,38601,16398,58767
03-10-2026,FRIULI VENEZIA GIULIA,06,TRIESTE,MONRUPINO-REPENTABOR,032002,2,6,64,796,420,1288
03-10-2026,FRIULI VENEZIA GIULIA,06,UDINE,MONTENARS,030061,0,19,38,285,102,444
03-10-2026,FRIULI VENEZIA GIULIA,06,PORDENONE,MONTEREALE VALCELLINA,093027,1,45,337,3401,1776,5560
03-10-2026,FRIULI VENEZIA GIULIA,06,GORIZIA,MORARO,031013,2,8,59,497,187,753
03-10-2026,FRIULI VENEZIA GIULIA,06,PORDENONE,MORSANO AL TAGLIAMENTO,093028,1,18,195,1563,503,2280
03-10-2026,FRIULI VENEZIA GIULIA,06,UDINE,MORTEGLIANO,030062,3,86,588,4053,1181,5911
03-10-2026,FRIULI VENEZIA GIULIA,06,UDINE,MORUZZO,030063,6,110,245,2503,1042,3906
03-10-2026,FRIULI VENEZIA GIULIA,06,GORIZIA,MOSSA,031014,0,7,124,821,355,1307
03-10-2026,FRIULI VENEZIA GIULIA,06,TRIESTE,MUGGIA,032003,15,221,1194,11172,3518,16120
03-10-2026,FRIULI VENEZIA GIULIA,06,UDINE,MUZZANA DEL TURGNANO,030064,1,20,193,1431,435,2080
03-10-2026,FRIULI VENEZIA GIULIA,06,UDINE,NIMIS,030065,1,33,199,1624,668,2525
03-10-2026,FRIULI VENEZIA GIULIA,06,UDINE,OSOPPO,030066,0,41,240,1911,715,2907
03-10-2026,FRIULI VENEZIA GIULIA,06,UDINE,OVARO,030067,0,20,118,882,256,1276
03-10-2026,FRIULI VENEZIA GIULIA,06,UDINE,PAGNACCO,030068,5,63,616,5589,3201,9474
03-10-2026,FRIULI VENEZIA GIULIA,06,UDINE,PALAZZOLO DELLO STELLA,030069,2,47,271,1757,507,2584
03-10-2026,FRIULI VENEZIA GIULIA,06,UDINE,PALMANOVA,030070,3,122,564,4728,1946,7363
03-10-2026,FRIULI VENEZIA GIULIA,06,UDINE,PALUZZA,030071,0,12,107,1260,349,1728
03-10-2026,FRIULI VENEZIA GIULIA,06,UDINE,PASIAN DI PRATO,030072,13,206,1516,9866,3973,15574
03-10-2026,FRIULI VENEZIA GIULIA,06,PORDENONE,PASIANO DI PORDENONE,093029,8,103,656,7280,3145,11192
03-10-2026,FRIULI VENEZIA GIULIA,06,UDINE,PAULARO,030073,0,6,86,658,219,969
03-10-2026,FRIULI VENEZIA GIULIA,06,UDINE,PAVIA DI UDINE,030074,4,154,488,4567,2959,8172
03-10-2026,FRIULI VENEZIA GIULIA,06,PORDENONE,PINZANO AL TAGLIAMENTO,093030,1,31,147,1064,397,1640
03-10-2026,FRIULI VENEZIA GIULIA,06,UDINE,POCENIA,030075,2,32,138,1288,466,1926
03-10-2026,FRIULI VENEZIA GIULIA,06,PORDENONE,POLCENIGO,093031,1,79,308,2237,790,3415
03-10-2026,FRIULI VENEZIA GIULIA,06,UDINE,PONTEBBA,030076,1,15,136,830,308,1290
03-10-2026,FRIULI VENEZIA GIULIA,06,PORDENONE,PORCIA,093032,28,602,1769,14899,5752,23050
03-10-2026,FRIULI VENEZIA GIULIA,06,PORDENONE,PORDENONE,093033,148,3731,7971,83083,34997,129930
03-10-2026,FRIULI VENEZIA GIULIA,06,UDINE,PORPETTO,030077,3,23,157,1334,481,1998
03-10-2026,FRIULI VENEZIA GIULIA,06,UDINE,POVOLETTO,030078,4,116,484,3929,1205,5738
03-10-2026,FRIULI VENEZIA GIULIA,06,UDINE,POZZUOLO DEL FRIULI,030079,5,149,841,5803,2086,8884
03-10-2026,FRIULI VENEZIA GIULIA,06,UDINE,PRADAMANO,030080,3,111,437,3117,1146,4814
03-10-2026,FRIULI VENEZIA GIULIA,06,PORDENONE,PRATA DI PORDENONE,093034,5,141,812,7071,2923,10952
03-10-2026,FRIULI VENEZIA GIULIA,06,UDINE,PRATO CARNICO,030081,0,5,25,232,121,383
03-10-2026,FRIULI VENEZIA GIULIA,06,PORDENONE,PRAVISDOMINI,093035,3,17,295,2381,1055,3751
03-10-2026,FRIULI VENEZIA GIULIA,06,UDINE,PRECENICCO,030082,0,9,184,1060,351,1604
03-10-2026,FRIULI VENEZIA GIULIA,06,UDINE,PREMARIACCO,030083,4,31,336,2625,1122,4118
03-10-2026,FRIULI VENEZIA GIULIA,06,UDINE,PREONE,030084,0,0,20,143,75,238
03-10-2026,FRIULI VENEZIA GIULIA,06,UDINE,PREPOTTO,030085,0,6,47,285,89,427
03-10-2026,FRIULI VENEZIA GIULIA,06,UDINE,PULFERO,030086,2,14,60,431,144,651
03-10-2026,FRIULI VENEZIA GIULIA,06,UDINE,RAGOGNA,030087,1,22,180,1773,777,2753
03-10-2026,FRIULI VENEZIA GIULIA,06,UDINE,RAVASCLETTO,030088,1,4,37,241,61,344
03-10-2026,FRIULI VENEZIA GIULIA,06,UDINE,RAVEO,030089,0,5,20,232,154,411
03-10-2026,FRIULI VENEZIA GIULIA,06,UDINE,REANA DEL ROJALE,030090,3,118,546,4978,3235,8880
03-10-2026,FRIULI VENEZIA GIULIA,06,UDINE,REMANZACCO,030091,3,161,702,5631,1777,8274
03-10-2026,FRIULI VENEZIA GIULIA,06,UDINE,RESIA,030092,0,4,32,371,106,513
03-10-2026,FRIULI VENEZIA GIULIA,06,UDINE,RESIUTTA,030093,0,1,7,57,17,82
03-10-2026,FRIULI VENEZIA GIULIA,06,UDINE,RIGOLATO,030094,0,4,14,130,34,182
03-10-2026,FRIULI VENEZIA GIULIA,06,UDINE,RIVE D'ARCANO,030095,0,30,223,1536,514,2303
03-10-2026,FRIULI VENEZIA GIULIA,06,UDINE,RIVIGNANO TEOR,030188,5,120,592,3961,1310,5988
03-10-2026,FRIULI VENEZIA GIULIA,06,GORIZIA,ROMANS D'ISONZO,031015,3,143,355,3186,1400,5087
03-10-2026,FRIULI VENEZIA GIULIA,06,GORIZIA,RONCHI DEI LEGIONARI,031016,9,317,1225,11448,4800,17799
03-10-2026,FRIULI VENEZIA GIULIA,06,UDINE,RONCHIS,030097,2,51,281,1754,759,2847
03-10-2026,FRIULI VENEZIA GIULIA,06,PORDENONE,ROVEREDO IN PIANO,093036,3,218,731,6105,2655,9712
03-10-2026,FRIULI VENEZIA GIULIA,06,UDINE,RUDA,030098,5,51,253,1977,810,3096
03-10-2026,FRIULI VENEZIA GIULIA,06,PORDENONE,SACILE,093037,21,836,2324,19499,7968,30648
03-10-2026,FRIULI VENEZIA GIULIA,06,GORIZIA,SAGRADO,031017,1,42,250,1748,761,2802
03-10-2026,FRIULI VENEZIA GIULIA,06,GORIZIA,SAN CANZIAN D'ISONZO,031018,7,189,638,5445,2077,8356
03-10-2026,FRIULI VENEZIA GIULIA,06,UDINE,SAN DANIELE DEL FRIULI,030099,9,257,798,7272,2370,10706
03-10-2026,FRIULI VENEZIA GIULIA,06,TRIESTE,SAN DORLIGO DELLA VALLE-DOLINA,032004,3,72,553,4269,1576,6473
03-10-2026,FRIULI VENEZIA GIULIA,06,GORIZIA,SAN FLORIANO DEL COLLIO-¿TEVERJAN,031019,0,3,31,390,152,576
03-10-2026,FRIULI VENEZIA GIULIA,06,PORDENONE,SAN GIORGIO DELLA RICHINVELDA,093038,2,21,342,2601,1008,3974
03-10-2026,FRIULI VENEZIA GIULIA,06,UDINE,SAN GIORGIO DI NOGARO,030100,3,142,633,5092,1796,7666
03-10-2026,FRIULI VENEZIA GIULIA,06,UDINE,SAN GIOVANNI AL NATISONE,030101,9,203,732,5778,1635,8357
03-10-2026,FRIULI VENEZIA GIULIA,06,UDINE,SAN LEONARDO,030102,0,12,95,690,225,1022
03-10-2026,FRIULI VENEZIA GIULIA,06,GORIZIA,SAN LORENZO ISONTINO,031020,1,30,167,1342,426,1966
03-10-2026,FRIULI VENEZIA GIULIA,06,PORDENONE,SAN MARTINO AL TAGLIAMENTO,093039,0,8,118,939,418,1483
03-10-2026,FRIULI VENEZIA GIULIA,06,GORIZIA,SAN PIER D'ISONZO,031021,1,36,160,1526,668,2391
03-10-2026,FRIULI VENEZIA GIULIA,06,UDINE,SAN PIETRO AL NATISONE,030103,3,50,179,1198,440,1870
03-10-2026,FRIULI VENEZIA GIULIA,06,PORDENONE,SAN QUIRINO,093040,4,136,448,3583,1274,5445
03-10-2026,FRIULI VENEZIA GIULIA,06,PORDENONE,SAN VITO AL TAGLIAMENTO,093041,15,710,1849,17861,6817,27252
03-10-2026,FRIULI VENEZIA GIULIA,06,UDINE,SAN VITO AL TORRE,030105,0,12,128,940,307,1387
03-10-2026,FRIULI VENEZIA GIULIA,06,UDINE,SAN VITO DI FAGAGNA,030106,0,24,153,1549,608,2334
03-10-2026,FRIULI VENEZIA GIULIA,06,UDINE,SANTA MARIA LA LONGA,030104,2,36,189,1625,679,2531
03-10-2026,FRIULI VENEZIA GIULIA,06,UDINE,SAPPADA,030189,1,17,129,984,350,1481
03-10-2026,FRIULI VENEZIA GIULIA,06,UDINE,SAURIS,030107,0,4,19,177,44,244
03-10-2026,FRIULI VENEZIA GIULIA,06,UDINE,SAVOGNA,030108,0,5,24,134,52,215
03-10-2026,FRIULI VENEZIA GIULIA,06,GORIZIA,SAVOGNA D'ISONZO-SOVODNJE OB SO¿I,031022,4,13,121,1057,336,1531
03-10-2026,FRIULI VENEZIA GIULIA,06,UDINE,SEDEGLIANO,030109,7,15,299,3162,2015,5498
03-10-2026,FRIULI VENEZIA GIULIA,06,PORDENONE,SEQUALS,093042,2,16,207,1505,444,2174
03-10-2026,FRIULI VENEZIA GIULIA,06,PORDENONE,SESTO AL REGHENA,093043,8,47,460,4132,1594,6241
03-10-2026,FRIULI VENEZIA GIULIA,06,TRIESTE,SGONICO-ZGONIK,032005,0,57,222,1629,633,2541
03-10-2026,FRIULI VENEZIA GIULIA,06,UDINE,SOCCHIEVE,030110,1,4,59,439,132,635
03-10-2026,FRIULI VENEZIA GIULIA,06,PORDENONE,SPILIMBERGO,093044,14,367,1454,11269,4220,17324
03-10-2026,FRIULI VENEZIA GIULIA,06,GORIZIA,STARANZANO,031023,4,416,880,7492,3142,11934
03-10-2026,FRIULI VENEZIA GIULIA,06,UDINE,STREGNA,030111,0,10,39,242,22,313
03-10-2026,FRIULI VENEZIA GIULIA,06,UDINE,SUTRIO,030112,0,4,73,494,139,710
03-10-2026,FRIULI VENEZIA GIULIA,06,UDINE,TAIPANA,030113,1,2,21,274,92,390
03-10-2026,FRIULI VENEZIA GIULIA,06,UDINE,TALMASSONS,030114,5,62,242,2464,841,3614
03-10-2026,FRIULI VENEZIA GIULIA,06,UDINE,TARCENTO,030116,7,150,774,6966,2743,10640
03-10-2026,FRIULI VENEZIA GIULIA,06,UDINE,TARVISIO,030117,3,59,386,3110,1418,4976
03-10-2026,FRIULI VENEZIA GIULIA,06,UDINE,TAVAGNACCO,030118,18,1097,2717,19942,7902,31676
03-10-2026,FRIULI VENEZIA GIULIA,06,UDINE,TERZO D'AQUILEIA,030120,0,56,275,2360,1155,3846
03-10-2026,FRIULI VENEZIA GIULIA,06,UDINE,TOLMEZZO,030121,7,142,855,7396,3101,11501
03-10-2026,FRIULI VENEZIA GIULIA,06,UDINE,TORREANO,030122,0,32,145,1232,402,1811
03-10-2026,FRIULI VENEZIA GIULIA,06,UDINE,TORVISCOSA,030123,6,47,240,1749,558,2600
03-10-2026,FRIULI VENEZIA GIULIA,06,PORDENONE,TRAMONTI DI SOPRA,093045,0,3,10,128,52,193
03-10-2026,FRIULI VENEZIA GIULIA,06,PORDENONE,TRAMONTI DI SOTTO,093046,0,6,9,89,31,135
03-10-2026,FRIULI VENEZIA GIULIA,06,UDINE,TRASAGHIS,030124,0,12,148,1160,469,1789
03-10-2026,FRIULI VENEZIA GIULIA,06,PORDENONE,TRAVESIO,093047,2,16,151,1081,408,1658
03-10-2026,FRIULI VENEZIA GIULIA,06,UDINE,TREPPO GRANDE,030126,1,24,171,1260,450,1906
03-10-2026,FRIULI VENEZIA GIULIA,06,UDINE,TREPPO LIGOSULLO,030191,0,1,27,264,58,350
03-10-2026,FRIULI VENEZIA GIULIA,06,UDINE,TRICESIMO,030127,6,146,846,6834,3148,10980
03-10-2026,FRIULI VENEZIA GIULIA,06,TRIESTE,TRIESTE,032006,502,13396,27504,275079,101691,418172
03-10-2026,FRIULI VENEZIA GIULIA,06,UDINE,TRIVIGNANO UDINESE,030128,0,21,148,953,381,1503
03-10-2026,FRIULI VENEZIA GIULIA,06,GORIZIA,TURRIACO,031024,0,80,237,2034,734,3085
03-10-2026,FRIULI VENEZIA GIULIA,06,UDINE,UDINE,030129,259,4416,18318,152743,61768,237504
03-10-2026,FRIULI VENEZIA GIULIA,06,PORDENONE,VAJONT,093052,1,19,118,1352,407,1897
03-10-2026,FRIULI VENEZIA GIULIA,06,PORDENONE,VALVASONE ARZENE,093053,1,75,395,3026,1044,4541
03-10-2026,FRIULI VENEZIA GIULIA,06,UDINE,VARMO,030130,5,12,173,1600,554,2344
03-10-2026,FRIULI VENEZIA GIULIA,06,UDINE,VENZONE,030131,2,12,200,1323,384,1921
03-10-2026,FRIULI VENEZIA GIULIA,06,UDINE,VERZEGNIS,030132,1,9,84,549,187,830
03-10-2026,FRIULI VENEZIA GIULIA,06,UDINE,VILLA SANTINA,030133,1,20,208,1364,464,2057
03-10-2026,FRIULI VENEZIA GIULIA,06,GORIZIA,VILLESSE,031025,0,34,93,952,280,1359
03-10-2026,FRIULI VENEZIA GIULIA,06,UDINE,VISCO,030135,1,12,107,878,260,1258
03-10-2026,FRIULI VENEZIA GIULIA,06,PORDENONE,VITO D'ASIO,093049,0,18,91,560,235,904
03-10-2026,FRIULI VENEZIA GIULIA,06,PORDENONE,VIVARO,093050,0,27,122,1070,350,1569
03-10-2026,FRIULI VENEZIA GIULIA,06,PORDENONE,ZOPPOLA,093051,16,216,845,7473,2460,11010
03-10-2026,FRIULI VENEZIA GIULIA,06,UDINE,ZUGLIO,030136,0,4,27,345,127,503
03-10-2026,LAZIO,12,RIETI,ACCUMOLI,057001,0,0,5,78,43,126
03-10-2026,LAZIO,12,FROSINONE,ACQUAFONDATA,060001,0,0,3,118,29,150
03-10-2026,LAZIO,12,VITERBO,ACQUAPENDENTE,056001,4,14,263,3647,4814,8742
03-10-2026,LAZIO,12,FROSINONE,ACUTO,060002,5,10,117,975,449,1556
03-10-2026,LAZIO,12,ROMA,AFFILE,058001,2,19,33,606,191,851
03-10-2026,LAZIO,12,ROMA,AGOSTA,058002,2,28,155,1306,685,2176
03-10-2026,LAZIO,12,FROSINONE,ALATRI,060003,14,408,1885,18195,8078,28580
03-10-2026,LAZIO,12,ROMA,ALBANO LAZIALE,058003,171,997,4890,51810,25791,83659
03-10-2026,LAZIO,12,ROMA,ALLUMIERE,058004,3,28,119,1799,709,2658
03-10-2026,LAZIO,12,FROSINONE,ALVITO,060004,2,20,117,2157,623,2919
03-10-2026,LAZIO,12,FROSINONE,AMASENO,060005,8,22,205,2177,1175,3587
03-10-2026,LAZIO,12,RIETI,AMATRICE,057002,4,13,144,1267,484,1912
03-10-2026,LAZIO,12,FROSINONE,ANAGNI,060006,35,386,1926,17745,8341,28433
03-10-2026,LAZIO,12,ROMA,ANGUILLARA SABAZIA,058005,62,566,2014,23645,11950,38237
03-10-2026,LAZIO,12,ROMA,ANTICOLI CORRADO,058006,0,7,40,685,370,1102
03-10-2026,LAZIO,12,RIETI,ANTRODOCO,057003,1,22,233,1515,528,2299
03-10-2026,LAZIO,12,ROMA,ANZIO,058007,479,3427,9094,132281,49727,195008
03-10-2026,LAZIO,12,LATINA,APRILIA,059001,293,2395,9765,120759,50919,184131
03-10-2026,LAZIO,12,FROSINONE,AQUINO,060007,8,40,301,3235,1749,5333
03-10-2026,LAZIO,12,FROSINONE,ARCE,060008,10,43,382,3933,1952,6320
03-10-2026,LAZIO,12,ROMA,ARCINAZZO ROMANO,058008,0,18,98,1338,536,1990
03-10-2026,LAZIO,12,ROMA,ARDEA,058117,400,2909,7226,86082,33545,130162
03-10-2026,LAZIO,12,ROMA,ARICCIA,058009,43,444,1585,20685,12503,35260
03-10-2026,LAZIO,12,VITERBO,ARLENA DI CASTRO,056002,2,5,47,618,788,1460
03-10-2026,LAZIO,12,FROSINONE,ARNARA,060009,4,8,114,1090,472,1688
03-10-2026,LAZIO,12,FROSINONE,ARPINO,060010,1,118,413,4894,2278,7704
03-10-2026,LAZIO,12,ROMA,ARSOLI,058010,1,30,93,1101,568,1793
03-10-2026,LAZIO,12,ROMA,ARTENA,058011,24,182,1123,11339,4708,17376
03-10-2026,LAZIO,12,RIETI,ASCREA,057004,1,7,14,319,188,529
03-10-2026,LAZIO,12,FROSINONE,ATINA,060011,11,52,236,2874,1240,4413
03-10-2026,LAZIO,12,FROSINONE,AUSONIA,060012,1,23,162,2017,925,3128
03-10-2026,LAZIO,12,VITERBO,BAGNOREGIO,056003,4,15,97,1165,585,1866
03-10-2026,LAZIO,12,VITERBO,BARBARANO ROMANO,056004,3,7,92,806,308,1216
03-10-2026,LAZIO,12,VITERBO,BASSANO IN TEVERINA,056006,4,17,113,1268,638,2040
03-10-2026,LAZIO,12,VITERBO,BASSANO ROMANO,056005,14,63,633,5964,2412,9086
03-10-2026,LAZIO,12,LATINA,BASSIANO,059002,0,33,122,1536,580,2271
03-10-2026,LAZIO,12,ROMA,BELLEGRA,058012,1,38,142,1311,468,1960
03-10-2026,LAZIO,12,FROSINONE,BELMONTE CASTELLO,060013,0,2,40,345,169,556
03-10-2026,LAZIO,12,RIETI,BELMONTE IN SABINA,057005,0,12,48,443,138,641
03-10-2026,LAZIO,12,VITERBO,BLERA,056007,1,43,187,2236,853,3320
03-10-2026,LAZIO,12,VITERBO,BOLSENA,056008,3,60,190,2387,1257,3897
03-10-2026,LAZIO,12,VITERBO,BOMARZO,056009,0,39,118,1442,663,2262
03-10-2026,LAZIO,12,RIETI,BORBONA,057006,0,11,39,744,1062,1856
03-10-2026,LAZIO,12,RIETI,BORGO VELINO,057008,4,7,72,502,164,749
03-10-2026,LAZIO,12,RIETI,BORGOROSE,057007,3,36,178,2004,1234,3455
03-10-2026,LAZIO,12,FROSINONE,BOVILLE ERNICA,060014,7,76,370,4808,2192,7453
03-10-2026,LAZIO,12,ROMA,BRACCIANO,058013,56,1611,2719,28346,12581,45313
03-10-2026,LAZIO,12,FROSINONE,BROCCOSTELLA,060015,0,18,98,1725,1208,3049
03-10-2026,LAZIO,12,VITERBO,CALCATA,056010,4,29,82,580,238,933
03-10-2026,LAZIO,12,ROMA,CAMERATA NUOVA,058014,3,5,24,322,66,420
03-10-2026,LAZIO,12,ROMA,CAMPAGNANO DI ROMA,058015,44,500,1622,15462,6377,24005
03-10-2026,LAZIO,12,LATINA,CAMPODIMELE,059003,2,10,19,467,190,688
03-10-2026,LAZIO,12,FROSINONE,CAMPOLI APPENNINO,060016,1,14,136,941,337,1429
03-10-2026,LAZIO,12,ROMA,CANALE MONTERANO,058016,16,134,499,5088,2504,8241
03-10-2026,LAZIO,12,VITERBO,CANEPINA,056011,3,38,189,2532,1034,3796
03-10-2026,LAZIO,12,VITERBO,CANINO,056012,3,63,357,3454,1400,5277
03-10-2026,LAZIO,12,RIETI,CANTALICE,057009,4,20,145,1619,624,2412
03-10-2026,LAZIO,12,RIETI,CANTALUPO IN SABINA,057010,1,36,100,1251,584,1972
03-10-2026,LAZIO,12,ROMA,CANTERANO,058017,2,4,14,350,151,521
03-10-2026,LAZIO,12,ROMA,CAPENA,058018,44,289,1430,13079,6153,20995
03-10-2026,LAZIO,12,VITERBO,CAPODIMONTE,056013,1,28,104,1278,475,1886
03-10-2026,LAZIO,12,VITERBO,CAPRANICA,056014,5,94,608,4946,2103,7756
03-10-2026,LAZIO,12,ROMA,CAPRANICA PRENESTINA,058019,3,0,19,396,89,507
03-10-2026,LAZIO,12,VITERBO,CAPRAROLA,056015,7,77,339,4213,1730,6366
03-10-2026,LAZIO,12,VITERBO,CARBOGNANO,056016,6,20,202,1645,712,2585
03-10-2026,LAZIO,12,ROMA,CARPINETO ROMANO,058020,2,23,210,1813,813,2861
03-10-2026,LAZIO,12,FROSINONE,CASALATTICO,060017,0,1,4,72,29,106
03-10-2026,LAZIO,12,FROSINONE,CASALVIERI,060018,1,20,90,1169,589,1869
03-10-2026,LAZIO,12,ROMA,CASAPE,058021,1,0,24,376,177,578
03-10-2026,LAZIO,12,RIETI,CASAPROTA,057011,2,0,28,375,130,535
03-10-2026,LAZIO,12,RIETI,CASPERIA,057012,1,18,77,738,419,1253
03-10-2026,LAZIO,12,FROSINONE,CASSINO,060019,136,662,3771,46110,25910,76589
03-10-2026,LAZIO,12,RIETI,CASTEL DI TORA,057013,0,3,24,251,126,404
03-10-2026,LAZIO,12,ROMA,CASTEL GANDOLFO,058022,21,270,1211,11563,5353,18418
03-10-2026,LAZIO,12,ROMA,CASTEL MADAMA,058023,11,66,481,5216,2755,8529
03-10-2026,LAZIO,12,ROMA,CASTEL SAN PIETRO ROMANO,058025,0,19,53,607,301,980
03-10-2026,LAZIO,12,RIETI,CASTEL SANT'ANGELO,057015,0,20,78,946,299,1343
03-10-2026,LAZIO,12,VITERBO,CASTEL SANT'ELIA,056017,5,19,223,2444,1455,4146
03-10-2026,LAZIO,12,LATINA,CASTELFORTE,059004,17,21,309,3111,1426,4884
03-10-2026,LAZIO,12,FROSINONE,CASTELLIRI,060020,3,15,160,1914,1025,3117
03-10-2026,LAZIO,12,RIETI,CASTELNUOVO DI FARFA,057014,2,15,72,869,375,1333
03-10-2026,LAZIO,12,ROMA,CASTELNUOVO DI PORTO,058024,29,217,1003,10289,4542,16080
03-10-2026,LAZIO,12,FROSINONE,CASTELNUOVO PARANO,060021,3,10,43,734,334,1124
03-10-2026,LAZIO,12,VITERBO,CASTIGLIONE IN TEVERINA,056018,4,23,121,1399,661,2208
03-10-2026,LAZIO,12,FROSINONE,CASTRO DEI VOLSCI,060023,4,61,276,2790,1228,4359
03-10-2026,LAZIO,12,FROSINONE,CASTROCIELO,060022,3,39,273,2587,1386,4288
03-10-2026,LAZIO,12,ROMA,CAVE,058026,27,111,1249,11719,5577,18683
03-10-2026,LAZIO,12,FROSINONE,CECCANO,060024,19,212,1610,17377,10576,29794
03-10-2026,LAZIO,12,VITERBO,CELLENO,056019,1,19,75,738,310,1143
03-10-2026,LAZIO,12,VITERBO,CELLERE,056020,2,8,97,689,233,1029
03-10-2026,LAZIO,12,FROSINONE,CEPRANO,060025,16,111,556,5643,2967,9293
03-10-2026,LAZIO,12,ROMA,CERRETO LAZIALE,058027,1,11,118,956,443,1529
03-10-2026,LAZIO,12,ROMA,CERVARA DI ROMA,058028,2,14,32,395,114,557
03-10-2026,LAZIO,12,FROSINONE,CERVARO,060026,16,115,490,7226,3874,11721
03-10-2026,LAZIO,12,ROMA,CERVETERI,058029,144,1921,4320,48485,23420,78290
03-10-2026,LAZIO,12,ROMA,CIAMPINO,058118,215,1919,5521,59756,27465,94876
03-10-2026,LAZIO,12,ROMA,CICILIANO,058030,3,22,95,1262,823,2205
03-10-2026,LAZIO,12,ROMA,CINETO ROMANO,058031,2,5,27,342,105,481
03-10-2026,LAZIO,12,LATINA,CISTERNA DI LATINA,059005,135,1359,3884,50964,21123,77465
03-10-2026,LAZIO,12,RIETI,CITTADUCALE,057016,6,76,419,4812,2266,7579
03-10-2026,LAZIO,12,RIETI,CITTAREALE,057017,0,0,14,144,39,197
03-10-2026,LAZIO,12,VITERBO,CIVITA CASTELLANA,056021,29,219,831,15276,6645,23000
03-10-2026,LAZIO,12,ROMA,CIVITAVECCHIA,058032,125,1419,5819,61533,31389,100285
03-10-2026,LAZIO,12,VITERBO,CIVITELLA D'AGLIANO,056022,1,14,99,814,415,1343
03-10-2026,LAZIO,12,ROMA,CIVITELLA SAN PAOLO,058033,7,24,121,1523,679,2354
03-10-2026,LAZIO,12,FROSINONE,COLFELICE,060027,2,19,138,1064,400,1623
03-10-2026,LAZIO,12,RIETI,COLLALTO SABINO,057018,0,4,20,259,93,376
03-10-2026,LAZIO,12,RIETI,COLLE DI TORA,057019,0,6,8,187,30,231
03-10-2026,LAZIO,12,FROSINONE,COLLE SAN MAGNO,060029,0,2,26,310,86,424
03-10-2026,LAZIO,12,ROMA,COLLEFERRO,058034,49,514,2078,24068,14705,41414
03-10-2026,LAZIO,12,RIETI,COLLEGIOVE,057020,0,12,25,158,51,246
03-10-2026,LAZIO,12,FROSINONE,COLLEPARDO,060028,0,2,53,355,164,574
03-10-2026,LAZIO,12,RIETI,COLLEVECCHIO,057021,4,31,123,1585,727,2470
03-10-2026,LAZIO,12,RIETI,COLLI SUL VELINO,057022,1,7,19,189,69,285
03-10-2026,LAZIO,12,ROMA,COLONNA,058035,11,81,527,4555,2136,7310
03-10-2026,LAZIO,12,RIETI,CONCERVIANO,057023,0,2,28,108,52,190
03-10-2026,LAZIO,12,RIETI,CONFIGNI,057024,1,3,17,241,174,436
03-10-2026,LAZIO,12,RIETI,CONTIGLIANO,057025,13,50,212,2867,1168,4310
03-10-2026,LAZIO,12,VITERBO,CORCHIANO,056023,3,25,229,2198,944,3399
03-10-2026,LAZIO,12,FROSINONE,CORENO AUSONIO,060030,2,10,88,1009,610,1719
03-10-2026,LAZIO,12,LATINA,CORI,059006,11,252,630,9664,7209,17766
03-10-2026,LAZIO,12,RIETI,COTTANELLO,057026,3,6,45,384,237,675
03-10-2026,LAZIO,12,FROSINONE,ESPERIA,060031,7,23,169,2162,1007,3368
03-10-2026,LAZIO,12,VITERBO,FABRICA DI ROMA,056024,13,76,522,6019,2658,9288
03-10-2026,LAZIO,12,VITERBO,FALERIA,056025,2,53,155,2029,784,3023
03-10-2026,LAZIO,12,FROSINONE,FALVATERRA,060032,0,2,32,343,105,482
03-10-2026,LAZIO,12,RIETI,FARA IN SABINA,057027,36,171,1274,12905,6571,20957
03-10-2026,LAZIO,12,VITERBO,FARNESE,056026,1,5,51,472,199,728
03-10-2026,LAZIO,12,FROSINONE,FERENTINO,060033,33,363,1641,18628,10171,30836
03-10-2026,LAZIO,12,RIETI,FIAMIGNANO,057028,0,9,54,567,135,765
03-10-2026,LAZIO,12,ROMA,FIANO ROMANO,058036,59,404,2221,22530,9526,34740
03-10-2026,LAZIO,12,ROMA,FILACCIANO,058037,2,1,30,530,399,962
03-10-2026,LAZIO,12,FROSINONE,FILETTINO,060034,2,4,38,362,113,519
03-10-2026,LAZIO,12,FROSINONE,FIUGGI,060035,26,74,792,9502,5431,15825
03-10-2026,LAZIO,12,ROMA,FIUMICINO,058120,310,3594,9587,131206,53750,198447
03-10-2026,LAZIO,12,LATINA,FONDI,059007,163,3319,3478,59092,18289,84341
03-10-2026,LAZIO,12,FROSINONE,FONTANA LIRI,060036,7,73,246,2413,1024,3763
03-10-2026,LAZIO,12,ROMA,FONTE NUOVA,058122,83,840,2803,37270,13789,54785
03-10-2026,LAZIO,12,FROSINONE,FONTECHIARI,060037,2,9,45,515,178,749
03-10-2026,LAZIO,12,RIETI,FORANO,057029,9,35,310,2969,1088,4411
03-10-2026,LAZIO,12,ROMA,FORMELLO,058038,24,394,1142,17397,13715,32672
03-10-2026,LAZIO,12,LATINA,FORMIA,059008,190,901,4603,53076,26109,84879
03-10-2026,LAZIO,12,ROMA,FRASCATI,058039,80,1377,2576,30714,14588,49335
03-10-2026,LAZIO,12,RIETI,FRASSO SABINO,057030,0,14,51,615,203,883
03-10-2026,LAZIO,12,FROSINONE,FROSINONE,060038,129,1558,3950,55533,34864,96034
03-10-2026,LAZIO,12,FROSINONE,FUMONE,060039,0,7,86,797,299,1189
03-10-2026,LAZIO,12,LATINA,GAETA,059009,28,242,2026,22862,11730,36888
03-10-2026,LAZIO,12,VITERBO,GALLESE,056027,5,26,168,2130,821,3150
03-10-2026,LAZIO,12,ROMA,GALLICANO NEL LAZIO,058040,19,176,700,9555,3728,14178
03-10-2026,LAZIO,12,FROSINONE,GALLINARO,060040,3,43,102,861,283,1292
03-10-2026,LAZIO,12,ROMA,GAVIGNANO,058041,6,21,86,1333,643,2089
03-10-2026,LAZIO,12,ROMA,GENAZZANO,058042,26,100,675,6296,2177,9274
03-10-2026,LAZIO,12,ROMA,GENZANO DI ROMA,058043,40,848,2036,25494,13171,41589
03-10-2026,LAZIO,12,ROMA,GERANO,058044,3,11,85,1556,1048,2703
03-10-2026,LAZIO,12,FROSINONE,GIULIANO DI ROMA,060041,0,34,167,1524,689,2414
03-10-2026,LAZIO,12,ROMA,GORGA,058045,0,8,48,444,149,649
03-10-2026,LAZIO,12,VITERBO,GRADOLI,056028,2,16,59,593,183,853
03-10-2026,LAZIO,12,VITERBO,GRAFFIGNANO,056029,6,33,191,1704,737,2671
03-10-2026,LAZIO,12,RIETI,GRECCIO,057031,4,10,111,1147,404,1676
03-10-2026,LAZIO,12,ROMA,GROTTAFERRATA,058046,102,922,2616,31291,15328,50259
03-10-2026,LAZIO,12,VITERBO,GROTTE DI CASTRO,056030,4,12,112,1308,712,2148
03-10-2026,LAZIO,12,FROSINONE,GUARCINO,060042,2,10,79,797,348,1236
03-10-2026,LAZIO,12,ROMA,GUIDONIA MONTECELIO,058047,321,3168,8781,113702,47184,173156
03-10-2026,LAZIO,12,VITERBO,ISCHIA DI CASTRO,056031,1,3,70,832,539,1445
03-10-2026,LAZIO,12,FROSINONE,ISOLA DEL LIRI,060043,18,140,697,9483,4977,15315
03-10-2026,LAZIO,12,LATINA,ITRI,059010,15,200,823,10734,5273,17045
03-10-2026,LAZIO,12,ROMA,JENNE,058048,1,0,15,189,60,265
03-10-2026,LAZIO,12,ROMA,LABICO,058049,22,92,622,6956,3274,10966
03-10-2026,LAZIO,12,RIETI,LABRO,057032,1,6,21,226,86,340
03-10-2026,LAZIO,12,ROMA,LADISPOLI,058116,129,968,3978,52576,21083,78734
03-10-2026,LAZIO,12,ROMA,LANUVIO,058050,49,286,1348,15669,6858,24210
03-10-2026,LAZIO,12,ROMA,LARIANO,058115,26,384,1139,13576,6293,21418
03-10-2026,LAZIO,12,VITERBO,LATERA,056032,0,8,33,321,156,518
03-10-2026,LAZIO,12,LATINA,LATINA,059011,916,9724,18921,234637,117626,381824
03-10-2026,LAZIO,12,LATINA,LENOLA,059012,6,57,224,3158,1234,4679
03-10-2026,LAZIO,12,RIETI,LEONESSA,057033,3,24,88,1169,443,1727
03-10-2026,LAZIO,12,ROMA,LICENZA,058051,2,1,34,496,211,744
03-10-2026,LAZIO,12,RIETI,LONGONE SABINO,057034,0,6,20,245,89,360
03-10-2026,LAZIO,12,VITERBO,LUBRIANO,056033,0,8,37,418,162,625
03-10-2026,LAZIO,12,LATINA,MAENZA,059013,5,49,172,2079,1008,3313
03-10-2026,LAZIO,12,ROMA,MAGLIANO ROMANO,058052,2,30,103,1188,461,1784
03-10-2026,LAZIO,12,RIETI,MAGLIANO SABINA,057035,7,41,306,2462,1139,3955
03-10-2026,LAZIO,12,ROMA,MANDELA,058053,5,7,91,825,317,1245
03-10-2026,LAZIO,12,ROMA,MANZIANA,058054,10,161,681,7375,3476,11703
03-10-2026,LAZIO,12,ROMA,MARANO EQUO,058055,1,7,55,401,181,645
03-10-2026,LAZIO,12,ROMA,MARCELLINA,058056,37,333,834,9450,3661,14315
03-10-2026,LAZIO,12,RIETI,MARCETELLI,057036,0,1,5,76,20,102
03-10-2026,LAZIO,12,ROMA,MARINO,058057,217,1704,7038,71020,34742,114721
03-10-2026,LAZIO,12,VITERBO,MARTA,056034,1,16,133,1276,621,2047
03-10-2026,LAZIO,12,ROMA,MAZZANO ROMANO,058058,5,70,248,2501,934,3758
03-10-2026,LAZIO,12,ROMA,MENTANA,058059,60,369,1937,23532,14892,40790
03-10-2026,LAZIO,12,RIETI,MICIGLIANO,057037,2,3,8,126,62,201
03-10-2026,LAZIO,12,LATINA,MINTURNO,059014,72,541,2382,29488,14830,47313
03-10-2026,LAZIO,12,RIETI,MOMPEO,057038,3,5,34,383,113,538
03-10-2026,LAZIO,12,VITERBO,MONTALTO DI CASTRO,056035,6,132,557,6180,3005,9880
03-10-2026,LAZIO,12,RIETI,MONTASOLA,057039,0,2,32,236,77,347
03-10-2026,LAZIO,12,ROMA,MONTE COMPATRI,058060,44,403,1073,13950,7127,22597
03-10-2026,LAZIO,12,ROMA,MONTE PORZIO CATONE,058064,15,340,984,10592,5027,16958
03-10-2026,LAZIO,12,VITERBO,MONTE ROMANO,056037,3,18,109,1257,429,1816
03-10-2026,LAZIO,12,LATINA,MONTE SAN BIAGIO,059015,5,94,310,4073,1810,6292
03-10-2026,LAZIO,12,FROSINONE,MONTE SAN GIOVANNI CAMPANO,060044,20,109,639,8449,4145,13362
03-10-2026,LAZIO,12,RIETI,MONTE SAN GIOVANNI IN SABINA,057043,3,8,14,354,134,513
03-10-2026,LAZIO,12,RIETI,MONTEBUONO,057040,3,6,40,737,247,1033
03-10-2026,LAZIO,12,VITERBO,MONTEFIASCONE,056036,16,293,957,9129,3284,13679
03-10-2026,LAZIO,12,ROMA,MONTEFLAVIO,058061,0,9,52,807,241,1109
03-10-2026,LAZIO,12,ROMA,MONTELANICO,058062,3,28,153,1425,657,2266
03-10-2026,LAZIO,12,RIETI,MONTELEONE SABINO,057041,1,21,65,670,249,1006
03-10-2026,LAZIO,12,ROMA,MONTELIBRETTI,058063,10,45,443,6042,3612,10152
03-10-2026,LAZIO,12,RIETI,MONTENERO SABINO,057042,0,0,8,184,143,335
03-10-2026,LAZIO,12,VITERBO,MONTEROSI,056038,22,112,502,5779,2798,9213
03-10-2026,LAZIO,12,ROMA,MONTEROTONDO,058065,111,1615,4656,53486,22253,82121
03-10-2026,LAZIO,12,RIETI,MONTOPOLI DI SABINA,057044,4,82,322,3352,1120,4880
03-10-2026,LAZIO,12,ROMA,MONTORIO ROMANO,058066,0,13,143,1503,586,2245
03-10-2026,LAZIO,12,ROMA,MORICONE,058067,3,40,189,1969,820,3021
03-10-2026,LAZIO,12,ROMA,MORLUPO,058068,18,315,821,9948,4889,15991
03-10-2026,LAZIO,12,FROSINONE,MOROLO,060045,4,44,208,2284,1189,3729
03-10-2026,LAZIO,12,RIETI,MORRO REATINO,057045,1,1,20,242,46,310
03-10-2026,LAZIO,12,ROMA,NAZZANO,058069,7,7,61,1455,618,2148
03-10-2026,LAZIO,12,ROMA,NEMI,058070,3,55,174,2127,1154,3513
03-10-2026,LAZIO,12,VITERBO,NEPI,056039,13,192,874,9394,3928,14401
03-10-2026,LAZIO,12,ROMA,NEROLA,058071,9,27,215,2165,862,3278
03-10-2026,LAZIO,12,RIETI,NESPOLO,057046,0,3,27,144,54,228
03-10-2026,LAZIO,12,ROMA,NETTUNO,058072,222,2270,4823,79445,27259,114019
03-10-2026,LAZIO,12,LATINA,NORMA,059016,7,71,187,2504,1059,3828
03-10-2026,LAZIO,12,ROMA,OLEVANO ROMANO,058073,9,75,407,4591,2507,7589
03-10-2026,LAZIO,12,VITERBO,ONANO,056040,3,7,28,358,123,519
03-10-2026,LAZIO,12,VITERBO,ORIOLO ROMANO,056041,12,82,327,3725,1750,5896
03-10-2026,LAZIO,12,VITERBO,ORTE,056042,59,609,1541,17304,7888,27401
03-10-2026,LAZIO,12,RIETI,ORVINIO,057047,0,13,25,420,183,641
03-10-2026,LAZIO,12,RIETI,PAGANICO SABINO,057048,0,1,26,204,96,327
03-10-2026,LAZIO,12,ROMA,PALESTRINA,058074,63,358,1887,21569,11052,34929
03-10-2026,LAZIO,12,FROSINONE,PALIANO,060046,14,70,539,5484,2641,8748
03-10-2026,LAZIO,12,ROMA,PALOMBARA SABINA,058075,19,186,985,12247,6064,19501
03-10-2026,LAZIO,12,FROSINONE,PASTENA,060047,4,10,75,633,247,969
03-10-2026,LAZIO,12,FROSINONE,PATRICA,060048,1,21,256,2531,1230,4039
03-10-2026,LAZIO,12,ROMA,PERCILE,058076,1,2,21,143,33,200
03-10-2026,LAZIO,12,RIETI,PESCOROCCHIANO,057049,2,4,39,715,204,964
03-10-2026,LAZIO,12,FROSINONE,PESCOSOLIDO,060049,2,15,69,941,581,1608
03-10-2026,LAZIO,12,RIETI,PETRELLA SALTO,057050,0,12,47,567,131,757
03-10-2026,LAZIO,12,VITERBO,PIANSANO,056043,0,12,89,763,307,1171
03-10-2026,LAZIO,12,FROSINONE,PICINISCO,060050,2,9,89,768,379,1247
03-10-2026,LAZIO,12,FROSINONE,PICO,060051,0,7,102,1414,702,2225
03-10-2026,LAZIO,12,FROSINONE,PIEDIMONTE SAN GERMANO,060052,16,63,447,4748,2117,7391
03-10-2026,LAZIO,12,FROSINONE,PIGLIO,060053,8,42,233,2859,1562,4704
03-10-2026,LAZIO,12,FROSINONE,PIGNATARO INTERAMNA,060054,14,12,142,1694,981,2843
03-10-2026,LAZIO,12,ROMA,PISONIANO,058077,3,6,57,863,322,1251
03-10-2026,LAZIO,12,FROSINONE,POFI,060055,4,16,208,2035,992,3255
03-10-2026,LAZIO,12,RIETI,POGGIO BUSTONE,057051,6,19,108,1317,545,1995
03-10-2026,LAZIO,12,RIETI,POGGIO CATINO,057052,3,21,77,824,341,1266
03-10-2026,LAZIO,12,RIETI,POGGIO MIRTETO,057053,24,101,594,6384,2769,9872
03-10-2026,LAZIO,12,RIETI,POGGIO MOIANO,057054,10,27,270,2850,1037,4194
03-10-2026,LAZIO,12,RIETI,POGGIO NATIVO,057055,7,22,179,2339,1065,3612
03-10-2026,LAZIO,12,RIETI,POGGIO SAN LORENZO,057056,2,1,25,326,287,641
03-10-2026,LAZIO,12,ROMA,POLI,058078,7,22,121,1664,593,2407
03-10-2026,LAZIO,12,ROMA,POMEZIA,058079,229,3593,8873,104151,44870,161716
03-10-2026,LAZIO,12,FROSINONE,PONTECORVO,060056,12,105,722,7580,3260,11679
03-10-2026,LAZIO,12,LATINA,PONTINIA,059017,55,200,1221,18254,5958,25688
03-10-2026,LAZIO,12,LATINA,PONZA,059018,10,17,183,2082,1077,3369
03-10-2026,LAZIO,12,ROMA,PONZANO ROMANO,058080,1,11,87,1057,493,1649
03-10-2026,LAZIO,12,RIETI,POSTA,057057,0,4,9,296,151,460
03-10-2026,LAZIO,12,FROSINONE,POSTA FIBRENO,060057,0,11,79,600,241,931
03-10-2026,LAZIO,12,RIETI,POZZAGLIA SABINA,057058,3,1,23,433,116,576
03-10-2026,LAZIO,12,LATINA,PRIVERNO,059019,22,348,928,12242,5120,18660
03-10-2026,LAZIO,12,VITERBO,PROCENO,056044,0,1,25,252,97,375
03-10-2026,LAZIO,12,LATINA,PROSSEDI,059020,2,5,31,530,267,835
03-10-2026,LAZIO,12,ROMA,RIANO,058081,37,241,1296,14002,6922,22498
03-10-2026,LAZIO,12,RIETI,RIETI,057059,172,1552,4785,61753,29863,98125
03-10-2026,LAZIO,12,ROMA,RIGNANO FLAMINIO,058082,31,258,1167,12293,5879,19628
03-10-2026,LAZIO,12,ROMA,RIOFREDDO,058083,3,6,28,382,85,504
03-10-2026,LAZIO,12,FROSINONE,RIPI,060058,1,31,261,2828,1163,4284
03-10-2026,LAZIO,12,RIETI,RIVODUTRI,057060,5,18,80,847,260,1210
03-10-2026,LAZIO,12,ROMA,ROCCA CANTERANO,058084,0,1,2,78,23,104
03-10-2026,LAZIO,12,FROSINONE,ROCCA D'ARCE,060059,2,10,60,554,284,910
03-10-2026,LAZIO,12,ROMA,ROCCA DI CAVE,058085,0,4,10,178,63,255
03-10-2026,LAZIO,12,ROMA,ROCCA DI PAPA,058086,65,251,1443,19568,11170,32497
03-10-2026,LAZIO,12,LATINA,ROCCA MASSIMA,059022,2,10,46,599,294,951
03-10-2026,LAZIO,12,ROMA,ROCCA PRIORA,058088,40,398,1249,15310,5997,22994
03-10-2026,LAZIO,12,ROMA,ROCCA SANTO STEFANO,058089,2,8,48,536,236,830
03-10-2026,LAZIO,12,RIETI,ROCCA SINIBALDA,057062,0,10,39,558,174,781
03-10-2026,LAZIO,12,ROMA,ROCCAGIOVINE,058087,3,3,34,241,55,336
03-10-2026,LAZIO,12,LATINA,ROCCAGORGA,059021,4,25,117,1855,844,2845
03-10-2026,LAZIO,12,RIETI,ROCCANTICA,057061,1,6,55,352,181,595
03-10-2026,LAZIO,12,FROSINONE,ROCCASECCA,060060,11,49,484,5677,3131,9352
03-10-2026,LAZIO,12,LATINA,ROCCASECCA DEI VOLSCI,059023,0,4,48,424,132,608
03-10-2026,LAZIO,12,ROMA,ROIATE,058090,0,4,41,374,178,597
03-10-2026,LAZIO,12,ROMA,ROMA,058091,11893,55829,225992,3614937,2036833,5945484
03-10-2026,LAZIO,12,VITERBO,RONCIGLIONE,056045,15,94,694,7998,4566,13367
03-10-2026,LAZIO,12,ROMA,ROVIANO,058092,1,13,80,863,233,1190
03-10-2026,LAZIO,12,LATINA,SABAUDIA,059024,83,406,2156,23398,9854,35897
03-10-2026,LAZIO,12,ROMA,SACROFANO,058093,34,182,714,9234,3936,14100
03-10-2026,LAZIO,12,RIETI,SALISANO,057063,1,1,51,318,124,495
03-10-2026,LAZIO,12,ROMA,SAMBUCI,058094,1,17,45,490,200,753
03-10-2026,LAZIO,12,FROSINONE,SAN BIAGIO SARACINISCO,060061,0,3,7,129,48,187
03-10-2026,LAZIO,12,ROMA,SAN CESAREO,058119,40,355,1517,15431,7272,24615
03-10-2026,LAZIO,12,FROSINONE,SAN DONATO VAL DI COMINO,060062,2,25,116,1295,535,1973
03-10-2026,LAZIO,12,LATINA,SAN FELICE CIRCEO,059025,17,184,591,9160,3714,13666
03-10-2026,LAZIO,12,FROSINONE,SAN GIORGIO A LIRI,060063,3,30,241,2368,1168,3810
03-10-2026,LAZIO,12,FROSINONE,SAN GIOVANNI INCARICO,060064,6,35,177,1812,680,2710
03-10-2026,LAZIO,12,ROMA,SAN GREGORIO DA SASSOLA,058095,2,9,80,1123,371,1585
03-10-2026,LAZIO,12,VITERBO,SAN LORENZO NUOVO,056047,4,4,64,696,319,1087
03-10-2026,LAZIO,12,ROMA,SAN POLO DEI CAVALIERI,058096,6,88,192,2738,1654,4678
03-10-2026,LAZIO,12,ROMA,SAN VITO ROMANO,058100,5,38,249,1934,991,3217
03-10-2026,LAZIO,12,FROSINONE,SAN VITTORE DEL LAZIO,060070,1,9,155,1560,771,2496
03-10-2026,LAZIO,12,FROSINONE,SANT'AMBROGIO SUL GARIGLIANO,060065,0,6,49,439,288,782
03-10-2026,LAZIO,12,FROSINONE,SANT'ANDREA DEL GARIGLIANO,060066,1,6,64,717,372,1160
03-10-2026,LAZIO,12,ROMA,SANT'ANGELO ROMANO,058098,19,80,498,5050,2276,7923
03-10-2026,LAZIO,12,FROSINONE,SANT'APOLLINARE,060067,5,29,151,1442,509,2136
03-10-2026,LAZIO,12,FROSINONE,SANT'ELIA FIUMERAPIDO,060068,2,88,293,3607,1694,5684
03-10-2026,LAZIO,12,ROMA,SANT'ORESTE,058099,7,40,211,2059,822,3139
03-10-2026,LAZIO,12,ROMA,SANTA MARINELLA,058097,35,485,1824,21591,9579,33514
03-10-2026,LAZIO,12,LATINA,SANTI COSMA E DAMIANO,059026,7,55,467,5176,3664,9369
03-10-2026,LAZIO,12,FROSINONE,SANTOPADRE,060069,0,8,62,480,208,758
03-10-2026,LAZIO,12,ROMA,SARACINESCO,058101,1,4,33,406,99,543
03-10-2026,LAZIO,12,RIETI,SCANDRIGLIA,057064,6,29,257,2875,1632,4799
03-10-2026,LAZIO,12,ROMA,SEGNI,058102,13,183,647,8058,2983,11884
03-10-2026,LAZIO,12,RIETI,SELCI,057065,7,17,95,833,324,1276
03-10-2026,LAZIO,12,LATINA,SERMONETA,059027,42,191,996,11721,4980,17930
03-10-2026,LAZIO,12,FROSINONE,SERRONE,060071,10,23,298,2501,1037,3869
03-10-2026,LAZIO,12,FROSINONE,SETTEFRATI,060072,0,2,23,469,912,1406
03-10-2026,LAZIO,12,LATINA,SEZZE,059028,37,374,1598,19942,8461,30412
03-10-2026,LAZIO,12,FROSINONE,SGURGOLA,060073,0,26,150,1590,623,2389
03-10-2026,LAZIO,12,LATINA,SONNINO,059029,17,57,470,4976,1840,7360
03-10-2026,LAZIO,12,FROSINONE,SORA,060074,44,178,1589,21996,10832,34639
03-10-2026,LAZIO,12,VITERBO,SORIANO NEL CIMINO,056048,14,103,665,6269,2732,9783
03-10-2026,LAZIO,12,LATINA,SPERLONGA,059030,8,44,181,2715,1298,4246
03-10-2026,LAZIO,12,LATINA,SPIGNO SATURNIA,059031,6,52,187,2263,916,3424
03-10-2026,LAZIO,12,RIETI,STIMIGLIANO,057066,2,40,222,2035,836,3135
03-10-2026,LAZIO,12,FROSINONE,STRANGOLAGALLI,060075,0,8,124,984,439,1555
03-10-2026,LAZIO,12,ROMA,SUBIACO,058103,17,62,480,6895,4071,11525
03-10-2026,LAZIO,12,FROSINONE,SUPINO,060076,7,45,338,3314,1429,5133
03-10-2026,LAZIO,12,VITERBO,SUTRI,056049,25,166,617,8588,2670,12066
03-10-2026,LAZIO,12,RIETI,TARANO,057067,3,25,91,784,412,1315
03-10-2026,LAZIO,12,VITERBO,TARQUINIA,056050,46,1024,1374,18018,6601,27063
03-10-2026,LAZIO,12,FROSINONE,TERELLE,060077,0,1,9,97,38,145
03-10-2026,LAZIO,12,LATINA,TERRACINA,059032,168,1266,3652,53512,28232,86830
03-10-2026,LAZIO,12,VITERBO,TESSENNANO,056051,1,5,41,232,71,350
03-10-2026,LAZIO,12,ROMA,TIVOLI,058104,216,1878,6257,75329,43281,126961
03-10-2026,LAZIO,12,RIETI,TOFFIA,057068,5,12,103,920,346,1386
03-10-2026,LAZIO,12,ROMA,TOLFA,058105,8,82,271,3328,1318,5007
03-10-2026,LAZIO,12,FROSINONE,TORRE CAJETANI,060078,8,12,106,1141,391,1658
03-10-2026,LAZIO,12,RIETI,TORRI IN SABINA,057070,5,9,58,868,411,1351
03-10-2026,LAZIO,12,FROSINONE,TORRICE,060079,4,54,397,3516,1741,5712
03-10-2026,LAZIO,12,RIETI,TORRICELLA IN SABINA,057069,5,49,111,1274,800,2239
03-10-2026,LAZIO,12,ROMA,TORRITA TIBERINA,058106,2,4,77,733,272,1088
03-10-2026,LAZIO,12,FROSINONE,TREVI NEL LAZIO,060080,10,14,84,1180,637,1925
03-10-2026,LAZIO,12,ROMA,TREVIGNANO ROMANO,058107,15,149,529,6240,3326,10259
03-10-2026,LAZIO,12,FROSINONE,TRIVIGLIANO,060081,5,9,102,914,395,1425
03-10-2026,LAZIO,12,RIETI,TURANIA,057071,1,7,8,200,47,263
03-10-2026,LAZIO,12,VITERBO,TUSCANIA,056052,16,62,493,5320,1932,7823
03-10-2026,LAZIO,12,RIETI,VACONE,057072,1,2,6,176,56,241
03-10-2026,LAZIO,12,VITERBO,VALENTANO,056053,5,29,153,1667,664,2518
03-10-2026,LAZIO,12,FROSINONE,VALLECORSA,060082,4,31,129,1683,793,2640
03-10-2026,LAZIO,12,FROSINONE,VALLEMAIO,060083,0,5,20,499,241,765
03-10-2026,LAZIO,12,ROMA,VALLEPIETRA,058108,0,0,2,55,12,69
03-10-2026,LAZIO,12,VITERBO,VALLERANO,056054,6,34,171,1658,667,2536
03-10-2026,LAZIO,12,FROSINONE,VALLEROTONDA,060084,2,7,58,659,267,993
03-10-2026,LAZIO,12,ROMA,VALLINFREDA,058109,0,1,21,214,126,362
03-10-2026,LAZIO,12,ROMA,VALMONTONE,058110,34,265,1661,18604,7531,28095
03-10-2026,LAZIO,12,RIETI,VARCO SABINO,057073,0,1,3,90,34,128
03-10-2026,LAZIO,12,VITERBO,VASANELLO,056055,2,42,221,2283,804,3352
03-10-2026,LAZIO,12,VITERBO,VEJANO,056056,6,18,141,1838,691,2694
03-10-2026,LAZIO,12,ROMA,VELLETRI,058111,147,1744,4842,68307,34450,109490
03-10-2026,LAZIO,12,LATINA,VENTOTENE,059033,3,15,48,525,420,1011
03-10-2026,LAZIO,12,FROSINONE,VEROLI,060085,18,192,1269,12449,5704,19632
03-10-2026,LAZIO,12,VITERBO,VETRALLA,056057,11,215,1024,10994,5412,17656
03-10-2026,LAZIO,12,FROSINONE,VICALVI,060086,0,3,33,629,497,1162
03-10-2026,LAZIO,12,FROSINONE,VICO NEL LAZIO,060087,4,18,114,1658,654,2448
03-10-2026,LAZIO,12,ROMA,VICOVARO,058112,10,27,246,3078,1323,4684
03-10-2026,LAZIO,12,VITERBO,VIGNANELLO,056058,0,35,248,2427,1385,4095
03-10-2026,LAZIO,12,FROSINONE,VILLA LATINA,060088,4,6,45,658,354,1067
03-10-2026,LAZIO,12,VITERBO,VILLA SAN GIOVANNI IN TUSCIA,056046,3,17,104,930,437,1491
03-10-2026,LAZIO,12,FROSINONE,VILLA SANTA LUCIA,060089,4,14,130,1408,599,2155
03-10-2026,LAZIO,12,FROSINONE,VILLA SANTO STEFANO,060090,3,8,59,604,152,826
03-10-2026,LAZIO,12,VITERBO,VITERBO,056059,337,4009,10149,124575,53692,192762
03-10-2026,LAZIO,12,FROSINONE,VITICUSO,060091,0,1,17,131,63,212
03-10-2026,LAZIO,12,VITERBO,VITORCHIANO,056060,15,143,684,5959,2768,9569
03-10-2026,LAZIO,12,ROMA,VIVARO ROMANO,058113,1,5,8,145,49,208
03-10-2026,LAZIO,12,ROMA,ZAGAROLO,058114,53,558,1709,24286,9090,35696
03-10-2026,LIGURIA,07,IMPERIA,AIROLE,008001,0,3,10,182,33,228
03-10-2026,LIGURIA,07,SAVONA,ALASSIO,009001,4,99,680,7310,3345,11438
03-10-2026,LIGURIA,07,SAVONA,ALBENGA,009002,12,294,1393,17015,8988,27702
03-10-2026,LIGURIA,07,SAVONA,ALBISOLA SUPERIORE,009004,6,117,658,7588,3600,11969
03-10-2026,LIGURIA,07,SAVONA,ALBISSOLA MARINA,009003,5,136,338,4638,2614,7731
03-10-2026,LIGURIA,07,SAVONA,ALTARE,009005,3,13,120,1427,624,2187
03-10-2026,LIGURIA,07,LA SPEZIA,AMEGLIA,011001,7,108,344,3713,1645,5817
03-10-2026,LIGURIA,07,SAVONA,ANDORA,009006,4,180,456,5817,3096,9553
03-10-2026,LIGURIA,07,IMPERIA,APRICALE,008002,1,1,16,236,169,423
03-10-2026,LIGURIA,07,IMPERIA,AQUILA D'ARROSCIA,008003,0,1,1,72,30,104
03-10-2026,LIGURIA,07,LA SPEZIA,ARCOLA,011002,16,232,921,9363,8556,19088
03-10-2026,LIGURIA,07,GENOVA,ARENZANO,010001,9,737,1139,11164,5768,18817
03-10-2026,LIGURIA,07,IMPERIA,ARMO,008004,0,1,7,56,5,69
03-10-2026,LIGURIA,07,SAVONA,ARNASCO,009007,0,1,16,263,178,458
03-10-2026,LIGURIA,07,IMPERIA,AURIGO,008005,0,1,6,113,59,179
03-10-2026,LIGURIA,07,GENOVA,AVEGNO,010002,4,117,163,2326,874,3484
03-10-2026,LIGURIA,07,IMPERIA,BADALUCCO,008006,1,11,56,461,118,647
03-10-2026,LIGURIA,07,IMPERIA,BAJARDO,008007,0,5,18,132,47,202
03-10-2026,LIGURIA,07,SAVONA,BALESTRINO,009008,0,5,15,318,162,500
03-10-2026,LIGURIA,07,SAVONA,BARDINETO,009009,0,7,15,263,76,361
03-10-2026,LIGURIA,07,GENOVA,BARGAGLI,010003,2,16,125,1438,551,2132
03-10-2026,LIGURIA,07,SAVONA,BERGEGGI,009010,1,17,107,855,373,1353
03-10-2026,LIGURIA,07,LA SPEZIA,BEVERINO,011003,1,14,142,1395,548,2100
03-10-2026,LIGURIA,07,GENOVA,BOGLIASCO,010004,5,46,302,5827,6299,12479
03-10-2026,LIGURIA,07,SAVONA,BOISSANO,009011,3,52,175,1840,548,2618
03-10-2026,LIGURIA,07,LA SPEZIA,BOLANO,011004,2,65,476,4896,2167,7606
03-10-2026,LIGURIA,07,LA SPEZIA,BONASSOLA,011005,0,17,60,537,128,742
03-10-2026,LIGURIA,07,IMPERIA,BORDIGHERA,008008,21,403,938,10363,4592,16317
03-10-2026,LIGURIA,07,IMPERIA,BORGHETTO D'ARROSCIA,008009,1,3,17,214,42,277
03-10-2026,LIGURIA,07,LA SPEZIA,BORGHETTO DI VARA,011006,1,4,54,648,201,908
03-10-2026,LIGURIA,07,SAVONA,BORGHETTO SANTO SPIRITO,009012,10,180,343,4379,1608,6520
03-10-2026,LIGURIA,07,SAVONA,BORGIO VEREZZI,009013,2,27,113,1311,431,1884
03-10-2026,LIGURIA,07,IMPERIA,BORGOMARO,008010,0,2,41,242,107,392
03-10-2026,LIGURIA,07,SAVONA,BORMIDA,009014,0,1,7,90,30,128
03-10-2026,LIGURIA,07,GENOVA,BORZONASCA,010005,1,24,116,933,269,1343
03-10-2026,LIGURIA,07,LA SPEZIA,BRUGNATO,011007,0,9,47,567,265,888
03-10-2026,LIGURIA,07,GENOVA,BUSALLA,010006,10,67,407,4115,1812,6411
03-10-2026,LIGURIA,07,SAVONA,CAIRO MONTENOTTE,009015,9,74,651,7472,3767,11973
03-10-2026,LIGURIA,07,LA SPEZIA,CALICE AL CORNOVIGLIO,011008,1,22,74,886,317,1300
03-10-2026,LIGURIA,07,SAVONA,CALICE LIGURE,009016,0,18,69,760,296,1143
03-10-2026,LIGURIA,07,SAVONA,CALIZZANO,009017,1,13,43,631,111,799
03-10-2026,LIGURIA,07,GENOVA,CAMOGLI,010007,10,93,289,3348,1766,5506
03-10-2026,LIGURIA,07,GENOVA,CAMPO LIGURE,010008,0,43,146,1656,473,2318
03-10-2026,LIGURIA,07,GENOVA,CAMPOMORONE,010009,2,97,373,3940,1274,5686
03-10-2026,LIGURIA,07,IMPERIA,CAMPOROSSO,008011,4,79,285,3692,1849,5909
03-10-2026,LIGURIA,07,GENOVA,CARASCO,010010,2,61,261,2908,1439,4671
03-10-2026,LIGURIA,07,IMPERIA,CARAVONICA,008012,0,1,9,153,26,189
03-10-2026,LIGURIA,07,SAVONA,CARCARE,009018,7,79,354,3863,2516,6819
03-10-2026,LIGURIA,07,LA SPEZIA,CARRO,011009,0,4,17,187,52,260
03-10-2026,LIGURIA,07,LA SPEZIA,CARRODANO,011010,0,0,19,209,44,272
03-10-2026,LIGURIA,07,SAVONA,CASANOVA LERRONE,009019,1,1,50,462,258,772
03-10-2026,LIGURIA,07,GENOVA,CASARZA LIGURE,010011,7,69,466,4928,10758,16228
03-10-2026,LIGURIA,07,GENOVA,CASELLA,010012,4,46,196,2043,757,3046
03-10-2026,LIGURIA,07,IMPERIA,CASTEL VITTORIO,008015,0,1,4,38,11,54
03-10-2026,LIGURIA,07,SAVONA,CASTELBIANCO,009020,0,1,7,149,36,193
03-10-2026,LIGURIA,07,IMPERIA,CASTELLARO,008014,2,20,75,976,513,1586
03-10-2026,LIGURIA,07,LA SPEZIA,CASTELNUOVO MAGRA,011011,6,163,580,5823,2471,9043
03-10-2026,LIGURIA,07,SAVONA,CASTELVECCHIO DI ROCCA BARBENA,009021,0,0,1,41,14,56
03-10-2026,LIGURIA,07,GENOVA,CASTIGLIONE CHIAVARESE,010013,1,5,68,1114,751,1939
03-10-2026,LIGURIA,07,SAVONA,CELLE LIGURE,009022,5,70,373,3374,1410,5232
03-10-2026,LIGURIA,07,SAVONA,CENGIO,009023,0,19,146,1471,706,2342
03-10-2026,LIGURIA,07,GENOVA,CERANESI,010014,3,66,241,2201,933,3444
03-10-2026,LIGURIA,07,SAVONA,CERIALE,009024,2,109,393,4205,1469,6178
03-10-2026,LIGURIA,07,IMPERIA,CERIANA,008016,1,10,62,490,121,684
03-10-2026,LIGURIA,07,IMPERIA,CERVO,008017,2,17,59,989,577,1644
03-10-2026,LIGURIA,07,IMPERIA,CESIO,008018,0,1,11,213,59,284
03-10-2026,LIGURIA,07,GENOVA,CHIAVARI,010015,31,1279,2262,28084,14886,46542
03-10-2026,LIGURIA,07,IMPERIA,CHIUSANICO,008019,3,4,76,454,218,755
03-10-2026,LIGURIA,07,IMPERIA,CHIUSAVECCHIA,008020,1,2,25,265,122,415
03-10-2026,LIGURIA,07,GENOVA,CICAGNA,010016,1,11,91,1025,479,1607
03-10-2026,LIGURIA,07,IMPERIA,CIPRESSA,008021,3,16,77,810,311,1217
03-10-2026,LIGURIA,07,SAVONA,CISANO SUL NEVA,009025,1,23,119,1326,642,2111
03-10-2026,LIGURIA,07,IMPERIA,CIVEZZA,008022,3,12,27,357,127,526
03-10-2026,LIGURIA,07,GENOVA,COGOLETO,010017,6,171,505,5659,2137,8478
03-10-2026,LIGURIA,07,GENOVA,COGORNO,010018,4,88,444,4111,1637,6284
03-10-2026,LIGURIA,07,GENOVA,COREGLIA LIGURE,010019,0,0,12,68,21,101
03-10-2026,LIGURIA,07,IMPERIA,COSIO D'ARROSCIA,008023,0,2,6,64,19,91
03-10-2026,LIGURIA,07,SAVONA,COSSERIA,009026,0,9,43,416,154,622
03-10-2026,LIGURIA,07,IMPERIA,COSTARAINERA,008024,1,8,88,531,161,789
03-10-2026,LIGURIA,07,GENOVA,CROCEFIESCHI,010020,1,3,28,394,257,683
03-10-2026,LIGURIA,07,GENOVA,DAVAGNA,010021,1,36,107,1100,473,1717
03-10-2026,LIGURIA,07,SAVONA,DEGO,009027,0,9,111,859,299,1278
03-10-2026,LIGURIA,07,LA SPEZIA,DEIVA MARINA,011012,1,16,95,1026,438,1576
03-10-2026,LIGURIA,07,IMPERIA,DIANO ARENTINO,008025,2,6,40,351,127,526
03-10-2026,LIGURIA,07,IMPERIA,DIANO CASTELLO,008026,0,29,157,1601,792,2579
03-10-2026,LIGURIA,07,IMPERIA,DIANO MARINA,008027,2,62,366,4649,3019,8098
03-10-2026,LIGURIA,07,IMPERIA,DIANO SAN PIETRO,008028,1,14,50,686,322,1073
03-10-2026,LIGURIA,07,IMPERIA,DOLCEACQUA,008029,15,12,111,1112,529,1779
03-10-2026,LIGURIA,07,IMPERIA,DOLCEDO,008030,1,21,82,786,436,1326
03-10-2026,LIGURIA,07,SAVONA,ERLI,009028,0,2,11,88,23,124
03-10-2026,LIGURIA,07,GENOVA,FASCIA,010022,0,0,7,26,4,37
03-10-2026,LIGURIA,07,GENOVA,FAVALE DI MALVARO,010023,0,2,14,93,21,130
03-10-2026,LIGURIA,07,SAVONA,FINALE LIGURE,009029,12,69,622,7441,3357,11501
03-10-2026,LIGURIA,07,LA SPEZIA,FOLLO,011013,9,126,503,5633,7830,14101
03-10-2026,LIGURIA,07,GENOVA,FONTANIGORDA,010024,0,2,11,261,21,295
03-10-2026,LIGURIA,07,LA SPEZIA,FRAMURA,011014,0,3,29,283,55,370
03-10-2026,LIGURIA,07,SAVONA,GARLENDA,009030,5,9,77,1118,591,1800
03-10-2026,LIGURIA,07,GENOVA,GENOVA,010025,1238,11532,43024,531718,294056,881568
03-10-2026,LIGURIA,07,SAVONA,GIUSTENICE,009031,3,1,55,414,169,642
03-10-2026,LIGURIA,07,SAVONA,GIUSVALLA,009032,0,1,8,150,49,208
03-10-2026,LIGURIA,07,GENOVA,GORRETO,010026,0,7,4,72,33,116
03-10-2026,LIGURIA,07,IMPERIA,IMPERIA,008031,68,1775,3629,45368,23302,74142
03-10-2026,LIGURIA,07,GENOVA,ISOLA DEL CANTONE,010027,3,5,55,864,269,1196
03-10-2026,LIGURIA,07,IMPERIA,ISOLABONA,008032,1,8,22,455,168,654
03-10-2026,LIGURIA,07,LA SPEZIA,LA SPEZIA,011015,206,4551,10506,124374,117393,257030
03-10-2026,LIGURIA,07,SAVONA,LAIGUEGLIA,009033,1,14,91,1335,676,2117
03-10-2026,LIGURIA,07,GENOVA,LAVAGNA,010028,14,349,838,9928,5424,16553
03-10-2026,LIGURIA,07,GENOVA,LEIVI,010029,4,36,178,1778,804,2800
03-10-2026,LIGURIA,07,LA SPEZIA,LERICI,011016,27,244,814,9282,11273,21640
03-10-2026,LIGURIA,07,LA SPEZIA,LEVANTO,011017,4,77,293,2905,1056,4335
03-10-2026,LIGURIA,07,SAVONA,LOANO,009034,11,144,695,7057,3160,11067
03-10-2026,LIGURIA,07,GENOVA,LORSICA,010030,0,1,18,209,120,348
03-10-2026,LIGURIA,07,IMPERIA,LUCINASCO,008033,0,0,29,183,63,275
03-10-2026,LIGURIA,07,GENOVA,LUMARZO,010031,1,2,34,592,161,790
03-10-2026,LIGURIA,07,LA SPEZIA,LUNI,011020,16,76,414,5188,2601,8295
03-10-2026,LIGURIA,07,SAVONA,MAGLIOLO,009035,0,23,54,723,258,1058
03-10-2026,LIGURIA,07,LA SPEZIA,MAISSANA,011018,0,2,21,170,40,233
03-10-2026,LIGURIA,07,SAVONA,MALLARE,009036,0,5,34,278,127,444
03-10-2026,LIGURIA,07,GENOVA,MASONE,010032,0,16,153,1758,535,2462
03-10-2026,LIGURIA,07,SAVONA,MASSIMINO,009037,0,0,4,25,4,33
03-10-2026,LIGURIA,07,GENOVA,MELE,010033,4,33,137,1235,473,1882
03-10-2026,LIGURIA,07,IMPERIA,MENDATICA,008034,0,1,6,58,29,94
03-10-2026,LIGURIA,07,GENOVA,MEZZANEGO,010034,1,31,69,817,297,1215
03-10-2026,LIGURIA,07,GENOVA,MIGNANEGO,010035,3,74,168,2594,1277,4116
03-10-2026,LIGURIA,07,SAVONA,MILLESIMO,009038,6,27,196,1907,1017,3153
03-10-2026,LIGURIA,07,SAVONA,MIOGLIA,009039,0,4,24,322,79,429
03-10-2026,LIGURIA,07,GENOVA,MOCONESI,010036,7,22,86,982,256,1353
03-10-2026,LIGURIA,07,IMPERIA,MOLINI DI TRIORA,008035,1,4,25,356,313,699
03-10-2026,LIGURIA,07,GENOVA,MONEGLIA,010037,2,26,115,1368,651,2162
03-10-2026,LIGURIA,07,IMPERIA,MONTALTO CARPASIO,008068,1,9,23,240,71,344
03-10-2026,LIGURIA,07,GENOVA,MONTEBRUNO,010038,0,1,7,69,19,96
03-10-2026,LIGURIA,07,IMPERIA,MONTEGROSSO PIAN LATTE,008037,2,1,8,30,11,52
03-10-2026,LIGURIA,07,LA SPEZIA,MONTEROSSO AL MARE,011019,0,4,75,700,271,1050
03-10-2026,LIGURIA,07,GENOVA,MONTOGGIO,010039,4,58,145,1421,412,2040
03-10-2026,LIGURIA,07,SAVONA,MURIALDO,009040,2,5,11,260,91,369
03-10-2026,LIGURIA,07,SAVONA,NASINO,009041,0,0,5,26,8,39
03-10-2026,LIGURIA,07,GENOVA,NE,010040,2,11,91,1039,316,1459
03-10-2026,LIGURIA,07,GENOVA,NEIRONE,010041,7,16,51,624,226,924
03-10-2026,LIGURIA,07,SAVONA,NOLI,009042,5,12,165,1517,697,2396
03-10-2026,LIGURIA,07,IMPERIA,OLIVETTA SAN MICHELE,008038,0,1,7,52,12,72
03-10-2026,LIGURIA,07,SAVONA,ONZO,009043,0,0,6,64,19,89
03-10-2026,LIGURIA,07,SAVONA,ORCO FEGLINO,009044,1,11,38,393,130,573
03-10-2026,LIGURIA,07,GENOVA,ORERO,010042,0,11,20,242,73,346
03-10-2026,LIGURIA,07,SAVONA,ORTOVERO,009045,2,9,89,1029,565,1694
03-10-2026,LIGURIA,07,SAVONA,OSIGLIA,009046,0,2,19,94,46,161
03-10-2026,LIGURIA,07,IMPERIA,OSPEDALETTI,008039,1,44,197,2111,1037,3390
03-10-2026,LIGURIA,07,SAVONA,PALLARE,009047,0,2,41,246,84,373
03-10-2026,LIGURIA,07,IMPERIA,PERINALDO,008040,0,4,31,275,130,440
03-10-2026,LIGURIA,07,SAVONA,PIANA CRIXIA,009048,1,10,49,326,133,519
03-10-2026,LIGURIA,07,SAVONA,PIETRA LIGURE,009049,6,355,561,7748,4750,13420
03-10-2026,LIGURIA,07,IMPERIA,PIETRABRUNA,008041,0,1,15,152,50,218
03-10-2026,LIGURIA,07,IMPERIA,PIEVE DI TECO,008042,0,8,53,755,453,1269
03-10-2026,LIGURIA,07,GENOVA,PIEVE LIGURE,010043,0,51,179,2148,1505,3883
03-10-2026,LIGURIA,07,IMPERIA,PIGNA,008043,2,4,26,322,103,457
03-10-2026,LIGURIA,07,LA SPEZIA,PIGNONE,011021,0,6,22,179,85,292
03-10-2026,LIGURIA,07,SAVONA,PLODIO,009050,1,2,25,437,305,770
03-10-2026,LIGURIA,07,IMPERIA,POMPEIANA,008044,1,11,47,541,197,797
03-10-2026,LIGURIA,07,IMPERIA,PONTEDASSIO,008045,3,34,181,1685,648,2551
03-10-2026,LIGURIA,07,SAVONA,PONTINVREA,009051,2,5,28,513,127,675
03-10-2026,LIGURIA,07,IMPERIA,PORNASSIO,008046,0,2,25,251,63,341
03-10-2026,LIGURIA,07,GENOVA,PORTOFINO,010044,0,5,16,188,68,277
03-10-2026,LIGURIA,07,LA SPEZIA,PORTOVENERE,011022,4,62,215,2645,1773,4699
03-10-2026,LIGURIA,07,IMPERIA,PRELÀ,008047,1,6,14,242,66,329
03-10-2026,LIGURIA,07,GENOVA,PROPATA,010045,0,2,4,45,13,64
03-10-2026,LIGURIA,07,SAVONA,QUILIANO,009052,6,61,502,4640,1933,7142
03-10-2026,LIGURIA,07,IMPERIA,RANZO,008048,3,2,38,291,107,441
03-10-2026,LIGURIA,07,GENOVA,RAPALLO,010046,65,564,2225,24501,12104,39459
03-10-2026,LIGURIA,07,GENOVA,RECCO,010047,4,163,648,6709,3541,11065
03-10-2026,LIGURIA,07,IMPERIA,REZZO,008049,0,1,10,85,38,134
03-10-2026,LIGURIA,07,GENOVA,REZZOAGLIO,010048,2,7,29,574,282,894
03-10-2026,LIGURIA,07,SAVONA,RIALTO,009053,0,4,48,274,64,390
03-10-2026,LIGURIA,07,LA SPEZIA,RICCÒ DEL GOLFO DI SPEZIA,011023,4,77,314,3265,1316,4976
03-10-2026,LIGURIA,07,LA SPEZIA,RIOMAGGIORE,011024,3,7,74,648,244,976
03-10-2026,LIGURIA,07,IMPERIA,RIVA LIGURE,008050,1,23,154,2061,1325,3564
03-10-2026,LIGURIA,07,SAVONA,ROCCAVIGNALE,009054,0,9,38,262,52,361
03-10-2026,LIGURIA,07,LA SPEZIA,ROCCHETTA DI VARA,011025,0,12,26,197,48,283
03-10-2026,LIGURIA,07,IMPERIA,ROCCHETTA NERVINA,008051,4,0,39,274,106,423
03-10-2026,LIGURIA,07,GENOVA,RONCO SCRIVIA,010049,2,36,288,3063,1483,4872
03-10-2026,LIGURIA,07,GENOVA,RONDANINA,010050,0,3,3,26,10,42
03-10-2026,LIGURIA,07,GENOVA,ROSSIGLIONE,010051,0,22,118,1486,492,2118
03-10-2026,LIGURIA,07,GENOVA,ROVEGNO,010052,0,2,30,263,46,341
03-10-2026,LIGURIA,07,IMPERIA,SAN BARTOLOMEO AL MARE,008052,6,26,218,2700,922,3872
03-10-2026,LIGURIA,07,IMPERIA,SAN BIAGIO DELLA CIMA,008053,3,15,58,742,279,1097
03-10-2026,LIGURIA,07,GENOVA,SAN COLOMBANO CERTENOLI,010053,1,13,116,1026,315,1471
03-10-2026,LIGURIA,07,IMPERIA,SAN LORENZO AL MARE,008054,2,26,91,940,298,1357
03-10-2026,LIGURIA,07,IMPERIA,SANREMO,008055,115,1183,4297,56639,26644,88878
03-10-2026,LIGURIA,07,GENOVA,SANT'OLCESE,010055,4,51,299,2930,1171,4455
03-10-2026,LIGURIA,07,GENOVA,SANTA MARGHERITA LIGURE,010054,11,74,443,6690,3999,11217
03-10-2026,LIGURIA,07,IMPERIA,SANTO STEFANO AL MARE,008056,1,63,197,1561,580,2402
03-10-2026,LIGURIA,07,GENOVA,SANTO STEFANO D'AVETO,010056,0,7,15,312,159,493
03-10-2026,LIGURIA,07,LA SPEZIA,SANTO STEFANO DI MAGRA,011026,13,257,1185,11219,5024,17698
03-10-2026,LIGURIA,07,LA SPEZIA,SARZANA,011027,50,641,2327,23117,19515,45650
03-10-2026,LIGURIA,07,SAVONA,SASSELLO,009055,1,39,114,954,315,1423
03-10-2026,LIGURIA,07,GENOVA,SAVIGNONE,010057,4,24,251,2047,860,3186
03-10-2026,LIGURIA,07,SAVONA,SAVONA,009056,117,2019,6332,66793,31138,106399
03-10-2026,LIGURIA,07,IMPERIA,SEBORGA,008057,1,4,10,152,80,247
03-10-2026,LIGURIA,07,GENOVA,SERRA RICCÒ,010058,3,65,423,4388,1962,6841
03-10-2026,LIGURIA,07,LA SPEZIA,SESTA GODANO,011028,1,16,43,574,191,825
03-10-2026,LIGURIA,07,GENOVA,SESTRI LEVANTE,010059,14,164,1036,12104,7078,20396
03-10-2026,LIGURIA,07,IMPERIA,SOLDANO,008058,1,6,30,425,210,672
03-10-2026,LIGURIA,07,GENOVA,SORI,010060,1,42,250,2810,1645,4748
03-10-2026,LIGURIA,07,SAVONA,SPOTORNO,009057,6,43,211,2478,1494,4232
03-10-2026,LIGURIA,07,SAVONA,STELLA,009058,1,16,156,1456,736,2365
03-10-2026,LIGURIA,07,SAVONA,STELLANELLO,009059,0,5,37,376,142,560
03-10-2026,LIGURIA,07,IMPERIA,TAGGIA,008059,12,398,1004,11738,5236,18388
03-10-2026,LIGURIA,07,IMPERIA,TERZORIO,008060,0,3,18,113,39,173
03-10-2026,LIGURIA,07,SAVONA,TESTICO,009060,0,0,5,39,8,52
03-10-2026,LIGURIA,07,GENOVA,TIGLIETO,010061,0,10,19,254,57,340
03-10-2026,LIGURIA,07,SAVONA,TOIRANO,009061,3,90,159,1866,664,2782
03-10-2026,LIGURIA,07,GENOVA,TORRIGLIA,010062,3,23,111,1349,688,2174
03-10-2026,LIGURIA,07,SAVONA,TOVO SAN GIACOMO,009062,6,107,130,1520,472,2235
03-10-2026,LIGURIA,07,GENOVA,TRIBOGNA,010063,0,10,32,329,91,462
03-10-2026,LIGURIA,07,IMPERIA,TRIORA,008061,0,2,21,118,53,194
03-10-2026,LIGURIA,07,SAVONA,URBE,009063,0,21,41,470,300,832
03-10-2026,LIGURIA,07,GENOVA,USCIO,010064,1,22,98,1073,529,1723
03-10-2026,LIGURIA,07,SAVONA,VADO LIGURE,009064,14,149,628,5543,2289,8623
03-10-2026,LIGURIA,07,GENOVA,VALBREVENNA,010065,0,16,55,588,159,818
03-10-2026,LIGURIA,07,IMPERIA,VALLEBONA,008062,6,26,71,925,313,1341
03-10-2026,LIGURIA,07,IMPERIA,VALLECROSIA AL MARE,008063,2,16,32,883,186,1119
03-10-2026,LIGURIA,07,SAVONA,VARAZZE,009065,12,145,783,8800,4862,14602
03-10-2026,LIGURIA,07,LA SPEZIA,VARESE LIGURE,011029,3,5,62,623,216,909
03-10-2026,LIGURIA,07,IMPERIA,VASIA,008064,0,3,11,177,46,237
03-10-2026,LIGURIA,07,SAVONA,VENDONE,009066,0,1,14,114,35,164
03-10-2026,LIGURIA,07,IMPERIA,VENTIMIGLIA,008065,21,322,1360,15952,9103,26758
03-10-2026,LIGURIA,07,LA SPEZIA,VERNAZZA,011030,0,3,34,387,106,530
03-10-2026,LIGURIA,07,IMPERIA,VESSALICO,008066,0,0,22,117,59,198
03-10-2026,LIGURIA,07,LA SPEZIA,VEZZANO LIGURE,011031,6,148,662,6174,2287,9277
03-10-2026,LIGURIA,07,SAVONA,VEZZI PORTIO,009067,1,6,67,495,158,727
03-10-2026,LIGURIA,07,IMPERIA,VILLA FARALDI,008067,4,7,24,269,76,380
03-10-2026,LIGURIA,07,SAVONA,VILLANOVA D'ALBENGA,009068,3,44,158,1808,701,2714
03-10-2026,LIGURIA,07,GENOVA,VOBBIA,010066,0,3,13,241,98,355
03-10-2026,LIGURIA,07,LA SPEZIA,ZIGNAGO,011032,0,3,15,223,24,265
03-10-2026,LIGURIA,07,GENOVA,ZOAGLI,010067,2,62,170,1653,800,2687
03-10-2026,LIGURIA,07,SAVONA,ZUCCARELLO,009069,0,2,31,242,63,338
03-10-2026,LOMBARDIA,03,LODI,ABBADIA CERRETO,098001,0,4,16,150,87,257
03-10-2026,LOMBARDIA,03,LECCO,ABBADIA LARIANA,097001,3,37,273,1988,716,3017
03-10-2026,LOMBARDIA,03,MILANO,ABBIATEGRASSO,015002,150,1405,5016,52498,27476,86545
03-10-2026,LOMBARDIA,03,BRESCIA,ACQUAFREDDA,017001,2,19,113,1106,430,1670
03-10-2026,LOMBARDIA,03,CREMONA,ACQUANEGRA CREMONESE,019001,1,6,131,894,474,1506
03-10-2026,LOMBARDIA,03,MANTOVA,ACQUANEGRA SUL CHIESE,020001,0,15,129,1101,456,1701
03-10-2026,LOMBARDIA,03,BERGAMO,ADRARA SAN MARTINO,016001,0,24,191,1691,855,2761
03-10-2026,LOMBARDIA,03,BERGAMO,ADRARA SAN ROCCO,016002,0,6,43,455,182,686
03-10-2026,LOMBARDIA,03,BRESCIA,ADRO,017002,4,89,819,5535,2584,9031
03-10-2026,LOMBARDIA,03,CREMONA,AGNADELLO,019002,4,44,499,3457,1712,5716
03-10-2026,LOMBARDIA,03,BRESCIA,AGNOSINE,017003,0,26,103,954,467,1550
03-10-2026,LOMBARDIA,03,VARESE,AGRA,012001,0,6,14,124,64,208
03-10-2026,LOMBARDIA,03,MONZA E DELLA BRIANZA,AGRATE BRIANZA,108001,35,681,1886,19526,9626,31754
03-10-2026,LOMBARDIA,03,MONZA E DELLA BRIANZA,AICURZIO,108002,4,69,274,2739,1455,4541
03-10-2026,LOMBARDIA,03,LECCO,AIRUNO,097002,5,40,304,2361,974,3684
03-10-2026,LOMBARDIA,03,PAVIA,ALAGNA,018001,2,12,85,781,282,1162
03-10-2026,LOMBARDIA,03,MILANO,ALBAIRATE,015005,9,90,442,3738,1752,6031
03-10-2026,LOMBARDIA,03,BERGAMO,ALBANO SANT'ALESSANDRO,016003,15,212,887,8885,4350,14349
03-10-2026,LOMBARDIA,03,SONDRIO,ALBAREDO PER SAN MARCO,014001,0,0,6,379,530,915
03-10-2026,LOMBARDIA,03,COMO,ALBAVILLA,013003,9,109,574,5581,2960,9233
03-10-2026,LOMBARDIA,03,COMO,ALBESE CON CASSANO,013004,4,75,383,3589,1241,5292
03-10-2026,LOMBARDIA,03,MONZA E DELLA BRIANZA,ALBIATE,108003,9,185,798,7153,3585,11730
03-10-2026,LOMBARDIA,03,BERGAMO,ALBINO,016004,5,186,1148,10640,5151,17130
03-10-2026,LOMBARDIA,03,COMO,ALBIOLO,013005,4,35,264,2087,987,3377
03-10-2026,LOMBARDIA,03,VARESE,ALBIZZATE,012002,3,111,537,5322,2347,8320
03-10-2026,LOMBARDIA,03,PAVIA,ALBONESE,018003,3,4,37,314,96,454
03-10-2026,LOMBARDIA,03,SONDRIO,ALBOSAGGIA,014002,4,26,180,1629,610,2449
03-10-2026,LOMBARDIA,03,PAVIA,ALBUZZANO,018004,1,36,366,2987,1308,4698
03-10-2026,LOMBARDIA,03,BRESCIA,ALFIANELLO,017004,6,12,266,1845,1031,3160
03-10-2026,LOMBARDIA,03,BERGAMO,ALGUA,016248,2,3,57,531,227,820
03-10-2026,LOMBARDIA,03,BERGAMO,ALMENNO SAN BARTOLOMEO,016006,2,76,677,4486,2249,7490
03-10-2026,LOMBARDIA,03,BERGAMO,ALMENNO SAN SALVATORE,016007,1,108,496,3684,1617,5906
03-10-2026,LOMBARDIA,03,BERGAMO,ALMÈ,016005,5,133,520,3993,1920,6571
03-10-2026,LOMBARDIA,03,COMO,ALSERIO,013006,0,36,123,1228,482,1869
03-10-2026,LOMBARDIA,03,COMO,ALTA VALLE INTELVI,013253,8,37,257,2130,923,3355
03-10-2026,LOMBARDIA,03,BERGAMO,ALZANO LOMBARDO,016008,31,1831,1770,19607,6616,29855
03-10-2026,LOMBARDIA,03,COMO,ALZATE BRIANZA,013007,0,106,402,3872,1659,6039
03-10-2026,LOMBARDIA,03,BERGAMO,AMBIVERE,016009,0,21,279,1805,858,2963
03-10-2026,LOMBARDIA,03,SONDRIO,ANDALO VALTELLINO,014003,0,2,26,282,103,413
03-10-2026,LOMBARDIA,03,BRESCIA,ANFO,017005,0,5,21,229,97,352
03-10-2026,LOMBARDIA,03,VARESE,ANGERA,012003,4,114,583,4613,1891,7205
03-10-2026,LOMBARDIA,03,BRESCIA,ANGOLO TERME,017006,2,11,173,1218,600,2004
03-10-2026,LOMBARDIA,03,CREMONA,ANNICCO,019003,0,4,134,1107,467,1712
03-10-2026,LOMBARDIA,03,LECCO,ANNONE DI BRIANZA,097003,2,30,193,1853,1102,3180
03-10-2026,LOMBARDIA,03,BERGAMO,ANTEGNATE,016010,10,52,426,4431,2187,7106
03-10-2026,LOMBARDIA,03,COMO,ANZANO DEL PARCO,013009,3,59,153,1503,513,2231
03-10-2026,LOMBARDIA,03,COMO,APPIANO GENTILE,013010,11,331,877,8477,4057,13753
03-10-2026,LOMBARDIA,03,SONDRIO,APRICA,014004,1,11,77,835,280,1204
03-10-2026,LOMBARDIA,03,BERGAMO,ARCENE,016011,2,71,630,5733,2930,9366
03-10-2026,LOMBARDIA,03,VARESE,ARCISATE,012004,8,91,710,6752,3529,11090
03-10-2026,LOMBARDIA,03,MILANO,ARCONATE,015007,10,235,777,6653,2807,10482
03-10-2026,LOMBARDIA,03,MONZA E DELLA BRIANZA,ARCORE,108004,44,319,2587,21009,10085,34044
03-10-2026,LOMBARDIA,03,SONDRIO,ARDENNO,014005,5,43,227,1551,419,2245
03-10-2026,LOMBARDIA,03,BERGAMO,ARDESIO,016012,2,12,111,1415,625,2165
03-10-2026,LOMBARDIA,03,PAVIA,ARENA PO,018005,4,8,149,1165,500,1826
03-10-2026,LOMBARDIA,03,MILANO,ARESE,015009,31,869,2924,25498,17057,46379
03-10-2026,LOMBARDIA,03,COMO,ARGEGNO,013011,0,8,53,539,415,1015
03-10-2026,LOMBARDIA,03,MILANO,ARLUNO,015010,29,703,1632,15425,7186,24975
03-10-2026,LOMBARDIA,03,COMO,AROSIO,013012,5,159,611,5368,2480,8623
03-10-2026,LOMBARDIA,03,VARESE,ARSAGO SEPRIO,012005,4,109,408,3663,1438,5622
03-10-2026,LOMBARDIA,03,BRESCIA,ARTOGNE,017007,2,31,265,2469,1181,3948
03-10-2026,LOMBARDIA,03,BERGAMO,ARZAGO D'ADDA,016013,4,37,250,2308,1402,4001
03-10-2026,LOMBARDIA,03,MANTOVA,ASOLA,020002,10,245,739,6945,2447,10386
03-10-2026,LOMBARDIA,03,MILANO,ASSAGO,015011,27,654,1430,14197,6331,22639
03-10-2026,LOMBARDIA,03,COMO,ASSO,013013,4,57,334,3241,1333,4969
03-10-2026,LOMBARDIA,03,BERGAMO,AVERARA,016014,0,0,12,68,36,116
03-10-2026,LOMBARDIA,03,BERGAMO,AVIATICO,016015,1,7,48,426,204,686
03-10-2026,LOMBARDIA,03,CREMONA,AZZANELLO,019004,0,6,62,462,192,722
03-10-2026,LOMBARDIA,03,BRESCIA,AZZANO MELLA,017008,2,100,521,3344,1385,5352
03-10-2026,LOMBARDIA,03,BERGAMO,AZZANO SAN PAOLO,016016,10,137,908,8248,4198,13501
03-10-2026,LOMBARDIA,03,VARESE,AZZATE,012006,3,127,606,4241,1960,6937
03-10-2026,LOMBARDIA,03,VARESE,AZZIO,012007,1,8,38,417,132,596
03-10-2026,LOMBARDIA,03,BERGAMO,AZZONE,016017,0,1,7,60,60,128
03-10-2026,LOMBARDIA,03,PAVIA,BADIA PAVESE,018006,0,11,24,329,115,479
03-10-2026,LOMBARDIA,03,PAVIA,BAGNARIA,018007,0,7,27,262,50,346
03-10-2026,LOMBARDIA,03,BERGAMO,BAGNATICA,016018,6,72,418,3868,2334,6698
03-10-2026,LOMBARDIA,03,CREMONA,BAGNOLO CREMASCO,019005,4,36,572,4866,2676,8154
03-10-2026,LOMBARDIA,03,BRESCIA,BAGNOLO MELLA,017009,11,433,1500,12503,5314,19761
03-10-2026,LOMBARDIA,03,MANTOVA,BAGNOLO SAN VITO,020003,13,113,615,5355,2330,8426
03-10-2026,LOMBARDIA,03,BRESCIA,BAGOLINO,017010,0,8,160,1090,597,1855
03-10-2026,LOMBARDIA,03,LECCO,BALLABIO,097004,8,65,399,3238,1453,5163
03-10-2026,LOMBARDIA,03,MILANO,BARANZATE,015250,58,413,2311,27315,14501,44598
03-10-2026,LOMBARDIA,03,VARESE,BARASSO,012008,1,37,157,1411,732,2338
03-10-2026,LOMBARDIA,03,BRESCIA,BARBARIGA,017011,1,17,172,1544,750,2484
03-10-2026,LOMBARDIA,03,BERGAMO,BARBATA,016019,0,1,60,868,504,1433
03-10-2026,LOMBARDIA,03,PAVIA,BARBIANELLO,018008,1,4,41,486,200,732
03-10-2026,LOMBARDIA,03,VARESE,BARDELLO CON MALGESSO E BREGANO,012144,3,78,333,3022,1408,4844
03-10-2026,LOMBARDIA,03,MILANO,BAREGGIO,015012,53,1251,2596,24691,10733,39324
03-10-2026,LOMBARDIA,03,BRESCIA,BARGHE,017012,1,8,84,565,219,877
03-10-2026,LOMBARDIA,03,BERGAMO,BARIANO,016020,10,51,481,3653,1623,5818
03-10-2026,LOMBARDIA,03,MONZA E DELLA BRIANZA,BARLASSINA,108005,7,161,674,7600,5256,13698
03-10-2026,LOMBARDIA,03,COMO,BARNI,013015,0,11,60,649,152,872
03-10-2026,LOMBARDIA,03,LECCO,BARZAGO,097005,0,32,260,1840,802,2934
03-10-2026,LOMBARDIA,03,BERGAMO,BARZANA,016021,2,18,171,1223,487,1901
03-10-2026,LOMBARDIA,03,LECCO,BARZANÒ,097006,3,76,440,3478,1611,5608
03-10-2026,LOMBARDIA,03,LECCO,BARZIO,097007,0,33,190,1408,554,2185
03-10-2026,LOMBARDIA,03,PAVIA,BASCAPÈ,018009,3,24,209,1782,822,2840
03-10-2026,LOMBARDIA,03,MILANO,BASIANO,015014,5,57,452,3765,1680,5959
03-10-2026,LOMBARDIA,03,MILANO,BASIGLIO,015015,11,314,1252,13042,8850,23469
03-10-2026,LOMBARDIA,03,BRESCIA,BASSANO BRESCIANO,017013,2,68,202,2084,1010,3366
03-10-2026,LOMBARDIA,03,PAVIA,BASTIDA PANCARANA,018011,0,2,82,570,214,868
03-10-2026,LOMBARDIA,03,PAVIA,BATTUDA,018012,4,13,102,732,324,1175
03-10-2026,LOMBARDIA,03,VARESE,BEDERO VALCUVIA,012010,1,16,93,628,192,930
03-10-2026,LOMBARDIA,03,BRESCIA,BEDIZZOLE,017014,15,253,1048,9020,4357,14693
03-10-2026,LOMBARDIA,03,BERGAMO,BEDULITA,016022,1,8,31,279,117,436
03-10-2026,LOMBARDIA,03,PAVIA,BELGIOIOSO,018013,15,97,520,6174,2938,9744
03-10-2026,LOMBARDIA,03,COMO,BELLAGIO,013250,5,41,222,2304,1229,3801
03-10-2026,LOMBARDIA,03,LECCO,BELLANO,097008,1,72,303,2599,1167,4142
03-10-2026,LOMBARDIA,03,MILANO,BELLINZAGO LOMBARDO,015016,14,74,564,4391,2092,7135
03-10-2026,LOMBARDIA,03,MONZA E DELLA BRIANZA,BELLUSCO,108006,11,106,834,7288,3601,11840
03-10-2026,LOMBARDIA,03,SONDRIO,BEMA,014006,0,6,7,113,12,138
03-10-2026,LOMBARDIA,03,COMO,BENE LARIO,013021,0,1,9,77,32,119
03-10-2026,LOMBARDIA,03,BERGAMO,BERBENNO,016023,0,20,112,1319,453,1904
03-10-2026,LOMBARDIA,03,SONDRIO,BERBENNO DI VALTELLINA,014007,6,32,247,1836,691,2812
03-10-2026,LOMBARDIA,03,COMO,BEREGAZZO CON FIGLIARO,013022,5,40,361,2116,1135,3657
03-10-2026,LOMBARDIA,03,PAVIA,BEREGUARDO,018014,10,47,272,2425,762,3516
03-10-2026,LOMBARDIA,03,BERGAMO,BERGAMO,016024,317,3596,13733,170487,96961,285094
03-10-2026,LOMBARDIA,03,BRESCIA,BERLINGO,017015,2,29,259,2031,926,3247
03-10-2026,LOMBARDIA,03,MONZA E DELLA BRIANZA,BERNAREGGIO,108007,10,258,1519,12433,6096,20316
03-10-2026,LOMBARDIA,03,MILANO,BERNATE TICINO,015019,4,51,305,2223,1083,3666
03-10-2026,LOMBARDIA,03,LODI,BERTONICO,098002,3,21,125,1030,492,1671
03-10-2026,LOMBARDIA,03,BRESCIA,BERZO DEMO,017016,1,5,50,505,212,773
03-10-2026,LOMBARDIA,03,BRESCIA,BERZO INFERIORE,017017,1,26,166,1851,1298,3342
03-10-2026,LOMBARDIA,03,BERGAMO,BERZO SAN FERMO,016025,0,4,87,868,488,1447
03-10-2026,LOMBARDIA,03,MONZA E DELLA BRIANZA,BESANA IN BRIANZA,108008,22,439,1727,15283,7250,24721
03-10-2026,LOMBARDIA,03,VARESE,BESANO,012011,2,23,280,2000,809,3114
03-10-2026,LOMBARDIA,03,MILANO,BESATE,015022,1,29,176,1695,639,2540
03-10-2026,LOMBARDIA,03,VARESE,BESNATE,012012,10,80,552,4536,2221,7399
03-10-2026,LOMBARDIA,03,VARESE,BESOZZO,012013,11,163,999,6841,2966,10980
03-10-2026,LOMBARDIA,03,VARESE,BIANDRONNO,012014,6,90,344,2408,958,3806
03-10-2026,LOMBARDIA,03,BERGAMO,BIANZANO,016026,0,6,59,343,137,545
03-10-2026,LOMBARDIA,03,SONDRIO,BIANZONE,014008,1,8,90,746,207,1052
03-10-2026,LOMBARDIA,03,MONZA E DELLA BRIANZA,BIASSONO,108009,19,474,1630,14016,7578,23717
03-10-2026,LOMBARDIA,03,BRESCIA,BIENNO,017018,1,14,185,2263,1242,3705
03-10-2026,LOMBARDIA,03,COMO,BINAGO,013023,10,111,511,4472,2237,7341
03-10-2026,LOMBARDIA,03,MILANO,BINASCO,015024,14,137,803,8494,4510,13958
03-10-2026,LOMBARDIA,03,BRESCIA,BIONE,017019,1,18,105,651,301,1076
03-10-2026,LOMBARDIA,03,VARESE,BISUSCHIO,012015,9,38,349,2639,1256,4291
03-10-2026,LOMBARDIA,03,COMO,BIZZARONE,013024,3,53,191,1717,659,2623
03-10-2026,LOMBARDIA,03,BERGAMO,BLELLO,016027,0,0,4,58,20,82
03-10-2026,LOMBARDIA,03,COMO,BLESSAGNO,013025,0,4,10,131,74,219
03-10-2026,LOMBARDIA,03,COMO,BLEVIO,013026,2,11,63,883,382,1341
03-10-2026,LOMBARDIA,03,VARESE,BODIO LOMNAGO,012016,2,39,231,1888,1031,3191
03-10-2026,LOMBARDIA,03,LODI,BOFFALORA D'ADDA,098003,1,17,154,1323,732,2227
03-10-2026,LOMBARDIA,03,MILANO,BOFFALORA SOPRA TICINO,015026,9,138,468,4290,2432,7337
03-10-2026,LOMBARDIA,03,BERGAMO,BOLGARE,016028,0,76,785,6507,3867,11235
03-10-2026,LOMBARDIA,03,MILANO,BOLLATE,015027,75,1442,4787,47980,21588,75872
03-10-2026,LOMBARDIA,03,BERGAMO,BOLTIERE,016029,6,246,755,7203,3819,12029
03-10-2026,LOMBARDIA,03,BERGAMO,BONATE SOPRA,016030,32,168,1487,11666,5374,18727
03-10-2026,LOMBARDIA,03,BERGAMO,BONATE SOTTO,016031,8,144,834,7538,3020,11544
03-10-2026,LOMBARDIA,03,CREMONA,BONEMERSE,019006,3,16,113,947,325,1404
03-10-2026,LOMBARDIA,03,CREMONA,BORDOLANO,019007,0,3,27,549,410,989
03-10-2026,LOMBARDIA,03,PAVIA,BORGARELLO,018015,12,93,363,3148,1184,4800
03-10-2026,LOMBARDIA,03,LODI,BORGHETTO LODIGIANO,098004,9,51,490,3941,2298,6789
03-10-2026,LOMBARDIA,03,BERGAMO,BORGO DI TERZO,016032,1,11,111,929,580,1632
03-10-2026,LOMBARDIA,03,MANTOVA,BORGO MANTOVANO,020072,9,80,472,4061,2110,6732
03-10-2026,LOMBARDIA,03,PAVIA,BORGO PRIOLO,018016,5,13,71,693,244,1026
03-10-2026,LOMBARDIA,03,BRESCIA,BORGO SAN GIACOMO,017020,2,35,508,3953,2573,7071
03-10-2026,LOMBARDIA,03,LODI,BORGO SAN GIOVANNI,098005,2,26,258,2340,1075,3701
03-10-2026,LOMBARDIA,03,PAVIA,BORGO SAN SIRO,018018,1,7,85,675,308,1076
03-10-2026,LOMBARDIA,03,MANTOVA,BORGO VIRGILIO,020071,36,476,1904,16410,7583,26409
03-10-2026,LOMBARDIA,03,MANTOVA,BORGOCARBONARA,020073,2,2,68,733,278,1083
03-10-2026,LOMBARDIA,03,PAVIA,BORGORATTO MORMOROLO,018017,1,3,28,173,54,259
03-10-2026,LOMBARDIA,03,BRESCIA,BORGOSATOLLO,017021,18,337,1227,10302,4169,16053
03-10-2026,LOMBARDIA,03,SONDRIO,BORMIO,014009,0,20,238,1874,547,2679
03-10-2026,LOMBARDIA,03,PAVIA,BORNASCO,018019,13,40,299,2534,1163,4049
03-10-2026,LOMBARDIA,03,BRESCIA,BORNO,017022,1,34,145,1135,386,1701
03-10-2026,LOMBARDIA,03,LECCO,BOSISIO PARINI,097009,7,63,241,2383,778,3472
03-10-2026,LOMBARDIA,03,PAVIA,BOSNASCO,018020,0,3,43,355,87,488
03-10-2026,LOMBARDIA,03,BERGAMO,BOSSICO,016033,0,10,80,554,274,918
03-10-2026,LOMBARDIA,03,BERGAMO,BOTTANUCO,016034,5,75,485,3985,2234,6784
03-10-2026,LOMBARDIA,03,BRESCIA,BOTTICINO,017023,5,342,1153,10192,3804,15496
03-10-2026,LOMBARDIA,03,BRESCIA,BOVEGNO,017024,3,13,120,873,280,1289
03-10-2026,LOMBARDIA,03,BRESCIA,BOVEZZO,017025,12,132,578,5491,2232,8445
03-10-2026,LOMBARDIA,03,MONZA E DELLA BRIANZA,BOVISIO-MASCIAGO,108010,46,1129,2416,23089,10273,36953
03-10-2026,LOMBARDIA,03,MANTOVA,BOZZOLO,020007,0,38,337,2494,1083,3952
03-10-2026,LOMBARDIA,03,BERGAMO,BRACCA,016035,0,3,36,378,178,595
03-10-2026,LOMBARDIA,03,PAVIA,BRALLO DI PREGOLA,018021,0,4,16,188,46,254
03-10-2026,LOMBARDIA,03,BRESCIA,BRANDICO,017026,3,16,137,1012,438,1606
03-10-2026,LOMBARDIA,03,BERGAMO,BRANZI,016036,0,5,20,250,170,445
03-10-2026,LOMBARDIA,03,BRESCIA,BRAONE,017027,2,5,45,350,163,565
03-10-2026,LOMBARDIA,03,VARESE,BREBBIA,012017,7,48,310,2215,886,3466
03-10-2026,LOMBARDIA,03,COMO,BREGNANO,013028,2,161,714,5952,2646,9475
03-10-2026,LOMBARDIA,03,BERGAMO,BREMBATE,016037,6,181,999,8847,4555,14588
03-10-2026,LOMBARDIA,03,BERGAMO,BREMBATE DI SOPRA,016038,1,141,948,7855,5167,14112
03-10-2026,LOMBARDIA,03,LODI,BREMBIO,098006,4,39,260,2273,1112,3688
03-10-2026,LOMBARDIA,03,PAVIA,BREME,018022,0,3,50,536,154,743
03-10-2026,LOMBARDIA,03,COMO,BRENNA,013029,0,30,228,2161,1405,3824
03-10-2026,LOMBARDIA,03,BRESCIA,BRENO,017028,4,48,381,4060,2076,6569
03-10-2026,LOMBARDIA,03,VARESE,BRENTA,012019,1,22,169,1082,430,1704
03-10-2026,LOMBARDIA,03,BRESCIA,BRESCIA,017029,710,19792,26833,308611,143275,499221
03-10-2026,LOMBARDIA,03,PAVIA,BRESSANA BOTTARONE,018023,8,40,242,2290,830,3410
03-10-2026,LOMBARDIA,03,MILANO,BRESSO,015032,105,1399,3302,38518,14883,58207
03-10-2026,LOMBARDIA,03,VARESE,BREZZO DI BEDERO,012020,0,12,101,833,403,1349
03-10-2026,LOMBARDIA,03,COMO,BRIENNO,013030,0,4,34,213,79,330
03-10-2026,LOMBARDIA,03,BERGAMO,BRIGNANO GERA D'ADDA,016040,8,142,868,6767,3265,11050
03-10-2026,LOMBARDIA,03,VARESE,BRINZIO,012021,0,13,37,547,168,765
03-10-2026,LOMBARDIA,03,BRESCIA,BRIONE,017030,1,6,106,729,333,1175
03-10-2026,LOMBARDIA,03,MONZA E DELLA BRIANZA,BRIOSCO,108011,3,162,506,4989,1971,7631
03-10-2026,LOMBARDIA,03,VARESE,BRISSAGO-VALTRAVAGLIA,012022,1,9,95,774,451,1330
03-10-2026,LOMBARDIA,03,LECCO,BRIVIO,097010,5,148,483,3937,2373,6946
03-10-2026,LOMBARDIA,03,PAVIA,BRONI,018024,15,75,831,9796,3816,14533
03-10-2026,LOMBARDIA,03,MONZA E DELLA BRIANZA,BRUGHERIO,108012,56,1085,3621,40069,18351,63182
03-10-2026,LOMBARDIA,03,BERGAMO,BRUMANO,016041,1,14,8,346,51,420
03-10-2026,LOMBARDIA,03,COMO,BRUNATE,013032,8,15,152,1358,609,2142
03-10-2026,LOMBARDIA,03,VARESE,BRUNELLO,012023,1,11,85,553,294,944
03-10-2026,LOMBARDIA,03,BERGAMO,BRUSAPORTO,016042,3,97,545,4409,2089,7143
03-10-2026,LOMBARDIA,03,VARESE,BRUSIMPIANO,012024,6,17,160,1179,578,1940
03-10-2026,LOMBARDIA,03,MILANO,BUBBIANO,015035,1,49,252,2591,1454,4347
03-10-2026,LOMBARDIA,03,MILANO,BUCCINASCO,015036,46,1015,2972,32810,18116,54959
03-10-2026,LOMBARDIA,03,SONDRIO,BUGLIO IN MONTE,014010,4,25,73,842,238,1182
03-10-2026,LOMBARDIA,03,VARESE,BUGUGGIATE,012025,3,54,324,2747,1375,4503
03-10-2026,LOMBARDIA,03,LECCO,BULCIAGO,097011,3,44,330,2413,901,3691
03-10-2026,LOMBARDIA,03,COMO,BULGAROGRASSO,013034,1,60,355,3045,1637,5098
03-10-2026,LOMBARDIA,03,MONZA E DELLA BRIANZA,BURAGO DI MOLGORA,108013,5,132,536,4618,2101,7392
03-10-2026,LOMBARDIA,03,MILANO,BUSCATE,015038,6,112,599,4886,2798,8401
03-10-2026,LOMBARDIA,03,MONZA E DELLA BRIANZA,BUSNAGO,108051,2,132,846,7425,3978,12383
03-10-2026,LOMBARDIA,03,MILANO,BUSSERO,015040,18,263,1161,10394,5208,17044
03-10-2026,LOMBARDIA,03,VARESE,BUSTO ARSIZIO,012026,155,4735,10937,112194,50312,178333
03-10-2026,LOMBARDIA,03,MILANO,BUSTO GAROLFO,015041,30,382,1808,15726,7099,25045
03-10-2026,LOMBARDIA,03,COMO,CABIATE,013035,20,119,825,7310,3524,11798
03-10-2026,LOMBARDIA,03,VARESE,CADEGLIANO-VICONAGO,012027,6,39,224,2039,1075,3383
03-10-2026,LOMBARDIA,03,COMO,CADORAGO,013036,13,185,914,8644,4387,14143
03-10-2026,LOMBARDIA,03,VARESE,CADREZZATE CON OSMATE,012143,5,79,396,2717,1047,4244
03-10-2026,LOMBARDIA,03,COMO,CAGLIO,013037,1,12,26,361,115,515
03-10-2026,LOMBARDIA,03,BRESCIA,CAINO,017031,3,22,234,1913,699,2871
03-10-2026,LOMBARDIA,03,SONDRIO,CAIOLO,014011,0,1,25,312,89,427
03-10-2026,LOMBARDIA,03,VARESE,CAIRATE,012029,7,177,814,7171,2606,10775
03-10-2026,LOMBARDIA,03,BERGAMO,CALCINATE,016043,12,78,723,6407,3908,11128
03-10-2026,LOMBARDIA,03,BRESCIA,CALCINATO,017032,8,122,1359,10668,6027,18184
03-10-2026,LOMBARDIA,03,BERGAMO,CALCIO,016044,3,46,430,5379,3235,9093
03-10-2026,LOMBARDIA,03,LECCO,CALCO,097012,7,131,701,5678,2814,9331
03-10-2026,LOMBARDIA,03,LECCO,CALOLZIOCORTE,097013,24,441,1759,13796,6273,22293
03-10-2026,LOMBARDIA,03,BERGAMO,CALUSCO D'ADDA,016046,3,174,968,8994,5321,15460
03-10-2026,LOMBARDIA,03,BRESCIA,CALVAGESE DELLA RIVIERA,017033,1,33,252,2083,857,3226
03-10-2026,LOMBARDIA,03,CREMONA,CALVATONE,019009,0,9,69,463,148,689
03-10-2026,LOMBARDIA,03,BERGAMO,CALVENZANO,016047,4,53,437,4634,2149,7277
03-10-2026,LOMBARDIA,03,PAVIA,CALVIGNANO,018025,0,2,5,86,18,111
03-10-2026,LOMBARDIA,03,MILANO,CALVIGNASCO,015042,1,36,105,1198,495,1835
03-10-2026,LOMBARDIA,03,BRESCIA,CALVISANO,017034,7,36,559,4905,2255,7762
03-10-2026,LOMBARDIA,03,MILANO,CAMBIAGO,015044,8,231,1106,8769,4732,14846
03-10-2026,LOMBARDIA,03,BERGAMO,CAMERATA CORNELLO,016048,1,4,26,279,95,405
03-10-2026,LOMBARDIA,03,CREMONA,CAMISANO,019010,6,15,98,914,411,1444
03-10-2026,LOMBARDIA,03,CREMONA,CAMPAGNOLA CREMASCA,019011,0,2,57,345,182,586
03-10-2026,LOMBARDIA,03,MONZA E DELLA BRIANZA,CAMPARADA,108014,4,42,266,2382,1053,3747
03-10-2026,LOMBARDIA,03,COMO,CAMPIONE D'ITALIA,013040,8,28,216,2050,1270,3572
03-10-2026,LOMBARDIA,03,SONDRIO,CAMPODOLCINO,014012,0,8,39,298,141,486
03-10-2026,LOMBARDIA,03,PAVIA,CAMPOSPINOSO ALBAREDO,018026,1,2,57,550,118,728
03-10-2026,LOMBARDIA,03,PAVIA,CANDIA LOMELLINA,018027,2,15,115,1188,422,1742
03-10-2026,LOMBARDIA,03,MILANO,CANEGRATE,015046,34,687,2006,17252,8536,28515
03-10-2026,LOMBARDIA,03,PAVIA,CANNETO PAVESE,018029,0,8,70,743,285,1106
03-10-2026,LOMBARDIA,03,MANTOVA,CANNETO SULL'OGLIO,020008,7,34,377,2825,1108,4351
03-10-2026,LOMBARDIA,03,BERGAMO,CANONICA D'ADDA,016049,6,45,493,4842,3476,8862
03-10-2026,LOMBARDIA,03,VARESE,CANTELLO,012030,3,67,404,3927,1782,6183
03-10-2026,LOMBARDIA,03,COMO,CANTÙ,013041,85,1581,4045,45618,19769,71098
03-10-2026,LOMBARDIA,03,COMO,CANZO,013042,7,135,495,4489,1629,6755
03-10-2026,LOMBARDIA,03,CREMONA,CAPERGNANICA,019012,3,21,126,1444,693,2287
03-10-2026,LOMBARDIA,03,COMO,CAPIAGO INTIMIANO,013043,7,124,420,4673,2602,7826
03-10-2026,LOMBARDIA,03,BERGAMO,CAPIZZONE,016050,2,11,82,879,268,1242
03-10-2026,LOMBARDIA,03,BRESCIA,CAPO DI PONTE,017035,4,12,94,881,344,1335
03-10-2026,LOMBARDIA,03,MONZA E DELLA BRIANZA,CAPONAGO,108052,11,250,658,5203,2692,8814
03-10-2026,LOMBARDIA,03,BRESCIA,CAPOVALLE,017036,1,6,12,139,67,225
03-10-2026,LOMBARDIA,03,CREMONA,CAPPELLA CANTONE,019013,0,5,25,401,353,784
03-10-2026,LOMBARDIA,03,CREMONA,CAPPELLA DE' PICENARDI,019014,0,1,31,295,219,546
03-10-2026,LOMBARDIA,03,CREMONA,CAPRALBA,019015,3,19,157,1788,1134,3101
03-10-2026,LOMBARDIA,03,BRESCIA,CAPRIANO DEL COLLE,017037,5,98,659,4200,1971,6933
03-10-2026,LOMBARDIA,03,BERGAMO,CAPRIATE SAN GERVASIO,016051,16,202,1232,9927,5101,16478
03-10-2026,LOMBARDIA,03,BERGAMO,CAPRINO BERGAMASCO,016052,6,35,314,2601,1176,4132
03-10-2026,LOMBARDIA,03,BRESCIA,CAPRIOLO,017038,5,234,919,8798,4744,14700
03-10-2026,LOMBARDIA,03,MONZA E DELLA BRIANZA,CARATE BRIANZA,108015,21,406,2062,21062,10670,34221
03-10-2026,LOMBARDIA,03,COMO,CARATE URIO,013044,3,37,108,1294,454,1896
03-10-2026,LOMBARDIA,03,BERGAMO,CARAVAGGIO,016053,24,331,2555,17971,8646,29527
03-10-2026,LOMBARDIA,03,VARESE,CARAVATE,012031,0,13,177,1424,605,2219
03-10-2026,LOMBARDIA,03,PAVIA,CARBONARA AL TICINO,018030,0,15,132,1089,451,1687
03-10-2026,LOMBARDIA,03,COMO,CARBONATE,013045,2,79,340,2730,1436,4587
03-10-2026,LOMBARDIA,03,VARESE,CARDANO AL CAMPO,012032,29,588,2460,21008,8850,32935
03-10-2026,LOMBARDIA,03,LECCO,CARENNO,097014,1,16,119,1002,321,1459
03-10-2026,LOMBARDIA,03,COMO,CARIMATE,013046,5,84,358,3648,1916,6011
03-10-2026,LOMBARDIA,03,COMO,CARLAZZO,013047,1,22,134,1046,497,1700
03-10-2026,LOMBARDIA,03,VARESE,CARNAGO,012033,5,109,643,5028,2689,8474
03-10-2026,LOMBARDIA,03,MONZA E DELLA BRIANZA,CARNATE,108016,15,193,1243,11638,6192,19281
03-10-2026,LOMBARDIA,03,BERGAMO,CAROBBIO DEGLI ANGELI,016055,4,61,478,4085,2512,7140
03-10-2026,LOMBARDIA,03,BERGAMO,CARONA,016056,0,5,16,149,54,224
03-10-2026,LOMBARDIA,03,VARESE,CARONNO PERTUSELLA,012034,26,681,2152,20295,9658,32812
03-10-2026,LOMBARDIA,03,VARESE,CARONNO VARESINO,012035,8,119,533,3880,1684,6224
03-10-2026,LOMBARDIA,03,BRESCIA,CARPENEDOLO,017039,11,142,1051,8745,3509,13458
03-10-2026,LOMBARDIA,03,MILANO,CARPIANO,015050,4,137,537,5173,2610,8461
03-10-2026,LOMBARDIA,03,MILANO,CARUGATE,015051,22,930,2397,20642,8361,32352
03-10-2026,LOMBARDIA,03,COMO,CARUGO,013048,7,171,729,6226,2771,9904
03-10-2026,LOMBARDIA,03,BERGAMO,CARVICO,016057,1,41,412,3345,1731,5530
03-10-2026,LOMBARDIA,03,CREMONA,CASALBUTTANO ED UNITI,019016,0,15,156,2083,1165,3419
03-10-2026,LOMBARDIA,03,CREMONA,CASALE CREMASCO-VIDOLASCO,019017,1,16,184,1465,718,2384
03-10-2026,LOMBARDIA,03,VARESE,CASALE LITTA,012036,4,66,236,1993,748,3047
03-10-2026,LOMBARDIA,03,CREMONA,CASALETTO CEREDANO,019018,0,7,90,603,338,1038
03-10-2026,LOMBARDIA,03,CREMONA,CASALETTO DI SOPRA,019019,0,0,42,263,180,485
03-10-2026,LOMBARDIA,03,LODI,CASALETTO LODIGIANO,098008,6,74,363,3025,1374,4842
03-10-2026,LOMBARDIA,03,CREMONA,CASALETTO VAPRIO,019020,5,19,231,1585,703,2543
03-10-2026,LOMBARDIA,03,CREMONA,CASALMAGGIORE,019021,6,137,1003,9604,3995,14745
03-10-2026,LOMBARDIA,03,LODI,CASALMAIOCCO,098009,6,33,365,2888,1551,4843
03-10-2026,LOMBARDIA,03,CREMONA,CASALMORANO,019022,0,16,160,1100,587,1863
03-10-2026,LOMBARDIA,03,MANTOVA,CASALMORO,020010,3,8,170,1616,701,2498
03-10-2026,LOMBARDIA,03,MANTOVA,CASALOLDO,020011,2,12,180,1449,1002,2645
03-10-2026,LOMBARDIA,03,LODI,CASALPUSTERLENGO,098010,43,216,1769,19336,7927,29291
03-10-2026,LOMBARDIA,03,MANTOVA,CASALROMANO,020012,3,13,87,867,344,1314
03-10-2026,LOMBARDIA,03,VARESE,CASALZUIGNO,012037,2,16,121,1030,362,1531
03-10-2026,LOMBARDIA,03,PAVIA,CASANOVA LONATI,018031,0,7,33,219,82,341
03-10-2026,LOMBARDIA,03,LECCO,CASARGO,097015,1,5,80,620,257,963
03-10-2026,LOMBARDIA,03,MILANO,CASARILE,015055,9,99,579,4966,2334,7987
03-10-2026,LOMBARDIA,03,LECCO,CASATENOVO,097016,22,284,1723,14216,6813,23058
03-10-2026,LOMBARDIA,03,PAVIA,CASATISMA,018032,0,5,53,428,154,640
03-10-2026,LOMBARDIA,03,BERGAMO,CASAZZA,016058,3,34,359,3047,1935,5378
03-10-2026,LOMBARDIA,03,VARESE,CASCIAGO,012038,1,101,442,3570,1966,6080
03-10-2026,LOMBARDIA,03,PAVIA,CASEI GEROLA,018033,0,11,132,1444,646,2233
03-10-2026,LOMBARDIA,03,LODI,CASELLE LANDI,098011,1,4,62,660,249,976
03-10-2026,LOMBARDIA,03,LODI,CASELLE LURANI,098012,5,58,362,3503,1597,5525
03-10-2026,LOMBARDIA,03,BERGAMO,CASIRATE D'ADDA,016059,1,129,464,4833,2429,7856
03-10-2026,LOMBARDIA,03,COMO,CASLINO D'ERBA,013052,1,36,153,1257,577,2024
03-10-2026,LOMBARDIA,03,COMO,CASNATE CON BERNATE,013053,5,110,495,4514,2379,7503
03-10-2026,LOMBARDIA,03,BERGAMO,CASNIGO,016060,1,15,241,1457,650,2364
03-10-2026,LOMBARDIA,03,PAVIA,CASORATE PRIMO,018034,21,236,1133,9578,4777,15745
03-10-2026,LOMBARDIA,03,VARESE,CASORATE SEMPIONE,012039,7,179,754,5679,2238,8857
03-10-2026,LOMBARDIA,03,MILANO,CASOREZZO,015058,6,203,790,6403,3099,10501
03-10-2026,LOMBARDIA,03,SONDRIO,CASPOGGIO,014013,0,3,42,444,197,686
03-10-2026,LOMBARDIA,03,LECCO,CASSAGO BRIANZA,097017,2,60,492,3383,1465,5402
03-10-2026,LOMBARDIA,03,MILANO,CASSANO D'ADDA,015059,42,443,2552,24153,13818,41008
03-10-2026,LOMBARDIA,03,VARESE,CASSANO MAGNAGO,012040,25,276,2705,22119,10791,35916
03-10-2026,LOMBARDIA,03,VARESE,CASSANO VALCUVIA,012041,3,6,35,346,154,544
03-10-2026,LOMBARDIA,03,BERGAMO,CASSIGLIO,016061,0,0,1,87,13,101
03-10-2026,LOMBARDIA,03,MILANO,CASSINA DE' PECCHI,015060,38,1064,2169,20236,9538,33045
03-10-2026,LOMBARDIA,03,COMO,CASSINA RIZZARDI,013055,2,45,307,3437,1967,5758
03-10-2026,LOMBARDIA,03,LECCO,CASSINA VALSASSINA,097018,0,6,28,402,157,593
03-10-2026,LOMBARDIA,03,MILANO,CASSINETTA DI LUGAGNANO,015061,4,39,191,1898,1072,3204
03-10-2026,LOMBARDIA,03,PAVIA,CASSOLNOVO,018035,12,161,662,5870,2470,9175
03-10-2026,LOMBARDIA,03,PAVIA,CASTANA,018036,0,14,42,372,179,607
03-10-2026,LOMBARDIA,03,MILANO,CASTANO PRIMO,015062,15,158,1228,11209,6172,18782
03-10-2026,LOMBARDIA,03,PAVIA,CASTEGGIO,018037,6,46,357,3814,2170,6393
03-10-2026,LOMBARDIA,03,BRESCIA,CASTEGNATO,017040,4,369,953,7170,2904,11400
03-10-2026,LOMBARDIA,03,MANTOVA,CASTEL D'ARIO,020014,8,51,382,3868,1705,6014
03-10-2026,LOMBARDIA,03,CREMONA,CASTEL GABBIANO,019024,2,7,56,677,210,952
03-10-2026,LOMBARDIA,03,MANTOVA,CASTEL GOFFREDO,020015,43,496,1495,12798,6707,21539
03-10-2026,LOMBARDIA,03,BRESCIA,CASTEL MELLA,017042,4,404,1150,9742,4165,15465
03-10-2026,LOMBARDIA,03,BERGAMO,CASTEL ROZZONE,016063,0,26,297,2456,1254,4033
03-10-2026,LOMBARDIA,03,MANTOVA,CASTELBELFORTE,020013,3,38,319,2950,1216,4526
03-10-2026,LOMBARDIA,03,BRESCIA,CASTELCOVATI,017041,3,59,631,4632,2170,7495
03-10-2026,LOMBARDIA,03,CREMONA,CASTELDIDONE,019023,1,1,36,375,200,613
03-10-2026,LOMBARDIA,03,LODI,CASTELGERUNDO,098062,1,15,92,803,471,1382
03-10-2026,LOMBARDIA,03,VARESE,CASTELLANZA,012042,27,577,2153,19319,9843,31919
03-10-2026,LOMBARDIA,03,CREMONA,CASTELLEONE,019025,8,81,807,6644,3086,10626
03-10-2026,LOMBARDIA,03,PAVIA,CASTELLETTO DI BRANDUZZO,018038,0,8,49,464,316,837
03-10-2026,LOMBARDIA,03,BERGAMO,CASTELLI CALEPIO,016062,16,314,1003,11327,7451,20111
03-10-2026,LOMBARDIA,03,VARESE,CASTELLO CABIAGLIO,012043,1,11,63,443,194,712
03-10-2026,LOMBARDIA,03,PAVIA,CASTELLO D'AGOGNA,018039,0,17,105,967,372,1461
03-10-2026,LOMBARDIA,03,SONDRIO,CASTELLO DELL'ACQUA,014014,0,2,27,231,92,352
03-10-2026,LOMBARDIA,03,LECCO,CASTELLO DI BRIANZA,097019,0,54,228,2186,1154,3622
03-10-2026,LOMBARDIA,03,MANTOVA,CASTELLUCCHIO,020016,2,29,479,3777,2012,6299
03-10-2026,LOMBARDIA,03,COMO,CASTELMARTE,013058,2,15,101,870,290,1278
03-10-2026,LOMBARDIA,03,PAVIA,CASTELNOVETTO,018040,0,8,10,262,67,347
03-10-2026,LOMBARDIA,03,LODI,CASTELNUOVO BOCCA D'ADDA,098013,1,16,116,732,333,1198
03-10-2026,LOMBARDIA,03,COMO,CASTELNUOVO BOZZENTE,013059,0,10,93,738,394,1235
03-10-2026,LOMBARDIA,03,VARESE,CASTELSEPRIO,012044,0,18,156,963,390,1527
03-10-2026,LOMBARDIA,03,VARESE,CASTELVECCANA,012045,4,27,175,1231,604,2041
03-10-2026,LOMBARDIA,03,CREMONA,CASTELVERDE,019026,5,52,524,4478,1882,6941
03-10-2026,LOMBARDIA,03,CREMONA,CASTELVISCONTI,019027,0,0,16,323,347,686
03-10-2026,LOMBARDIA,03,BRESCIA,CASTENEDOLO,017043,7,805,1493,13170,6180,21655
03-10-2026,LOMBARDIA,03,LODI,CASTIGLIONE D'ADDA,098014,5,77,575,4243,2494,7394
03-10-2026,LOMBARDIA,03,MANTOVA,CASTIGLIONE DELLE STIVIERE,020017,8,330,1879,21082,10671,33970
03-10-2026,LOMBARDIA,03,VARESE,CASTIGLIONE OLONA,012046,5,174,833,6557,3720,11289
03-10-2026,LOMBARDIA,03,SONDRIO,CASTIONE ANDEVENNO,014015,0,13,65,680,197,955
03-10-2026,LOMBARDIA,03,BERGAMO,CASTIONE DELLA PRESOLANA,016064,3,36,268,2210,1038,3555
03-10-2026,LOMBARDIA,03,LODI,CASTIRAGA VIDARDO,098015,2,48,350,2790,1306,4496
03-10-2026,LOMBARDIA,03,BRESCIA,CASTO,017044,2,8,114,960,375,1459
03-10-2026,LOMBARDIA,03,BRESCIA,CASTREZZATO,017045,6,123,923,8001,4217,13270
03-10-2026,LOMBARDIA,03,BERGAMO,CASTRO,016065,2,14,169,1085,441,1711
03-10-2026,LOMBARDIA,03,VARESE,CASTRONNO,012047,8,78,603,4640,2239,7568
03-10-2026,LOMBARDIA,03,PAVIA,CAVA MANARA,018041,8,184,631,5496,2302,8621
03-10-2026,LOMBARDIA,03,COMO,CAVARGNA,013062,0,1,5,31,19,56
03-10-2026,LOMBARDIA,03,VARESE,CAVARIA CON PREMEZZO,012048,15,231,915,6949,3324,11434
03-10-2026,LOMBARDIA,03,LODI,CAVENAGO D'ADDA,098017,4,19,209,1720,705,2657
03-10-2026,LOMBARDIA,03,MONZA E DELLA BRIANZA,CAVENAGO DI BRIANZA,108017,15,353,1321,10099,4489,16277
03-10-2026,LOMBARDIA,03,BERGAMO,CAVERNAGO,016066,5,55,356,3476,2021,5913
03-10-2026,LOMBARDIA,03,MANTOVA,CAVRIANA,020018,3,33,236,2697,1630,4599
03-10-2026,LOMBARDIA,03,VARESE,CAZZAGO BRABBIA,012049,1,14,66,606,474,1161
03-10-2026,LOMBARDIA,03,BRESCIA,CAZZAGO SAN MARTINO,017046,8,305,1076,8357,3780,13526
03-10-2026,LOMBARDIA,03,BERGAMO,CAZZANO SANT'ANDREA,016067,2,21,122,903,532,1580
03-10-2026,LOMBARDIA,03,PAVIA,CECIMA,018042,1,3,9,121,62,196
03-10-2026,LOMBARDIA,03,BRESCIA,CEDEGOLO,017047,0,4,56,641,145,846
03-10-2026,LOMBARDIA,03,SONDRIO,CEDRASCO,014016,1,6,18,291,96,412
03-10-2026,LOMBARDIA,03,CREMONA,CELLA DATI,019028,0,0,52,242,86,380
03-10-2026,LOMBARDIA,03,BRESCIA,CELLATICA,017048,2,93,507,4681,3084,8367
03-10-2026,LOMBARDIA,03,BERGAMO,CENATE SOPRA,016068,1,32,169,1423,735,2360
03-10-2026,LOMBARDIA,03,BERGAMO,CENATE SOTTO,016069,3,159,335,3900,2086,6483
03-10-2026,LOMBARDIA,03,BERGAMO,CENE,016070,8,44,297,2501,990,3840
03-10-2026,LOMBARDIA,03,COMO,CENTRO VALLE INTELVI,013254,2,44,194,2078,1021,3339
03-10-2026,LOMBARDIA,03,COMO,CERANO D'INTELVI,013063,0,5,48,518,316,887
03-10-2026,LOMBARDIA,03,PAVIA,CERANOVA,018043,4,57,256,2267,909,3493
03-10-2026,LOMBARDIA,03,SONDRIO,CERCINO,014017,0,19,63,513,167,762
03-10-2026,LOMBARDIA,03,MANTOVA,CERESARA,020019,2,22,261,1755,647,2687
03-10-2026,LOMBARDIA,03,BERGAMO,CERETE,016071,1,16,113,1079,593,1802
03-10-2026,LOMBARDIA,03,PAVIA,CERETTO LOMELLINA,018044,1,0,12,122,32,167
03-10-2026,LOMBARDIA,03,PAVIA,CERGNAGO,018045,0,7,54,473,157,691
03-10-2026,LOMBARDIA,03,MONZA E DELLA BRIANZA,CERIANO LAGHETTO,108018,2,151,781,6135,2756,9825
03-10-2026,LOMBARDIA,03,COMO,CERMENATE,013064,8,229,1009,7785,3334,12365
03-10-2026,LOMBARDIA,03,COMO,CERNOBBIO,013065,7,242,651,6574,3139,10613
03-10-2026,LOMBARDIA,03,LECCO,CERNUSCO LOMBARDONE,097020,11,86,492,3694,1779,6062
03-10-2026,LOMBARDIA,03,MILANO,CERNUSCO SUL NAVIGLIO,015070,70,1451,5316,49045,24349,80231
03-10-2026,LOMBARDIA,03,MILANO,CERRO AL LAMBRO,015071,6,74,569,5338,3415,9402
03-10-2026,LOMBARDIA,03,MILANO,CERRO MAGGIORE,015072,26,515,1790,17072,7300,26703
03-10-2026,LOMBARDIA,03,PAVIA,CERTOSA DI PAVIA,018046,10,160,799,6674,3585,11228
03-10-2026,LOMBARDIA,03,BRESCIA,CERVENO,017049,0,4,39,370,131,544
03-10-2026,LOMBARDIA,03,PAVIA,CERVESINA,018047,0,3,80,585,340,1008
03-10-2026,LOMBARDIA,03,LODI,CERVIGNANO D'ADDA,098018,1,29,290,2229,1197,3746
03-10-2026,LOMBARDIA,03,LECCO,CESANA BRIANZA,097021,0,19,140,1268,480,1907
03-10-2026,LOMBARDIA,03,MILANO,CESANO BOSCONE,015074,75,1472,3614,35446,16115,56722
03-10-2026,LOMBARDIA,03,MONZA E DELLA BRIANZA,CESANO MADERNO,108019,105,1505,5018,54322,26452,87402
03-10-2026,LOMBARDIA,03,MILANO,CESATE,015076,26,512,1935,17108,7378,26959
03-10-2026,LOMBARDIA,03,BRESCIA,CETO,017050,0,13,101,716,305,1135
03-10-2026,LOMBARDIA,03,BRESCIA,CEVO,017051,0,2,26,362,347,737
03-10-2026,LOMBARDIA,03,BRESCIA,CHIARI,017052,19,395,2010,17416,10379,30219
03-10-2026,LOMBARDIA,03,SONDRIO,CHIAVENNA,014018,2,85,305,3076,1322,4790
03-10-2026,LOMBARDIA,03,SONDRIO,CHIESA IN VALMALENCO,014019,0,15,80,899,454,1448
03-10-2026,LOMBARDIA,03,CREMONA,CHIEVE,019029,2,32,381,1936,843,3194
03-10-2026,LOMBARDIA,03,BERGAMO,CHIGNOLO D'ISOLA,016072,6,36,369,3176,1406,4993
03-10-2026,LOMBARDIA,03,PAVIA,CHIGNOLO PO,018048,12,56,482,3592,1510,5652
03-10-2026,LOMBARDIA,03,BERGAMO,CHIUDUNO,016073,9,138,670,6166,3676,10659
03-10-2026,LOMBARDIA,03,SONDRIO,CHIURO,014020,0,12,89,710,215,1026
03-10-2026,LOMBARDIA,03,CREMONA,CICOGNOLO,019030,0,11,95,679,289,1074
03-10-2026,LOMBARDIA,03,PAVIA,CIGOGNOLA,018049,5,7,106,1341,394,1853
03-10-2026,LOMBARDIA,03,BRESCIA,CIGOLE,017053,0,25,83,1063,548,1719
03-10-2026,LOMBARDIA,03,PAVIA,CILAVEGNA,018050,5,87,505,4019,1686,6302
03-10-2026,LOMBARDIA,03,BRESCIA,CIMBERGO,017054,0,4,12,135,60,211
03-10-2026,LOMBARDIA,03,CREMONA,CINGIA DE' BOTTI,019031,2,5,115,1001,353,1476
03-10-2026,LOMBARDIA,03,MILANO,CINISELLO BALSAMO,015077,427,6175,12335,152449,64147,235533
03-10-2026,LOMBARDIA,03,SONDRIO,CINO,014021,0,5,12,170,46,233
03-10-2026,LOMBARDIA,03,COMO,CIRIMIDO,013068,2,45,220,2240,1176,3683
03-10-2026,LOMBARDIA,03,BERGAMO,CISANO BERGAMASCO,016074,8,96,579,4759,2535,7977
03-10-2026,LOMBARDIA,03,BERGAMO,CISERANO,016075,4,135,766,7047,3920,11872
03-10-2026,LOMBARDIA,03,VARESE,CISLAGO,012050,12,231,1174,11542,6799,19758
03-10-2026,LOMBARDIA,03,MILANO,CISLIANO,015078,8,155,696,6495,3091,10445
03-10-2026,LOMBARDIA,03,VARESE,CITTIGLIO,012051,3,49,315,2617,1064,4048
03-10-2026,LOMBARDIA,03,LECCO,CIVATE,097022,2,57,290,2650,952,3951
03-10-2026,LOMBARDIA,03,BERGAMO,CIVIDATE AL PIANO,016076,6,16,418,4079,2236,6755
03-10-2026,LOMBARDIA,03,BRESCIA,CIVIDATE CAMUNO,017055,2,14,248,1918,980,3162
03-10-2026,LOMBARDIA,03,SONDRIO,CIVO,014022,1,53,29,541,212,836
03-10-2026,LOMBARDIA,03,COMO,CLAINO CON OSTENO,013071,2,4,35,301,53,395
03-10-2026,LOMBARDIA,03,VARESE,CLIVIO,012052,0,31,142,1633,1129,2935
03-10-2026,LOMBARDIA,03,BERGAMO,CLUSONE,016077,4,96,665,5464,2824,9053
03-10-2026,LOMBARDIA,03,BRESCIA,COCCAGLIO,017056,28,198,1474,9435,4855,15990
03-10-2026,LOMBARDIA,03,VARESE,COCQUIO-TREVISAGO,012053,9,63,327,2944,1563,4906
03-10-2026,LOMBARDIA,03,PAVIA,CODEVILLA,018051,1,21,112,771,326,1231
03-10-2026,LOMBARDIA,03,LODI,CODOGNO,098019,28,189,1995,15092,8782,26086
03-10-2026,LOMBARDIA,03,MONZA E DELLA BRIANZA,COGLIATE,108020,9,146,895,7557,3839,12446
03-10-2026,LOMBARDIA,03,BERGAMO,COLERE,016078,1,7,97,623,583,1311
03-10-2026,LOMBARDIA,03,LECCO,COLICO,097023,7,130,589,5838,1957,8521
03-10-2026,LOMBARDIA,03,LECCO,COLLE BRIANZA,097024,1,30,158,1240,607,2036
03-10-2026,LOMBARDIA,03,BRESCIA,COLLEBEATO,017057,5,149,441,3806,1964,6365
03-10-2026,LOMBARDIA,03,PAVIA,COLLI VERDI,018193,0,13,33,351,127,524
03-10-2026,LOMBARDIA,03,BRESCIA,COLLIO,017058,0,6,85,658,254,1003
03-10-2026,LOMBARDIA,03,BRESCIA,COLOGNE,017059,3,158,846,6850,3778,11635
03-10-2026,LOMBARDIA,03,BERGAMO,COLOGNO AL SERIO,016079,11,117,1007,8863,5574,15572
03-10-2026,LOMBARDIA,03,MILANO,COLOGNO MONZESE,015081,183,1723,6728,77500,35577,121711
03-10-2026,LOMBARDIA,03,COMO,COLONNO,013074,0,1,37,321,83,442
03-10-2026,LOMBARDIA,03,SONDRIO,COLORINA,014023,0,8,91,561,171,831
03-10-2026,LOMBARDIA,03,MILANO,COLTURANO,015082,3,36,335,2523,1414,4311
03-10-2026,LOMBARDIA,03,COMO,COLVERDE,013251,14,173,556,4857,2335,7935
03-10-2026,LOMBARDIA,03,BERGAMO,COLZATE,016080,0,30,118,868,386,1402
03-10-2026,LOMBARDIA,03,VARESE,COMABBIO,012054,0,28,133,1163,674,1998
03-10-2026,LOMBARDIA,03,LODI,COMAZZO,098020,4,78,330,3249,1437,5098
03-10-2026,LOMBARDIA,03,VARESE,COMERIO,012055,4,34,322,2595,1181,4136
03-10-2026,LOMBARDIA,03,BRESCIA,COMEZZANO-CIZZAGO,017060,4,39,414,3229,1684,5370
03-10-2026,LOMBARDIA,03,MANTOVA,COMMESSAGGIO,020020,1,6,25,361,105,498
03-10-2026,LOMBARDIA,03,COMO,COMO,013075,263,6050,14362,139419,65369,225463
03-10-2026,LOMBARDIA,03,BERGAMO,COMUN NUOVO,016081,2,163,501,4727,2005,7398
03-10-2026,LOMBARDIA,03,BRESCIA,CONCESIO,017061,23,896,2144,17828,6929,27820
03-10-2026,LOMBARDIA,03,MONZA E DELLA BRIANZA,CONCOREZZO,108021,25,262,2147,17705,10159,30298
03-10-2026,LOMBARDIA,03,PAVIA,CONFIENZA,018052,1,10,51,556,213,831
03-10-2026,LOMBARDIA,03,PAVIA,COPIANO,018053,7,9,148,1560,590,2314
03-10-2026,LOMBARDIA,03,PAVIA,CORANA,018054,2,5,32,387,102,528
03-10-2026,LOMBARDIA,03,MILANO,CORBETTA,015085,43,1214,2981,29677,12486,46401
03-10-2026,LOMBARDIA,03,MILANO,CORMANO,015086,60,604,3337,32084,15139,51224
03-10-2026,LOMBARDIA,03,BERGAMO,CORNA IMAGNA,016082,2,4,46,360,113,525
03-10-2026,LOMBARDIA,03,BERGAMO,CORNALBA,016249,0,6,22,163,56,247
03-10-2026,LOMBARDIA,03,PAVIA,CORNALE E BASTIDA,018191,1,6,51,475,197,730
03-10-2026,LOMBARDIA,03,MILANO,CORNAREDO,015087,46,431,2527,25495,11602,40101
03-10-2026,LOMBARDIA,03,MONZA E DELLA BRIANZA,CORNATE D'ADDA,108053,32,925,1404,13640,6059,22060
03-10-2026,LOMBARDIA,03,LODI,CORNEGLIANO LAUDENSE,098021,0,46,357,2917,1294,4614
03-10-2026,LOMBARDIA,03,LODI,CORNO GIOVINE,098022,2,3,74,670,271,1020
03-10-2026,LOMBARDIA,03,LODI,CORNOVECCHIO,098023,0,1,16,182,52,251
03-10-2026,LOMBARDIA,03,MONZA E DELLA BRIANZA,CORREZZANA,108022,6,114,346,3678,1867,6011
03-10-2026,LOMBARDIA,03,COMO,CORRIDO,013077,0,2,23,250,94,369
03-10-2026,LOMBARDIA,03,MILANO,CORSICO,015093,128,1265,4746,57212,26224,89575
03-10-2026,LOMBARDIA,03,CREMONA,CORTE DE' CORTESI CON CIGNONE,019032,2,9,74,820,527,1432
03-10-2026,LOMBARDIA,03,CREMONA,CORTE DE' FRATI,019033,1,10,61,686,289,1047
03-10-2026,LOMBARDIA,03,BRESCIA,CORTE FRANCA,017062,3,109,697,5271,2338,8418
03-10-2026,LOMBARDIA,03,LODI,CORTE PALASIO,098024,4,10,140,1074,535,1763
03-10-2026,LOMBARDIA,03,BRESCIA,CORTENO GOLGI,017063,0,25,125,817,239,1206
03-10-2026,LOMBARDIA,03,LECCO,CORTENOVA,097025,2,11,112,522,134,781
03-10-2026,LOMBARDIA,03,BERGAMO,CORTENUOVA,016083,0,32,201,1813,1105,3151
03-10-2026,LOMBARDIA,03,PAVIA,CORTEOLONA E GENZONE,018192,2,20,296,2253,1265,3836
03-10-2026,LOMBARDIA,03,PAVIA,CORVINO SAN QUIRICO,018057,0,11,51,741,510,1313
03-10-2026,LOMBARDIA,03,BRESCIA,CORZANO,017064,3,18,141,975,334,1471
03-10-2026,LOMBARDIA,03,SONDRIO,COSIO VALTELLINO,014024,2,77,307,3398,1355,5139
03-10-2026,LOMBARDIA,03,PAVIA,COSTA DE' NOBILI,018058,1,1,34,237,81,354
03-10-2026,LOMBARDIA,03,BERGAMO,COSTA DI MEZZATE,016084,3,114,391,3493,1789,5790
03-10-2026,LOMBARDIA,03,LECCO,COSTA MASNAGA,097026,5,62,483,3546,1750,5846
03-10-2026,LOMBARDIA,03,BERGAMO,COSTA SERINA,016247,1,17,46,693,259,1016
03-10-2026,LOMBARDIA,03,BERGAMO,COSTA VALLE IMAGNA,016085,1,1,35,212,99,348
03-10-2026,LOMBARDIA,03,BERGAMO,COSTA VOLPINO,016086,6,80,772,6496,3378,10732
03-10-2026,LOMBARDIA,03,BERGAMO,COVO,016087,2,56,516,4593,2159,7326
03-10-2026,LOMBARDIA,03,PAVIA,COZZO,018059,0,5,29,269,79,382
03-10-2026,LOMBARDIA,03,LECCO,CRANDOLA VALSASSINA,097027,0,1,19,231,159,410
03-10-2026,LOMBARDIA,03,BERGAMO,CREDARO,016088,8,20,255,2966,1936,5185
03-10-2026,LOMBARDIA,03,CREMONA,CREDERA RUBBIANO,019034,2,5,117,1038,505,1667
03-10-2026,LOMBARDIA,03,CREMONA,CREMA,019035,43,1480,3953,35088,22255,62819
03-10-2026,LOMBARDIA,03,LECCO,CREMELLA,097028,1,15,144,1151,486,1797
03-10-2026,LOMBARDIA,03,VARESE,CREMENAGA,012056,1,7,55,633,411,1107
03-10-2026,LOMBARDIA,03,LECCO,CREMENO,097029,4,39,160,1771,802,2776
03-10-2026,LOMBARDIA,03,COMO,CREMIA,013083,0,3,32,490,432,957
03-10-2026,LOMBARDIA,03,CREMONA,CREMONA,019036,91,1271,7101,73318,42478,124259
03-10-2026,LOMBARDIA,03,CREMONA,CREMOSANO,019037,2,20,186,1656,572,2436
03-10-2026,LOMBARDIA,03,LODI,CRESPIATICA,098025,3,29,189,2044,1076,3341
03-10-2026,LOMBARDIA,03,VARESE,CROSIO DELLA VALLE,012057,1,8,45,425,142,621
03-10-2026,LOMBARDIA,03,CREMONA,CROTTA D'ADDA,019038,0,7,33,676,255,971
03-10-2026,LOMBARDIA,03,VARESE,CUASSO AL MONTE,012058,4,53,345,3030,1452,4884
03-10-2026,LOMBARDIA,03,COMO,CUCCIAGO,013084,4,33,238,2468,1173,3916
03-10-2026,LOMBARDIA,03,MILANO,CUGGIONO,015096,4,263,1095,8844,4168,14374
03-10-2026,LOMBARDIA,03,VARESE,CUGLIATE-FABIASCO,012059,5,38,229,2183,1138,3593
03-10-2026,LOMBARDIA,03,CREMONA,CUMIGNANO SUL NAVIGLIO,019039,1,4,29,331,128,493
03-10-2026,LOMBARDIA,03,VARESE,CUNARDO,012060,2,40,259,2137,966,3404
03-10-2026,LOMBARDIA,03,PAVIA,CURA CARPIGNANO,018060,3,93,581,4228,1778,6683
03-10-2026,LOMBARDIA,03,VARESE,CURIGLIA CON MONTEVIASCO,012061,0,1,7,44,21,73
03-10-2026,LOMBARDIA,03,BERGAMO,CURNO,016089,15,146,1035,8064,3787,13047
03-10-2026,LOMBARDIA,03,MANTOVA,CURTATONE,020021,11,418,1939,17013,6756,26137
03-10-2026,LOMBARDIA,03,MILANO,CUSAGO,015097,10,185,624,6043,2865,9727
03-10-2026,LOMBARDIA,03,MILANO,CUSANO MILANINO,015098,67,1574,2976,34628,25493,64738
03-10-2026,LOMBARDIA,03,COMO,CUSINO,013085,4,0,13,146,107,270
03-10-2026,LOMBARDIA,03,BERGAMO,CUSIO,016090,0,0,12,42,20,74
03-10-2026,LOMBARDIA,03,VARESE,CUVEGLIO,012062,1,32,286,2378,1027,3724
03-10-2026,LOMBARDIA,03,VARESE,CUVIO,012063,0,29,115,1081,349,1574
03-10-2026,LOMBARDIA,03,MILANO,DAIRAGO,015099,7,277,801,5831,2702,9618
03-10-2026,LOMBARDIA,03,BERGAMO,DALMINE,016091,67,2407,3526,36818,12381,55199
03-10-2026,LOMBARDIA,03,BRESCIA,DARFO BOARIO TERME,017065,13,232,1380,13092,7036,21753
03-10-2026,LOMBARDIA,03,VARESE,DAVERIO,012064,3,60,427,2803,1285,4578
03-10-2026,LOMBARDIA,03,SONDRIO,DAZIO,014025,1,15,25,396,182,619
03-10-2026,LOMBARDIA,03,SONDRIO,DELEBIO,014026,1,48,241,2222,916,3428
03-10-2026,LOMBARDIA,03,BRESCIA,DELLO,017066,11,156,542,5166,2941,8816
03-10-2026,LOMBARDIA,03,CREMONA,DEROVERE,019040,0,3,15,148,55,221
03-10-2026,LOMBARDIA,03,LECCO,DERVIO,097030,2,30,161,1673,995,2861
03-10-2026,LOMBARDIA,03,BRESCIA,DESENZANO DEL GARDA,017067,54,624,3842,33964,19642,58126
03-10-2026,LOMBARDIA,03,MONZA E DELLA BRIANZA,DESIO,108023,113,1887,5349,53954,25089,86392
03-10-2026,LOMBARDIA,03,COMO,DIZZASCO,013087,0,5,59,425,170,659
03-10-2026,LOMBARDIA,03,LECCO,DOLZAGO,097031,0,32,275,2139,632,3078
03-10-2026,LOMBARDIA,03,COMO,DOMASO,013089,1,18,74,792,279,1164
03-10-2026,LOMBARDIA,03,COMO,DONGO,013090,1,37,208,1743,550,2539
03-10-2026,LOMBARDIA,03,LECCO,DORIO,097032,2,3,17,186,70,278
03-10-2026,LOMBARDIA,03,PAVIA,DORNO,018061,14,52,339,3209,1228,4842
03-10-2026,LOMBARDIA,03,MANTOVA,DOSOLO,020022,6,13,298,2333,1110,3760
03-10-2026,LOMBARDIA,03,BERGAMO,DOSSENA,016092,0,5,42,359,129,535
03-10-2026,LOMBARDIA,03,COMO,DOSSO DEL LIRO,013092,0,0,2,35,7,44
03-10-2026,LOMBARDIA,03,CREMONA,DOVERA,019041,2,55,399,3158,1042,4656
03-10-2026,LOMBARDIA,03,MILANO,DRESANO,015101,10,39,411,3290,1734,5484
03-10-2026,LOMBARDIA,03,SONDRIO,DUBINO,014027,1,69,225,1921,673,2889
03-10-2026,LOMBARDIA,03,VARESE,DUMENZA,012065,1,10,107,889,506,1513
03-10-2026,LOMBARDIA,03,VARESE,DUNO,012066,0,0,18,114,49,181
03-10-2026,LOMBARDIA,03,BRESCIA,EDOLO,017068,0,46,316,2414,1116,3892
03-10-2026,LOMBARDIA,03,LECCO,ELLO,097033,1,13,92,881,568,1555
03-10-2026,LOMBARDIA,03,BERGAMO,ENDINE GAIANO,016093,5,31,283,2900,1739,4958
03-10-2026,LOMBARDIA,03,BERGAMO,ENTRATICO,016094,2,21,151,1222,517,1913
03-10-2026,LOMBARDIA,03,COMO,ERBA,013095,17,480,1760,16108,7891,26256
03-10-2026,LOMBARDIA,03,BRESCIA,ERBUSCO,017069,6,266,922,9132,6501,16827
03-10-2026,LOMBARDIA,03,LECCO,ERVE,097034,2,13,13,246,86,360
03-10-2026,LOMBARDIA,03,BRESCIA,ESINE,017070,5,53,505,3852,1895,6310
03-10-2026,LOMBARDIA,03,LECCO,ESINO LARIO,097035,3,2,61,575,115,756
03-10-2026,LOMBARDIA,03,COMO,EUPILIO,013097,1,38,233,2221,1249,3742
03-10-2026,LOMBARDIA,03,SONDRIO,FAEDO VALTELLINO,014028,1,1,27,301,93,423
03-10-2026,LOMBARDIA,03,COMO,FAGGETO LARIO,013098,0,20,102,865,450,1437
03-10-2026,LOMBARDIA,03,VARESE,FAGNANO OLONA,012067,13,232,1583,12277,6061,20166
03-10-2026,LOMBARDIA,03,COMO,FALOPPIO,013099,4,39,403,3334,1579,5359
03-10-2026,LOMBARDIA,03,BERGAMO,FARA GERA D'ADDA,016096,4,91,752,6766,3527,11140
03-10-2026,LOMBARDIA,03,BERGAMO,FARA OLIVANA CON SOLA,016097,2,9,101,1275,569,1956
03-10-2026,LOMBARDIA,03,COMO,FENEGRÒ,013100,1,62,324,2876,1389,4652
03-10-2026,LOMBARDIA,03,VARESE,FERNO,012068,8,60,645,6077,2772,9562
03-10-2026,LOMBARDIA,03,VARESE,FERRERA DI VARESE,012069,2,5,26,437,174,644
03-10-2026,LOMBARDIA,03,PAVIA,FERRERA ERBOGNONE,018062,2,5,100,1037,497,1641
03-10-2026,LOMBARDIA,03,CREMONA,FIESCO,019043,1,5,70,726,388,1190
03-10-2026,LOMBARDIA,03,BRESCIA,FIESSE,017071,2,13,105,1119,595,1834
03-10-2026,LOMBARDIA,03,COMO,FIGINO SERENZA,013101,5,48,411,3980,1892,6336
03-10-2026,LOMBARDIA,03,BERGAMO,FILAGO,016098,3,69,386,3017,1513,4988
03-10-2026,LOMBARDIA,03,PAVIA,FILIGHERA,018063,2,5,102,806,526,1441
03-10-2026,LOMBARDIA,03,BERGAMO,FINO DEL MONTE,016099,6,23,122,861,508,1520
03-10-2026,LOMBARDIA,03,COMO,FINO MORNASCO,013102,18,282,1044,9674,4593,15611
03-10-2026,LOMBARDIA,03,BERGAMO,FIORANO AL SERIO,016100,0,24,204,1511,649,2388
03-10-2026,LOMBARDIA,03,BRESCIA,FLERO,017072,14,253,955,7301,3710,12233
03-10-2026,LOMBARDIA,03,LODI,FOMBIO,098026,0,27,261,1618,787,2693
03-10-2026,LOMBARDIA,03,BERGAMO,FONTANELLA,016101,3,54,440,4230,2452,7179
03-10-2026,LOMBARDIA,03,BERGAMO,FONTENO,016102,1,4,54,411,282,752
03-10-2026,LOMBARDIA,03,BERGAMO,FOPPOLO,016103,0,0,14,162,68,244
03-10-2026,LOMBARDIA,03,SONDRIO,FORCOLA,014029,1,5,28,505,533,1072
03-10-2026,LOMBARDIA,03,BERGAMO,FORESTO SPARSO,016104,2,23,175,2047,1667,3914
03-10-2026,LOMBARDIA,03,CREMONA,FORMIGARA,019044,1,10,84,652,334,1081
03-10-2026,LOMBARDIA,03,BERGAMO,FORNOVO SAN GIOVANNI,016105,0,39,431,2943,1256,4669
03-10-2026,LOMBARDIA,03,PAVIA,FORTUNAGO,018064,0,2,8,90,46,146
03-10-2026,LOMBARDIA,03,PAVIA,FRASCAROLO,018065,2,6,51,397,108,564
03-10-2026,LOMBARDIA,03,BERGAMO,FUIPIANO VALLE IMAGNA,016106,0,0,17,91,31,139
03-10-2026,LOMBARDIA,03,SONDRIO,FUSINE,014030,0,0,20,172,58,250
03-10-2026,LOMBARDIA,03,CREMONA,GABBIONETA-BINANUOVA,019045,2,0,34,471,195,702
03-10-2026,LOMBARDIA,03,CREMONA,GADESCO-PIEVE DELMONA,019046,2,116,192,1895,839,3044
03-10-2026,LOMBARDIA,03,MILANO,GAGGIANO,015103,14,186,1248,10867,5942,18257
03-10-2026,LOMBARDIA,03,LECCO,GALBIATE,097036,5,118,715,6048,2913,9799
03-10-2026,LOMBARDIA,03,LODI,GALGAGNANO,098027,1,64,124,1300,752,2241
03-10-2026,LOMBARDIA,03,VARESE,GALLARATE,012070,189,3469,9396,96156,46770,155980
03-10-2026,LOMBARDIA,03,VARESE,GALLIATE LOMBARDO,012071,1,7,95,1042,469,1614
03-10-2026,LOMBARDIA,03,PAVIA,GALLIAVOLA,018066,0,1,9,83,42,135
03-10-2026,LOMBARDIA,03,BRESCIA,GAMBARA,017073,2,35,364,2965,1455,4821
03-10-2026,LOMBARDIA,03,PAVIA,GAMBARANA,018067,0,1,12,44,21,78
03-10-2026,LOMBARDIA,03,PAVIA,GAMBOLÒ,018068,11,202,790,8973,3477,13453
03-10-2026,LOMBARDIA,03,BERGAMO,GANDELLINO,016107,2,6,26,244,183,461
03-10-2026,LOMBARDIA,03,BERGAMO,GANDINO,016108,6,28,298,2765,1261,4358
03-10-2026,LOMBARDIA,03,BERGAMO,GANDOSSO,016109,1,12,102,928,456,1499
03-10-2026,LOMBARDIA,03,MILANO,GARBAGNATE MILANESE,015105,54,510,3373,31596,15698,51231
03-10-2026,LOMBARDIA,03,LECCO,GARBAGNATE MONASTERO,097037,3,26,233,1633,614,2509
03-10-2026,LOMBARDIA,03,BRESCIA,GARDONE RIVIERA,017074,2,31,198,1463,587,2281
03-10-2026,LOMBARDIA,03,BRESCIA,GARDONE VAL TROMPIA,017075,9,177,919,9748,3518,14371
03-10-2026,LOMBARDIA,03,BRESCIA,GARGNANO,017076,0,23,97,996,440,1556
03-10-2026,LOMBARDIA,03,PAVIA,GARLASCO,018069,17,478,811,8837,3632,13775
03-10-2026,LOMBARDIA,03,LECCO,GARLATE,097038,3,37,241,1967,867,3115
03-10-2026,LOMBARDIA,03,COMO,GARZENO,013106,0,3,18,199,78,298
03-10-2026,LOMBARDIA,03,BRESCIA,GAVARDO,017077,14,313,1347,11351,5177,18202
03-10-2026,LOMBARDIA,03,BERGAMO,GAVERINA TERME,016110,0,3,52,619,464,1138
03-10-2026,LOMBARDIA,03,VARESE,GAVIRATE,012072,6,125,834,6766,3683,11414
03-10-2026,LOMBARDIA,03,MANTOVA,GAZOLDO DEGLI IPPOLITI,020024,1,46,312,2449,1113,3921
03-10-2026,LOMBARDIA,03,VARESE,GAZZADA SCHIANNO,012073,2,91,486,4285,2646,7510
03-10-2026,LOMBARDIA,03,BERGAMO,GAZZANIGA,016111,0,78,373,2996,1219,4666
03-10-2026,LOMBARDIA,03,MANTOVA,GAZZUOLO,020025,0,12,148,1130,464,1754
03-10-2026,LOMBARDIA,03,VARESE,GEMONIO,012074,3,33,265,2054,796,3151
03-10-2026,LOMBARDIA,03,CREMONA,GENIVOLTA,019047,0,5,96,797,415,1313
03-10-2026,LOMBARDIA,03,COMO,GERA LARIO,013107,0,13,44,439,142,638
03-10-2026,LOMBARDIA,03,PAVIA,GERENZAGO,018071,1,26,157,1466,556,2206
03-10-2026,LOMBARDIA,03,VARESE,GERENZANO,012075,31,333,1658,14164,6026,22212
03-10-2026,LOMBARDIA,03,VARESE,GERMIGNAGA,012076,2,68,303,3132,1495,5000
03-10-2026,LOMBARDIA,03,SONDRIO,GEROLA ALTA,014031,2,7,4,118,74,205
03-10-2026,LOMBARDIA,03,CREMONA,GERRE DE' CAPRIOLI,019048,1,16,73,854,374,1318
03-10-2026,LOMBARDIA,03,MILANO,GESSATE,015106,48,734,1608,14359,6890,23639
03-10-2026,LOMBARDIA,03,BRESCIA,GHEDI,017078,19,328,1942,15724,6419,24432
03-10-2026,LOMBARDIA,03,BERGAMO,GHISALBA,016113,9,82,654,5365,3513,9623
03-10-2026,LOMBARDIA,03,BRESCIA,GIANICO,017079,1,25,135,1074,495,1730
03-10-2026,LOMBARDIA,03,PAVIA,GIUSSAGO,018072,12,99,562,5034,2815,8522
03-10-2026,LOMBARDIA,03,MONZA E DELLA BRIANZA,GIUSSANO,108024,35,698,2933,25701,12626,41993
03-10-2026,LOMBARDIA,03,PAVIA,GODIASCO SALICE TERME,018073,5,74,334,3201,2062,5676
03-10-2026,LOMBARDIA,03,MANTOVA,GOITO,020026,6,136,1009,7524,3729,12404
03-10-2026,LOMBARDIA,03,VARESE,GOLASECCA,012077,6,57,326,2307,963,3659
03-10-2026,LOMBARDIA,03,PAVIA,GOLFERENZO,018074,0,1,2,66,25,94
03-10-2026,LOMBARDIA,03,CREMONA,GOMBITO,019049,0,2,82,391,156,631
03-10-2026,LOMBARDIA,03,MANTOVA,GONZAGA,020027,13,126,722,7875,4470,13206
03-10-2026,LOMBARDIA,03,SONDRIO,GORDONA,014032,0,8,62,465,135,670
03-10-2026,LOMBARDIA,03,MILANO,GORGONZOLA,015108,49,1139,3828,33273,14930,53219
03-10-2026,LOMBARDIA,03,VARESE,GORLA MAGGIORE,012078,3,57,463,3582,1603,5708
03-10-2026,LOMBARDIA,03,VARESE,GORLA MINORE,012079,5,76,895,6752,3620,11348
03-10-2026,LOMBARDIA,03,BERGAMO,GORLAGO,016114,2,79,556,4559,2638,7834
03-10-2026,LOMBARDIA,03,BERGAMO,GORLE,016115,13,325,808,9113,4484,14743
03-10-2026,LOMBARDIA,03,VARESE,GORNATE OLONA,012080,1,83,192,1821,804,2901
03-10-2026,LOMBARDIA,03,BERGAMO,GORNO,016116,0,17,88,706,258,1069
03-10-2026,LOMBARDIA,03,BRESCIA,GOTTOLENGO,017080,1,26,322,3073,1928,5350
03-10-2026,LOMBARDIA,03,LODI,GRAFFIGNANA,098028,3,20,223,1642,1017,2905
03-10-2026,LOMBARDIA,03,COMO,GRANDATE,013110,0,31,217,2008,786,3042
03-10-2026,LOMBARDIA,03,COMO,GRANDOLA ED UNITI,013111,1,8,37,480,235,761
03-10-2026,LOMBARDIA,03,VARESE,GRANTOLA,012081,2,13,116,993,507,1631
03-10-2026,LOMBARDIA,03,BERGAMO,GRASSOBBIO,016117,19,334,799,7996,3734,12882
03-10-2026,LOMBARDIA,03,COMO,GRAVEDONA ED UNITI,013249,2,57,250,2191,908,3408
03-10-2026,LOMBARDIA,03,PAVIA,GRAVELLONA LOMELLINA,018075,1,12,240,1947,859,3059
03-10-2026,LOMBARDIA,03,MILANO,GREZZAGO,015110,5,94,424,3886,2109,6518
03-10-2026,LOMBARDIA,03,COMO,GRIANTE,013113,0,4,54,210,52,320
03-10-2026,LOMBARDIA,03,BERGAMO,GROMO,016118,0,10,90,658,179,937
03-10-2026,LOMBARDIA,03,BERGAMO,GRONE,016119,2,5,95,728,325,1155
03-10-2026,LOMBARDIA,03,CREMONA,GRONTARDO,019050,1,5,59,636,387,1088
03-10-2026,LOMBARDIA,03,PAVIA,GROPELLO CAIROLI,018076,4,79,425,3717,1650,5875
03-10-2026,LOMBARDIA,03,SONDRIO,GROSIO,014033,1,19,146,1301,422,1889
03-10-2026,LOMBARDIA,03,SONDRIO,GROSOTTO,014034,0,11,88,677,265,1041
03-10-2026,LOMBARDIA,03,CREMONA,GRUMELLO CREMONESE ED UNITI,019051,2,17,136,1066,373,1594
03-10-2026,LOMBARDIA,03,BERGAMO,GRUMELLO DEL MONTE,016120,7,207,827,7240,4323,12604
03-10-2026,LOMBARDIA,03,COMO,GUANZATE,013114,9,122,646,5535,2762,9074
03-10-2026,LOMBARDIA,03,LODI,GUARDAMIGLIO,098029,4,26,248,2030,883,3191
03-10-2026,LOMBARDIA,03,MILANO,GUDO VISCONTI,015112,4,44,237,2069,1145,3499
03-10-2026,LOMBARDIA,03,MANTOVA,GUIDIZZOLO,020028,5,54,470,4971,3159,8659
03-10-2026,LOMBARDIA,03,BRESCIA,GUSSAGO,017081,16,570,1751,15555,6686,24578
03-10-2026,LOMBARDIA,03,CREMONA,GUSSOLA,019052,3,9,227,1701,728,2668
03-10-2026,LOMBARDIA,03,BRESCIA,IDRO,017082,0,20,152,975,334,1481
03-10-2026,LOMBARDIA,03,LECCO,IMBERSAGO,097039,3,40,252,2639,1319,4253
03-10-2026,LOMBARDIA,03,VARESE,INARZO,012082,0,18,129,811,408,1366
03-10-2026,LOMBARDIA,03,BRESCIA,INCUDINE,017083,0,10,33,193,32,268
03-10-2026,LOMBARDIA,03,VARESE,INDUNO OLONA,012083,21,225,1161,9803,4019,15229
03-10-2026,LOMBARDIA,03,LECCO,INTROBIO,097040,1,15,182,1282,686,2166
03-10-2026,LOMBARDIA,03,COMO,INVERIGO,013118,9,288,892,8806,4215,14210
03-10-2026,LOMBARDIA,03,PAVIA,INVERNO E MONTELEONE,018077,1,20,101,1176,546,1844
03-10-2026,LOMBARDIA,03,MILANO,INVERUNO,015113,17,99,1110,9838,7870,18934
03-10-2026,LOMBARDIA,03,MILANO,INZAGO,015114,17,169,1471,11651,6212,19520
03-10-2026,LOMBARDIA,03,BRESCIA,IRMA,017084,0,0,6,45,10,61
03-10-2026,LOMBARDIA,03,BRESCIA,ISEO,017085,15,191,930,7873,3382,12391
03-10-2026,LOMBARDIA,03,BERGAMO,ISOLA DI FONDRA,016121,0,1,14,63,22,100
03-10-2026,LOMBARDIA,03,CREMONA,ISOLA DOVARESE,019053,0,4,46,482,298,830
03-10-2026,LOMBARDIA,03,BRESCIA,ISORELLA,017086,3,45,408,3380,1985,5821
03-10-2026,LOMBARDIA,03,VARESE,ISPRA,012084,1,90,536,3872,1832,6331
03-10-2026,LOMBARDIA,03,BERGAMO,ISSO,016122,0,2,63,488,198,751
03-10-2026,LOMBARDIA,03,CREMONA,IZANO,019054,1,18,113,1039,563,1734
03-10-2026,LOMBARDIA,03,VARESE,JERAGO CON ORAGO,012085,15,168,629,5531,2398,8741
03-10-2026,LOMBARDIA,03,LECCO,LA VALLETTA BRIANZA,097092,1,74,469,3795,2130,6469
03-10-2026,LOMBARDIA,03,MILANO,LACCHIARELLA,015115,25,83,1297,10831,7974,20210
03-10-2026,LOMBARDIA,03,COMO,LAGLIO,013119,5,9,60,656,271,1001
03-10-2026,LOMBARDIA,03,MILANO,LAINATE,015116,25,542,2708,27830,12862,43967
03-10-2026,LOMBARDIA,03,COMO,LAINO,013120,0,10,39,417,172,638
03-10-2026,LOMBARDIA,03,BERGAMO,LALLIO,016123,7,126,602,4275,1862,6872
03-10-2026,LOMBARDIA,03,COMO,LAMBRUGO,013121,5,41,278,2196,1176,3696
03-10-2026,LOMBARDIA,03,PAVIA,LANDRIANO,018078,17,117,811,7310,3706,11961
03-10-2026,LOMBARDIA,03,PAVIA,LANGOSCO,018079,0,4,20,162,55,241
03-10-2026,LOMBARDIA,03,SONDRIO,LANZADA,014036,0,6,28,317,76,427
03-10-2026,LOMBARDIA,03,PAVIA,LARDIRAGO,018080,4,5,109,1051,548,1717
03-10-2026,LOMBARDIA,03,COMO,LASNIGO,013123,2,3,45,233,137,420
03-10-2026,LOMBARDIA,03,VARESE,LAVENA PONTE TRESA,012086,7,71,464,4008,2120,6670
03-10-2026,LOMBARDIA,03,VARESE,LAVENO-MOMBELLO,012087,7,139,789,6077,2711,9723
03-10-2026,LOMBARDIA,03,BRESCIA,LAVENONE,017087,0,1,21,216,62,300
03-10-2026,LOMBARDIA,03,MONZA E DELLA BRIANZA,LAZZATE,108025,7,111,771,6007,2324,9220
03-10-2026,LOMBARDIA,03,LECCO,LECCO,097042,172,2218,7836,68676,29978,108880
03-10-2026,LOMBARDIA,03,BERGAMO,LEFFE,016124,1,40,294,2552,1225,4112
03-10-2026,LOMBARDIA,03,VARESE,LEGGIUNO,012088,0,60,409,2932,1130,4531
03-10-2026,LOMBARDIA,03,MILANO,LEGNANO,015118,199,5507,11041,113876,56498,187121
03-10-2026,LOMBARDIA,03,BERGAMO,LENNA,016125,0,2,45,267,133,447
03-10-2026,LOMBARDIA,03,BRESCIA,LENO,017088,18,175,1412,10456,5429,17490
03-10-2026,LOMBARDIA,03,MONZA E DELLA BRIANZA,LENTATE SUL SEVESO,108054,29,397,1648,16815,8712,27601
03-10-2026,LOMBARDIA,03,MONZA E DELLA BRIANZA,LESMO,108026,12,314,1320,11423,6577,19646
03-10-2026,LOMBARDIA,03,BERGAMO,LEVATE,016126,1,55,436,3585,2081,6158
03-10-2026,LOMBARDIA,03,COMO,LEZZENO,013126,1,21,108,887,487,1504
03-10-2026,LOMBARDIA,03,LECCO,LIERNA,097043,2,32,167,1694,835,2730
03-10-2026,LOMBARDIA,03,MONZA E DELLA BRIANZA,LIMBIATE,108027,94,2520,5046,52398,25141,85199
03-10-2026,LOMBARDIA,03,COMO,LIMIDO COMASCO,013128,9,79,410,3647,1505,5650
03-10-2026,LOMBARDIA,03,BRESCIA,LIMONE SUL GARDA,017089,0,2,79,487,255,823
03-10-2026,LOMBARDIA,03,PAVIA,LINAROLO,018081,4,22,212,2017,1257,3512
03-10-2026,LOMBARDIA,03,COMO,LIPOMO,013129,5,342,623,5632,2044,8646
03-10-2026,LOMBARDIA,03,MILANO,LISCATE,015122,4,89,543,4748,2468,7852
03-10-2026,LOMBARDIA,03,MONZA E DELLA BRIANZA,LISSONE,108028,105,2668,6908,68889,30943,109513
03-10-2026,LOMBARDIA,03,SONDRIO,LIVIGNO,014037,4,22,507,3822,1303,5658
03-10-2026,LOMBARDIA,03,COMO,LIVO,013130,0,1,11,81,19,112
03-10-2026,LOMBARDIA,03,LODI,LIVRAGA,098030,3,15,257,2050,1130,3455
03-10-2026,LOMBARDIA,03,MILANO,LOCATE DI TRIULZI,015125,31,494,1752,16880,7851,27008
03-10-2026,LOMBARDIA,03,COMO,LOCATE VARESINO,013131,2,61,370,3353,1225,5011
03-10-2026,LOMBARDIA,03,BERGAMO,LOCATELLO,016127,0,4,41,466,262,773
03-10-2026,LOMBARDIA,03,LODI,LODI,098031,175,1674,7094,70337,31261,110541
03-10-2026,LOMBARDIA,03,LODI,LODI VECCHIO,098032,17,92,853,8845,4181,13988
03-10-2026,LOMBARDIA,03,BRESCIA,LODRINO,017090,0,16,86,808,319,1229
03-10-2026,LOMBARDIA,03,BRESCIA,LOGRATO,017091,3,62,445,3396,2025,5931
03-10-2026,LOMBARDIA,03,LECCO,LOMAGNA,097044,5,74,623,4456,1961,7119
03-10-2026,LOMBARDIA,03,COMO,LOMAZZO,013133,26,508,1420,13658,6045,21657
03-10-2026,LOMBARDIA,03,PAVIA,LOMELLO,018083,0,16,79,1089,506,1690
03-10-2026,LOMBARDIA,03,VARESE,LONATE CEPPINO,012089,9,73,599,4405,1786,6872
03-10-2026,LOMBARDIA,03,VARESE,LONATE POZZOLO,012090,20,211,1353,10611,4463,16658
03-10-2026,LOMBARDIA,03,BRESCIA,LONATO DEL GARDA,017092,14,314,1919,16188,7575,26010
03-10-2026,LOMBARDIA,03,BRESCIA,LONGHENA,017093,1,5,38,352,198,594
03-10-2026,LOMBARDIA,03,COMO,LONGONE AL SEGRINO,013134,1,31,132,1717,1056,2937
03-10-2026,LOMBARDIA,03,BRESCIA,LOSINE,017094,2,4,59,484,294,843
03-10-2026,LOMBARDIA,03,BERGAMO,LOVERE,016128,8,59,492,4549,2523,7631
03-10-2026,LOMBARDIA,03,SONDRIO,LOVERO,014038,1,0,36,230,60,327
03-10-2026,LOMBARDIA,03,BRESCIA,LOZIO,017095,0,2,5,107,36,150
03-10-2026,LOMBARDIA,03,VARESE,LOZZA,012091,1,21,131,1240,584,1977
03-10-2026,LOMBARDIA,03,VARESE,LUINO,012092,13,114,1292,11165,6263,18847
03-10-2026,LOMBARDIA,03,COMO,LUISAGO,013135,2,51,239,2181,1115,3588
03-10-2026,LOMBARDIA,03,BRESCIA,LUMEZZANE,017096,36,926,1885,19335,8110,30292
03-10-2026,LOMBARDIA,03,PAVIA,LUNGAVILLA,018084,6,16,130,1075,461,1688
03-10-2026,LOMBARDIA,03,COMO,LURAGO D'ERBA,013136,7,82,524,4311,2014,6938
03-10-2026,LOMBARDIA,03,COMO,LURAGO MARINONE,013137,3,31,192,1753,769,2748
03-10-2026,LOMBARDIA,03,BERGAMO,LURANO,016129,2,29,323,2822,1380,4556
03-10-2026,LOMBARDIA,03,COMO,LURATE CACCIVIO,013138,16,146,1005,8261,4107,13535
03-10-2026,LOMBARDIA,03,VARESE,LUVINATE,012093,2,44,160,1533,742,2481
03-10-2026,LOMBARDIA,03,BERGAMO,LUZZANA,016130,0,3,81,545,283,912
03-10-2026,LOMBARDIA,03,VARESE,MACCAGNO CON PINO E VEDDASCA,012142,6,29,202,1791,995,3023
03-10-2026,LOMBARDIA,03,LODI,MACCASTORNA,098033,0,0,0,21,3,24
03-10-2026,LOMBARDIA,03,MONZA E DELLA BRIANZA,MACHERIO,108029,17,188,981,7983,3701,12870
03-10-2026,LOMBARDIA,03,BRESCIA,MACLODIO,017097,1,16,116,1104,486,1723
03-10-2026,LOMBARDIA,03,SONDRIO,MADESIMO,014035,1,13,54,427,175,670
03-10-2026,LOMBARDIA,03,CREMONA,MADIGNANO,019055,6,36,311,2222,1021,3596
03-10-2026,LOMBARDIA,03,BERGAMO,MADONE,016131,4,25,541,4015,2062,6647
03-10-2026,LOMBARDIA,03,BRESCIA,MAGASA,017098,0,0,10,82,41,133
03-10-2026,LOMBARDIA,03,MILANO,MAGENTA,015130,112,2522,3988,43348,18603,68573
03-10-2026,LOMBARDIA,03,PAVIA,MAGHERNO,018085,3,28,210,1896,751,2888
03-10-2026,LOMBARDIA,03,MANTOVA,MAGNACAVALLO,020029,0,7,107,907,435,1456
03-10-2026,LOMBARDIA,03,MILANO,MAGNAGO,015131,17,197,1338,10645,5073,17270
03-10-2026,LOMBARDIA,03,COMO,MAGREGLIO,013139,1,18,63,580,251,913
03-10-2026,LOMBARDIA,03,LODI,MAIRAGO,098034,4,24,91,927,386,1432
03-10-2026,LOMBARDIA,03,BRESCIA,MAIRANO,017099,4,84,448,3398,1778,5712
03-10-2026,LOMBARDIA,03,CREMONA,MALAGNINO,019056,1,11,125,947,364,1448
03-10-2026,LOMBARDIA,03,BRESCIA,MALEGNO,017100,1,8,129,1064,470,1672
03-10-2026,LOMBARDIA,03,LODI,MALEO,098035,3,15,250,2066,1176,3510
03-10-2026,LOMBARDIA,03,LECCO,MALGRATE,097045,3,62,448,3710,1759,5982
03-10-2026,LOMBARDIA,03,VARESE,MALNATE,012096,19,982,1815,17168,7488,27472
03-10-2026,LOMBARDIA,03,BRESCIA,MALONNO,017101,1,11,103,791,351,1257
03-10-2026,LOMBARDIA,03,LECCO,MANDELLO DEL LARIO,097046,13,148,798,8042,5659,14660
03-10-2026,LOMBARDIA,03,BRESCIA,MANERBA DEL GARDA,017102,10,227,710,5605,2280,8832
03-10-2026,LOMBARDIA,03,BRESCIA,MANERBIO,017103,13,138,1289,12965,7110,21515
03-10-2026,LOMBARDIA,03,SONDRIO,MANTELLO,014039,0,9,33,497,79,618
03-10-2026,LOMBARDIA,03,MANTOVA,MANTOVA,020030,115,1874,7508,76953,36954,123404
03-10-2026,LOMBARDIA,03,BERGAMO,MAPELLO,016132,5,123,691,6119,2677,9615
03-10-2026,LOMBARDIA,03,MILANO,MARCALLO CON CASONE,015134,6,295,827,6390,3014,10532
03-10-2026,LOMBARDIA,03,MANTOVA,MARCARIA,020031,1,20,441,3832,1981,6275
03-10-2026,LOMBARDIA,03,BRESCIA,MARCHENO,017104,1,54,308,2515,1042,3920
03-10-2026,LOMBARDIA,03,VARESE,MARCHIROLO,012097,9,38,251,2324,1174,3796
03-10-2026,LOMBARDIA,03,PAVIA,MARCIGNAGO,018086,6,221,239,3214,973,4653
03-10-2026,LOMBARDIA,03,LECCO,MARGNO,097047,0,5,21,292,82,400
03-10-2026,LOMBARDIA,03,MANTOVA,MARIANA MANTOVANA,020032,0,1,40,342,133,516
03-10-2026,LOMBARDIA,03,COMO,MARIANO COMENSE,013143,53,1001,2709,26312,12549,42624
03-10-2026,LOMBARDIA,03,BRESCIA,MARMENTINO,017105,1,4,26,243,61,335
03-10-2026,LOMBARDIA,03,MANTOVA,MARMIROLO,020033,9,109,544,5792,2655,9109
03-10-2026,LOMBARDIA,03,VARESE,MARNATE,012098,6,112,894,7998,3933,12943
03-10-2026,LOMBARDIA,03,BRESCIA,MARONE,017106,2,37,213,1626,856,2734
03-10-2026,LOMBARDIA,03,CREMONA,MARTIGNANA DI PO,019057,2,8,99,1039,407,1555
03-10-2026,LOMBARDIA,03,BERGAMO,MARTINENGO,016133,12,168,1346,12145,7323,20994
03-10-2026,LOMBARDIA,03,LODI,MARUDO,098036,6,12,167,1460,619,2264
03-10-2026,LOMBARDIA,03,PAVIA,MARZANO,018087,8,35,207,2512,1196,3958
03-10-2026,LOMBARDIA,03,VARESE,MARZIO,012099,0,5,23,157,37,222
03-10-2026,LOMBARDIA,03,MILANO,MASATE,015136,10,68,568,4532,2227,7405
03-10-2026,LOMBARDIA,03,VARESE,MASCIAGO PRIMO,012100,0,7,38,212,98,355
03-10-2026,LOMBARDIA,03,COMO,MASLIANICO,013144,3,84,302,2634,1264,4287
03-10-2026,LOMBARDIA,03,LODI,MASSALENGO,098037,8,62,441,4071,1803,6385
03-10-2026,LOMBARDIA,03,BRESCIA,MAZZANO,017107,16,357,1417,12812,6952,21554
03-10-2026,LOMBARDIA,03,SONDRIO,MAZZO DI VALTELLINA,014040,1,10,47,382,253,693
03-10-2026,LOMBARDIA,03,MONZA E DELLA BRIANZA,MEDA,108030,49,831,2962,29534,14164,47540
03-10-2026,LOMBARDIA,03,PAVIA,MEDE,018088,2,78,357,3082,1437,4956
03-10-2026,LOMBARDIA,03,MILANO,MEDIGLIA,015139,16,511,1633,16227,8384,26771
03-10-2026,LOMBARDIA,03,BERGAMO,MEDOLAGO,016250,1,33,249,2262,892,3437
03-10-2026,LOMBARDIA,03,MANTOVA,MEDOLE,020034,5,68,377,3684,1590,5724
03-10-2026,LOMBARDIA,03,MILANO,MELEGNANO,015140,40,1192,2606,27283,13873,44994
03-10-2026,LOMBARDIA,03,LODI,MELETI,098038,1,2,30,241,117,391
03-10-2026,LOMBARDIA,03,SONDRIO,MELLO,014041,0,6,21,317,93,437
03-10-2026,LOMBARDIA,03,MILANO,MELZO,015142,43,545,2389,22711,9942,35630
03-10-2026,LOMBARDIA,03,COMO,MENAGGIO,013145,4,23,170,2014,1084,3295
03-10-2026,LOMBARDIA,03,PAVIA,MENCONICO,018089,0,5,19,167,45,236
03-10-2026,LOMBARDIA,03,LECCO,MERATE,097048,25,643,1673,16167,6769,25277
03-10-2026,LOMBARDIA,03,VARESE,MERCALLO,012101,1,24,185,1325,798,2333
03-10-2026,LOMBARDIA,03,LODI,MERLINO,098039,3,25,167,1782,943,2920
03-10-2026,LOMBARDIA,03,COMO,MERONE,013147,4,87,366,3593,1825,5875
03-10-2026,LOMBARDIA,03,SONDRIO,MESE,014043,0,8,75,743,351,1177
03-10-2026,LOMBARDIA,03,VARESE,MESENZANA,012102,3,20,191,1321,649,2184
03-10-2026,LOMBARDIA,03,MILANO,MESERO,015144,2,71,458,3848,1982,6361
03-10-2026,LOMBARDIA,03,MONZA E DELLA BRIANZA,MEZZAGO,108031,2,112,507,4327,2369,7317
03-10-2026,LOMBARDIA,03,PAVIA,MEZZANA BIGLI,018090,0,15,74,635,243,967
03-10-2026,LOMBARDIA,03,PAVIA,MEZZANA RABATTONE,018091,0,2,38,216,106,362
03-10-2026,LOMBARDIA,03,PAVIA,MEZZANINO,018092,1,16,101,895,436,1449
03-10-2026,LOMBARDIA,03,BERGAMO,MEZZOLDO,016134,0,2,5,58,26,91
03-10-2026,LOMBARDIA,03,MILANO,MILANO,015146,12864,206388,299144,3716458,1810651,6045505
03-10-2026,LOMBARDIA,03,BRESCIA,MILZANO,017108,0,11,84,1015,584,1694
03-10-2026,LOMBARDIA,03,PAVIA,MIRADOLO TERME,018093,10,51,334,3419,1371,5185
03-10-2026,LOMBARDIA,03,BERGAMO,MISANO DI GERA D'ADDA,016135,2,35,377,3137,1834,5385
03-10-2026,LOMBARDIA,03,MONZA E DELLA BRIANZA,MISINTO,108032,4,84,553,4946,2250,7837
03-10-2026,LOMBARDIA,03,LECCO,MISSAGLIA,097049,14,347,1034,9220,6652,17267
03-10-2026,LOMBARDIA,03,LECCO,MOGGIO,097050,0,8,60,411,149,628
03-10-2026,LOMBARDIA,03,MANTOVA,MOGLIA,020035,1,63,363,3632,1740,5799
03-10-2026,LOMBARDIA,03,BERGAMO,MOIO DE' CALVI,016136,0,3,16,141,38,198
03-10-2026,LOMBARDIA,03,LECCO,MOLTENO,097051,0,37,297,2388,1083,3805
03-10-2026,LOMBARDIA,03,COMO,MOLTRASIO,013152,1,39,124,1285,685,2134
03-10-2026,LOMBARDIA,03,BERGAMO,MONASTEROLO DEL CASTELLO,016137,0,5,90,700,247,1042
03-10-2026,LOMBARDIA,03,COMO,MONGUZZO,013153,3,79,255,1999,718,3054
03-10-2026,LOMBARDIA,03,BRESCIA,MONIGA DEL GARDA,017109,1,96,189,2103,868,3257
03-10-2026,LOMBARDIA,03,BRESCIA,MONNO,017110,0,2,49,442,307,800
03-10-2026,LOMBARDIA,03,SONDRIO,MONTAGNA IN VALTELLINA,014044,1,44,148,1460,603,2256
03-10-2026,LOMBARDIA,03,PAVIA,MONTALTO PAVESE,018094,0,7,42,442,187,678
03-10-2026,LOMBARDIA,03,LODI,MONTANASO LOMBARDO,098040,3,41,227,1778,923,2972
03-10-2026,LOMBARDIA,03,COMO,MONTANO LUCINO,013154,6,223,646,5422,2818,9115
03-10-2026,LOMBARDIA,03,CREMONA,MONTE CREMASCO,019058,1,19,200,1818,1123,3161
03-10-2026,LOMBARDIA,03,BRESCIA,MONTE ISOLA,017111,0,10,102,547,248,907
03-10-2026,LOMBARDIA,03,LECCO,MONTE MARENZO,097052,0,14,164,1459,786,2423
03-10-2026,LOMBARDIA,03,PAVIA,MONTEBELLO DELLA BATTAGLIA,018095,0,25,116,790,262,1193
03-10-2026,LOMBARDIA,03,PAVIA,MONTECALVO VERSIGGIA,018096,0,4,23,390,226,643
03-10-2026,LOMBARDIA,03,VARESE,MONTEGRINO VALTRAVAGLIA,012103,2,25,143,1178,709,2057
03-10-2026,LOMBARDIA,03,BERGAMO,MONTELLO,016139,1,59,387,4150,2078,6675
03-10-2026,LOMBARDIA,03,COMO,MONTEMEZZO,013155,0,1,15,53,24,93
03-10-2026,LOMBARDIA,03,PAVIA,MONTESCANO,018097,0,5,65,405,134,609
03-10-2026,LOMBARDIA,03,PAVIA,MONTESEGALE,018098,0,3,9,386,140,538
03-10-2026,LOMBARDIA,03,LECCO,MONTEVECCHIA,097053,2,50,320,3087,2557,6016
03-10-2026,LOMBARDIA,03,BRESCIA,MONTICELLI BRUSATI,017112,1,54,441,3002,1366,4864
03-10-2026,LOMBARDIA,03,PAVIA,MONTICELLI PAVESE,018099,1,4,27,448,123,603
03-10-2026,LOMBARDIA,03,LECCO,MONTICELLO BRIANZA,097054,5,38,327,3862,1746,5978
03-10-2026,LOMBARDIA,03,BRESCIA,MONTICHIARI,017113,33,608,2668,23576,12933,39818
03-10-2026,LOMBARDIA,03,BRESCIA,MONTIRONE,017114,2,163,558,4579,2094,7396
03-10-2026,LOMBARDIA,03,CREMONA,MONTODINE,019059,1,8,128,986,597,1720
03-10-2026,LOMBARDIA,03,COMO,MONTORFANO,013157,2,51,227,2257,1029,3566
03-10-2026,LOMBARDIA,03,PAVIA,MONTÙ BECCARIA,018100,1,20,119,1084,404,1628
03-10-2026,LOMBARDIA,03,VARESE,MONVALLE,012104,2,23,248,1408,628,2309
03-10-2026,LOMBARDIA,03,MONZA E DELLA BRIANZA,MONZA,108033,330,3769,14685,172816,94953,286553
03-10-2026,LOMBARDIA,03,MANTOVA,MONZAMBANO,020036,5,33,310,3232,1116,4696
03-10-2026,LOMBARDIA,03,VARESE,MORAZZONE,012105,4,75,473,3859,1694,6105
03-10-2026,LOMBARDIA,03,SONDRIO,MORBEGNO,014045,13,226,1333,11562,4644,17778
03-10-2026,LOMBARDIA,03,BERGAMO,MORENGO,016140,3,60,262,2527,1004,3856
03-10-2026,LOMBARDIA,03,MILANO,MORIMONDO,015150,1,12,96,853,285,1247
03-10-2026,LOMBARDIA,03,VARESE,MORNAGO,012106,3,136,579,3911,1312,5941
03-10-2026,LOMBARDIA,03,BERGAMO,MORNICO AL SERIO,016141,1,24,348,2828,1589,4790
03-10-2026,LOMBARDIA,03,PAVIA,MORNICO LOSANA,018101,0,2,29,319,140,490
03-10-2026,LOMBARDIA,03,PAVIA,MORTARA,018102,39,743,1799,21602,7372,31555
03-10-2026,LOMBARDIA,03,LECCO,MORTERONE,097055,0,0,2,65,29,96
03-10-2026,LOMBARDIA,03,CREMONA,MOSCAZZANO,019060,0,7,35,273,120,435
03-10-2026,LOMBARDIA,03,CREMONA,MOTTA BALUFFI,019061,4,3,71,641,444,1163
03-10-2026,LOMBARDIA,03,MILANO,MOTTA VISCONTI,015151,11,144,967,8588,4541,14251
03-10-2026,LOMBARDIA,03,MANTOVA,MOTTEGGIANA,020037,1,54,201,2365,1398,4019
03-10-2026,LOMBARDIA,03,BERGAMO,MOZZANICA,016142,2,23,393,2841,1228,4487
03-10-2026,LOMBARDIA,03,COMO,MOZZATE,013159,14,328,1111,9975,4508,15936
03-10-2026,LOMBARDIA,03,BERGAMO,MOZZO,016143,3,361,946,8978,6701,16989
03-10-2026,LOMBARDIA,03,MONZA E DELLA BRIANZA,MUGGIÒ,108034,44,734,2804,27192,15008,45782
03-10-2026,LOMBARDIA,03,LODI,MULAZZANO,098041,3,107,601,5388,2695,8794
03-10-2026,LOMBARDIA,03,BRESCIA,MURA,017115,0,4,59,396,158,617
03-10-2026,LOMBARDIA,03,BRESCIA,MUSCOLINE,017116,6,42,251,1788,652,2739
03-10-2026,LOMBARDIA,03,COMO,MUSSO,013160,0,3,57,382,165,607
03-10-2026,LOMBARDIA,03,BRESCIA,NAVE,017117,6,303,1009,8069,3216,12603
03-10-2026,LOMBARDIA,03,BERGAMO,NEMBRO,016144,11,139,842,7324,3351,11667
03-10-2026,LOMBARDIA,03,MILANO,NERVIANO,015154,15,1086,2665,22215,10133,36114
03-10-2026,LOMBARDIA,03,COMO,NESSO,013161,0,9,84,614,201,908
03-10-2026,LOMBARDIA,03,BRESCIA,NIARDO,017118,0,16,116,976,276,1384
03-10-2026,LOMBARDIA,03,LECCO,NIBIONNO,097056,4,53,319,2900,1429,4705
03-10-2026,LOMBARDIA,03,PAVIA,NICORVO,018103,0,3,18,162,90,273
03-10-2026,LOMBARDIA,03,MILANO,NOSATE,015155,2,21,52,549,141,765
03-10-2026,LOMBARDIA,03,MONZA E DELLA BRIANZA,NOVA MILANESE,108035,43,681,2515,25538,11514,40291
03-10-2026,LOMBARDIA,03,SONDRIO,NOVATE MEZZOLA,014046,3,15,151,1145,365,1679
03-10-2026,LOMBARDIA,03,MILANO,NOVATE MILANESE,015157,40,778,2678,25495,14132,43123
03-10-2026,LOMBARDIA,03,COMO,NOVEDRATE,013163,2,29,258,1966,919,3174
03-10-2026,LOMBARDIA,03,MILANO,NOVIGLIO,015158,7,101,562,5378,2182,8230
03-10-2026,LOMBARDIA,03,BRESCIA,NUVOLENTO,017119,4,76,314,2457,1028,3879
03-10-2026,LOMBARDIA,03,BRESCIA,NUVOLERA,017120,3,90,427,3999,2747,7266
03-10-2026,LOMBARDIA,03,BRESCIA,ODOLO,017121,2,18,162,1199,620,2001
03-10-2026,LOMBARDIA,03,CREMONA,OFFANENGO,019062,5,51,662,4813,4147,9678
03-10-2026,LOMBARDIA,03,BRESCIA,OFFLAGA,017122,2,41,319,2583,1424,4369
03-10-2026,LOMBARDIA,03,VARESE,OGGIONA CON SANTO STEFANO,012107,4,88,656,4243,1948,6939
03-10-2026,LOMBARDIA,03,LECCO,OGGIONO,097057,15,507,1121,9811,4461,15915
03-10-2026,LOMBARDIA,03,PAVIA,OLEVANO DI LOMELLINA,018104,1,4,26,369,151,551
03-10-2026,LOMBARDIA,03,COMO,OLGIATE COMASCO,013165,20,205,1313,11940,6762,20240
03-10-2026,LOMBARDIA,03,LECCO,OLGIATE MOLGORA,097058,7,89,696,6231,2828,9851
03-10-2026,LOMBARDIA,03,VARESE,OLGIATE OLONA,012108,20,381,1650,14074,7716,23841
03-10-2026,LOMBARDIA,03,LECCO,OLGINATE,097059,6,117,630,5902,2470,9125
03-10-2026,LOMBARDIA,03,PAVIA,OLIVA GESSI,018105,0,1,7,41,21,70
03-10-2026,LOMBARDIA,03,LECCO,OLIVETO LARIO,097060,0,13,72,768,411,1264
03-10-2026,LOMBARDIA,03,CREMONA,OLMENETA,019063,0,3,54,536,308,901
03-10-2026,LOMBARDIA,03,BERGAMO,OLMO AL BREMBO,016145,0,4,54,307,89,454
03-10-2026,LOMBARDIA,03,BERGAMO,OLTRE IL COLLE,016146,0,5,41,318,149,513
03-10-2026,LOMBARDIA,03,BERGAMO,OLTRESSENDA ALTA,016147,0,1,1,44,13,59
03-10-2026,LOMBARDIA,03,COMO,OLTRONA DI SAN MAMETTE,013169,3,31,255,1909,1020,3218
03-10-2026,LOMBARDIA,03,BRESCIA,OME,017123,1,61,209,2138,1211,3620
03-10-2026,LOMBARDIA,03,BERGAMO,ONETA,016148,0,5,30,390,104,529
03-10-2026,LOMBARDIA,03,BRESCIA,ONO SAN PIETRO,017124,1,3,119,578,202,903
03-10-2026,LOMBARDIA,03,BERGAMO,ONORE,016149,0,16,78,640,247,981
03-10-2026,LOMBARDIA,03,MILANO,OPERA,015159,40,513,2135,20896,10654,34238
03-10-2026,LOMBARDIA,03,VARESE,ORIGGIO,012109,3,218,919,6542,3024,10706
03-10-2026,LOMBARDIA,03,VARESE,ORINO,012110,2,11,89,668,222,992
03-10-2026,LOMBARDIA,03,BERGAMO,ORIO AL SERIO,016150,2,21,267,1750,726,2766
03-10-2026,LOMBARDIA,03,LODI,ORIO LITTA,098042,4,15,185,1860,920,2984
03-10-2026,LOMBARDIA,03,MONZA E DELLA BRIANZA,ORNAGO,108036,8,122,654,5422,2211,8417
03-10-2026,LOMBARDIA,03,BERGAMO,ORNICA,016151,0,0,8,33,17,58
03-10-2026,LOMBARDIA,03,COMO,ORSENIGO,013170,0,37,191,1695,653,2576
03-10-2026,LOMBARDIA,03,BRESCIA,ORZINUOVI,017125,6,536,992,9972,4289,15795
03-10-2026,LOMBARDIA,03,BRESCIA,ORZIVECCHI,017126,0,12,168,1509,1006,2695
03-10-2026,LOMBARDIA,03,BERGAMO,OSIO SOPRA,016152,4,111,480,4324,2058,6977
03-10-2026,LOMBARDIA,03,BERGAMO,OSIO SOTTO,016153,12,266,1520,14231,7593,23622
03-10-2026,LOMBARDIA,03,LECCO,OSNAGO,097061,8,134,782,6018,3019,9961
03-10-2026,LOMBARDIA,03,LODI,OSPEDALETTO LODIGIANO,098043,2,16,235,1957,1034,3244
03-10-2026,LOMBARDIA,03,BRESCIA,OSPITALETTO,017127,12,264,1961,15080,7256,24573
03-10-2026,LOMBARDIA,03,LODI,OSSAGO LODIGIANO,098044,0,10,121,972,414,1517
03-10-2026,LOMBARDIA,03,BRESCIA,OSSIMO,017128,1,22,84,772,341,1220
03-10-2026,LOMBARDIA,03,MILANO,OSSONA,015164,9,409,568,5211,2296,8493
03-10-2026,LOMBARDIA,03,CREMONA,OSTIANO,019064,1,16,171,2042,1040,3270
03-10-2026,LOMBARDIA,03,MANTOVA,OSTIGLIA,020038,7,98,560,6247,2733,9645
03-10-2026,LOMBARDIA,03,PAVIA,OTTOBIANO,018106,0,12,75,613,265,965
03-10-2026,LOMBARDIA,03,MILANO,OZZERO,015165,2,40,126,1146,476,1790
03-10-2026,LOMBARDIA,03,BRESCIA,PADENGHE SUL GARDA,017129,8,211,679,5792,2846,9536
03-10-2026,LOMBARDIA,03,LECCO,PADERNO D'ADDA,097062,2,52,417,3441,1704,5616
03-10-2026,LOMBARDIA,03,MILANO,PADERNO DUGNANO,015166,159,3306,6559,73357,31930,115311
03-10-2026,LOMBARDIA,03,BRESCIA,PADERNO FRANCIACORTA,017130,2,59,357,2946,1209,4573
03-10-2026,LOMBARDIA,03,CREMONA,PADERNO PONCHIELLI,019065,0,1,61,604,226,892
03-10-2026,LOMBARDIA,03,BERGAMO,PAGAZZANO,016154,3,29,278,2062,937,3309
03-10-2026,LOMBARDIA,03,LECCO,PAGNONA,097063,0,0,8,35,8,51
03-10-2026,LOMBARDIA,03,BRESCIA,PAISCO LOVENO,017131,1,0,7,32,8,48
03-10-2026,LOMBARDIA,03,BRESCIA,PAITONE,017132,2,33,180,1576,706,2497
03-10-2026,LOMBARDIA,03,BERGAMO,PALADINA,016155,2,50,325,2513,1170,4060
03-10-2026,LOMBARDIA,03,BERGAMO,PALAZZAGO,016156,4,66,572,4231,2177,7050
03-10-2026,LOMBARDIA,03,CREMONA,PALAZZO PIGNANO,019066,4,55,351,2909,1313,4632
03-10-2026,LOMBARDIA,03,BRESCIA,PALAZZOLO SULL'OGLIO,017133,17,336,2137,19127,11054,32671
03-10-2026,LOMBARDIA,03,PAVIA,PALESTRO,018107,2,23,168,1595,657,2445
03-10-2026,LOMBARDIA,03,BERGAMO,PALOSCO,016157,4,103,461,4609,2689,7866
03-10-2026,LOMBARDIA,03,PAVIA,PANCARANA,018108,0,1,6,126,43,176
03-10-2026,LOMBARDIA,03,CREMONA,PANDINO,019067,17,136,1129,9136,4419,14837
03-10-2026,LOMBARDIA,03,MILANO,PANTIGLIATE,015167,15,205,868,8037,4365,13490
03-10-2026,LOMBARDIA,03,MILANO,PARABIAGO,015168,56,1398,4513,36879,19073,61919
03-10-2026,LOMBARDIA,03,BRESCIA,PARATICO,017134,4,75,517,4096,2282,6974
03-10-2026,LOMBARDIA,03,LECCO,PARLASCO,097064,0,0,0,11,0,11
03-10-2026,LOMBARDIA,03,PAVIA,PARONA,018109,2,16,134,1427,656,2235
03-10-2026,LOMBARDIA,03,BERGAMO,PARRE,016158,1,50,156,1430,643,2280
03-10-2026,LOMBARDIA,03,BERGAMO,PARZANICA,016159,0,3,24,136,41,204
03-10-2026,LOMBARDIA,03,BRESCIA,PASPARDO,017135,0,0,32,190,62,284
03-10-2026,LOMBARDIA,03,BRESCIA,PASSIRANO,017136,2,285,709,5959,2829,9784
03-10-2026,LOMBARDIA,03,LECCO,PASTURO,097065,8,16,146,1094,381,1645
03-10-2026,LOMBARDIA,03,MILANO,PAULLO,015169,21,175,1251,12079,6149,19675
03-10-2026,LOMBARDIA,03,PAVIA,PAVIA,018110,195,3442,9086,100153,46502,159378
03-10-2026,LOMBARDIA,03,BRESCIA,PAVONE DEL MELLA,017137,2,12,175,1781,968,2938
03-10-2026,LOMBARDIA,03,SONDRIO,PEDESINA,014047,0,0,1,5,0,6
03-10-2026,LOMBARDIA,03,BERGAMO,PEDRENGO,016160,9,364,731,6026,2815,9945
03-10-2026,LOMBARDIA,03,COMO,PEGLIO,013178,0,2,12,194,44,252
03-10-2026,LOMBARDIA,03,MANTOVA,PEGOGNAGA,020039,5,79,646,5567,2938,9235
03-10-2026,LOMBARDIA,03,BERGAMO,PEIA,016161,0,11,83,644,277,1015
03-10-2026,LOMBARDIA,03,LECCO,PERLEDO,097067,0,19,64,563,127,773
03-10-2026,LOMBARDIA,03,MILANO,PERO,015170,45,368,1771,19095,8935,30214
03-10-2026,LOMBARDIA,03,CREMONA,PERSICO DOSIMO,019068,4,46,316,2390,890,3646
03-10-2026,LOMBARDIA,03,BRESCIA,PERTICA ALTA,017139,0,3,26,256,58,343
03-10-2026,LOMBARDIA,03,BRESCIA,PERTICA BASSA,017140,0,1,42,143,53,239
03-10-2026,LOMBARDIA,03,CREMONA,PESCAROLO ED UNITI,019069,0,7,88,970,425,1490
03-10-2026,LOMBARDIA,03,LECCO,PESCATE,097068,4,20,214,2025,1121,3384
03-10-2026,LOMBARDIA,03,MILANO,PESCHIERA BORROMEO,015171,93,871,4776,41436,20779,67955
03-10-2026,LOMBARDIA,03,MILANO,PESSANO CON BORNAGO,015172,16,214,1288,10677,4819,17014
03-10-2026,LOMBARDIA,03,CREMONA,PESSINA CREMONESE,019070,0,2,46,200,167,415
03-10-2026,LOMBARDIA,03,BRESCIA,PEZZAZE,017141,0,3,77,492,198,770
03-10-2026,LOMBARDIA,03,CREMONA,PIADENA DRIZZONA,019116,7,88,359,3686,1410,5550
03-10-2026,LOMBARDIA,03,BRESCIA,PIAN CAMUNO,017142,1,77,409,3674,2065,6226
03-10-2026,LOMBARDIA,03,BRESCIA,PIANCOGNO,017206,6,28,388,3085,1500,5007
03-10-2026,LOMBARDIA,03,COMO,PIANELLO DEL LARIO,013183,0,5,45,507,374,931
03-10-2026,LOMBARDIA,03,CREMONA,PIANENGO,019072,0,27,288,2116,798,3229
03-10-2026,LOMBARDIA,03,BERGAMO,PIANICO,016162,0,10,151,1231,543,1935
03-10-2026,LOMBARDIA,03,SONDRIO,PIANTEDO,014048,0,8,65,932,359,1364
03-10-2026,LOMBARDIA,03,BERGAMO,PIARIO,016163,1,13,60,549,220,843
03-10-2026,LOMBARDIA,03,SONDRIO,PIATEDA,014049,1,14,83,764,192,1054
03-10-2026,LOMBARDIA,03,BERGAMO,PIAZZA BREMBANA,016164,0,16,100,780,352,1248
03-10-2026,LOMBARDIA,03,BERGAMO,PIAZZATORRE,016165,1,8,22,257,85,373
03-10-2026,LOMBARDIA,03,BERGAMO,PIAZZOLO,016166,0,0,12,111,28,151
03-10-2026,LOMBARDIA,03,CREMONA,PIERANICA,019073,0,2,98,726,348,1174
03-10-2026,LOMBARDIA,03,PAVIA,PIETRA DE' GIORGI,018111,2,5,47,475,200,729
03-10-2026,LOMBARDIA,03,PAVIA,PIEVE ALBIGNOLA,018112,0,1,37,455,217,710
03-10-2026,LOMBARDIA,03,CREMONA,PIEVE D'OLMI,019074,1,15,78,860,319,1273
03-10-2026,LOMBARDIA,03,PAVIA,PIEVE DEL CAIRO,018113,0,22,103,1130,781,2036
03-10-2026,LOMBARDIA,03,MILANO,PIEVE EMANUELE,015173,55,1678,2633,28346,12815,45527
03-10-2026,LOMBARDIA,03,LODI,PIEVE FISSIRAGA,098045,2,18,227,1998,1031,3276
03-10-2026,LOMBARDIA,03,PAVIA,PIEVE PORTO MORONE,018114,4,56,218,2832,1532,4642
03-10-2026,LOMBARDIA,03,CREMONA,PIEVE SAN GIACOMO,019075,0,16,102,807,382,1307
03-10-2026,LOMBARDIA,03,COMO,PIGRA,013184,0,1,16,146,41,204
03-10-2026,LOMBARDIA,03,PAVIA,PINAROLO PO,018115,1,19,102,809,385,1316
03-10-2026,LOMBARDIA,03,MILANO,PIOLTELLO,015175,175,1783,7592,87165,41204,137919
03-10-2026,LOMBARDIA,03,BRESCIA,PISOGNE,017143,5,92,519,4663,2321,7600
03-10-2026,LOMBARDIA,03,MANTOVA,PIUBEGA,020041,0,9,127,983,439,1558
03-10-2026,LOMBARDIA,03,SONDRIO,PIURO,014050,0,15,95,693,347,1150
03-10-2026,LOMBARDIA,03,PAVIA,PIZZALE,018116,0,8,62,475,165,710
03-10-2026,LOMBARDIA,03,CREMONA,PIZZIGHETTONE,019076,6,42,517,4268,1764,6597
03-10-2026,LOMBARDIA,03,COMO,PLESIO,013185,1,9,50,441,148,649
03-10-2026,LOMBARDIA,03,MANTOVA,POGGIO RUSCO,020042,13,74,483,4865,1904,7339
03-10-2026,LOMBARDIA,03,SONDRIO,POGGIRIDENTI,014051,1,9,92,1046,257,1405
03-10-2026,LOMBARDIA,03,MILANO,POGLIANO MILANESE,015176,18,238,1163,10264,5403,17086
03-10-2026,LOMBARDIA,03,COMO,POGNANA LARIO,013186,0,4,55,330,118,507
03-10-2026,LOMBARDIA,03,BERGAMO,POGNANO,016167,2,25,153,1160,618,1958
03-10-2026,LOMBARDIA,03,BRESCIA,POLAVENO,017144,1,25,188,1509,742,2465
03-10-2026,LOMBARDIA,03,BRESCIA,POLPENAZZE DEL GARDA,017145,2,74,203,1769,591,2639
03-10-2026,LOMBARDIA,03,BRESCIA,POMPIANO,017146,0,46,312,2823,1228,4409
03-10-2026,LOMBARDIA,03,MANTOVA,POMPONESCO,020043,3,11,154,1443,589,2200
03-10-2026,LOMBARDIA,03,BRESCIA,PONCARALE,017147,7,95,440,3781,1666,5989
03-10-2026,LOMBARDIA,03,COMO,PONNA,013187,0,0,5,81,38,124
03-10-2026,LOMBARDIA,03,BRESCIA,PONTE DI LEGNO,017148,0,27,133,1006,414,1580
03-10-2026,LOMBARDIA,03,SONDRIO,PONTE IN VALTELLINA,014052,2,11,93,763,240,1109
03-10-2026,LOMBARDIA,03,COMO,PONTE LAMBRO,013188,12,170,507,6188,3174,10051
03-10-2026,LOMBARDIA,03,PAVIA,PONTE NIZZA,018117,1,6,82,393,179,661
03-10-2026,LOMBARDIA,03,BERGAMO,PONTE NOSSA,016168,2,89,160,1836,798,2885
03-10-2026,LOMBARDIA,03,BERGAMO,PONTE SAN PIETRO,016170,12,266,1857,15442,6936,24513
03-10-2026,LOMBARDIA,03,BERGAMO,PONTERANICA,016169,3,95,594,5166,2557,8415
03-10-2026,LOMBARDIA,03,BRESCIA,PONTEVICO,017149,2,48,429,3798,2159,6436
03-10-2026,LOMBARDIA,03,MANTOVA,PONTI SUL MINCIO,020044,0,25,239,2571,1857,4692
03-10-2026,LOMBARDIA,03,BERGAMO,PONTIDA,016171,1,50,290,2965,1483,4789
03-10-2026,LOMBARDIA,03,BERGAMO,PONTIROLO NUOVO,016172,6,55,619,5292,3028,9000
03-10-2026,LOMBARDIA,03,BRESCIA,PONTOGLIO,017150,7,68,565,5909,3470,10019
03-10-2026,LOMBARDIA,03,COMO,PORLEZZA,013189,4,31,272,2919,1586,4812
03-10-2026,LOMBARDIA,03,PAVIA,PORTALBERA,018118,0,10,108,772,285,1175
03-10-2026,LOMBARDIA,03,VARESE,PORTO CERESIO,012113,5,37,229,2203,1327,3801
03-10-2026,LOMBARDIA,03,MANTOVA,PORTO MANTOVANO,020045,15,686,1764,16743,7028,26236
03-10-2026,LOMBARDIA,03,VARESE,PORTO VALTRAVAGLIA,012114,1,14,161,1608,920,2704
03-10-2026,LOMBARDIA,03,SONDRIO,POSTALESIO,014053,0,10,59,546,208,823
03-10-2026,LOMBARDIA,03,CREMONA,POZZAGLIO ED UNITI,019077,0,5,85,758,328,1176
03-10-2026,LOMBARDIA,03,MILANO,POZZO D'ADDA,015177,25,647,1366,12031,4869,18938
03-10-2026,LOMBARDIA,03,BRESCIA,POZZOLENGO,017151,1,34,290,2112,945,3382
03-10-2026,LOMBARDIA,03,MILANO,POZZUOLO MARTESANA,015178,21,218,1403,11801,5365,18808
03-10-2026,LOMBARDIA,03,BERGAMO,PRADALUNGA,016173,1,54,281,2336,1110,3782
03-10-2026,LOMBARDIA,03,BRESCIA,PRALBOINO,017152,2,16,327,3089,1754,5188
03-10-2026,LOMBARDIA,03,SONDRIO,PRATA CAMPORTACCIO,014054,0,15,120,856,392,1383
03-10-2026,LOMBARDIA,03,BERGAMO,PREDORE,016174,0,15,163,1572,1139,2889
03-10-2026,LOMBARDIA,03,MILANO,PREGNANA MILANESE,015179,14,288,982,10197,5507,16988
03-10-2026,LOMBARDIA,03,LECCO,PREMANA,097069,0,6,116,716,202,1040
03-10-2026,LOMBARDIA,03,BERGAMO,PREMOLO,016175,0,25,59,717,240,1041
03-10-2026,LOMBARDIA,03,BRESCIA,PRESEGLIE,017153,0,8,108,569,246,931
03-10-2026,LOMBARDIA,03,BERGAMO,PRESEZZO,016176,4,104,569,4173,2183,7033
03-10-2026,LOMBARDIA,03,BRESCIA,PREVALLE,017155,3,82,607,5637,3567,9896
03-10-2026,LOMBARDIA,03,LECCO,PRIMALUNA,097070,0,28,158,1092,418,1696
03-10-2026,LOMBARDIA,03,COMO,PROSERPIO,013192,0,22,65,763,315,1165
03-10-2026,LOMBARDIA,03,BRESCIA,PROVAGLIO D'ISEO,017156,5,103,655,4725,2105,7593
03-10-2026,LOMBARDIA,03,BRESCIA,PROVAGLIO VAL SABBIA,017157,0,9,32,318,125,484
03-10-2026,LOMBARDIA,03,BRESCIA,PUEGNAGO DEL GARDA,017158,3,43,208,2264,850,3368
03-10-2026,LOMBARDIA,03,BERGAMO,PUMENENGO,016177,0,10,93,874,443,1420
03-10-2026,LOMBARDIA,03,COMO,PUSIANO,013193,2,23,110,977,350,1462
03-10-2026,LOMBARDIA,03,MANTOVA,QUINGENTOLE,020046,2,9,72,704,265,1052
03-10-2026,LOMBARDIA,03,CREMONA,QUINTANO,019078,1,10,99,670,267,1047
03-10-2026,LOMBARDIA,03,BRESCIA,QUINZANO D'OGLIO,017159,4,63,507,4378,2753,7705
03-10-2026,LOMBARDIA,03,MANTOVA,QUISTELLO,020047,2,34,386,3950,1590,5962
03-10-2026,LOMBARDIA,03,VARESE,RANCIO VALCUVIA,012115,2,3,77,535,227,844
03-10-2026,LOMBARDIA,03,VARESE,RANCO,012116,1,27,131,1011,314,1484
03-10-2026,LOMBARDIA,03,BERGAMO,RANICA,016178,5,230,593,4596,2261,7685
03-10-2026,LOMBARDIA,03,BERGAMO,RANZANICO,016179,4,22,108,1210,685,2029
03-10-2026,LOMBARDIA,03,SONDRIO,RASURA,014055,0,1,3,60,14,78
03-10-2026,LOMBARDIA,03,PAVIA,REA,018119,0,1,14,164,79,258
03-10-2026,LOMBARDIA,03,PAVIA,REDAVALLE,018120,0,9,105,1261,614,1989
03-10-2026,LOMBARDIA,03,MANTOVA,REDONDESCO,020048,0,6,55,716,386,1163
03-10-2026,LOMBARDIA,03,BRESCIA,REMEDELLO,017160,0,21,221,1949,1131,3322
03-10-2026,LOMBARDIA,03,MONZA E DELLA BRIANZA,RENATE,108037,5,75,481,3551,1671,5783
03-10-2026,LOMBARDIA,03,MILANO,RESCALDINA,015181,22,411,1959,17862,9732,29986
03-10-2026,LOMBARDIA,03,PAVIA,RETORBIDO,018121,2,6,126,1003,391,1528
03-10-2026,LOMBARDIA,03,COMO,REZZAGO,013195,0,1,33,177,81,292
03-10-2026,LOMBARDIA,03,BRESCIA,REZZATO,017161,12,567,1815,15133,7172,24699
03-10-2026,LOMBARDIA,03,MILANO,RHO,015182,148,2375,8592,80295,38861,130271
03-10-2026,LOMBARDIA,03,CREMONA,RICENGO,019079,0,12,217,1263,632,2124
03-10-2026,LOMBARDIA,03,CREMONA,RIPALTA ARPINA,019080,0,6,75,501,245,827
03-10-2026,LOMBARDIA,03,CREMONA,RIPALTA CREMASCA,019081,2,15,319,2494,1439,4269
03-10-2026,LOMBARDIA,03,CREMONA,RIPALTA GUERINA,019082,0,5,50,467,141,663
03-10-2026,LOMBARDIA,03,BERGAMO,RIVA DI SOLTO,016180,1,17,83,583,251,935
03-10-2026,LOMBARDIA,03,PAVIA,RIVANAZZANO TERME,018122,9,56,498,3703,1539,5805
03-10-2026,LOMBARDIA,03,CREMONA,RIVAROLO DEL RE ED UNITI,019083,0,3,87,1248,745,2083
03-10-2026,LOMBARDIA,03,MANTOVA,RIVAROLO MANTOVANO,020050,2,15,95,947,286,1345
03-10-2026,LOMBARDIA,03,CREMONA,RIVOLTA D'ADDA,019084,5,95,846,6917,3679,11542
03-10-2026,LOMBARDIA,03,LECCO,ROBBIATE,097071,15,244,871,7008,3661,11799
03-10-2026,LOMBARDIA,03,PAVIA,ROBBIO,018123,10,132,640,5506,1893,8181
03-10-2026,LOMBARDIA,03,MILANO,ROBECCHETTO CON INDUNO,015183,8,82,430,4201,1995,6716
03-10-2026,LOMBARDIA,03,CREMONA,ROBECCO D'OGLIO,019085,1,14,140,1049,657,1861
03-10-2026,LOMBARDIA,03,PAVIA,ROBECCO PAVESE,018124,0,4,30,257,128,419
03-10-2026,LOMBARDIA,03,MILANO,ROBECCO SUL NAVIGLIO,015184,5,167,588,6042,2839,9641
03-10-2026,LOMBARDIA,03,PAVIA,ROCCA DE' GIORGI,018125,0,0,5,17,10,32
03-10-2026,LOMBARDIA,03,PAVIA,ROCCA SUSELLA,018126,0,8,11,115,38,172
03-10-2026,LOMBARDIA,03,BRESCIA,ROCCAFRANCA,017162,2,54,406,3535,2296,6293
03-10-2026,LOMBARDIA,03,MILANO,RODANO,015185,7,150,648,5903,3018,9726
03-10-2026,LOMBARDIA,03,BRESCIA,RODENGO SAIANO,017163,10,201,1133,7617,4056,13017
03-10-2026,LOMBARDIA,03,COMO,RODERO,013197,2,32,65,947,528,1574
03-10-2026,LOMBARDIA,03,MANTOVA,RODIGO,020051,6,62,486,4287,2014,6855
03-10-2026,LOMBARDIA,03,LECCO,ROGENO,097072,4,24,258,1990,938,3214
03-10-2026,LOMBARDIA,03,PAVIA,ROGNANO,018127,3,17,95,676,294,1085
03-10-2026,LOMBARDIA,03,BERGAMO,ROGNO,016182,1,25,280,2355,1223,3884
03-10-2026,LOMBARDIA,03,SONDRIO,ROGOLO,014056,1,4,53,321,130,509
03-10-2026,LOMBARDIA,03,PAVIA,ROMAGNESE,018128,5,3,33,204,83,328
03-10-2026,LOMBARDIA,03,CREMONA,ROMANENGO,019086,7,19,349,3321,1538,5234
03-10-2026,LOMBARDIA,03,BERGAMO,ROMANO DI LOMBARDIA,016183,30,327,2695,24163,12006,39221
03-10-2026,LOMBARDIA,03,BRESCIA,RONCADELLE,017165,4,200,1051,8807,3745,13807
03-10-2026,LOMBARDIA,03,PAVIA,RONCARO,018129,5,40,149,1499,667,2360
03-10-2026,LOMBARDIA,03,MONZA E DELLA BRIANZA,RONCELLO,108055,15,168,763,5845,2487,9278
03-10-2026,LOMBARDIA,03,MONZA E DELLA BRIANZA,RONCO BRIANTINO,108038,9,210,563,4461,1709,6952
03-10-2026,LOMBARDIA,03,BERGAMO,RONCOBELLO,016184,1,4,25,131,61,222
03-10-2026,LOMBARDIA,03,MANTOVA,RONCOFERRARO,020052,8,49,493,6471,6820,13841
03-10-2026,LOMBARDIA,03,BERGAMO,RONCOLA,016185,0,11,72,635,205,923
03-10-2026,LOMBARDIA,03,PAVIA,ROSASCO,018130,1,7,27,281,81,397
03-10-2026,LOMBARDIA,03,MILANO,ROSATE,015188,7,128,749,6641,4728,12253
03-10-2026,LOMBARDIA,03,BERGAMO,ROTA D'IMAGNA,016186,1,30,85,964,631,1711
03-10-2026,LOMBARDIA,03,BRESCIA,ROVATO,017166,21,518,2185,20370,12161,35255
03-10-2026,LOMBARDIA,03,COMO,ROVELLASCA,013201,12,208,1127,8402,4099,13848
03-10-2026,LOMBARDIA,03,COMO,ROVELLO PORRO,013202,6,212,788,7602,3700,12308
03-10-2026,LOMBARDIA,03,MANTOVA,ROVERBELLA,020053,6,139,748,6698,2925,10516
03-10-2026,LOMBARDIA,03,PAVIA,ROVESCALA,018131,0,2,45,413,116,576
03-10-2026,LOMBARDIA,03,BERGAMO,ROVETTA,016187,3,52,307,2753,1739,4854
03-10-2026,LOMBARDIA,03,MILANO,ROZZANO,015189,132,1334,6103,65451,27516,100536
03-10-2026,LOMBARDIA,03,BRESCIA,ROÈ VOLCIANO,017164,6,94,349,2638,814,3901
03-10-2026,LOMBARDIA,03,BRESCIA,RUDIANO,017167,3,71,493,3822,1936,6325
03-10-2026,LOMBARDIA,03,BRESCIA,SABBIO CHIESE,017168,1,21,234,2149,1176,3581
03-10-2026,LOMBARDIA,03,MANTOVA,SABBIONETA,020054,3,20,224,1813,841,2901
03-10-2026,LOMBARDIA,03,COMO,SALA COMACINA,013203,1,7,26,267,75,376
03-10-2026,LOMBARDIA,03,BRESCIA,SALE MARASINO,017169,5,77,269,2451,1290,4092
03-10-2026,LOMBARDIA,03,LODI,SALERANO SUL LAMBRO,098046,3,32,218,2121,1158,3532
03-10-2026,LOMBARDIA,03,VARESE,SALTRIO,012117,1,22,210,1873,843,2949
03-10-2026,LOMBARDIA,03,CREMONA,SALVIROLA,019087,0,10,86,699,313,1108
03-10-2026,LOMBARDIA,03,BRESCIA,SALÒ,017170,5,275,1146,10267,4693,16386
03-10-2026,LOMBARDIA,03,VARESE,SAMARATE,012118,18,275,1861,15677,7480,25311
03-10-2026,LOMBARDIA,03,SONDRIO,SAMOLACO,014057,1,13,69,692,395,1170
03-10-2026,LOMBARDIA,03,COMO,SAN BARTOLOMEO VAL CAVARGNA,013204,0,0,22,124,81,227
03-10-2026,LOMBARDIA,03,CREMONA,SAN BASSANO,019088,4,15,150,1399,681,2249
03-10-2026,LOMBARDIA,03,MANTOVA,SAN BENEDETTO PO,020055,2,136,537,5046,1872,7593
03-10-2026,LOMBARDIA,03,PAVIA,SAN CIPRIANO PO,018133,0,0,10,186,66,262
03-10-2026,LOMBARDIA,03,MILANO,SAN COLOMBANO AL LAMBRO,015191,14,134,758,7600,3910,12416
03-10-2026,LOMBARDIA,03,PAVIA,SAN DAMIANO AL COLLE,018134,0,3,40,281,77,401
03-10-2026,LOMBARDIA,03,CREMONA,SAN DANIELE PO,019089,0,1,47,637,352,1037
03-10-2026,LOMBARDIA,03,MILANO,SAN DONATO MILANESE,015192,98,2349,5271,54934,24578,87230
03-10-2026,LOMBARDIA,03,BRESCIA,SAN FELICE DEL BENACO,017171,3,54,261,2320,1006,3644
03-10-2026,LOMBARDIA,03,COMO,SAN FERMO DELLA BATTAGLIA,013206,13,233,652,7251,4617,12766
03-10-2026,LOMBARDIA,03,LODI,SAN FIORANO,098047,2,20,171,1189,544,1926
03-10-2026,LOMBARDIA,03,PAVIA,SAN GENESIO ED UNITI,018135,1,139,338,3221,1450,5149
03-10-2026,LOMBARDIA,03,BRESCIA,SAN GERVASIO BRESCIANO,017172,2,34,292,1829,942,3099
03-10-2026,LOMBARDIA,03,MANTOVA,SAN GIACOMO DELLE SEGNATE,020056,0,5,104,929,351,1389
03-10-2026,LOMBARDIA,03,SONDRIO,SAN GIACOMO FILIPPO,014058,0,2,26,113,37,178
03-10-2026,LOMBARDIA,03,MANTOVA,SAN GIORGIO BIGARELLO,020057,22,128,1251,10189,4446,16036
03-10-2026,LOMBARDIA,03,PAVIA,SAN GIORGIO DI LOMELLINA,018136,3,8,85,667,316,1079
03-10-2026,LOMBARDIA,03,MILANO,SAN GIORGIO SU LEGNANO,015194,7,474,1072,8754,4974,15281
03-10-2026,LOMBARDIA,03,BERGAMO,SAN GIOVANNI BIANCO,016188,2,39,335,2623,949,3948
03-10-2026,LOMBARDIA,03,MANTOVA,SAN GIOVANNI DEL DOSSO,020058,1,4,78,787,270,1140
03-10-2026,LOMBARDIA,03,CREMONA,SAN GIOVANNI IN CROCE,019090,2,9,127,1128,796,2062
03-10-2026,LOMBARDIA,03,MILANO,SAN GIULIANO MILANESE,015195,108,1640,5067,62358,30199,99372
03-10-2026,LOMBARDIA,03,MANTOVA,SAN MARTINO DALL'ARGINE,020059,4,11,84,900,630,1629
03-10-2026,LOMBARDIA,03,CREMONA,SAN MARTINO DEL LAGO,019091,0,1,11,206,310,528
03-10-2026,LOMBARDIA,03,LODI,SAN MARTINO IN STRADA,098048,7,58,420,3805,1746,6036
03-10-2026,LOMBARDIA,03,PAVIA,SAN MARTINO SICCOMARIO,018137,22,187,752,6923,3456,11340
03-10-2026,LOMBARDIA,03,COMO,SAN NAZZARO VAL CAVARGNA,013207,0,1,14,85,28,128
03-10-2026,LOMBARDIA,03,BRESCIA,SAN PAOLO,017138,2,17,259,2595,1809,4682
03-10-2026,LOMBARDIA,03,BERGAMO,SAN PAOLO D'ARGON,016189,6,69,724,5805,3412,10016
03-10-2026,LOMBARDIA,03,BERGAMO,SAN PELLEGRINO TERME,016190,2,47,307,2650,1364,4370
03-10-2026,LOMBARDIA,03,LODI,SAN ROCCO AL PORTO,098049,6,42,413,2956,1559,4976
03-10-2026,LOMBARDIA,03,COMO,SAN SIRO,013248,1,18,108,694,233,1054
03-10-2026,LOMBARDIA,03,MILANO,SAN VITTORE OLONA,015201,26,163,1192,11001,4383,16765
03-10-2026,LOMBARDIA,03,BRESCIA,SAN ZENO NAVIGLIO,017173,4,126,604,4817,2680,8231
03-10-2026,LOMBARDIA,03,MILANO,SAN ZENONE AL LAMBRO,015202,11,310,735,6212,2864,10132
03-10-2026,LOMBARDIA,03,PAVIA,SAN ZENONE AL PO,018145,0,4,39,394,101,538
03-10-2026,LOMBARDIA,03,VARESE,SANGIANO,012141,1,18,114,1006,488,1627
03-10-2026,LOMBARDIA,03,PAVIA,SANNAZZARO DE' BURGONDI,018138,3,28,457,4603,1786,6877
03-10-2026,LOMBARDIA,03,PAVIA,SANT'ALESSIO CON VIALONE,018141,3,22,105,996,535,1661
03-10-2026,LOMBARDIA,03,LODI,SANT'ANGELO LODIGIANO,098050,30,188,1588,14986,8490,25282
03-10-2026,LOMBARDIA,03,PAVIA,SANT'ANGELO LOMELLINA,018144,2,9,57,694,286,1048
03-10-2026,LOMBARDIA,03,BERGAMO,SANT'OMOBONO TERME,016252,0,44,204,1877,1256,3381
03-10-2026,LOMBARDIA,03,BERGAMO,SANTA BRIGIDA,016191,0,10,19,167,47,243
03-10-2026,LOMBARDIA,03,PAVIA,SANTA CRISTINA E BISSONE,018139,4,7,133,1496,691,2331
03-10-2026,LOMBARDIA,03,PAVIA,SANTA GIULETTA,018140,0,10,122,784,301,1217
03-10-2026,LOMBARDIA,03,PAVIA,SANTA MARGHERITA DI STAFFORA,018142,0,17,33,352,65,467
03-10-2026,LOMBARDIA,03,PAVIA,SANTA MARIA DELLA VERSA,018143,1,15,88,847,374,1325
03-10-2026,LOMBARDIA,03,LECCO,SANTA MARIA HOÈ,097074,3,36,272,2522,1234,4067
03-10-2026,LOMBARDIA,03,LODI,SANTO STEFANO LODIGIANO,098051,7,10,150,1463,944,2574
03-10-2026,LOMBARDIA,03,MILANO,SANTO STEFANO TICINO,015200,10,601,751,6691,2988,11041
03-10-2026,LOMBARDIA,03,BRESCIA,SAREZZO,017174,11,310,1196,10854,4857,17228
03-10-2026,LOMBARDIA,03,BERGAMO,SARNICO,016193,8,80,650,5705,3094,9537
03-10-2026,LOMBARDIA,03,VARESE,SARONNO,012119,108,1697,5836,54322,25154,87117
03-10-2026,LOMBARDIA,03,PAVIA,SARTIRANA LOMELLINA,018146,3,13,114,1262,645,2037
03-10-2026,LOMBARDIA,03,BRESCIA,SAVIORE DELL'ADAMELLO,017175,0,2,23,294,51,370
03-10-2026,LOMBARDIA,03,PAVIA,SCALDASOLE,018147,2,4,56,699,404,1165
03-10-2026,LOMBARDIA,03,CREMONA,SCANDOLARA RAVARA,019092,0,3,49,535,267,854
03-10-2026,LOMBARDIA,03,CREMONA,SCANDOLARA RIPA D'OGLIO,019093,0,3,30,257,108,398
03-10-2026,LOMBARDIA,03,BERGAMO,SCANZOROSCIATE,016194,4,129,893,8077,4736,13839
03-10-2026,LOMBARDIA,03,COMO,SCHIGNANO,013211,1,3,25,505,152,686
03-10-2026,LOMBARDIA,03,BERGAMO,SCHILPARIO,016195,0,27,95,889,339,1350
03-10-2026,LOMBARDIA,03,MANTOVA,SCHIVENOGLIA,020060,0,3,87,883,321,1294
03-10-2026,LOMBARDIA,03,LODI,SECUGNAGO,098052,0,18,129,1398,574,2119
03-10-2026,LOMBARDIA,03,MILANO,SEDRIANO,015204,40,658,2202,17781,8923,29604
03-10-2026,LOMBARDIA,03,BERGAMO,SEDRINA,016196,3,26,176,1641,580,2426
03-10-2026,LOMBARDIA,03,MILANO,SEGRATE,015205,91,3015,5058,54651,29345,92160
03-10-2026,LOMBARDIA,03,BRESCIA,SELLERO,017176,0,7,55,382,170,614
03-10-2026,LOMBARDIA,03,BERGAMO,SELVINO,016197,5,17,126,1120,393,1661
03-10-2026,LOMBARDIA,03,PAVIA,SEMIANA,018148,0,0,10,33,25,68
03-10-2026,LOMBARDIA,03,MILANO,SENAGO,015206,58,796,2521,26358,12387,42120
03-10-2026,LOMBARDIA,03,BRESCIA,SENIGA,017177,0,8,82,945,534,1569
03-10-2026,LOMBARDIA,03,COMO,SENNA COMASCO,013212,6,49,305,2491,1041,3892
03-10-2026,LOMBARDIA,03,LODI,SENNA LODIGIANA,098053,3,19,166,1626,724,2538
03-10-2026,LOMBARDIA,03,MONZA E DELLA BRIANZA,SEREGNO,108039,90,1997,6640,69883,32541,111151
03-10-2026,LOMBARDIA,03,CREMONA,SERGNANO,019094,0,19,323,2185,754,3281
03-10-2026,LOMBARDIA,03,BERGAMO,SERIATE,016198,50,1834,3943,36636,15618,58081
03-10-2026,LOMBARDIA,03,BERGAMO,SERINA,016199,1,14,165,1155,430,1765
03-10-2026,LOMBARDIA,03,BRESCIA,SERLE,017178,1,33,210,1702,641,2587
03-10-2026,LOMBARDIA,03,MANTOVA,SERMIDE E FELONICA,020061,3,85,455,3787,1499,5829
03-10-2026,LOMBARDIA,03,SONDRIO,SERNIO,014059,1,3,30,149,78,261
03-10-2026,LOMBARDIA,03,MANTOVA,SERRAVALLE A PO,020062,1,15,79,899,393,1387
03-10-2026,LOMBARDIA,03,VARESE,SESTO CALENDE,012120,17,484,1618,12659,5347,20125
03-10-2026,LOMBARDIA,03,CREMONA,SESTO ED UNITI,019095,7,12,290,2265,1044,3618
03-10-2026,LOMBARDIA,03,MILANO,SESTO SAN GIOVANNI,015209,620,8812,15023,200906,72348,297709
03-10-2026,LOMBARDIA,03,MILANO,SETTALA,015210,7,163,936,8136,4678,13920
03-10-2026,LOMBARDIA,03,MILANO,SETTIMO MILANESE,015211,39,1066,2451,29557,12105,45218
03-10-2026,LOMBARDIA,03,MONZA E DELLA BRIANZA,SEVESO,108040,77,1078,3453,34903,15928,55439
03-10-2026,LOMBARDIA,03,PAVIA,SILVANO PIETRA,018149,0,8,40,283,107,438
03-10-2026,LOMBARDIA,03,BRESCIA,SIRMIONE,017179,8,106,774,7005,3277,11170
03-10-2026,LOMBARDIA,03,LECCO,SIRONE,097075,3,29,180,1640,747,2599
03-10-2026,LOMBARDIA,03,LECCO,SIRTORI,097076,2,37,311,2383,1256,3989
03-10-2026,LOMBARDIA,03,PAVIA,SIZIANO,018150,8,130,775,8137,3900,12950
03-10-2026,LOMBARDIA,03,BRESCIA,SOIANO DEL LAGO,017180,4,39,163,1752,898,2856
03-10-2026,LOMBARDIA,03,MILANO,SOLARO,015213,22,347,1639,16125,6626,24759
03-10-2026,LOMBARDIA,03,CREMONA,SOLAROLO RAINERIO,019096,1,5,144,721,251,1122
03-10-2026,LOMBARDIA,03,VARESE,SOLBIATE ARNO,012121,3,70,676,4969,2025,7743
03-10-2026,LOMBARDIA,03,COMO,SOLBIATE CON CAGNO,013255,8,89,379,3197,1432,5105
03-10-2026,LOMBARDIA,03,VARESE,SOLBIATE OLONA,012122,15,193,720,6075,2647,9650
03-10-2026,LOMBARDIA,03,MANTOVA,SOLFERINO,020063,4,69,239,2163,971,3446
03-10-2026,LOMBARDIA,03,BERGAMO,SOLTO COLLINA,016200,1,26,148,1498,614,2287
03-10-2026,LOMBARDIA,03,BERGAMO,SOLZA,016251,1,11,222,1595,999,2828
03-10-2026,LOMBARDIA,03,LODI,SOMAGLIA,098054,2,21,382,2825,1548,4778
03-10-2026,LOMBARDIA,03,VARESE,SOMMA LOMBARDO,012123,42,599,2472,19798,9002,31913
03-10-2026,LOMBARDIA,03,PAVIA,SOMMO,018151,0,18,100,783,385,1286
03-10-2026,LOMBARDIA,03,CREMONA,SONCINO,019097,3,42,612,4553,2506,7716
03-10-2026,LOMBARDIA,03,SONDRIO,SONDALO,014060,0,18,118,1164,275,1575
03-10-2026,LOMBARDIA,03,SONDRIO,SONDRIO,014061,27,908,1935,21124,9539,33533
03-10-2026,LOMBARDIA,03,BERGAMO,SONGAVAZZO,016201,0,10,60,576,420,1066
03-10-2026,LOMBARDIA,03,BRESCIA,SONICO,017181,0,5,52,693,398,1148
03-10-2026,LOMBARDIA,03,LODI,SORDIO,098055,9,109,390,4590,1934,7032
03-10-2026,LOMBARDIA,03,CREMONA,SORESINA,019098,10,61,821,8304,4473,13669
03-10-2026,LOMBARDIA,03,COMO,SORICO,013216,0,9,53,475,142,679
03-10-2026,LOMBARDIA,03,BERGAMO,SORISOLE,016202,6,122,762,5874,2643,9407
03-10-2026,LOMBARDIA,03,COMO,SORMANO,013217,3,6,41,558,227,835
03-10-2026,LOMBARDIA,03,CREMONA,SOSPIRO,019099,3,16,143,1477,700,2339
03-10-2026,LOMBARDIA,03,BERGAMO,SOTTO IL MONTE GIOVANNI XXIII,016203,2,116,499,4023,2058,6698
03-10-2026,LOMBARDIA,03,BERGAMO,SOVERE,016204,2,101,431,3713,2119,6366
03-10-2026,LOMBARDIA,03,MONZA E DELLA BRIANZA,SOVICO,108041,7,176,868,8611,3914,13576
03-10-2026,LOMBARDIA,03,PAVIA,SPESSA,018152,0,6,27,295,121,449
03-10-2026,LOMBARDIA,03,CREMONA,SPINADESCO,019100,2,7,86,729,395,1219
03-10-2026,LOMBARDIA,03,CREMONA,SPINEDA,019101,0,1,60,379,83,523
03-10-2026,LOMBARDIA,03,CREMONA,SPINO D'ADDA,019102,6,106,843,6849,3280,11084
03-10-2026,LOMBARDIA,03,BERGAMO,SPINONE AL LAGO,016205,1,7,85,673,366,1132
03-10-2026,LOMBARDIA,03,BERGAMO,SPIRANO,016206,3,72,741,5191,2816,8823
03-10-2026,LOMBARDIA,03,SONDRIO,SPRIANA,014062,0,2,20,78,17,117
03-10-2026,LOMBARDIA,03,CREMONA,STAGNO LOMBARDO,019103,0,11,53,602,324,990
03-10-2026,LOMBARDIA,03,COMO,STAZZONA,013218,0,6,34,215,85,340
03-10-2026,LOMBARDIA,03,BERGAMO,STEZZANO,016207,17,203,1925,14872,8680,25697
03-10-2026,LOMBARDIA,03,PAVIA,STRADELLA,018153,15,123,957,9783,11949,22827
03-10-2026,LOMBARDIA,03,BERGAMO,STROZZA,016208,1,13,86,768,307,1175
03-10-2026,LOMBARDIA,03,PAVIA,SUARDI,018154,1,2,64,448,87,602
03-10-2026,LOMBARDIA,03,LECCO,SUEGLIO,097077,0,0,12,131,111,254
03-10-2026,LOMBARDIA,03,LECCO,SUELLO,097078,2,14,132,964,420,1532
03-10-2026,LOMBARDIA,03,BERGAMO,SUISIO,016209,0,58,499,3726,2048,6331
03-10-2026,LOMBARDIA,03,MONZA E DELLA BRIANZA,SULBIATE,108042,5,271,653,5822,2202,8953
03-10-2026,LOMBARDIA,03,BRESCIA,SULZANO,017182,1,51,195,1330,626,2203
03-10-2026,LOMBARDIA,03,VARESE,SUMIRAGO,012124,10,152,637,5852,2096,8747
03-10-2026,LOMBARDIA,03,MANTOVA,SUSTINENTE,020064,2,22,144,1337,536,2041
03-10-2026,LOMBARDIA,03,MANTOVA,SUZZARA,020065,38,265,2767,28981,15981,48032
03-10-2026,LOMBARDIA,03,LECCO,TACENO,097079,0,6,38,354,115,513
03-10-2026,LOMBARDIA,03,VARESE,TAINO,012125,6,74,475,3266,1319,5140
03-10-2026,LOMBARDIA,03,SONDRIO,TALAMONA,014063,2,33,263,1877,491,2666
03-10-2026,LOMBARDIA,03,BERGAMO,TALEGGIO,016210,0,7,44,346,143,540
03-10-2026,LOMBARDIA,03,SONDRIO,TARTANO,014064,0,1,4,58,18,81
03-10-2026,LOMBARDIA,03,LODI,TAVAZZANO CON VILLAVESCO,098056,11,65,746,7030,3652,11504
03-10-2026,LOMBARDIA,03,COMO,TAVERNERIO,013222,10,246,556,5695,2636,9143
03-10-2026,LOMBARDIA,03,BERGAMO,TAVERNOLA BERGAMASCA,016211,2,3,180,1062,619,1866
03-10-2026,LOMBARDIA,03,BRESCIA,TAVERNOLE SUL MELLA,017183,0,7,45,391,192,635
03-10-2026,LOMBARDIA,03,SONDRIO,TEGLIO,014065,2,45,371,2562,693,3673
03-10-2026,LOMBARDIA,03,BERGAMO,TELGATE,016212,11,49,596,5788,3049,9493
03-10-2026,LOMBARDIA,03,BRESCIA,TEMÙ,017184,2,12,101,939,301,1355
03-10-2026,LOMBARDIA,03,VARESE,TERNATE,012126,2,56,280,2014,765,3117
03-10-2026,LOMBARDIA,03,BERGAMO,TERNO D'ISOLA,016213,10,189,1002,9044,4386,14631
03-10-2026,LOMBARDIA,03,LODI,TERRANOVA DEI PASSERINI,098057,2,9,126,964,465,1566
03-10-2026,LOMBARDIA,03,CREMONA,TICENGO,019104,0,2,31,259,133,425
03-10-2026,LOMBARDIA,03,BRESCIA,TIGNALE,017185,0,3,40,309,123,475
03-10-2026,LOMBARDIA,03,SONDRIO,TIRANO,014066,2,80,528,4621,1972,7203
03-10-2026,LOMBARDIA,03,BRESCIA,TORBOLE CASAGLIA,017186,7,51,673,5247,2463,8441
03-10-2026,LOMBARDIA,03,CREMONA,TORLINO VIMERCATI,019105,1,4,30,270,121,426
03-10-2026,LOMBARDIA,03,CREMONA,TORNATA,019106,0,2,20,185,53,260
03-10-2026,LOMBARDIA,03,COMO,TORNO,013223,1,5,80,641,323,1050
03-10-2026,LOMBARDIA,03,PAVIA,TORRAZZA COSTE,018155,2,51,160,1334,386,1933
03-10-2026,LOMBARDIA,03,PAVIA,TORRE BERETTI E CASTELLARO,018156,0,0,31,210,54,295
03-10-2026,LOMBARDIA,03,BERGAMO,TORRE BOLDONE,016214,13,520,1092,9986,4531,16142
03-10-2026,LOMBARDIA,03,PAVIA,TORRE D'ARESE,018157,1,13,82,858,251,1205
03-10-2026,LOMBARDIA,03,PAVIA,TORRE D'ISOLA,018159,4,44,287,2532,1209,4076
03-10-2026,LOMBARDIA,03,BERGAMO,TORRE DE' BUSI,016215,0,34,188,1749,878,2849
03-10-2026,LOMBARDIA,03,PAVIA,TORRE DE' NEGRI,018158,1,1,27,240,106,375
03-10-2026,LOMBARDIA,03,CREMONA,TORRE DE' PICENARDI,019107,0,13,108,1303,778,2202
03-10-2026,LOMBARDIA,03,BERGAMO,TORRE DE' ROVERI,016216,3,45,265,2046,955,3314
03-10-2026,LOMBARDIA,03,SONDRIO,TORRE DI SANTA MARIA,014067,0,8,39,278,63,388
03-10-2026,LOMBARDIA,03,BERGAMO,TORRE PALLAVICINA,016217,1,10,157,1364,644,2176
03-10-2026,LOMBARDIA,03,PAVIA,TORREVECCHIA PIA,018160,12,343,582,5561,2263,8761
03-10-2026,LOMBARDIA,03,CREMONA,TORRICELLA DEL PIZZO,019108,1,4,60,368,174,607
03-10-2026,LOMBARDIA,03,PAVIA,TORRICELLA VERZATE,018161,1,7,49,502,314,873
03-10-2026,LOMBARDIA,03,BRESCIA,TOSCOLANO-MADERNO,017187,4,183,692,5909,2471,9259
03-10-2026,LOMBARDIA,03,SONDRIO,TOVO DI SANT'AGATA,014068,0,1,38,292,76,407
03-10-2026,LOMBARDIA,03,VARESE,TRADATE,012127,28,463,2382,20631,9806,33310
03-10-2026,LOMBARDIA,03,SONDRIO,TRAONA,014069,1,25,161,1529,615,2331
03-10-2026,LOMBARDIA,03,PAVIA,TRAVACÒ SICCOMARIO,018162,8,151,455,3900,1592,6106
03-10-2026,LOMBARDIA,03,BRESCIA,TRAVAGLIATO,017188,7,301,1248,9869,4761,16186
03-10-2026,LOMBARDIA,03,VARESE,TRAVEDONA-MONATE,012128,7,98,362,3127,1311,4905
03-10-2026,LOMBARDIA,03,COMO,TREMEZZINA,013252,3,35,300,2641,1186,4165
03-10-2026,LOMBARDIA,03,BRESCIA,TREMOSINE SUL GARDA,017189,1,14,93,827,351,1286
03-10-2026,LOMBARDIA,03,BRESCIA,TRENZANO,017190,2,51,476,3881,1798,6208
03-10-2026,LOMBARDIA,03,BERGAMO,TRESCORE BALNEARIO,016218,4,181,1059,9462,4715,15421
03-10-2026,LOMBARDIA,03,CREMONA,TRESCORE CREMASCO,019109,0,28,332,2474,1170,4004
03-10-2026,LOMBARDIA,03,SONDRIO,TRESIVIO,014070,0,24,126,1210,654,2014
03-10-2026,LOMBARDIA,03,BERGAMO,TREVIGLIO,016219,93,2583,5232,49727,22309,79944
03-10-2026,LOMBARDIA,03,BERGAMO,TREVIOLO,016220,12,741,1343,11747,6225,20068
03-10-2026,LOMBARDIA,03,BRESCIA,TREVISO BRESCIANO,017191,0,2,28,176,41,247
03-10-2026,LOMBARDIA,03,MILANO,TREZZANO ROSA,015219,11,91,674,6049,3326,10151
03-10-2026,LOMBARDIA,03,MILANO,TREZZANO SUL NAVIGLIO,015220,82,1511,3899,39133,16471,61096
03-10-2026,LOMBARDIA,03,MILANO,TREZZO SULL'ADDA,015221,19,946,1896,16975,10666,30502
03-10-2026,LOMBARDIA,03,COMO,TREZZONE,013226,0,2,7,81,14,104
03-10-2026,LOMBARDIA,03,MILANO,TRIBIANO,015222,13,128,661,5944,3470,10216
03-10-2026,LOMBARDIA,03,CREMONA,TRIGOLO,019110,5,9,79,794,367,1254
03-10-2026,LOMBARDIA,03,MONZA E DELLA BRIANZA,TRIUGGIO,108043,6,199,913,8442,4034,13594
03-10-2026,LOMBARDIA,03,PAVIA,TRIVOLZIO,018163,2,71,285,2474,1426,4258
03-10-2026,LOMBARDIA,03,PAVIA,TROMELLO,018164,7,41,260,3046,1570,4924
03-10-2026,LOMBARDIA,03,VARESE,TRONZANO LAGO MAGGIORE,012129,0,5,12,127,52,196
03-10-2026,LOMBARDIA,03,PAVIA,TROVO,018165,8,20,89,843,382,1342
03-10-2026,LOMBARDIA,03,MILANO,TRUCCAZZANO,015224,17,60,893,7236,3151,11357
03-10-2026,LOMBARDIA,03,LODI,TURANO LODIGIANO,098058,2,19,157,1168,478,1824
03-10-2026,LOMBARDIA,03,COMO,TURATE,013227,8,335,1426,11143,4982,17894
03-10-2026,LOMBARDIA,03,MILANO,TURBIGO,015226,6,80,735,7624,3771,12216
03-10-2026,LOMBARDIA,03,BERGAMO,UBIALE CLANEZZO,016221,2,8,70,616,341,1037
03-10-2026,LOMBARDIA,03,VARESE,UBOLDO,012130,11,159,1193,10406,5141,16910
03-10-2026,LOMBARDIA,03,COMO,UGGIATE CON RONAGO,013256,7,74,374,5424,2155,8034
03-10-2026,LOMBARDIA,03,BRESCIA,URAGO D'OGLIO,017192,0,18,230,3025,2541,5814
03-10-2026,LOMBARDIA,03,BERGAMO,URGNANO,016222,16,255,1362,12095,6245,19973
03-10-2026,LOMBARDIA,03,MONZA E DELLA BRIANZA,USMATE VELATE,108044,22,263,1367,11123,5980,18755
03-10-2026,LOMBARDIA,03,CREMONA,VAIANO CREMASCO,019111,2,20,288,2447,1112,3869
03-10-2026,LOMBARDIA,03,CREMONA,VAILATE,019112,8,36,455,4539,1839,6877
03-10-2026,LOMBARDIA,03,BERGAMO,VAL BREMBILLA,016253,1,46,242,2097,827,3213
03-10-2026,LOMBARDIA,03,PAVIA,VAL DI NIZZA,018166,0,8,39,452,329,828
03-10-2026,LOMBARDIA,03,SONDRIO,VAL MASINO,014074,0,5,12,244,58,319
03-10-2026,LOMBARDIA,03,COMO,VAL REZZO,013233,0,1,13,87,5,106
03-10-2026,LOMBARDIA,03,BERGAMO,VALBONDIONE,016223,0,12,48,508,104,672
03-10-2026,LOMBARDIA,03,BERGAMO,VALBREMBO,016224,5,93,439,3365,1427,5329
03-10-2026,LOMBARDIA,03,COMO,VALBRONA,013229,6,34,148,1585,607,2380
03-10-2026,LOMBARDIA,03,SONDRIO,VALDIDENTRO,014071,3,29,343,1830,610,2815
03-10-2026,LOMBARDIA,03,SONDRIO,VALDISOTTO,014072,1,38,206,1325,451,2021
03-10-2026,LOMBARDIA,03,PAVIA,VALEGGIO,018167,0,2,3,103,50,158
03-10-2026,LOMBARDIA,03,LODI,VALERA FRATTA,098059,3,15,235,2292,1242,3787
03-10-2026,LOMBARDIA,03,SONDRIO,VALFURVA,014073,0,16,118,754,284,1172
03-10-2026,LOMBARDIA,03,VARESE,VALGANNA,012131,1,24,108,1086,562,1781
03-10-2026,LOMBARDIA,03,BERGAMO,VALGOGLIO,016225,0,2,16,146,51,215
03-10-2026,LOMBARDIA,03,LECCO,VALGREGHENTINO,097082,2,92,382,2595,1105,4176
03-10-2026,LOMBARDIA,03,PAVIA,VALLE LOMELLINA,018168,6,35,130,1453,532,2156
03-10-2026,LOMBARDIA,03,PAVIA,VALLE SALIMBENE,018169,3,21,126,1301,399,1850
03-10-2026,LOMBARDIA,03,BERGAMO,VALLEVE,016226,0,3,23,133,13,172
03-10-2026,LOMBARDIA,03,BRESCIA,VALLIO TERME,017193,2,14,138,1126,473,1753
03-10-2026,LOMBARDIA,03,LECCO,VALMADRERA,097083,13,163,919,8255,3601,12951
03-10-2026,LOMBARDIA,03,COMO,VALMOREA,013232,1,32,230,1767,837,2867
03-10-2026,LOMBARDIA,03,BERGAMO,VALNEGRA,016227,0,0,13,104,21,138
03-10-2026,LOMBARDIA,03,COMO,VALSOLDA,013234,0,7,76,635,430,1148
03-10-2026,LOMBARDIA,03,BERGAMO,VALTORTA,016229,0,8,4,132,31,175
03-10-2026,LOMBARDIA,03,LECCO,VALVARRONE,097093,0,16,32,347,102,497
03-10-2026,LOMBARDIA,03,BRESCIA,VALVESTINO,017194,0,2,8,60,15,85
03-10-2026,LOMBARDIA,03,MILANO,VANZAGHELLO,015249,10,121,798,6889,3313,11131
03-10-2026,LOMBARDIA,03,MILANO,VANZAGO,015229,15,171,1222,11368,5915,18691
03-10-2026,LOMBARDIA,03,MILANO,VAPRIO D'ADDA,015230,14,209,1451,13061,6735,21470
03-10-2026,LOMBARDIA,03,VARESE,VARANO BORGHI,012132,1,39,221,1657,534,2452
03-10-2026,LOMBARDIA,03,MONZA E DELLA BRIANZA,VAREDO,108045,33,786,1824,18753,13482,34878
03-10-2026,LOMBARDIA,03,LECCO,VARENNA,097084,2,14,43,587,224,870
03-10-2026,LOMBARDIA,03,VARESE,VARESE,012133,174,4754,11380,110250,48627,175185
03-10-2026,LOMBARDIA,03,PAVIA,VARZI,018171,3,13,127,1718,1147,3008
03-10-2026,LOMBARDIA,03,MONZA E DELLA BRIANZA,VEDANO AL LAMBRO,108046,19,540,1113,10307,5295,17274
03-10-2026,LOMBARDIA,03,VARESE,VEDANO OLONA,012134,2,112,840,6614,3474,11042
03-10-2026,LOMBARDIA,03,BERGAMO,VEDESETA,016230,0,0,7,46,29,82
03-10-2026,LOMBARDIA,03,MONZA E DELLA BRIANZA,VEDUGGIO CON COLZANO,108047,0,77,364,2962,1372,4775
03-10-2026,LOMBARDIA,03,COMO,VELESO,013236,1,5,27,173,70,276
03-10-2026,LOMBARDIA,03,PAVIA,VELEZZO LOMELLINA,018172,0,0,1,11,3,15
03-10-2026,LOMBARDIA,03,PAVIA,VELLEZZO BELLINI,018173,4,92,386,3264,1622,5368
03-10-2026,LOMBARDIA,03,VARESE,VENEGONO INFERIORE,012136,5,154,802,5524,2610,9095
03-10-2026,LOMBARDIA,03,VARESE,VENEGONO SUPERIORE,012137,4,122,684,5956,2803,9569
03-10-2026,LOMBARDIA,03,COMO,VENIANO,013238,2,68,279,2284,913,3546
03-10-2026,LOMBARDIA,03,MONZA E DELLA BRIANZA,VERANO BRIANZA,108048,7,364,971,9828,5670,16840
03-10-2026,LOMBARDIA,03,COMO,VERCANA,013239,0,2,19,200,59,280
03-10-2026,LOMBARDIA,03,SONDRIO,VERCEIA,014075,0,61,86,736,185,1068
03-10-2026,LOMBARDIA,03,LECCO,VERCURAGO,097086,1,30,216,2070,1049,3366
03-10-2026,LOMBARDIA,03,BERGAMO,VERDELLINO,016232,36,314,1217,14634,6644,22845
03-10-2026,LOMBARDIA,03,BERGAMO,VERDELLO,016233,15,105,1085,10400,5619,17224
03-10-2026,LOMBARDIA,03,LECCO,VERDERIO,097091,3,139,556,4995,2452,8145
03-10-2026,LOMBARDIA,03,VARESE,VERGIATE,012138,9,111,993,7080,3981,12174
03-10-2026,LOMBARDIA,03,MILANO,VERMEZZO CON ZELO,015251,35,184,1007,8269,4060,13555
03-10-2026,LOMBARDIA,03,MILANO,VERNATE,015236,2,63,389,3651,1591,5696
03-10-2026,LOMBARDIA,03,BRESCIA,VEROLANUOVA,017195,4,137,616,5814,3352,9923
03-10-2026,LOMBARDIA,03,BRESCIA,VEROLAVECCHIA,017196,1,45,231,2733,1501,4511
03-10-2026,LOMBARDIA,03,PAVIA,VERRETTO,018174,0,1,10,120,49,180
03-10-2026,LOMBARDIA,03,PAVIA,VERRUA PO,018175,1,6,73,694,348,1122
03-10-2026,LOMBARDIA,03,COMO,VERTEMATE CON MINOPRIO,013242,3,142,381,3563,1463,5552
03-10-2026,LOMBARDIA,03,BERGAMO,VERTOVA,016234,1,69,288,2744,1330,4432
03-10-2026,LOMBARDIA,03,SONDRIO,VERVIO,014076,0,3,7,62,10,82
03-10-2026,LOMBARDIA,03,CREMONA,VESCOVATO,019113,1,31,248,2366,1302,3948
03-10-2026,LOMBARDIA,03,BRESCIA,VESTONE,017197,5,47,391,2907,1095,4445
03-10-2026,LOMBARDIA,03,BRESCIA,VEZZA D'OGLIO,017198,0,12,99,677,383,1171
03-10-2026,LOMBARDIA,03,MANTOVA,VIADANA,020066,21,241,1910,16459,8070,26701
03-10-2026,LOMBARDIA,03,BERGAMO,VIADANICA,016235,0,4,51,762,586,1403
03-10-2026,LOMBARDIA,03,PAVIA,VIDIGULFO,018176,15,134,762,7418,4200,12529
03-10-2026,LOMBARDIA,03,BERGAMO,VIGANO SAN MARTINO,016236,1,19,126,1263,594,2003
03-10-2026,LOMBARDIA,03,LECCO,VIGANÒ,097090,0,24,254,2004,921,3203
03-10-2026,LOMBARDIA,03,PAVIA,VIGEVANO,018177,278,3289,10377,114358,46565,174867
03-10-2026,LOMBARDIA,03,VARESE,VIGGIÙ,012139,3,86,422,3959,2234,6704
03-10-2026,LOMBARDIA,03,MILANO,VIGNATE,015237,18,234,1368,11367,7348,20335
03-10-2026,LOMBARDIA,03,BERGAMO,VIGOLO,016237,0,1,37,308,139,485
03-10-2026,LOMBARDIA,03,PAVIA,VILLA BISCOSSI,018178,0,0,5,49,66,120
03-10-2026,LOMBARDIA,03,BRESCIA,VILLA CARCINA,017199,6,77,1013,8037,3884,13017
03-10-2026,LOMBARDIA,03,MILANO,VILLA CORTESE,015248,9,227,704,5537,2683,9160
03-10-2026,LOMBARDIA,03,BERGAMO,VILLA D'ADDA,016238,3,52,488,3960,2077,6580
03-10-2026,LOMBARDIA,03,BERGAMO,VILLA D'ALMÈ,016239,1,50,385,3444,1916,5796
03-10-2026,LOMBARDIA,03,BERGAMO,VILLA D'OGNA,016241,1,18,134,1130,723,2006
03-10-2026,LOMBARDIA,03,SONDRIO,VILLA DI CHIAVENNA,014077,0,10,31,307,115,463
03-10-2026,LOMBARDIA,03,BERGAMO,VILLA DI SERIO,016240,4,106,481,4263,2415,7269
03-10-2026,LOMBARDIA,03,SONDRIO,VILLA DI TIRANO,014078,1,22,190,1409,661,2283
03-10-2026,LOMBARDIA,03,COMO,VILLA GUARDIA,013245,3,49,790,6119,3253,10214
03-10-2026,LOMBARDIA,03,BRESCIA,VILLACHIARA,017200,0,8,66,667,325,1066
03-10-2026,LOMBARDIA,03,PAVIA,VILLANOVA D'ARDENGHI,018179,0,12,35,514,143,704
03-10-2026,LOMBARDIA,03,LODI,VILLANOVA DEL SILLARO,098060,4,16,176,1694,756,2646
03-10-2026,LOMBARDIA,03,PAVIA,VILLANTERIO,018180,2,45,345,3717,1328,5437
03-10-2026,LOMBARDIA,03,BRESCIA,VILLANUOVA SUL CLISI,017201,4,87,522,4386,1659,6658
03-10-2026,LOMBARDIA,03,MONZA E DELLA BRIANZA,VILLASANTA,108049,32,760,1937,18704,13556,34989
03-10-2026,LOMBARDIA,03,MANTOVA,VILLIMPENTA,020068,2,9,152,1213,527,1903
03-10-2026,LOMBARDIA,03,BERGAMO,VILLONGO,016242,8,56,720,7043,4179,12006
03-10-2026,LOMBARDIA,03,BERGAMO,VILMINORE DI SCALVE,016243,1,20,160,1040,703,1924
03-10-2026,LOMBARDIA,03,MONZA E DELLA BRIANZA,VIMERCATE,108050,44,1081,2780,27023,11887,42815
03-10-2026,LOMBARDIA,03,MILANO,VIMODRONE,015242,78,270,3372,25659,11386,40765
03-10-2026,LOMBARDIA,03,BRESCIA,VIONE,017202,0,2,35,202,108,347
03-10-2026,LOMBARDIA,03,BRESCIA,VISANO,017203,2,13,169,1109,452,1745
03-10-2026,LOMBARDIA,03,PAVIA,VISTARINO,018181,4,13,98,1146,479,1740
03-10-2026,LOMBARDIA,03,MILANO,VITTUONE,015243,28,252,1279,11878,6089,19526
03-10-2026,LOMBARDIA,03,VARESE,VIZZOLA TICINO,012140,1,23,69,593,218,904
03-10-2026,LOMBARDIA,03,MILANO,VIZZOLO PREDABISSI,015244,7,30,436,3968,2184,6625
03-10-2026,LOMBARDIA,03,BRESCIA,VOBARNO,017204,6,146,707,6642,3059,10560
03-10-2026,LOMBARDIA,03,PAVIA,VOGHERA,018182,123,993,5148,50365,24834,81463
03-10-2026,LOMBARDIA,03,CREMONA,VOLONGO,019114,0,0,20,191,91,302
03-10-2026,LOMBARDIA,03,PAVIA,VOLPARA,018183,0,2,25,119,35,181
03-10-2026,LOMBARDIA,03,MANTOVA,VOLTA MANTOVANA,020070,3,140,521,4663,1925,7252
03-10-2026,LOMBARDIA,03,CREMONA,VOLTIDO,019115,0,1,23,170,26,220
03-10-2026,LOMBARDIA,03,BERGAMO,ZANDOBBIO,016244,3,26,318,2368,1229,3944
03-10-2026,LOMBARDIA,03,BERGAMO,ZANICA,016245,13,662,1262,11476,4859,18272
03-10-2026,LOMBARDIA,03,PAVIA,ZAVATTARELLO,018184,1,6,57,491,228,783
03-10-2026,LOMBARDIA,03,PAVIA,ZECCONE,018185,1,15,209,1195,567,1987
03-10-2026,LOMBARDIA,03,COMO,ZELBIO,013246,0,4,16,132,44,196
03-10-2026,LOMBARDIA,03,LODI,ZELO BUON PERSICO,098061,10,119,886,7228,3882,12125
03-10-2026,LOMBARDIA,03,PAVIA,ZEME,018186,1,5,54,676,215,951
03-10-2026,LOMBARDIA,03,PAVIA,ZENEVREDO,018187,0,2,32,272,63,369
03-10-2026,LOMBARDIA,03,PAVIA,ZERBO,018188,0,2,19,131,57,209
03-10-2026,LOMBARDIA,03,PAVIA,ZERBOLÒ,018189,5,22,185,1548,579,2339
03-10-2026,LOMBARDIA,03,MILANO,ZIBIDO SAN GIACOMO,015247,12,269,998,8954,4258,14491
03-10-2026,LOMBARDIA,03,PAVIA,ZINASCO,018190,5,36,313,2518,1083,3955
03-10-2026,LOMBARDIA,03,BERGAMO,ZOGNO,016246,4,132,605,5445,2127,8313
03-10-2026,LOMBARDIA,03,BRESCIA,ZONE,017205,0,19,61,610,316,1006
03-10-2026,MARCHE,11,PESARO E URBINO,ACQUALAGNA,041001,1,20,125,1702,1071,2919
03-10-2026,MARCHE,11,ASCOLI PICENO,ACQUASANTA TERME,044001,2,15,102,1233,551,1903
03-10-2026,MARCHE,11,ASCOLI PICENO,ACQUAVIVA PICENA,044002,4,28,260,2266,1013,3571
03-10-2026,MARCHE,11,ANCONA,AGUGLIANO,042001,8,130,436,3628,1569,5771
03-10-2026,MARCHE,11,FERMO,ALTIDONA,109001,1,111,268,3130,1333,4843
03-10-2026,MARCHE,11,FERMO,AMANDOLA,109002,2,16,117,1731,1418,3284
03-10-2026,MARCHE,11,ANCONA,ANCONA,042002,215,5674,11910,135391,71767,224957
03-10-2026,MARCHE,11,PESARO E URBINO,APECCHIO,041002,0,11,60,524,368,963
03-10-2026,MARCHE,11,MACERATA,APIRO,043002,0,2,55,760,219,1036
03-10-2026,MARCHE,11,MACERATA,APPIGNANO,043003,0,20,174,1639,579,2412
03-10-2026,MARCHE,11,ASCOLI PICENO,APPIGNANO DEL TRONTO,044005,1,11,66,630,293,1001
03-10-2026,MARCHE,11,ANCONA,ARCEVIA,042003,0,26,127,1384,340,1877
03-10-2026,MARCHE,11,ASCOLI PICENO,ARQUATA DEL TRONTO,044006,1,0,29,297,121,448
03-10-2026,MARCHE,11,ASCOLI PICENO,ASCOLI PICENO,044007,52,1026,3400,41311,20304,66093
03-10-2026,MARCHE,11,ANCONA,BARBARA,042004,1,5,45,377,94,522
03-10-2026,MARCHE,11,PESARO E URBINO,BELFORTE ALL'ISAURO,041005,0,1,20,284,153,458
03-10-2026,MARCHE,11,MACERATA,BELFORTE DEL CHIENTI,043004,1,10,63,831,367,1272
03-10-2026,MARCHE,11,FERMO,BELMONTE PICENO,109003,0,1,16,147,62,226
03-10-2026,MARCHE,11,ANCONA,BELVEDERE OSTRENSE,042005,1,22,99,1253,760,2135
03-10-2026,MARCHE,11,MACERATA,BOLOGNOLA,043005,0,1,3,78,79,161
03-10-2026,MARCHE,11,PESARO E URBINO,BORGO PACE,041006,0,0,30,130,33,193
03-10-2026,MARCHE,11,PESARO E URBINO,CAGLI,041007,4,38,278,2850,1322,4492
03-10-2026,MARCHE,11,MACERATA,CALDAROLA,043006,2,10,101,894,409,1416
03-10-2026,MARCHE,11,ANCONA,CAMERANO,042006,8,174,449,5585,2909,9125
03-10-2026,MARCHE,11,ANCONA,CAMERATA PICENA,042007,3,69,256,1920,718,2966
03-10-2026,MARCHE,11,MACERATA,CAMERINO,043007,6,72,451,5603,2696,8828
03-10-2026,MARCHE,11,FERMO,CAMPOFILONE,109004,3,19,103,1049,570,1744
03-10-2026,MARCHE,11,MACERATA,CAMPOROTONDO DI FIASTRONE,043008,0,5,19,197,103,324
03-10-2026,MARCHE,11,PESARO E URBINO,CANTIANO,041008,0,3,42,451,140,636
03-10-2026,MARCHE,11,ASCOLI PICENO,CARASSAI,044010,0,6,73,818,191,1088
03-10-2026,MARCHE,11,PESARO E URBINO,CARPEGNA,041009,2,8,74,880,279,1243
03-10-2026,MARCHE,11,PESARO E URBINO,CARTOCETO,041010,14,91,597,5062,2014,7778
03-10-2026,MARCHE,11,ASCOLI PICENO,CASTEL DI LAMA,044011,12,89,679,6570,4080,11430
03-10-2026,MARCHE,11,ANCONA,CASTELBELLINO,042008,4,85,335,3800,1956,6180
03-10-2026,MARCHE,11,ANCONA,CASTELFIDARDO,042010,20,316,1496,12987,6132,20951
03-10-2026,MARCHE,11,ANCONA,CASTELLEONE DI SUASA,042011,1,9,56,495,118,679
03-10-2026,MARCHE,11,ANCONA,CASTELPLANIO,042012,6,27,233,2414,1067,3747
03-10-2026,MARCHE,11,MACERATA,CASTELRAIMONDO,043009,2,24,175,1578,590,2369
03-10-2026,MARCHE,11,MACERATA,CASTELSANTANGELO SUL NERA,043010,0,0,6,53,21,80
03-10-2026,MARCHE,11,ASCOLI PICENO,CASTIGNANO,044012,2,12,110,1054,453,1631
03-10-2026,MARCHE,11,ASCOLI PICENO,CASTORANO,044013,2,25,134,1615,5181,6957
03-10-2026,MARCHE,11,ANCONA,CERRETO D'ESI,042013,4,36,140,1505,567,2252
03-10-2026,MARCHE,11,MACERATA,CESSAPALOMBO,043011,0,4,29,238,76,347
03-10-2026,MARCHE,11,ANCONA,CHIARAVALLE,042014,11,148,955,8978,3687,13779
03-10-2026,MARCHE,11,MACERATA,CINGOLI,043012,4,77,416,4195,1655,6347
03-10-2026,MARCHE,11,MACERATA,CIVITANOVA MARCHE,043013,51,712,3127,34882,16814,55586
03-10-2026,MARCHE,11,PESARO E URBINO,COLLI AL METAURO,041069,7,198,902,9217,3745,14069
03-10-2026,MARCHE,11,ASCOLI PICENO,COLLI DEL TRONTO,044014,5,61,303,2400,1005,3774
03-10-2026,MARCHE,11,MACERATA,COLMURANO,043014,0,7,58,464,169,698
03-10-2026,MARCHE,11,ASCOLI PICENO,COMUNANZA,044015,2,10,118,1441,644,2215
03-10-2026,MARCHE,11,ANCONA,CORINALDO,042015,0,13,146,1627,664,2450
03-10-2026,MARCHE,11,MACERATA,CORRIDONIA,043015,14,313,1196,13023,5476,20022
03-10-2026,MARCHE,11,ASCOLI PICENO,COSSIGNANO,044016,1,3,36,310,145,495
03-10-2026,MARCHE,11,ASCOLI PICENO,CUPRA MARITTIMA,044017,2,41,320,3198,1064,4625
03-10-2026,MARCHE,11,ANCONA,CUPRAMONTANA,042016,3,18,142,1882,1052,3097
03-10-2026,MARCHE,11,MACERATA,ESANATOGLIA,043016,0,15,64,544,237,860
03-10-2026,MARCHE,11,ANCONA,FABRIANO,042017,39,613,2043,21000,8605,32300
03-10-2026,MARCHE,11,ANCONA,FALCONARA MARITTIMA,042018,47,495,2014,24986,11901,39443
03-10-2026,MARCHE,11,FERMO,FALERONE,109005,3,14,159,1761,903,2840
03-10-2026,MARCHE,11,PESARO E URBINO,FANO,041013,71,1230,4629,50190,24220,80340
03-10-2026,MARCHE,11,PESARO E URBINO,FERMIGNANO,041014,4,112,510,4730,2551,7907
03-10-2026,MARCHE,11,FERMO,FERMO,109006,49,1372,3625,39692,17996,62734
03-10-2026,MARCHE,11,MACERATA,FIASTRA,043017,0,15,35,379,93,522
03-10-2026,MARCHE,11,ANCONA,FILOTTRANO,042019,6,34,446,3697,1531,5714
03-10-2026,MARCHE,11,MACERATA,FIUMINATA,043019,0,8,30,354,104,496
03-10-2026,MARCHE,11,ASCOLI PICENO,FOLIGNANO,044020,2,115,498,5518,2306,8439
03-10-2026,MARCHE,11,ASCOLI PICENO,FORCE,044021,0,6,38,326,118,488
03-10-2026,MARCHE,11,PESARO E URBINO,FOSSOMBRONE,041015,5,189,497,5942,2566,9199
03-10-2026,MARCHE,11,FERMO,FRANCAVILLA D'ETE,109007,1,4,55,331,125,516
03-10-2026,MARCHE,11,PESARO E URBINO,FRATTE ROSA,041016,0,3,36,292,103,434
03-10-2026,MARCHE,11,PESARO E URBINO,FRONTINO,041017,0,0,8,87,19,114
03-10-2026,MARCHE,11,PESARO E URBINO,FRONTONE,041018,0,7,17,302,88,414
03-10-2026,MARCHE,11,PESARO E URBINO,GABICCE MARE,041019,2,74,463,3981,1707,6227
03-10-2026,MARCHE,11,MACERATA,GAGLIOLE,043020,0,6,15,217,60,298
03-10-2026,MARCHE,11,ANCONA,GENGA,042020,0,26,56,506,275,863
03-10-2026,MARCHE,11,PESARO E URBINO,GRADARA,041020,3,254,349,3942,1309,5857
03-10-2026,MARCHE,11,ASCOLI PICENO,GROTTAMMARE,044023,10,172,1062,11584,6122,18950
03-10-2026,MARCHE,11,FERMO,GROTTAZZOLINA,109008,1,19,130,1751,659,2560
03-10-2026,MARCHE,11,MACERATA,GUALDO,043021,0,2,19,127,45,193
03-10-2026,MARCHE,11,PESARO E URBINO,ISOLA DEL PIANO,041021,0,3,26,230,46,305
03-10-2026,MARCHE,11,ANCONA,JESI,042021,65,1903,3700,42053,21088,68809
03-10-2026,MARCHE,11,FERMO,LAPEDONA,109009,0,6,49,587,413,1055
03-10-2026,MARCHE,11,ANCONA,LORETO,042022,17,254,1175,11835,6766,20047
03-10-2026,MARCHE,11,MACERATA,LORO PICENO,043022,1,11,152,1162,518,1844
03-10-2026,MARCHE,11,PESARO E URBINO,LUNANO,041022,0,4,45,558,251,858
03-10-2026,MARCHE,11,MACERATA,MACERATA,043023,61,1040,4048,46352,25570,77071
03-10-2026,MARCHE,11,PESARO E URBINO,MACERATA FELTRIA,041023,1,10,109,650,214,984
03-10-2026,MARCHE,11,FERMO,MAGLIANO DI TENNA,109010,0,16,90,927,472,1505
03-10-2026,MARCHE,11,ANCONA,MAIOLATI SPONTINI,042023,4,62,272,3390,1643,5371
03-10-2026,MARCHE,11,ASCOLI PICENO,MALTIGNANO,044027,1,28,153,1319,533,2034
03-10-2026,MARCHE,11,FERMO,MASSA FERMANA,109011,0,3,19,270,191,483
03-10-2026,MARCHE,11,ASCOLI PICENO,MASSIGNANO,044029,1,34,86,1095,530,1746
03-10-2026,MARCHE,11,MACERATA,MATELICA,043024,5,151,352,4703,2030,7241
03-10-2026,MARCHE,11,PESARO E URBINO,MERCATELLO SUL METAURO,041025,0,1,37,212,91,341
03-10-2026,MARCHE,11,PESARO E URBINO,MERCATINO CONCA,041026,1,9,66,857,351,1284
03-10-2026,MARCHE,11,ANCONA,MERGO,042024,0,7,53,498,196,754
03-10-2026,MARCHE,11,MACERATA,MOGLIANO,043025,3,39,285,2377,1115,3819
03-10-2026,MARCHE,11,PESARO E URBINO,MOMBAROCCIO,041027,5,26,140,1452,634,2257
03-10-2026,MARCHE,11,PESARO E URBINO,MONDAVIO,041028,2,30,207,1774,603,2616
03-10-2026,MARCHE,11,PESARO E URBINO,MONDOLFO,041029,4,202,1076,9323,4251,14856
03-10-2026,MARCHE,11,FERMO,MONSAMPIETRO MORICO,109012,0,2,31,270,149,452
03-10-2026,MARCHE,11,ASCOLI PICENO,MONSAMPOLO DEL TRONTO,044031,2,27,298,3142,1458,4927
03-10-2026,MARCHE,11,ANCONA,MONSANO,042025,1,29,212,1960,1019,3221
03-10-2026,MARCHE,11,ASCOLI PICENO,MONTALTO DELLE MARCHE,044032,0,11,72,845,436,1364
03-10-2026,MARCHE,11,FERMO,MONTAPPONE,109013,0,4,49,597,297,947
03-10-2026,MARCHE,11,MACERATA,MONTE CAVALLO,043027,0,0,5,51,16,72
03-10-2026,MARCHE,11,PESARO E URBINO,MONTE CERIGNONE,041031,0,0,11,274,296,581
03-10-2026,MARCHE,11,FERMO,MONTE GIBERTO,109016,0,5,31,443,172,651
03-10-2026,MARCHE,11,PESARO E URBINO,MONTE GRIMANO TERME,041035,2,5,73,802,369,1251
03-10-2026,MARCHE,11,PESARO E URBINO,MONTE PORZIO,041038,1,11,135,1223,464,1834
03-10-2026,MARCHE,11,FERMO,MONTE RINALDO,109021,0,0,8,86,35,129
03-10-2026,MARCHE,11,ANCONA,MONTE ROBERTO,042029,5,28,161,1688,847,2729
03-10-2026,MARCHE,11,MACERATA,MONTE SAN GIUSTO,043031,6,105,678,7918,3616,12323
03-10-2026,MARCHE,11,MACERATA,MONTE SAN MARTINO,043032,0,2,30,319,196,547
03-10-2026,MARCHE,11,FERMO,MONTE SAN PIETRANGELI,109023,2,8,78,666,198,952
03-10-2026,MARCHE,11,ANCONA,MONTE SAN VITO,042030,4,126,474,4629,2267,7500
03-10-2026,MARCHE,11,FERMO,MONTE URANO,109024,5,46,351,4110,2318,6830
03-10-2026,MARCHE,11,FERMO,MONTE VIDON COMBATTE,109025,0,3,16,99,37,155
03-10-2026,MARCHE,11,FERMO,MONTE VIDON CORRADO,109026,0,0,15,206,68,289
03-10-2026,MARCHE,11,PESARO E URBINO,MONTECALVO IN FOGLIA,041030,4,21,210,1746,809,2790
03-10-2026,MARCHE,11,ANCONA,MONTECAROTTO,042026,2,21,130,1051,447,1651
03-10-2026,MARCHE,11,MACERATA,MONTECASSIANO,043026,3,79,353,3041,1230,4706
03-10-2026,MARCHE,11,MACERATA,MONTECOSARO,043028,10,150,547,5443,2572,8722
03-10-2026,MARCHE,11,ASCOLI PICENO,MONTEDINOVE,044034,0,2,13,140,67,222
03-10-2026,MARCHE,11,FERMO,MONTEFALCONE APPENNINO,109014,0,0,11,251,225,487
03-10-2026,MARCHE,11,MACERATA,MONTEFANO,043029,1,17,144,1244,764,2170
03-10-2026,MARCHE,11,PESARO E URBINO,MONTEFELCINO,041034,1,22,90,1038,404,1555
03-10-2026,MARCHE,11,ASCOLI PICENO,MONTEFIORE DELL'ASO,044036,0,6,59,781,285,1131
03-10-2026,MARCHE,11,FERMO,MONTEFORTINO,109015,0,19,34,429,132,614
03-10-2026,MARCHE,11,ASCOLI PICENO,MONTEGALLO,044038,0,1,14,158,59,232
03-10-2026,MARCHE,11,FERMO,MONTEGIORGIO,109017,3,61,260,3104,1336,4764
03-10-2026,MARCHE,11,FERMO,MONTEGRANARO,109018,5,65,732,7099,3135,11036
03-10-2026,MARCHE,11,PESARO E URBINO,MONTELABBATE,041036,4,133,781,6032,2559,9509
03-10-2026,MARCHE,11,FERMO,MONTELEONE DI FERMO,109019,0,1,8,109,22,140
03-10-2026,MARCHE,11,FERMO,MONTELPARO,109020,0,2,37,264,79,382
03-10-2026,MARCHE,11,MACERATA,MONTELUPONE,043030,3,18,224,2244,744,3233
03-10-2026,MARCHE,11,ANCONA,MONTEMARCIANO,042027,19,290,917,7822,3485,12533
03-10-2026,MARCHE,11,ASCOLI PICENO,MONTEMONACO,044044,0,0,12,131,30,173
03-10-2026,MARCHE,11,ASCOLI PICENO,MONTEPRANDONE,044045,19,158,985,10508,4979,16649
03-10-2026,MARCHE,11,FERMO,MONTERUBBIANO,109022,4,12,124,1486,1002,2628
03-10-2026,MARCHE,11,FERMO,MONTOTTONE,109027,1,3,38,284,97,423
03-10-2026,MARCHE,11,FERMO,MORESCO,109028,1,6,24,280,139,450
03-10-2026,MARCHE,11,ANCONA,MORRO D'ALBA,042031,1,10,74,828,344,1257
03-10-2026,MARCHE,11,MACERATA,MORROVALLE,043033,9,171,860,9145,5490,15675
03-10-2026,MARCHE,11,MACERATA,MUCCIA,043034,1,6,44,444,212,707
03-10-2026,MARCHE,11,ANCONA,NUMANA,042032,4,136,416,4087,1830,6473
03-10-2026,MARCHE,11,ANCONA,OFFAGNA,042033,2,45,140,1555,668,2410
03-10-2026,MARCHE,11,ASCOLI PICENO,OFFIDA,044054,2,42,241,1683,699,2667
03-10-2026,MARCHE,11,FERMO,ORTEZZANO,109029,0,2,40,379,156,577
03-10-2026,MARCHE,11,ANCONA,OSIMO,042034,57,1597,3769,38803,17209,61435
03-10-2026,MARCHE,11,ANCONA,OSTRA,042035,8,75,313,3233,1507,5136
03-10-2026,MARCHE,11,ANCONA,OSTRA VETERE,042036,1,20,132,939,246,1338
03-10-2026,MARCHE,11,ASCOLI PICENO,PALMIANO,044056,0,1,1,22,6,30
03-10-2026,MARCHE,11,FERMO,PEDASO,109030,4,48,259,2130,1040,3481
03-10-2026,MARCHE,11,PESARO E URBINO,PEGLIO,041041,0,4,25,270,165,464
03-10-2026,MARCHE,11,MACERATA,PENNA SAN GIOVANNI,043035,1,5,30,320,139,495
03-10-2026,MARCHE,11,PESARO E URBINO,PERGOLA,041043,0,54,319,2996,1148,4517
03-10-2026,MARCHE,11,PESARO E URBINO,PESARO,041044,149,4704,11729,106393,50411,173386
03-10-2026,MARCHE,11,PESARO E URBINO,PETRIANO,041045,1,15,172,1272,523,1983
03-10-2026,MARCHE,11,MACERATA,PETRIOLO,043036,0,17,85,836,642,1580
03-10-2026,MARCHE,11,FERMO,PETRITOLI,109031,0,7,71,933,521,1532
03-10-2026,MARCHE,11,PESARO E URBINO,PIANDIMELETO,041047,0,9,84,865,270,1228
03-10-2026,MARCHE,11,PESARO E URBINO,PIETRARUBBIA,041048,0,0,11,143,74,228
03-10-2026,MARCHE,11,MACERATA,PIEVE TORINA,043038,0,5,78,557,212,852
03-10-2026,MARCHE,11,PESARO E URBINO,PIOBBICO,041049,0,8,108,634,309,1059
03-10-2026,MARCHE,11,MACERATA,PIORACO,043039,3,9,59,694,297,1062
03-10-2026,MARCHE,11,ANCONA,POGGIO SAN MARCELLO,042037,3,5,47,349,152,556
03-10-2026,MARCHE,11,MACERATA,POGGIO SAN VICINO,043040,0,2,3,56,24,85
03-10-2026,MARCHE,11,MACERATA,POLLENZA,043041,7,60,418,3733,1543,5761
03-10-2026,MARCHE,11,ANCONA,POLVERIGI,042038,2,95,287,3370,1780,5534
03-10-2026,MARCHE,11,FERMO,PONZANO DI FERMO,109032,2,10,44,576,229,861
03-10-2026,MARCHE,11,MACERATA,PORTO RECANATI,043042,30,167,1799,17909,7297,27202
03-10-2026,MARCHE,11,FERMO,PORTO SAN GIORGIO,109033,15,209,1147,13889,8328,23588
03-10-2026,MARCHE,11,FERMO,PORTO SANT'ELPIDIO,109034,31,468,1929,20181,10493,33102
03-10-2026,MARCHE,11,MACERATA,POTENZA PICENA,043043,20,251,1201,11574,5078,18124
03-10-2026,MARCHE,11,FERMO,RAPAGNANO,109035,0,9,100,820,407,1336
03-10-2026,MARCHE,11,MACERATA,RECANATI,043044,5,182,1124,12745,6613,20669
03-10-2026,MARCHE,11,ASCOLI PICENO,RIPATRANSONE,044063,1,24,234,2245,1166,3670
03-10-2026,MARCHE,11,MACERATA,RIPE SAN GINESIO,043045,0,1,40,255,90,386
03-10-2026,MARCHE,11,ASCOLI PICENO,ROCCAFLUVIONE,044064,1,5,97,809,293,1205
03-10-2026,MARCHE,11,ANCONA,ROSORA,042040,1,9,108,928,340,1386
03-10-2026,MARCHE,11,ASCOLI PICENO,ROTELLA,044065,0,3,37,290,56,386
03-10-2026,MARCHE,11,ASCOLI PICENO,SAN BENEDETTO DEL TRONTO,044066,58,993,4631,46289,23569,75540
03-10-2026,MARCHE,11,PESARO E URBINO,SAN COSTANZO,041051,2,61,335,2854,1236,4488
03-10-2026,MARCHE,11,MACERATA,SAN GINESIO,043046,1,21,123,1109,492,1746
03-10-2026,MARCHE,11,PESARO E URBINO,SAN LORENZO IN CAMPO,041054,3,4,65,1063,585,1720
03-10-2026,MARCHE,11,ANCONA,SAN MARCELLO,042041,5,28,115,1144,498,1790
03-10-2026,MARCHE,11,ANCONA,SAN PAOLO DI JESI,042042,0,3,28,558,210,799
03-10-2026,MARCHE,11,MACERATA,SAN SEVERINO MARCHE,043047,15,103,594,6513,3674,10899
03-10-2026,MARCHE,11,MACERATA,SANT'ANGELO IN PONTANO,043048,0,5,39,566,277,887
03-10-2026,MARCHE,11,PESARO E URBINO,SANT'ANGELO IN VADO,041057,0,9,150,1372,586,2117
03-10-2026,MARCHE,11,FERMO,SANT'ELPIDIO A MARE,109037,25,180,1287,11506,4928,17926
03-10-2026,MARCHE,11,PESARO E URBINO,SANT'IPPOLITO,041058,0,8,42,442,191,683
03-10-2026,MARCHE,11,ANCONA,SANTA MARIA NUOVA,042043,1,37,259,1967,883,3147
03-10-2026,MARCHE,11,FERMO,SANTA VITTORIA IN MATENANO,109036,1,4,70,490,215,780
03-10-2026,MARCHE,11,MACERATA,SARNANO,043049,1,14,114,1295,698,2122
03-10-2026,MARCHE,11,PESARO E URBINO,SASSOCORVARO AUDITORE,041071,4,16,215,2004,1047,3286
03-10-2026,MARCHE,11,ANCONA,SASSOFERRATO,042044,6,45,242,2599,919,3811
03-10-2026,MARCHE,11,MACERATA,SEFRO,043050,0,6,16,138,32,192
03-10-2026,MARCHE,11,ANCONA,SENIGALLIA,042045,35,1241,3148,35876,16224,56524
03-10-2026,MARCHE,11,ANCONA,SERRA DE' CONTI,042046,0,21,144,1517,703,2385
03-10-2026,MARCHE,11,ANCONA,SERRA SAN QUIRICO,042047,1,19,109,1263,410,1802
03-10-2026,MARCHE,11,PESARO E URBINO,SERRA SANT'ABBONDIO,041061,0,1,26,230,113,370
03-10-2026,MARCHE,11,MACERATA,SERRAPETRONA,043051,1,3,55,418,108,585
03-10-2026,MARCHE,11,MACERATA,SERRAVALLE DI CHIENTI,043052,0,17,37,428,131,613
03-10-2026,MARCHE,11,FERMO,SERVIGLIANO,109038,3,17,134,1233,449,1836
03-10-2026,MARCHE,11,ANCONA,SIROLO,042048,4,84,309,3388,1909,5694
03-10-2026,MARCHE,11,FERMO,SMERILLO,109039,0,1,21,198,98,318
03-10-2026,MARCHE,11,ASCOLI PICENO,SPINETOLI,044071,3,120,557,5345,6937,12962
03-10-2026,MARCHE,11,ANCONA,STAFFOLO,042049,1,12,100,915,466,1494
03-10-2026,MARCHE,11,PESARO E URBINO,TAVOLETO,041064,0,13,34,449,328,824
03-10-2026,MARCHE,11,PESARO E URBINO,TAVULLIA,041065,5,142,628,5544,2455,8774
03-10-2026,MARCHE,11,PESARO E URBINO,TERRE ROVERESCHE,041070,2,38,282,2533,716,3571
03-10-2026,MARCHE,11,MACERATA,TOLENTINO,043053,9,72,889,9754,5305,16029
03-10-2026,MARCHE,11,FERMO,TORRE SAN PATRIZIO,109040,1,9,80,1051,446,1587
03-10-2026,MARCHE,11,ANCONA,TRECASTELLI,042050,0,73,440,4320,1262,6095
03-10-2026,MARCHE,11,MACERATA,TREIA,043054,8,132,435,4464,1956,6995
03-10-2026,MARCHE,11,PESARO E URBINO,URBANIA,041066,1,32,218,2182,903,3336
03-10-2026,MARCHE,11,PESARO E URBINO,URBINO,041067,16,184,757,8792,4356,14105
03-10-2026,MARCHE,11,MACERATA,URBISAGLIA,043055,3,18,112,868,427,1428
03-10-2026,MARCHE,11,MACERATA,USSITA,043056,0,4,27,240,86,357
03-10-2026,MARCHE,11,MACERATA,VALFORNACE,043058,0,5,29,236,73,343
03-10-2026,MARCHE,11,PESARO E URBINO,VALLEFOGLIA,041068,8,236,1073,9519,3564,14400
03-10-2026,MARCHE,11,ASCOLI PICENO,VENAROTTA,044073,1,15,71,936,502,1525
03-10-2026,MARCHE,11,MACERATA,VISSO,043057,0,12,54,462,114,642
03-10-2026,MOLISE,14,CAMPOBASSO,ACQUAVIVA COLLECROCE,070001,1,1,27,353,84,466
03-10-2026,MOLISE,14,ISERNIA,ACQUAVIVA D'ISERNIA,094001,0,4,13,153,39,209
03-10-2026,MOLISE,14,ISERNIA,AGNONE,094002,0,49,255,2503,963,3770
03-10-2026,MOLISE,14,ISERNIA,BAGNOLI DEL TRIGNO,094003,0,6,12,402,269,689
03-10-2026,MOLISE,14,CAMPOBASSO,BARANELLO,070002,2,21,157,1386,479,2045
03-10-2026,MOLISE,14,ISERNIA,BELMONTE DEL SANNIO,094004,0,7,32,301,94,434
03-10-2026,MOLISE,14,CAMPOBASSO,BOJANO,070003,11,66,422,4170,1582,6251
03-10-2026,MOLISE,14,CAMPOBASSO,BONEFRO,070004,0,2,36,401,125,564
03-10-2026,MOLISE,14,CAMPOBASSO,BUSSO,070005,0,5,69,598,318,990
03-10-2026,MOLISE,14,CAMPOBASSO,CAMPOBASSO,070006,118,2420,3922,55113,31799,93372
03-10-2026,MOLISE,14,CAMPOBASSO,CAMPOCHIARO,070007,0,2,28,338,145,513
03-10-2026,MOLISE,14,CAMPOBASSO,CAMPODIPIETRA,070008,3,20,205,1473,574,2275
03-10-2026,MOLISE,14,CAMPOBASSO,CAMPOLIETO,070009,0,9,33,529,130,701
03-10-2026,MOLISE,14,CAMPOBASSO,CAMPOMARINO,070010,17,189,716,7766,3125,11813
03-10-2026,MOLISE,14,ISERNIA,CANTALUPO NEL SANNIO,094005,7,6,93,853,407,1366
03-10-2026,MOLISE,14,ISERNIA,CAPRACOTTA,094006,0,7,54,455,225,741
03-10-2026,MOLISE,14,ISERNIA,CAROVILLI,094007,3,6,77,848,209,1143
03-10-2026,MOLISE,14,ISERNIA,CARPINONE,094008,2,11,55,503,208,779
03-10-2026,MOLISE,14,CAMPOBASSO,CASACALENDA,070011,1,26,185,1418,352,1982
03-10-2026,MOLISE,14,CAMPOBASSO,CASALCIPRANO,070012,1,2,20,429,157,609
03-10-2026,MOLISE,14,ISERNIA,CASTEL DEL GIUDICE,094009,1,4,60,370,148,583
03-10-2026,MOLISE,14,ISERNIA,CASTEL SAN VINCENZO,094012,0,7,23,334,181,545
03-10-2026,MOLISE,14,CAMPOBASSO,CASTELBOTTACCIO,070013,0,3,3,92,30,128
03-10-2026,MOLISE,14,CAMPOBASSO,CASTELLINO DEL BIFERNO,070014,0,1,20,154,44,219
03-10-2026,MOLISE,14,CAMPOBASSO,CASTELMAURO,070015,2,6,53,427,122,610
03-10-2026,MOLISE,14,ISERNIA,CASTELPETROSO,094010,0,12,81,891,335,1319
03-10-2026,MOLISE,14,ISERNIA,CASTELPIZZUTO,094011,0,3,17,207,170,397
03-10-2026,MOLISE,14,ISERNIA,CASTELVERRINO,094013,1,3,7,47,8,66
03-10-2026,MOLISE,14,CAMPOBASSO,CASTROPIGNANO,070016,0,5,41,407,196,649
03-10-2026,MOLISE,14,CAMPOBASSO,CERCEMAGGIORE,070017,0,7,106,1423,448,1984
03-10-2026,MOLISE,14,CAMPOBASSO,CERCEPICCOLA,070018,0,7,29,339,93,468
03-10-2026,MOLISE,14,ISERNIA,CERRO AL VOLTURNO,094014,1,1,59,622,212,895
03-10-2026,MOLISE,14,ISERNIA,CHIAUCI,094015,0,2,8,77,39,126
03-10-2026,MOLISE,14,CAMPOBASSO,CIVITACAMPOMARANO,070019,0,1,1,61,22,85
03-10-2026,MOLISE,14,ISERNIA,CIVITANOVA DEL SANNIO,094016,1,2,39,392,237,671
03-10-2026,MOLISE,14,CAMPOBASSO,COLLE D'ANCHISE,070020,1,8,55,345,137,546
03-10-2026,MOLISE,14,CAMPOBASSO,COLLETORTO,070021,0,6,48,455,139,648
03-10-2026,MOLISE,14,ISERNIA,COLLI A VOLTURNO,094017,0,12,116,1091,687,1906
03-10-2026,MOLISE,14,ISERNIA,CONCA CASALE,094018,0,3,21,197,117,338
03-10-2026,MOLISE,14,CAMPOBASSO,DURONIA,070022,1,3,22,274,78,378
03-10-2026,MOLISE,14,CAMPOBASSO,FERRAZZANO,070023,4,39,221,3129,1502,4895
03-10-2026,MOLISE,14,ISERNIA,FILIGNANO,094019,2,13,23,414,158,610
03-10-2026,MOLISE,14,ISERNIA,FORLÌ DEL SANNIO,094020,2,12,69,863,236,1182
03-10-2026,MOLISE,14,ISERNIA,FORNELLI,094021,3,10,93,1060,561,1727
03-10-2026,MOLISE,14,CAMPOBASSO,FOSSALTO,070024,1,13,44,394,114,566
03-10-2026,MOLISE,14,ISERNIA,FROSOLONE,094022,0,27,109,1257,616,2009
03-10-2026,MOLISE,14,CAMPOBASSO,GAMBATESA,070025,1,5,31,526,161,724
03-10-2026,MOLISE,14,CAMPOBASSO,GILDONE,070026,0,3,20,181,83,287
03-10-2026,MOLISE,14,CAMPOBASSO,GUARDIALFIERA,070027,1,1,40,600,167,809
03-10-2026,MOLISE,14,CAMPOBASSO,GUARDIAREGIA,070028,0,7,49,552,401,1009
03-10-2026,MOLISE,14,CAMPOBASSO,GUGLIONESI,070029,8,59,292,3516,1470,5345
03-10-2026,MOLISE,14,ISERNIA,ISERNIA,094023,41,219,1851,23133,15658,40902
03-10-2026,MOLISE,14,CAMPOBASSO,JELSI,070030,0,7,71,599,289,966
03-10-2026,MOLISE,14,CAMPOBASSO,LARINO,070031,4,47,245,3503,1923,5722
03-10-2026,MOLISE,14,CAMPOBASSO,LIMOSANO,070032,0,11,44,327,113,495
03-10-2026,MOLISE,14,ISERNIA,LONGANO,094024,1,3,9,141,57,211
03-10-2026,MOLISE,14,CAMPOBASSO,LUCITO,070033,0,4,27,341,138,510
03-10-2026,MOLISE,14,CAMPOBASSO,LUPARA,070034,0,1,5,144,33,183
03-10-2026,MOLISE,14,ISERNIA,MACCHIA D'ISERNIA,094025,0,11,92,1450,1846,3399
03-10-2026,MOLISE,14,CAMPOBASSO,MACCHIA VALFORTORE,070035,0,3,15,163,65,246
03-10-2026,MOLISE,14,ISERNIA,MACCHIAGODENA,094026,0,12,36,613,200,861
03-10-2026,MOLISE,14,CAMPOBASSO,MAFALDA,070036,0,0,57,408,144,609
03-10-2026,MOLISE,14,CAMPOBASSO,MATRICE,070037,0,16,73,713,287,1089
03-10-2026,MOLISE,14,CAMPOBASSO,MIRABELLO SANNITICO,070038,3,15,143,1444,614,2219
03-10-2026,MOLISE,14,ISERNIA,MIRANDA,094027,1,2,70,532,137,742
03-10-2026,MOLISE,14,CAMPOBASSO,MOLISE,070039,0,3,16,76,14,109
03-10-2026,MOLISE,14,CAMPOBASSO,MONACILIONI,070040,0,2,12,139,53,206
03-10-2026,MOLISE,14,CAMPOBASSO,MONTAGANO,070041,1,8,42,518,385,954
03-10-2026,MOLISE,14,ISERNIA,MONTAQUILA,094028,1,18,167,1808,1774,3768
03-10-2026,MOLISE,14,CAMPOBASSO,MONTECILFONE,070042,0,13,47,663,324,1047
03-10-2026,MOLISE,14,CAMPOBASSO,MONTEFALCONE NEL SANNIO,070043,0,4,33,280,60,377
03-10-2026,MOLISE,14,CAMPOBASSO,MONTELONGO,070044,0,0,8,116,54,178
03-10-2026,MOLISE,14,CAMPOBASSO,MONTEMITRO,070045,0,1,1,58,24,84
03-10-2026,MOLISE,14,CAMPOBASSO,MONTENERO DI BISACCIA,070046,5,65,334,3831,1720,5955
03-10-2026,MOLISE,14,ISERNIA,MONTENERO VAL COCCHIARA,094029,0,3,40,301,196,540
03-10-2026,MOLISE,14,ISERNIA,MONTERODUNI,094030,2,13,152,1729,1499,3395
03-10-2026,MOLISE,14,CAMPOBASSO,MONTORIO NEI FRENTANI,070047,0,2,21,163,42,228
03-10-2026,MOLISE,14,CAMPOBASSO,MORRONE DEL SANNIO,070048,0,2,19,92,20,133
03-10-2026,MOLISE,14,CAMPOBASSO,ORATINO,070049,6,12,117,1383,637,2155
03-10-2026,MOLISE,14,CAMPOBASSO,PALATA,070050,1,4,48,531,235,819
03-10-2026,MOLISE,14,ISERNIA,PESCHE,094031,0,13,110,1126,567,1816
03-10-2026,MOLISE,14,ISERNIA,PESCOLANCIANO,094032,0,5,28,252,70,355
03-10-2026,MOLISE,14,ISERNIA,PESCOPENNATARO,094033,0,0,14,181,44,239
03-10-2026,MOLISE,14,CAMPOBASSO,PETACCIATO,070051,5,27,250,2489,1002,3773
03-10-2026,MOLISE,14,CAMPOBASSO,PETRELLA TIFERNINA,070052,0,14,47,423,131,615
03-10-2026,MOLISE,14,ISERNIA,PETTORANELLO DEL MOLISE,094034,1,1,32,276,121,431
03-10-2026,MOLISE,14,ISERNIA,PIETRABBONDANTE,094035,1,5,25,313,93,437
03-10-2026,MOLISE,14,CAMPOBASSO,PIETRACATELLA,070053,0,3,51,413,122,589
03-10-2026,MOLISE,14,CAMPOBASSO,PIETRACUPA,070054,0,1,10,73,13,97
03-10-2026,MOLISE,14,ISERNIA,PIZZONE,094036,0,6,21,248,149,424
03-10-2026,MOLISE,14,ISERNIA,POGGIO SANNITA,094037,1,3,32,419,177,632
03-10-2026,MOLISE,14,CAMPOBASSO,PORTOCANNONE,070055,4,8,85,820,300,1217
03-10-2026,MOLISE,14,ISERNIA,POZZILLI,094038,5,21,126,1224,397,1773
03-10-2026,MOLISE,14,CAMPOBASSO,PROVVIDENTI,070056,0,0,6,10,0,16
03-10-2026,MOLISE,14,CAMPOBASSO,RICCIA,070057,1,28,225,2086,738,3078
03-10-2026,MOLISE,14,ISERNIA,RIONERO SANNITICO,094039,0,6,96,648,275,1025
03-10-2026,MOLISE,14,CAMPOBASSO,RIPABOTTONI,070058,1,4,24,174,88,291
03-10-2026,MOLISE,14,CAMPOBASSO,RIPALIMOSANI,070059,1,32,180,2031,920,3164
03-10-2026,MOLISE,14,ISERNIA,ROCCAMANDOLFI,094040,0,2,28,264,79,373
03-10-2026,MOLISE,14,ISERNIA,ROCCASICURA,094041,0,4,26,404,206,640
03-10-2026,MOLISE,14,CAMPOBASSO,ROCCAVIVARA,070060,0,4,21,227,104,356
03-10-2026,MOLISE,14,ISERNIA,ROCCHETTA A VOLTURNO,094042,0,18,42,762,436,1258
03-10-2026,MOLISE,14,CAMPOBASSO,ROTELLO,070061,1,14,60,475,180,730
03-10-2026,MOLISE,14,CAMPOBASSO,SALCITO,070062,2,12,23,247,69,353
03-10-2026,MOLISE,14,CAMPOBASSO,SAN BIASE,070063,0,1,5,22,12,40
03-10-2026,MOLISE,14,CAMPOBASSO,SAN FELICE DEL MOLISE,070064,0,7,25,234,71,337
03-10-2026,MOLISE,14,CAMPOBASSO,SAN GIACOMO DEGLI SCHIAVONI,070065,4,20,74,843,282,1223
03-10-2026,MOLISE,14,CAMPOBASSO,SAN GIOVANNI IN GALDO,070066,1,12,39,494,125,671
03-10-2026,MOLISE,14,CAMPOBASSO,SAN GIULIANO DEL SANNIO,070067,1,9,63,457,146,676
03-10-2026,MOLISE,14,CAMPOBASSO,SAN GIULIANO DI PUGLIA,070068,1,6,25,349,115,496
03-10-2026,MOLISE,14,CAMPOBASSO,SAN MARTINO IN PENSILIS,070069,0,34,228,2067,615,2944
03-10-2026,MOLISE,14,CAMPOBASSO,SAN MASSIMO,070070,4,6,100,1136,563,1809
03-10-2026,MOLISE,14,ISERNIA,SAN PIETRO AVELLANA,094043,0,3,28,237,81,349
03-10-2026,MOLISE,14,CAMPOBASSO,SAN POLO MATESE,070071,3,3,28,237,72,343
03-10-2026,MOLISE,14,ISERNIA,SANT'AGAPITO,094044,1,15,100,1084,509,1709
03-10-2026,MOLISE,14,ISERNIA,SANT'ANGELO DEL PESCO,094046,0,2,24,296,144,466
03-10-2026,MOLISE,14,CAMPOBASSO,SANT'ANGELO LIMOSANO,070073,0,4,16,176,56,252
03-10-2026,MOLISE,14,ISERNIA,SANT'ELENA SANNITA,094047,0,7,30,281,116,434
03-10-2026,MOLISE,14,CAMPOBASSO,SANT'ELIA A PIANISI,070074,0,10,67,481,172,730
03-10-2026,MOLISE,14,CAMPOBASSO,SANTA CROCE DI MAGLIANO,070072,6,16,173,1794,885,2874
03-10-2026,MOLISE,14,ISERNIA,SANTA MARIA DEL MOLISE,094045,1,5,58,747,359,1170
03-10-2026,MOLISE,14,ISERNIA,SCAPOLI,094048,1,8,22,309,85,425
03-10-2026,MOLISE,14,CAMPOBASSO,SEPINO,070075,2,11,119,794,359,1285
03-10-2026,MOLISE,14,ISERNIA,SESSANO DEL MOLISE,094049,1,2,30,433,89,555
03-10-2026,MOLISE,14,ISERNIA,SESTO CAMPANO,094050,0,11,100,1379,986,2476
03-10-2026,MOLISE,14,CAMPOBASSO,SPINETE,070076,0,2,38,424,202,666
03-10-2026,MOLISE,14,CAMPOBASSO,TAVENNA,070077,0,0,30,216,54,300
03-10-2026,MOLISE,14,CAMPOBASSO,TERMOLI,070078,85,913,3741,38994,18084,61817
03-10-2026,MOLISE,14,CAMPOBASSO,TORELLA DEL SANNIO,070079,0,3,35,317,95,450
03-10-2026,MOLISE,14,CAMPOBASSO,TORO,070080,1,17,109,972,289,1388
03-10-2026,MOLISE,14,CAMPOBASSO,TRIVENTO,070081,0,8,137,1357,1087,2589
03-10-2026,MOLISE,14,CAMPOBASSO,TUFARA,070082,0,3,43,412,112,570
03-10-2026,MOLISE,14,CAMPOBASSO,URURI,070083,8,10,77,1035,510,1640
03-10-2026,MOLISE,14,ISERNIA,VASTOGIRARDI,094051,0,0,26,385,345,756
03-10-2026,MOLISE,14,ISERNIA,VENAFRO,094052,16,162,755,10443,6678,18054
03-10-2026,MOLISE,14,CAMPOBASSO,VINCHIATURO,070084,6,39,315,2603,1133,4096
03-10-2026,PIEMONTE,01,CUNEO,ACCEGLIO,004001,0,0,5,41,11,57
03-10-2026,PIEMONTE,01,ALESSANDRIA,ACQUI TERME,006001,14,300,1518,15830,8655,26317
03-10-2026,PIEMONTE,01,ASTI,AGLIANO TERME,005001,1,18,75,690,205,989
03-10-2026,PIEMONTE,01,TORINO,AGLIÈ,001001,10,38,261,1880,550,2739
03-10-2026,PIEMONTE,01,NOVARA,AGRATE CONTURBIA,003001,1,14,187,1215,528,1945
03-10-2026,PIEMONTE,01,BIELLA,AILOCHE,096001,1,1,11,121,45,179
03-10-2026,PIEMONTE,01,TORINO,AIRASCA,001002,9,69,336,3193,1382,4989
03-10-2026,PIEMONTE,01,CUNEO,AISONE,004002,0,2,7,77,13,99
03-10-2026,PIEMONTE,01,TORINO,ALA DI STURA,001003,0,17,32,288,94,431
03-10-2026,PIEMONTE,01,VERCELLI,ALAGNA VALSESIA,002002,1,10,38,348,200,597
03-10-2026,PIEMONTE,01,CUNEO,ALBA,004003,30,552,2871,25584,13304,42341
03-10-2026,PIEMONTE,01,VERCELLI,ALBANO VERCELLESE,002003,0,3,16,188,67,274
03-10-2026,PIEMONTE,01,CUNEO,ALBARETTO DELLA TORRE,004004,0,3,15,100,20,138
03-10-2026,PIEMONTE,01,ALESSANDRIA,ALBERA LIGURE,006002,2,5,13,143,50,213
03-10-2026,PIEMONTE,01,TORINO,ALBIANO D'IVREA,001004,0,32,114,1209,569,1924
03-10-2026,PIEMONTE,01,ASTI,ALBUGNANO,005002,0,2,28,225,111,366
03-10-2026,PIEMONTE,01,ALESSANDRIA,ALESSANDRIA,006003,235,4993,10268,116175,46402,178073
03-10-2026,PIEMONTE,01,ALESSANDRIA,ALFIANO NATTA,006004,0,5,21,356,187,569
03-10-2026,PIEMONTE,01,ALESSANDRIA,ALICE BEL COLLE,006005,2,1,33,533,126,695
03-10-2026,PIEMONTE,01,VERCELLI,ALICE CASTELLO,002004,0,31,263,1540,597,2431
03-10-2026,PIEMONTE,01,ALESSANDRIA,ALLUVIONI PIOVERA,006192,6,15,84,829,252,1186
03-10-2026,PIEMONTE,01,TORINO,ALMESE,001006,10,182,511,5199,2061,7963
03-10-2026,PIEMONTE,01,TORINO,ALPETTE,001007,0,2,9,125,46,182
03-10-2026,PIEMONTE,01,TORINO,ALPIGNANO,001008,50,420,1680,16363,6849,25362
03-10-2026,PIEMONTE,01,ALESSANDRIA,ALTAVILLA MONFERRATO,006007,0,1,6,242,263,512
03-10-2026,PIEMONTE,01,CUNEO,ALTO,004005,0,0,12,54,10,76
03-10-2026,PIEMONTE,01,VERCELLI,ALTO SERMENZA,002170,0,2,4,34,21,61
03-10-2026,PIEMONTE,01,ALESSANDRIA,ALZANO SCRIVIA,006008,1,3,10,151,35,200
03-10-2026,PIEMONTE,01,NOVARA,AMENO,003002,0,9,60,409,148,626
03-10-2026,PIEMONTE,01,TORINO,ANDEZENO,001009,8,14,158,1367,637,2184
03-10-2026,PIEMONTE,01,BIELLA,ANDORNO MICCA,096002,2,41,212,1813,541,2609
03-10-2026,PIEMONTE,01,TORINO,ANDRATE,001010,0,10,13,201,63,287
03-10-2026,PIEMONTE,01,TORINO,ANGROGNA,001011,2,14,68,393,70,547
03-10-2026,PIEMONTE,01,ASTI,ANTIGNANO,005003,0,13,29,471,227,740
03-10-2026,PIEMONTE,01,VERBANO-CUSIO-OSSOLA,ANTRONA SCHIERANCO,103001,0,3,25,150,57,235
03-10-2026,PIEMONTE,01,VERBANO-CUSIO-OSSOLA,ANZOLA D'OSSOLA,103002,1,2,8,87,28,126
03-10-2026,PIEMONTE,01,ASTI,ARAMENGO,005004,2,10,28,265,116,421
03-10-2026,PIEMONTE,01,VERCELLI,ARBORIO,002006,0,10,58,495,197,760
03-10-2026,PIEMONTE,01,CUNEO,ARGENTERA,004006,0,1,8,47,22,78
03-10-2026,PIEMONTE,01,CUNEO,ARGUELLO,004007,0,1,3,78,23,105
03-10-2026,PIEMONTE,01,TORINO,ARIGNANO,001012,1,38,95,791,330,1255
03-10-2026,PIEMONTE,01,VERBANO-CUSIO-OSSOLA,ARIZZANO,103003,2,42,175,1509,581,2309
03-10-2026,PIEMONTE,01,NOVARA,ARMENO,003006,0,20,109,1175,431,1735
03-10-2026,PIEMONTE,01,VERBANO-CUSIO-OSSOLA,AROLA,103004,0,2,14,67,30,113
03-10-2026,PIEMONTE,01,NOVARA,ARONA,003008,9,206,1224,11363,6366,19168
03-10-2026,PIEMONTE,01,ALESSANDRIA,ARQUATA SCRIVIA,006009,8,105,486,4694,1543,6836
03-10-2026,PIEMONTE,01,VERCELLI,ASIGLIANO VERCELLESE,002007,1,8,107,867,370,1353
03-10-2026,PIEMONTE,01,ASTI,ASTI,005005,83,1434,5629,66838,35333,109317
03-10-2026,PIEMONTE,01,VERBANO-CUSIO-OSSOLA,AURANO,103005,0,3,1,32,8,44
03-10-2026,PIEMONTE,01,TORINO,AVIGLIANA,001013,15,505,1083,12748,6061,20412
03-10-2026,PIEMONTE,01,ALESSANDRIA,AVOLASCA,006010,0,3,11,115,38,167
03-10-2026,PIEMONTE,01,TORINO,AZEGLIO,001014,0,20,61,728,443,1252
03-10-2026,PIEMONTE,01,ASTI,AZZANO D'ASTI,005006,1,2,11,169,57,240
03-10-2026,PIEMONTE,01,VERBANO-CUSIO-OSSOLA,BACENO,103006,0,5,46,294,156,501
03-10-2026,PIEMONTE,01,CUNEO,BAGNASCO,004008,0,2,34,324,163,523
03-10-2026,PIEMONTE,01,CUNEO,BAGNOLO PIEMONTE,004009,3,52,351,3006,1121,4533
03-10-2026,PIEMONTE,01,TORINO,BAIRO,001015,2,6,43,398,217,666
03-10-2026,PIEMONTE,01,TORINO,BALANGERO,001016,13,42,215,1915,613,2798
03-10-2026,PIEMONTE,01,ASTI,BALDICHIERI D'ASTI,005007,0,5,62,607,223,897
03-10-2026,PIEMONTE,01,TORINO,BALDISSERO CANAVESE,001017,0,3,31,265,80,379
03-10-2026,PIEMONTE,01,CUNEO,BALDISSERO D'ALBA,004010,0,13,56,555,169,793
03-10-2026,PIEMONTE,01,TORINO,BALDISSERO TORINESE,001018,5,84,344,4366,2671,7470
03-10-2026,PIEMONTE,01,TORINO,BALME,001019,0,3,5,53,21,82
03-10-2026,PIEMONTE,01,VERCELLI,BALMUCCIA,002008,0,0,7,67,24,98
03-10-2026,PIEMONTE,01,VERCELLI,BALOCCO,002009,1,1,17,149,33,201
03-10-2026,PIEMONTE,01,ALESSANDRIA,BALZOLA,006011,1,7,44,630,177,859
03-10-2026,PIEMONTE,01,TORINO,BANCHETTE,001020,4,145,416,4390,1924,6879
03-10-2026,PIEMONTE,01,VERBANO-CUSIO-OSSOLA,BANNIO ANZINO,103007,0,2,17,211,114,344
03-10-2026,PIEMONTE,01,TORINO,BARBANIA,001021,2,19,116,1046,403,1586
03-10-2026,PIEMONTE,01,CUNEO,BARBARESCO,004011,0,3,39,236,64,342
03-10-2026,PIEMONTE,01,TORINO,BARDONECCHIA,001022,5,117,309,3331,1428,5190
03-10-2026,PIEMONTE,01,NOVARA,BARENGO,003012,1,4,27,417,237,686
03-10-2026,PIEMONTE,01,CUNEO,BARGE,004012,4,68,438,3954,1789,6253
03-10-2026,PIEMONTE,01,CUNEO,BAROLO,004013,0,5,38,211,102,356
03-10-2026,PIEMONTE,01,TORINO,BARONE CANAVESE,001023,1,18,73,474,136,702
03-10-2026,PIEMONTE,01,ALESSANDRIA,BASALUZZO,006012,1,15,106,1036,593,1751
03-10-2026,PIEMONTE,01,ALESSANDRIA,BASSIGNANA,006013,2,9,78,718,404,1211
03-10-2026,PIEMONTE,01,CUNEO,BASTIA MONDOVÌ,004014,1,8,48,319,165,541
03-10-2026,PIEMONTE,01,CUNEO,BATTIFOLLO,004015,0,1,16,94,25,136
03-10-2026,PIEMONTE,01,VERBANO-CUSIO-OSSOLA,BAVENO,103008,5,56,352,3494,1895,5802
03-10-2026,PIEMONTE,01,VERBANO-CUSIO-OSSOLA,BEE,103009,1,17,79,748,392,1237
03-10-2026,PIEMONTE,01,TORINO,BEINASCO,001024,19,1331,2214,20707,9265,33536
03-10-2026,PIEMONTE,01,CUNEO,BEINETTE,004016,3,41,277,2291,918,3530
03-10-2026,PIEMONTE,01,ALESSANDRIA,BELFORTE MONFERRATO,006014,2,1,23,193,58,277
03-10-2026,PIEMONTE,01,VERBANO-CUSIO-OSSOLA,BELGIRATE,103010,1,12,52,335,116,516
03-10-2026,PIEMONTE,01,CUNEO,BELLINO,004017,0,0,2,20,0,22
03-10-2026,PIEMONTE,01,NOVARA,BELLINZAGO NOVARESE,003016,11,267,1123,9669,4165,15235
03-10-2026,PIEMONTE,01,CUNEO,BELVEDERE LANGHE,004018,0,5,25,143,32,205
03-10-2026,PIEMONTE,01,ASTI,BELVEGLIO,005008,1,4,31,158,52,246
03-10-2026,PIEMONTE,01,CUNEO,BENE VAGIENNA,004019,0,32,203,1812,985,3032
03-10-2026,PIEMONTE,01,CUNEO,BENEVELLO,004020,0,2,13,160,41,216
03-10-2026,PIEMONTE,01,BIELLA,BENNA,096003,0,12,60,664,290,1026
03-10-2026,PIEMONTE,01,ALESSANDRIA,BERGAMASCO,006015,1,2,20,313,91,427
03-10-2026,PIEMONTE,01,CUNEO,BERGOLO,004021,1,0,2,22,9,34
03-10-2026,PIEMONTE,01,CUNEO,BERNEZZO,004022,1,76,285,2615,875,3852
03-10-2026,PIEMONTE,01,ASTI,BERZANO DI SAN PIETRO,005009,2,12,42,315,93,464
03-10-2026,PIEMONTE,01,ALESSANDRIA,BERZANO DI TORTONA,006016,0,1,8,63,12,84
03-10-2026,PIEMONTE,01,VERBANO-CUSIO-OSSOLA,BEURA-CARDEZZA,103011,0,16,62,643,302,1023
03-10-2026,PIEMONTE,01,NOVARA,BIANDRATE,003018,2,22,150,1988,1282,3444
03-10-2026,PIEMONTE,01,VERCELLI,BIANZÈ,002011,0,19,112,1127,418,1676
03-10-2026,PIEMONTE,01,TORINO,BIBIANA,001025,5,52,222,2310,1178,3767
03-10-2026,PIEMONTE,01,BIELLA,BIELLA,096004,79,971,4518,47748,25785,79101
03-10-2026,PIEMONTE,01,BIELLA,BIOGLIO,096005,1,11,41,482,225,760
03-10-2026,PIEMONTE,01,ALESSANDRIA,BISTAGNO,006017,2,16,80,682,127,907
03-10-2026,PIEMONTE,01,TORINO,BOBBIO PELLICE,001026,2,2,28,178,33,243
03-10-2026,PIEMONTE,01,NOVARA,BOCA,003019,2,11,43,747,442,1245
03-10-2026,PIEMONTE,01,VERCELLI,BOCCIOLETO,002014,0,2,8,65,4,79
03-10-2026,PIEMONTE,01,VERBANO-CUSIO-OSSOLA,BOGNANCO,103012,0,2,6,38,19,65
03-10-2026,PIEMONTE,01,NOVARA,BOGOGNO,003021,5,27,129,1555,954,2670
03-10-2026,PIEMONTE,01,TORINO,BOLLENGO,001027,3,27,144,1343,497,2014
03-10-2026,PIEMONTE,01,NOVARA,BOLZANO NOVARESE,003022,1,9,52,550,186,798
03-10-2026,PIEMONTE,01,CUNEO,BONVICINO,004023,0,1,2,10,6,19
03-10-2026,PIEMONTE,01,TORINO,BORGARO TORINESE,001028,23,506,1250,12007,5417,19203
03-10-2026,PIEMONTE,01,ALESSANDRIA,BORGHETTO DI BORBERA,006018,4,43,88,1174,489,1798
03-10-2026,PIEMONTE,01,TORINO,BORGIALLO,001029,0,5,35,305,150,495
03-10-2026,PIEMONTE,01,VERCELLI,BORGO D'ALE,002015,0,12,155,1634,985,2786
03-10-2026,PIEMONTE,01,CUNEO,BORGO SAN DALMAZZO,004025,8,351,1326,11272,4978,17935
03-10-2026,PIEMONTE,01,ALESSANDRIA,BORGO SAN MARTINO,006020,2,5,74,600,352,1033
03-10-2026,PIEMONTE,01,NOVARA,BORGO TICINO,003025,5,135,699,4776,2138,7753
03-10-2026,PIEMONTE,01,VERCELLI,BORGO VERCELLI,002017,7,65,182,1977,602,2833
03-10-2026,PIEMONTE,01,TORINO,BORGOFRANCO D'IVREA,001030,4,95,313,2416,942,3770
03-10-2026,PIEMONTE,01,NOVARA,BORGOLAVEZZARO,003023,1,21,138,1413,670,2243
03-10-2026,PIEMONTE,01,CUNEO,BORGOMALE,004024,0,0,7,106,64,177
03-10-2026,PIEMONTE,01,NOVARA,BORGOMANERO,003024,24,443,2242,19081,8938,30728
03-10-2026,PIEMONTE,01,TORINO,BORGOMASINO,001031,1,10,65,544,196,816
03-10-2026,PIEMONTE,01,VERBANO-CUSIO-OSSOLA,BORGOMEZZAVALLE,103078,0,2,8,52,21,83
03-10-2026,PIEMONTE,01,TORINO,BORGONE SUSA,001032,3,29,148,1312,647,2139
03-10-2026,PIEMONTE,01,ALESSANDRIA,BORGORATTO ALESSANDRINO,006019,4,3,26,326,86,445
03-10-2026,PIEMONTE,01,VERCELLI,BORGOSESIA,002016,11,177,812,7604,4279,12883
03-10-2026,PIEMONTE,01,BIELLA,BORRIANA,096006,4,8,37,636,529,1214
03-10-2026,PIEMONTE,01,ALESSANDRIA,BOSCO MARENGO,006021,2,24,116,1527,714,2383
03-10-2026,PIEMONTE,01,TORINO,BOSCONERO,001033,4,53,193,1954,1282,3486
03-10-2026,PIEMONTE,01,CUNEO,BOSIA,004026,0,2,5,60,24,91
03-10-2026,PIEMONTE,01,ALESSANDRIA,BOSIO,006022,0,2,36,401,115,554
03-10-2026,PIEMONTE,01,CUNEO,BOSSOLASCO,004027,0,7,40,473,96,616
03-10-2026,PIEMONTE,01,CUNEO,BOVES,004028,11,151,729,5987,2768,9646
03-10-2026,PIEMONTE,01,ALESSANDRIA,BOZZOLE,006023,1,1,14,197,70,283
03-10-2026,PIEMONTE,01,CUNEO,BRA,004029,26,462,2712,25357,11300,39857
03-10-2026,PIEMONTE,01,TORINO,BRANDIZZO,001034,18,704,1160,12167,5081,19130
03-10-2026,PIEMONTE,01,CUNEO,BRIAGLIA,004030,0,4,26,203,99,332
03-10-2026,PIEMONTE,01,TORINO,BRICHERASIO,001035,1,86,246,2961,1428,4722
03-10-2026,PIEMONTE,01,CUNEO,BRIGA ALTA,004031,0,0,0,10,6,16
03-10-2026,PIEMONTE,01,NOVARA,BRIGA NOVARESE,003026,0,40,207,1676,634,2557
03-10-2026,PIEMONTE,01,ALESSANDRIA,BRIGNANO-FRASCATA,006024,1,3,20,234,54,312
03-10-2026,PIEMONTE,01,NOVARA,BRIONA,003027,1,8,67,903,749,1728
03-10-2026,PIEMONTE,01,CUNEO,BRONDELLO,004032,1,3,22,142,45,213
03-10-2026,PIEMONTE,01,CUNEO,BROSSASCO,004033,0,0,68,386,125,579
03-10-2026,PIEMONTE,01,TORINO,BROSSO,001036,0,8,11,178,70,267
03-10-2026,PIEMONTE,01,VERBANO-CUSIO-OSSOLA,BROVELLO-CARPUGNINO,103013,1,7,72,742,392,1214
03-10-2026,PIEMONTE,01,TORINO,BROZOLO,001037,2,12,28,325,77,444
03-10-2026,PIEMONTE,01,TORINO,BRUINO,001038,9,273,864,8278,4404,13828
03-10-2026,PIEMONTE,01,ASTI,BRUNO,005010,1,3,17,126,40,187
03-10-2026,PIEMONTE,01,TORINO,BRUSASCO,001039,0,24,96,889,393,1402
03-10-2026,PIEMONTE,01,BIELLA,BRUSNENGO,096007,3,19,79,832,201,1134
03-10-2026,PIEMONTE,01,TORINO,BRUZOLO,001040,2,19,130,1235,451,1837
03-10-2026,PIEMONTE,01,ASTI,BUBBIO,005011,0,3,10,162,34,209
03-10-2026,PIEMONTE,01,TORINO,BURIASCO,001041,0,14,87,803,333,1237
03-10-2026,PIEMONTE,01,TORINO,BUROLO,001042,0,14,76,790,572,1452
03-10-2026,PIEMONTE,01,VERCELLI,BURONZO,002021,2,3,57,557,188,807
03-10-2026,PIEMONTE,01,TORINO,BUSANO,001043,5,15,98,978,393,1489
03-10-2026,PIEMONTE,01,CUNEO,BUSCA,004034,3,168,651,6353,2836,10011
03-10-2026,PIEMONTE,01,TORINO,BUSSOLENO,001044,13,115,406,4393,1638,6565
03-10-2026,PIEMONTE,01,TORINO,BUTTIGLIERA ALTA,001045,7,184,607,6020,2679,9497
03-10-2026,PIEMONTE,01,ASTI,BUTTIGLIERA D'ASTI,005012,1,45,212,1576,516,2350
03-10-2026,PIEMONTE,01,ALESSANDRIA,CABELLA LIGURE,006025,0,5,57,279,117,458
03-10-2026,PIEMONTE,01,TORINO,CAFASSE,001046,5,40,200,2372,1175,3792
03-10-2026,PIEMONTE,01,ASTI,CALAMANDRANA,005013,2,6,104,851,332,1295
03-10-2026,PIEMONTE,01,VERBANO-CUSIO-OSSOLA,CALASCA-CASTIGLIONE,103014,0,4,24,220,37,285
03-10-2026,PIEMONTE,01,BIELLA,CALLABIANA,096008,0,2,4,86,24,116
03-10-2026,PIEMONTE,01,ASTI,CALLIANO MONFERRATO,005014,2,8,70,696,201,977
03-10-2026,PIEMONTE,01,ASTI,CALOSSO,005015,0,4,51,410,129,594
03-10-2026,PIEMONTE,01,NOVARA,CALTIGNAGA,003030,3,29,219,2139,933,3323
03-10-2026,PIEMONTE,01,TORINO,CALUSO,001047,7,151,618,5489,2161,8426
03-10-2026,PIEMONTE,01,ALESSANDRIA,CAMAGNA MONFERRATO,006026,0,4,33,271,92,400
03-10-2026,PIEMONTE,01,BIELLA,CAMANDONA,096009,0,2,12,138,38,190
03-10-2026,PIEMONTE,01,TORINO,CAMBIANO,001048,5,133,515,4354,1846,6853
03-10-2026,PIEMONTE,01,VERBANO-CUSIO-OSSOLA,CAMBIASCA,103015,0,3,75,621,194,893
03-10-2026,PIEMONTE,01,BIELLA,CAMBURZANO,096010,1,10,96,710,288,1105
03-10-2026,PIEMONTE,01,CUNEO,CAMERANA,004035,1,4,26,191,52,274
03-10-2026,PIEMONTE,01,ASTI,CAMERANO CASASCO,005016,0,7,25,224,58,314
03-10-2026,PIEMONTE,01,NOVARA,CAMERI,003032,21,323,1190,10638,3946,16118
03-10-2026,PIEMONTE,01,ALESSANDRIA,CAMINO,006027,0,8,59,438,85,590
03-10-2026,PIEMONTE,01,VERCELLI,CAMPERTOGNO,002025,0,1,3,125,50,179
03-10-2026,PIEMONTE,01,BIELLA,CAMPIGLIA CERVO,096086,0,8,26,271,93,398
03-10-2026,PIEMONTE,01,TORINO,CAMPIGLIONE FENILE,001049,3,23,65,875,500,1466
03-10-2026,PIEMONTE,01,CUNEO,CANALE,004037,0,32,314,2711,1926,4983
03-10-2026,PIEMONTE,01,BIELLA,CANDELO,096012,3,83,472,5094,4176,9828
03-10-2026,PIEMONTE,01,TORINO,CANDIA CANAVESE,001050,2,20,113,815,278,1228
03-10-2026,PIEMONTE,01,TORINO,CANDIOLO,001051,3,152,621,4920,2237,7933
03-10-2026,PIEMONTE,01,ASTI,CANELLI,005017,9,159,546,5624,2310,8648
03-10-2026,PIEMONTE,01,TORINO,CANISCHIO,001052,0,2,12,111,40,165
03-10-2026,PIEMONTE,01,VERBANO-CUSIO-OSSOLA,CANNERO RIVIERA,103016,1,2,86,445,164,698
03-10-2026,PIEMONTE,01,VERBANO-CUSIO-OSSOLA,CANNOBIO,103017,4,48,277,2562,1030,3921
03-10-2026,PIEMONTE,01,CUNEO,CANOSIO,004038,1,1,2,40,2,46
03-10-2026,PIEMONTE,01,TORINO,CANTALUPA,001053,1,64,187,1809,869,2930
03-10-2026,PIEMONTE,01,ALESSANDRIA,CANTALUPO LIGURE,006028,4,2,33,207,64,310
03-10-2026,PIEMONTE,01,ASTI,CANTARANA,005018,0,15,40,949,1080,2084
03-10-2026,PIEMONTE,01,TORINO,CANTOIRA,001054,1,3,24,254,88,370
03-10-2026,PIEMONTE,01,CUNEO,CAPRAUNA,004039,0,0,0,24,10,34
03-10-2026,PIEMONTE,01,VERBANO-CUSIO-OSSOLA,CAPREZZO,103018,0,3,2,77,22,104
03-10-2026,PIEMONTE,01,ALESSANDRIA,CAPRIATA D'ORBA,006029,2,5,68,630,224,929
03-10-2026,PIEMONTE,01,TORINO,CAPRIE,001055,1,29,153,1345,509,2037
03-10-2026,PIEMONTE,01,ASTI,CAPRIGLIO,005019,2,8,16,201,43,270
03-10-2026,PIEMONTE,01,BIELLA,CAPRILE,096013,1,2,16,94,15,128
03-10-2026,PIEMONTE,01,CUNEO,CARAGLIO,004040,4,98,415,3984,1806,6307
03-10-2026,PIEMONTE,01,CUNEO,CARAMAGNA PIEMONTE,004041,1,50,225,2213,1433,3922
03-10-2026,PIEMONTE,01,TORINO,CARAVINO,001056,2,17,83,711,281,1094
03-10-2026,PIEMONTE,01,ALESSANDRIA,CARBONARA SCRIVIA,006030,2,4,90,547,156,799
03-10-2026,PIEMONTE,01,VERCELLI,CARCOFORO,002029,0,0,4,64,13,81
03-10-2026,PIEMONTE,01,CUNEO,CARDÈ,004042,0,7,63,425,155,650
03-10-2026,PIEMONTE,01,TORINO,CAREMA,001057,0,7,28,312,135,482
03-10-2026,PIEMONTE,01,ALESSANDRIA,CARENTINO,006031,0,4,16,137,52,209
03-10-2026,PIEMONTE,01,VERCELLI,CARESANA,002030,0,9,68,510,230,817
03-10-2026,PIEMONTE,01,VERCELLI,CARESANABLOT,002031,1,11,99,832,528,1471
03-10-2026,PIEMONTE,01,ALESSANDRIA,CAREZZANO,006032,0,2,31,225,59,317
03-10-2026,PIEMONTE,01,TORINO,CARIGNANO,001058,8,284,745,7887,4320,13244
03-10-2026,PIEMONTE,01,VERCELLI,CARISIO,002032,0,9,111,524,124,768
03-10-2026,PIEMONTE,01,TORINO,CARMAGNOLA,001059,45,1463,2611,29122,9953,43194
03-10-2026,PIEMONTE,01,ALESSANDRIA,CARPENETO,006033,3,8,56,374,131,572
03-10-2026,PIEMONTE,01,NOVARA,CARPIGNANO SESIA,003036,4,28,210,1842,903,2987
03-10-2026,PIEMONTE,01,ALESSANDRIA,CARREGA LIGURE,006034,0,0,1,14,5,20
03-10-2026,PIEMONTE,01,ALESSANDRIA,CARROSIO,006035,0,4,22,238,88,352
03-10-2026,PIEMONTE,01,CUNEO,CARRÙ,004043,2,73,269,2645,954,3943
03-10-2026,PIEMONTE,01,CUNEO,CARTIGNANO,004044,0,2,7,46,11,66
03-10-2026,PIEMONTE,01,ALESSANDRIA,CARTOSIO,006036,0,3,37,232,52,324
03-10-2026,PIEMONTE,01,ALESSANDRIA,CASAL CERMELLI,006037,0,14,64,663,338,1079
03-10-2026,PIEMONTE,01,NOVARA,CASALBELTRAME,003037,4,19,67,739,415,1244
03-10-2026,PIEMONTE,01,TORINO,CASALBORGONE,001060,3,43,165,1422,566,2199
03-10-2026,PIEMONTE,01,VERBANO-CUSIO-OSSOLA,CASALE CORTE CERRO,103019,3,76,273,2253,771,3376
03-10-2026,PIEMONTE,01,ALESSANDRIA,CASALE MONFERRATO,006039,38,445,2190,24764,12105,39542
03-10-2026,PIEMONTE,01,ALESSANDRIA,CASALEGGIO BOIRO,006038,0,2,15,149,23,189
03-10-2026,PIEMONTE,01,NOVARA,CASALEGGIO NOVARA,003039,1,4,81,525,196,807
03-10-2026,PIEMONTE,01,CUNEO,CASALGRASSO,004045,3,16,97,791,278,1185
03-10-2026,PIEMONTE,01,NOVARA,CASALINO,003040,3,32,119,1220,464,1838
03-10-2026,PIEMONTE,01,ALESSANDRIA,CASALNOCETO,006040,0,11,53,744,286,1094
03-10-2026,PIEMONTE,01,NOVARA,CASALVOLONE,003041,0,14,92,809,244,1159
03-10-2026,PIEMONTE,01,VERCELLI,CASANOVA ELVO,002033,0,3,3,75,32,113
03-10-2026,PIEMONTE,01,BIELLA,CASAPINTA,096014,1,2,34,235,125,397
03-10-2026,PIEMONTE,01,ALESSANDRIA,CASASCO,006041,0,1,4,67,18,90
03-10-2026,PIEMONTE,01,TORINO,CASCINETTE D'IVREA,001061,2,26,132,1142,482,1784
03-10-2026,PIEMONTE,01,TORINO,CASELETTE,001062,6,126,226,2642,1191,4191
03-10-2026,PIEMONTE,01,TORINO,CASELLE TORINESE,001063,30,531,1274,13986,7188,23009
03-10-2026,PIEMONTE,01,ASTI,CASORZO MONFERRATO,005020,0,2,15,168,27,212
03-10-2026,PIEMONTE,01,ALESSANDRIA,CASSANO SPINOLA,006191,1,39,166,1484,440,2130
03-10-2026,PIEMONTE,01,ASTI,CASSINASCO,005021,1,2,11,226,52,292
03-10-2026,PIEMONTE,01,ALESSANDRIA,CASSINE,006043,1,35,121,1383,536,2076
03-10-2026,PIEMONTE,01,ALESSANDRIA,CASSINELLE,006044,4,9,81,554,173,821
03-10-2026,PIEMONTE,01,TORINO,CASTAGNETO PO,001064,0,102,213,1913,827,3055
03-10-2026,PIEMONTE,01,CUNEO,CASTAGNITO,004046,2,21,109,1148,689,1969
03-10-2026,PIEMONTE,01,ASTI,CASTAGNOLE DELLE LANZE,005022,2,14,177,1351,545,2089
03-10-2026,PIEMONTE,01,ASTI,CASTAGNOLE MONFERRATO,005023,1,14,75,692,274,1056
03-10-2026,PIEMONTE,01,TORINO,CASTAGNOLE PIEMONTE,001065,0,82,251,1781,642,2756
03-10-2026,PIEMONTE,01,ASTI,CASTEL BOGLIONE,005024,0,7,14,107,36,164
03-10-2026,PIEMONTE,01,ASTI,CASTEL ROCCHERO,005032,0,3,9,151,103,266
03-10-2026,PIEMONTE,01,CUNEO,CASTELDELFINO,004047,0,6,4,60,12,82
03-10-2026,PIEMONTE,01,ASTI,CASTELL'ALFERO,005025,1,17,153,1623,814,2608
03-10-2026,PIEMONTE,01,TORINO,CASTELLAMONTE,001066,11,165,709,6670,3035,10590
03-10-2026,PIEMONTE,01,ALESSANDRIA,CASTELLANIA COPPI,006045,0,0,9,45,8,62
03-10-2026,PIEMONTE,01,ALESSANDRIA,CASTELLAR GUIDOBONO,006046,0,3,14,203,63,283
03-10-2026,PIEMONTE,01,ALESSANDRIA,CASTELLAZZO BORMIDA,006047,4,37,236,2941,1610,4828
03-10-2026,PIEMONTE,01,NOVARA,CASTELLAZZO NOVARESE,003042,1,1,25,251,88,366
03-10-2026,PIEMONTE,01,ASTI,CASTELLERO,005026,0,3,20,119,38,180
03-10-2026,PIEMONTE,01,BIELLA,CASTELLETTO CERVO,096015,0,12,94,509,192,807
03-10-2026,PIEMONTE,01,ALESSANDRIA,CASTELLETTO D'ERRO,006048,0,1,2,21,11,35
03-10-2026,PIEMONTE,01,ALESSANDRIA,CASTELLETTO D'ORBA,006049,2,11,105,817,223,1158
03-10-2026,PIEMONTE,01,ALESSANDRIA,CASTELLETTO MERLI,006050,0,3,26,191,49,269
03-10-2026,PIEMONTE,01,ASTI,CASTELLETTO MOLINA,005027,0,0,6,46,10,62
03-10-2026,PIEMONTE,01,ALESSANDRIA,CASTELLETTO MONFERRATO,006051,2,4,79,732,414,1231
03-10-2026,PIEMONTE,01,NOVARA,CASTELLETTO SOPRA TICINO,003043,19,387,1098,10235,4808,16547
03-10-2026,PIEMONTE,01,CUNEO,CASTELLETTO STURA,004049,1,17,73,749,292,1132
03-10-2026,PIEMONTE,01,CUNEO,CASTELLETTO UZZONE,004050,0,0,8,61,38,107
03-10-2026,PIEMONTE,01,CUNEO,CASTELLINALDO D'ALBA,004051,0,5,61,439,179,684
03-10-2026,PIEMONTE,01,CUNEO,CASTELLINO TANARO,004052,0,2,8,71,16,97
03-10-2026,PIEMONTE,01,ASTI,CASTELLO DI ANNONE,005028,1,13,82,954,493,1543
03-10-2026,PIEMONTE,01,CUNEO,CASTELMAGNO,004053,0,0,0,2,0,2
03-10-2026,PIEMONTE,01,ASTI,CASTELNUOVO BELBO,005029,0,5,41,392,187,625
03-10-2026,PIEMONTE,01,ALESSANDRIA,CASTELNUOVO BORMIDA,006052,2,5,54,355,53,469
03-10-2026,PIEMONTE,01,ASTI,CASTELNUOVO CALCEA,005030,1,6,34,312,73,426
03-10-2026,PIEMONTE,01,CUNEO,CASTELNUOVO DI CEVA,004054,0,0,2,21,10,33
03-10-2026,PIEMONTE,01,ASTI,CASTELNUOVO DON BOSCO,005031,2,50,241,2045,691,3029
03-10-2026,PIEMONTE,01,TORINO,CASTELNUOVO NIGRA,001067,2,8,28,197,64,299
03-10-2026,PIEMONTE,01,ALESSANDRIA,CASTELNUOVO SCRIVIA,006053,3,28,331,2695,1011,4068
03-10-2026,PIEMONTE,01,ALESSANDRIA,CASTELSPINA,006054,2,2,13,193,66,276
03-10-2026,PIEMONTE,01,CUNEO,CASTIGLIONE FALLETTO,004055,1,5,28,243,84,361
03-10-2026,PIEMONTE,01,CUNEO,CASTIGLIONE TINELLA,004056,0,5,51,483,137,676
03-10-2026,PIEMONTE,01,TORINO,CASTIGLIONE TORINESE,001068,15,355,805,8373,5714,15262
03-10-2026,PIEMONTE,01,CUNEO,CASTINO,004057,0,2,18,74,17,111
03-10-2026,PIEMONTE,01,NOVARA,CAVAGLIETTO,003044,0,2,17,166,58,243
03-10-2026,PIEMONTE,01,NOVARA,CAVAGLIO D'AGOGNA,003045,2,16,53,699,253,1023
03-10-2026,PIEMONTE,01,BIELLA,CAVAGLIÀ,096016,1,47,179,1813,608,2648
03-10-2026,PIEMONTE,01,TORINO,CAVAGNOLO,001069,0,38,203,1696,901,2838
03-10-2026,PIEMONTE,01,CUNEO,CAVALLERLEONE,004058,0,7,37,348,107,499
03-10-2026,PIEMONTE,01,CUNEO,CAVALLERMAGGIORE,004059,2,35,399,3400,1525,5361
03-10-2026,PIEMONTE,01,NOVARA,CAVALLIRIO,003047,2,12,85,737,282,1118
03-10-2026,PIEMONTE,01,ALESSANDRIA,CAVATORE,006055,0,3,17,127,55,202
03-10-2026,PIEMONTE,01,TORINO,CAVOUR,001070,3,93,302,3063,1770,5231
03-10-2026,PIEMONTE,01,ALESSANDRIA,CELLA MONTE,006056,0,12,37,405,184,638
03-10-2026,PIEMONTE,01,ASTI,CELLARENGO,005033,0,8,48,430,141,627
03-10-2026,PIEMONTE,01,CUNEO,CELLE DI MACRA,004060,0,0,1,19,5,25
03-10-2026,PIEMONTE,01,ASTI,CELLE ENOMONDO,005034,2,3,11,498,605,1119
03-10-2026,PIEMONTE,01,VERCELLI,CELLIO CON BREIA,002171,0,7,47,444,102,600
03-10-2026,PIEMONTE,01,CUNEO,CENTALLO,004061,3,65,468,3956,2085,6577
03-10-2026,PIEMONTE,01,VERBANO-CUSIO-OSSOLA,CEPPO MORELLI,103021,2,3,6,107,43,161
03-10-2026,PIEMONTE,01,NOVARA,CERANO,003049,11,113,795,7508,3141,11568
03-10-2026,PIEMONTE,01,TORINO,CERCENASCO,001071,1,53,107,1076,506,1743
03-10-2026,PIEMONTE,01,TORINO,CERES,001072,7,19,78,642,209,955
03-10-2026,PIEMONTE,01,ALESSANDRIA,CERESETO,006057,0,18,20,742,750,1530
03-10-2026,PIEMONTE,01,CUNEO,CERESOLE ALBA,004062,0,18,108,841,290,1257
03-10-2026,PIEMONTE,01,TORINO,CERESOLE REALE,001073,0,9,10,143,30,192
03-10-2026,PIEMONTE,01,ASTI,CERRETO D'ASTI,005035,0,1,10,82,26,119
03-10-2026,PIEMONTE,01,ALESSANDRIA,CERRETO GRUE,006058,0,1,17,307,275,600
03-10-2026,PIEMONTE,01,CUNEO,CERRETTO LANGHE,004063,0,0,14,91,47,152
03-10-2026,PIEMONTE,01,ALESSANDRIA,CERRINA MONFERRATO,006059,3,5,90,630,187,915
03-10-2026,PIEMONTE,01,BIELLA,CERRIONE,096018,0,18,102,1124,450,1694
03-10-2026,PIEMONTE,01,ASTI,CERRO TANARO,005036,0,2,15,233,82,332
03-10-2026,PIEMONTE,01,CUNEO,CERVASCA,004064,3,72,420,5092,3823,9410
03-10-2026,PIEMONTE,01,VERCELLI,CERVATTO,002041,0,0,0,4,0,4
03-10-2026,PIEMONTE,01,CUNEO,CERVERE,004065,4,27,129,1077,398,1635
03-10-2026,PIEMONTE,01,TORINO,CESANA TORINESE,001074,4,50,104,1056,244,1458
03-10-2026,PIEMONTE,01,VERBANO-CUSIO-OSSOLA,CESARA,103022,3,4,22,262,52,343
03-10-2026,PIEMONTE,01,ASTI,CESSOLE,005037,0,0,8,118,112,238
03-10-2026,PIEMONTE,01,CUNEO,CEVA,004066,5,24,360,3071,1268,4728
03-10-2026,PIEMONTE,01,CUNEO,CHERASCO,004067,8,156,820,6395,2867,10246
03-10-2026,PIEMONTE,01,TORINO,CHIALAMBERTO,001075,0,5,42,280,102,429
03-10-2026,PIEMONTE,01,TORINO,CHIANOCCO,001076,0,4,117,824,325,1270
03-10-2026,PIEMONTE,01,TORINO,CHIAVERANO,001077,3,42,182,1285,581,2093
03-10-2026,PIEMONTE,01,TORINO,CHIERI,001078,48,1725,3551,36905,14554,56783
03-10-2026,PIEMONTE,01,TORINO,CHIESANUOVA,001079,0,3,15,124,24,166
03-10-2026,PIEMONTE,01,TORINO,CHIOMONTE,001080,3,20,76,973,347,1419
03-10-2026,PIEMONTE,01,CUNEO,CHIUSA DI PESIO,004068,2,22,261,2164,741,3190
03-10-2026,PIEMONTE,01,TORINO,CHIUSA DI SAN MICHELE,001081,1,8,124,1091,727,1951
03-10-2026,PIEMONTE,01,ASTI,CHIUSANO D'ASTI,005038,0,1,11,107,39,158
03-10-2026,PIEMONTE,01,TORINO,CHIVASSO,001082,38,1298,3018,28988,14902,48244
03-10-2026,PIEMONTE,01,TORINO,CICONIO,001083,0,4,29,294,95,422
03-10-2026,PIEMONTE,01,VERCELLI,CIGLIANO,002042,4,26,262,2865,1289,4446
03-10-2026,PIEMONTE,01,CUNEO,CIGLIÈ,004069,0,0,9,121,75,205
03-10-2026,PIEMONTE,01,ASTI,CINAGLIO,005039,0,3,13,162,42,220
03-10-2026,PIEMONTE,01,TORINO,CINTANO,001084,0,2,17,134,45,198
03-10-2026,PIEMONTE,01,TORINO,CINZANO,001085,1,8,24,233,83,349
03-10-2026,PIEMONTE,01,TORINO,CIRIÈ,001086,10,365,1693,15676,7379,25123
03-10-2026,PIEMONTE,01,CUNEO,CISSONE,004070,0,0,0,3,2,5
03-10-2026,PIEMONTE,01,ASTI,CISTERNA D'ASTI,005040,0,29,85,635,204,953
03-10-2026,PIEMONTE,01,VERCELLI,CIVIASCO,002043,0,1,16,136,54,207
03-10-2026,PIEMONTE,01,CUNEO,CLAVESANA,004071,0,2,18,203,62,285
03-10-2026,PIEMONTE,01,TORINO,CLAVIERE,001087,1,7,25,222,94,349
03-10-2026,PIEMONTE,01,TORINO,COASSOLO TORINESE,001088,2,13,117,865,444,1441
03-10-2026,PIEMONTE,01,TORINO,COAZZE,001089,4,208,390,3338,1178,5118
03-10-2026,PIEMONTE,01,ASTI,COAZZOLO,005041,0,1,17,81,38,137
03-10-2026,PIEMONTE,01,ASTI,COCCONATO,005042,5,18,74,594,213,904
03-10-2026,PIEMONTE,01,BIELLA,COGGIOLA,096019,1,12,59,816,399,1287
03-10-2026,PIEMONTE,01,NOVARA,COLAZZA,003051,0,11,28,394,131,564
03-10-2026,PIEMONTE,01,TORINO,COLLEGNO,001090,80,2717,5553,56902,24618,89870
03-10-2026,PIEMONTE,01,TORINO,COLLERETTO CASTELNUOVO,001091,0,8,11,188,60,267
03-10-2026,PIEMONTE,01,TORINO,COLLERETTO GIACOSA,001092,1,13,48,387,241,690
03-10-2026,PIEMONTE,01,VERCELLI,COLLOBIANO,002045,0,1,8,81,33,123
03-10-2026,PIEMONTE,01,NOVARA,COMIGNAGO,003052,0,33,113,1086,518,1750
03-10-2026,PIEMONTE,01,TORINO,CONDOVE,001093,4,51,255,3501,2259,6070
03-10-2026,PIEMONTE,01,ALESSANDRIA,CONIOLO,006060,0,4,15,214,182,415
03-10-2026,PIEMONTE,01,ALESSANDRIA,CONZANO,006061,2,6,62,528,169,767
03-10-2026,PIEMONTE,01,TORINO,CORIO,001094,3,70,199,2272,716,3260
03-10-2026,PIEMONTE,01,CUNEO,CORNELIANO D'ALBA,004072,1,11,154,1095,436,1697
03-10-2026,PIEMONTE,01,ASTI,CORSIONE,005044,0,1,33,147,42,223
03-10-2026,PIEMONTE,01,ASTI,CORTANDONE,005045,0,1,6,83,51,141
03-10-2026,PIEMONTE,01,ASTI,CORTANZE,005046,0,3,9,132,40,184
03-10-2026,PIEMONTE,01,ASTI,CORTAZZONE,005047,1,13,48,421,110,593
03-10-2026,PIEMONTE,01,CUNEO,CORTEMILIA,004073,1,8,98,611,170,888
03-10-2026,PIEMONTE,01,ASTI,CORTIGLIONE,005048,1,3,45,193,73,315
03-10-2026,PIEMONTE,01,CUNEO,COSSANO BELBO,004074,0,2,26,168,50,246
03-10-2026,PIEMONTE,01,TORINO,COSSANO CANAVESE,001095,1,8,18,197,57,281
03-10-2026,PIEMONTE,01,BIELLA,COSSATO,096020,10,310,1231,10724,4040,16315
03-10-2026,PIEMONTE,01,VERBANO-CUSIO-OSSOLA,COSSOGNO,103023,0,10,45,433,177,665
03-10-2026,PIEMONTE,01,ASTI,COSSOMBRATO,005049,0,3,30,250,99,382
03-10-2026,PIEMONTE,01,ALESSANDRIA,COSTA VESCOVATO,006062,1,5,11,109,22,148
03-10-2026,PIEMONTE,01,VERCELLI,COSTANZANA,002047,1,9,62,451,172,695
03-10-2026,PIEMONTE,01,ASTI,COSTIGLIOLE D'ASTI,005050,3,53,309,2340,870,3575
03-10-2026,PIEMONTE,01,CUNEO,COSTIGLIOLE SALUZZO,004075,1,25,146,1467,737,2376
03-10-2026,PIEMONTE,01,VERCELLI,CRAVAGLIANA,002048,4,0,2,76,31,113
03-10-2026,PIEMONTE,01,CUNEO,CRAVANZANA,004076,2,1,5,110,26,144
03-10-2026,PIEMONTE,01,VERBANO-CUSIO-OSSOLA,CRAVEGGIA,103024,0,6,25,176,69,276
03-10-2026,PIEMONTE,01,ALESSANDRIA,CREMOLINO,006063,0,27,76,578,179,860
03-10-2026,PIEMONTE,01,VERCELLI,CRESCENTINO,002049,23,212,740,6822,2814,10611
03-10-2026,PIEMONTE,01,NOVARA,CRESSA,003055,3,21,123,877,284,1308
03-10-2026,PIEMONTE,01,BIELLA,CREVACUORE,096021,0,18,101,769,196,1084
03-10-2026,PIEMONTE,01,VERBANO-CUSIO-OSSOLA,CREVOLADOSSOLA,103025,3,39,214,1887,912,3055
03-10-2026,PIEMONTE,01,CUNEO,CRISSOLO,004077,0,1,12,231,265,509
03-10-2026,PIEMONTE,01,VERBANO-CUSIO-OSSOLA,CRODO,103026,0,20,65,698,348,1131
03-10-2026,PIEMONTE,01,VERCELLI,CROVA,002052,0,3,14,197,106,320
03-10-2026,PIEMONTE,01,TORINO,CUCEGLIO,001096,0,22,93,759,332,1206
03-10-2026,PIEMONTE,01,TORINO,CUMIANA,001097,11,185,595,5710,3053,9554
03-10-2026,PIEMONTE,01,CUNEO,CUNEO,004078,91,3550,6941,67078,34871,112531
03-10-2026,PIEMONTE,01,ASTI,CUNICO,005051,1,9,8,327,294,639
03-10-2026,PIEMONTE,01,TORINO,CUORGNÈ,001098,8,121,722,6766,4010,11627
03-10-2026,PIEMONTE,01,NOVARA,CUREGGIO,003058,2,10,170,1687,840,2709
03-10-2026,PIEMONTE,01,BIELLA,CURINO,096023,0,0,15,161,49,225
03-10-2026,PIEMONTE,01,CUNEO,DEMONTE,004079,2,6,87,831,247,1173
03-10-2026,PIEMONTE,01,ALESSANDRIA,DENICE,006065,0,1,2,47,6,56
03-10-2026,PIEMONTE,01,ALESSANDRIA,DERNICE,006066,0,1,12,87,20,120
03-10-2026,PIEMONTE,01,VERCELLI,DESANA,002054,2,12,72,486,259,831
03-10-2026,PIEMONTE,01,CUNEO,DIANO D'ALBA,004080,1,62,234,1872,842,3011
03-10-2026,PIEMONTE,01,NOVARA,DIVIGNANO,003060,2,15,149,1050,356,1572
03-10-2026,PIEMONTE,01,CUNEO,DOGLIANI,004081,4,45,266,2189,867,3371
03-10-2026,PIEMONTE,01,VERBANO-CUSIO-OSSOLA,DOMODOSSOLA,103028,23,488,1526,16178,9549,27764
03-10-2026,PIEMONTE,01,BIELLA,DONATO,096024,0,4,19,159,71,253
03-10-2026,PIEMONTE,01,NOVARA,DORMELLETTO,003062,7,37,211,1994,882,3131
03-10-2026,PIEMONTE,01,BIELLA,DORZANO,096025,1,11,56,437,118,623
03-10-2026,PIEMONTE,01,CUNEO,DRONERO,004082,2,63,445,4590,1708,6808
03-10-2026,PIEMONTE,01,TORINO,DRUENTO,001099,19,230,868,8496,3755,13368
03-10-2026,PIEMONTE,01,VERBANO-CUSIO-OSSOLA,DRUOGNO,103029,0,3,55,346,144,548
03-10-2026,PIEMONTE,01,ASTI,DUSINO SAN MICHELE,005052,1,17,62,643,250,973
03-10-2026,PIEMONTE,01,CUNEO,ELVA,004083,0,0,5,20,2,27
03-10-2026,PIEMONTE,01,CUNEO,ENTRACQUE,004084,1,2,28,546,614,1191
03-10-2026,PIEMONTE,01,CUNEO,ENVIE,004085,0,8,91,662,260,1021
03-10-2026,PIEMONTE,01,TORINO,EXILLES,001100,1,2,20,132,49,204
03-10-2026,PIEMONTE,01,ALESSANDRIA,FABBRICA CURONE,006067,1,2,35,277,55,370
03-10-2026,PIEMONTE,01,NOVARA,FARA NOVARESE,003065,1,19,219,1646,629,2514
03-10-2026,PIEMONTE,01,CUNEO,FARIGLIANO,004086,1,13,98,1295,449,1856
03-10-2026,PIEMONTE,01,CUNEO,FAULE,004087,0,6,29,225,64,324
03-10-2026,PIEMONTE,01,TORINO,FAVRIA,001101,1,160,365,2913,1067,4506
03-10-2026,PIEMONTE,01,CUNEO,FEISOGLIO,004088,0,0,20,113,47,180
03-10-2026,PIEMONTE,01,TORINO,FELETTO,001102,1,31,147,1395,744,2318
03-10-2026,PIEMONTE,01,ALESSANDRIA,FELIZZANO,006068,4,12,94,1016,774,1900
03-10-2026,PIEMONTE,01,TORINO,FENESTRELLE,001103,1,11,27,291,68,398
03-10-2026,PIEMONTE,01,ASTI,FERRERE,005053,0,4,82,696,218,1000
03-10-2026,PIEMONTE,01,TORINO,FIANO,001104,2,33,185,1772,914,2906
03-10-2026,PIEMONTE,01,TORINO,FIORANO CANAVESE,001105,0,5,46,484,256,791
03-10-2026,PIEMONTE,01,VERCELLI,FOBELLO,002057,0,2,12,126,13,153
03-10-2026,PIEMONTE,01,TORINO,FOGLIZZO,001106,8,25,134,1844,848,2859
03-10-2026,PIEMONTE,01,NOVARA,FONTANETO D'AGOGNA,003066,4,26,247,2269,1354,3900
03-10-2026,PIEMONTE,01,VERCELLI,FONTANETTO PO,002058,2,15,48,658,181,904
03-10-2026,PIEMONTE,01,ASTI,FONTANILE,005054,1,2,29,168,71,271
03-10-2026,PIEMONTE,01,VERBANO-CUSIO-OSSOLA,FORMAZZA,103031,0,4,15,173,41,233
03-10-2026,PIEMONTE,01,VERCELLI,FORMIGLIANA,002059,1,2,27,848,982,1860
03-10-2026,PIEMONTE,01,TORINO,FORNO CANAVESE,001107,4,31,172,1473,535,2215
03-10-2026,PIEMONTE,01,CUNEO,FOSSANO,004089,29,510,1833,17242,6758,26372
03-10-2026,PIEMONTE,01,CUNEO,FRABOSA SOPRANA,004090,0,4,38,316,167,525
03-10-2026,PIEMONTE,01,CUNEO,FRABOSA SOTTANA,004091,0,33,150,1083,390,1656
03-10-2026,PIEMONTE,01,ALESSANDRIA,FRACONALTO,006069,1,3,9,162,51,226
03-10-2026,PIEMONTE,01,ALESSANDRIA,FRANCAVILLA BISIO,006070,0,1,29,180,72,282
03-10-2026,PIEMONTE,01,ALESSANDRIA,FRASCARO,006071,0,4,37,324,191,556
03-10-2026,PIEMONTE,01,ALESSANDRIA,FRASSINELLO MONFERRATO,006072,0,4,32,161,56,253
03-10-2026,PIEMONTE,01,ALESSANDRIA,FRASSINETO PO,006073,1,3,93,636,258,991
03-10-2026,PIEMONTE,01,TORINO,FRASSINETTO,001108,0,1,7,132,70,210
03-10-2026,PIEMONTE,01,CUNEO,FRASSINO,004092,0,0,10,87,60,157
03-10-2026,PIEMONTE,01,ALESSANDRIA,FRESONARA,006074,0,2,21,190,77,290
03-10-2026,PIEMONTE,01,ASTI,FRINCO,005055,1,15,55,430,230,731
03-10-2026,PIEMONTE,01,TORINO,FRONT,001109,9,40,127,1262,516,1954
03-10-2026,PIEMONTE,01,TORINO,FROSSASCO,001110,6,71,294,5836,8780,14987
03-10-2026,PIEMONTE,01,ALESSANDRIA,FRUGAROLO,006075,1,20,99,920,261,1301
03-10-2026,PIEMONTE,01,ALESSANDRIA,FUBINE MONFERRATO,006076,1,15,144,1143,264,1567
03-10-2026,PIEMONTE,01,ALESSANDRIA,GABIANO,006077,0,16,62,507,165,750
03-10-2026,PIEMONTE,01,BIELLA,GAGLIANICO,096026,6,35,266,2636,943,3886
03-10-2026,PIEMONTE,01,CUNEO,GAIOLA,004093,1,2,34,235,86,358
03-10-2026,PIEMONTE,01,NOVARA,GALLIATE,003068,23,315,1709,15950,6891,24888
03-10-2026,PIEMONTE,01,ALESSANDRIA,GAMALERO,006078,0,8,59,445,189,701
03-10-2026,PIEMONTE,01,CUNEO,GAMBASCA,004094,0,1,26,212,44,283
03-10-2026,PIEMONTE,01,ALESSANDRIA,GARBAGNA,006079,1,6,30,401,200,638
03-10-2026,PIEMONTE,01,NOVARA,GARBAGNA NOVARESE,003069,2,30,131,996,410,1569
03-10-2026,PIEMONTE,01,CUNEO,GARESSIO,004095,2,22,121,1058,451,1654
03-10-2026,PIEMONTE,01,NOVARA,GARGALLO,003070,1,15,92,828,256,1192
03-10-2026,PIEMONTE,01,TORINO,GARZIGLIANA,001111,0,10,27,286,116,439
03-10-2026,PIEMONTE,01,TORINO,GASSINO TORINESE,001112,13,220,917,9293,4536,14979
03-10-2026,PIEMONTE,01,NOVARA,GATTICO-VERUNO,003166,6,95,366,3763,1995,6225
03-10-2026,PIEMONTE,01,VERCELLI,GATTINARA,002061,9,553,547,5902,1614,8625
03-10-2026,PIEMONTE,01,ALESSANDRIA,GAVI,006081,5,36,336,2589,893,3859
03-10-2026,PIEMONTE,01,CUNEO,GENOLA,004096,3,52,195,1538,573,2361
03-10-2026,PIEMONTE,01,TORINO,GERMAGNANO,001113,2,20,85,759,439,1305
03-10-2026,PIEMONTE,01,VERBANO-CUSIO-OSSOLA,GERMAGNO,103032,0,3,7,59,32,101
03-10-2026,PIEMONTE,01,NOVARA,GHEMME,003073,1,36,239,1795,651,2722
03-10-2026,PIEMONTE,01,VERBANO-CUSIO-OSSOLA,GHIFFA,103033,1,41,182,1772,919,2915
03-10-2026,PIEMONTE,01,VERCELLI,GHISLARENGO,002062,2,3,19,281,108,413
03-10-2026,PIEMONTE,01,TORINO,GIAGLIONE,001114,0,4,40,339,93,476
03-10-2026,PIEMONTE,01,ALESSANDRIA,GIAROLE,006082,0,7,29,254,47,337
03-10-2026,PIEMONTE,01,TORINO,GIAVENO,001115,20,485,1525,14601,6830,23461
03-10-2026,PIEMONTE,01,BIELLA,GIFFLENGA,096027,0,0,7,35,26,68
03-10-2026,PIEMONTE,01,VERBANO-CUSIO-OSSOLA,GIGNESE,103034,2,13,104,867,437,1423
03-10-2026,PIEMONTE,01,TORINO,GIVOLETTO,001116,5,87,438,4206,1902,6638
03-10-2026,PIEMONTE,01,CUNEO,GORZEGNO,004097,0,1,5,50,10,66
03-10-2026,PIEMONTE,01,CUNEO,GOTTASECCA,004098,0,0,4,36,8,48
03-10-2026,PIEMONTE,01,CUNEO,GOVONE,004099,14,51,218,1737,608,2628
03-10-2026,PIEMONTE,01,NOVARA,GOZZANO,003076,3,47,363,3452,1670,5535
03-10-2026,PIEMONTE,01,BIELLA,GRAGLIA,096028,3,20,67,576,208,874
03-10-2026,PIEMONTE,01,ASTI,GRANA MONFERRATO,005056,0,0,28,274,52,354
03-10-2026,PIEMONTE,01,NOVARA,GRANOZZO CON MONTICELLO,003077,1,38,91,1169,546,1845
03-10-2026,PIEMONTE,01,VERBANO-CUSIO-OSSOLA,GRAVELLONA TOCE,103035,7,115,543,4884,1644,7193
03-10-2026,PIEMONTE,01,TORINO,GRAVERE,001117,1,29,47,477,177,731
03-10-2026,PIEMONTE,01,ASTI,GRAZZANO BADOGLIO,005057,0,2,25,217,112,356
03-10-2026,PIEMONTE,01,VERCELLI,GREGGIO,002065,0,2,18,175,42,237
03-10-2026,PIEMONTE,01,ALESSANDRIA,GREMIASCO,006083,0,0,4,67,15,86
03-10-2026,PIEMONTE,01,NOVARA,GRIGNASCO,003079,4,36,277,2645,883,3845
03-10-2026,PIEMONTE,01,CUNEO,GRINZANE CAVOUR,004100,0,19,137,1201,618,1975
03-10-2026,PIEMONTE,01,ALESSANDRIA,GROGNARDO,006084,0,1,18,98,29,146
03-10-2026,PIEMONTE,01,ALESSANDRIA,GRONDONA,006085,0,2,25,284,200,511
03-10-2026,PIEMONTE,01,TORINO,GROSCAVALLO,001118,1,3,13,119,23,159
03-10-2026,PIEMONTE,01,TORINO,GROSSO,001119,0,8,49,569,344,970
03-10-2026,PIEMONTE,01,TORINO,GRUGLIASCO,001120,91,3248,4786,55043,18506,81674
03-10-2026,PIEMONTE,01,VERCELLI,GUARDABOSONE,002066,0,0,9,162,35,206
03-10-2026,PIEMONTE,01,CUNEO,GUARENE,004101,1,26,235,1609,658,2529
03-10-2026,PIEMONTE,01,ALESSANDRIA,GUAZZORA,006086,0,4,6,155,36,201
03-10-2026,PIEMONTE,01,VERBANO-CUSIO-OSSOLA,GURRO,103036,0,0,13,92,18,123
03-10-2026,PIEMONTE,01,CUNEO,IGLIANO,004102,0,0,4,43,2,49
03-10-2026,PIEMONTE,01,ASTI,INCISA SCAPACCINO,005058,1,8,143,897,404,1453
03-10-2026,PIEMONTE,01,TORINO,INGRIA,001121,0,3,0,28,7,38
03-10-2026,PIEMONTE,01,VERBANO-CUSIO-OSSOLA,INTRAGNA,103037,0,1,4,37,20,62
03-10-2026,PIEMONTE,01,TORINO,INVERSO PINASCA,001122,0,4,28,393,186,611
03-10-2026,PIEMONTE,01,NOVARA,INVORIO,003082,5,72,324,2613,947,3961
03-10-2026,PIEMONTE,01,CUNEO,ISASCA,004103,0,0,0,11,6,17
03-10-2026,PIEMONTE,01,ASTI,ISOLA D'ASTI,005059,5,25,132,1131,782,2075
03-10-2026,PIEMONTE,01,ALESSANDRIA,ISOLA SANT'ANTONIO,006087,0,5,22,364,140,531
03-10-2026,PIEMONTE,01,TORINO,ISOLABELLA,001123,0,4,32,222,88,346
03-10-2026,PIEMONTE,01,TORINO,ISSIGLIO,001124,1,8,10,276,101,396
03-10-2026,PIEMONTE,01,TORINO,IVREA,001125,63,1888,3525,32138,14494,52108
03-10-2026,PIEMONTE,01,TORINO,LA CASSA,001126,4,75,180,2143,917,3319
03-10-2026,PIEMONTE,01,TORINO,LA LOGGIA,001127,8,206,949,7843,3845,12851
03-10-2026,PIEMONTE,01,CUNEO,LA MORRA,004105,1,12,144,1224,514,1895
03-10-2026,PIEMONTE,01,CUNEO,LAGNASCO,004104,0,5,64,356,121,546
03-10-2026,PIEMONTE,01,VERCELLI,LAMPORO,002067,0,4,44,298,78,424
03-10-2026,PIEMONTE,01,NOVARA,LANDIONA,003083,0,5,23,181,52,261
03-10-2026,PIEMONTE,01,TORINO,LANZO TORINESE,001128,3,78,374,3783,1783,6021
03-10-2026,PIEMONTE,01,TORINO,LAURIANO,001129,2,19,94,1010,388,1513
03-10-2026,PIEMONTE,01,TORINO,LEINI,001130,20,515,1283,14801,6307,22926
03-10-2026,PIEMONTE,01,TORINO,LEMIE,001131,0,2,2,37,21,62
03-10-2026,PIEMONTE,01,VERCELLI,LENTA,002068,0,4,28,266,76,374
03-10-2026,PIEMONTE,01,CUNEO,LEQUIO BERRIA,004106,0,0,19,450,585,1054
03-10-2026,PIEMONTE,01,CUNEO,LEQUIO TANARO,004107,0,4,40,408,79,531
03-10-2026,PIEMONTE,01,ALESSANDRIA,LERMA,006088,2,3,41,501,119,666
03-10-2026,PIEMONTE,01,NOVARA,LESA,003084,2,72,187,2132,864,3257
03-10-2026,PIEMONTE,01,CUNEO,LESEGNO,004108,0,2,24,205,76,307
03-10-2026,PIEMONTE,01,TORINO,LESSOLO,001132,0,45,132,1098,651,1926
03-10-2026,PIEMONTE,01,BIELLA,LESSONA,096085,1,23,162,1128,448,1762
03-10-2026,PIEMONTE,01,CUNEO,LEVICE,004109,0,0,4,30,8,42
03-10-2026,PIEMONTE,01,TORINO,LEVONE,001133,0,8,17,242,110,377
03-10-2026,PIEMONTE,01,VERCELLI,LIGNANA,002070,3,10,29,366,125,533
03-10-2026,PIEMONTE,01,CUNEO,LIMONE PIEMONTE,004110,0,21,138,1047,618,1824
03-10-2026,PIEMONTE,01,CUNEO,LISIO,004111,0,1,8,46,9,64
03-10-2026,PIEMONTE,01,VERCELLI,LIVORNO FERRARIS,002071,4,16,298,2820,930,4068
03-10-2026,PIEMONTE,01,ASTI,LOAZZOLO,005060,0,6,17,105,18,146
03-10-2026,PIEMONTE,01,TORINO,LOCANA,001134,7,4,81,566,162,820
03-10-2026,PIEMONTE,01,TORINO,LOMBARDORE,001135,4,45,146,1590,587,2372
03-10-2026,PIEMONTE,01,TORINO,LOMBRIASCO,001136,2,23,102,824,365,1316
03-10-2026,PIEMONTE,01,TORINO,LORANZÈ,001137,2,8,85,857,334,1286
03-10-2026,PIEMONTE,01,VERBANO-CUSIO-OSSOLA,LOREGLIA,103038,0,1,3,63,12,79
03-10-2026,PIEMONTE,01,VERCELLI,LOZZOLO,002072,0,11,46,444,182,683
03-10-2026,PIEMONTE,01,ALESSANDRIA,LU E CUCCARO MONFERRATO,006193,1,11,56,498,168,734
03-10-2026,PIEMONTE,01,TORINO,LUSERNA SAN GIOVANNI,001139,8,128,588,5782,2165,8671
03-10-2026,PIEMONTE,01,TORINO,LUSERNETTA,001140,0,6,28,303,136,473
03-10-2026,PIEMONTE,01,TORINO,LUSIGLIÈ,001141,0,1,38,312,134,485
03-10-2026,PIEMONTE,01,TORINO,MACELLO,001142,3,6,34,595,291,929
03-10-2026,PIEMONTE,01,CUNEO,MACRA,004112,0,1,0,7,7,15
03-10-2026,PIEMONTE,01,VERBANO-CUSIO-OSSOLA,MACUGNAGA,103039,2,5,34,301,100,442
03-10-2026,PIEMONTE,01,VERBANO-CUSIO-OSSOLA,MADONNA DEL SASSO,103040,0,4,19,203,96,322
03-10-2026,PIEMONTE,01,NOVARA,MAGGIORA,003088,1,15,139,926,378,1459
03-10-2026,PIEMONTE,01,CUNEO,MAGLIANO ALFIERI,004113,0,12,131,948,298,1389
03-10-2026,PIEMONTE,01,CUNEO,MAGLIANO ALPI,004114,0,18,152,1368,704,2242
03-10-2026,PIEMONTE,01,TORINO,MAGLIONE,001143,0,4,48,257,75,384
03-10-2026,PIEMONTE,01,BIELLA,MAGNANO,096030,0,3,16,3094,3093,6206
03-10-2026,PIEMONTE,01,VERBANO-CUSIO-OSSOLA,MALESCO,103041,0,8,40,581,407,1036
03-10-2026,PIEMONTE,01,ALESSANDRIA,MALVICINO,006090,0,1,9,31,11,52
03-10-2026,PIEMONTE,01,NOVARA,MANDELLO VITTA,003090,0,1,12,98,51,162
03-10-2026,PIEMONTE,01,CUNEO,MANGO,004115,0,5,46,433,142,626
03-10-2026,PIEMONTE,01,CUNEO,MANTA,004116,2,90,289,2560,1045,3986
03-10-2026,PIEMONTE,01,TORINO,MAPPANO,001316,16,224,725,6858,3225,11048
03-10-2026,PIEMONTE,01,NOVARA,MARANO TICINO,003091,0,17,142,1096,383,1638
03-10-2026,PIEMONTE,01,ASTI,MARANZANA,005061,2,2,5,146,67,222
03-10-2026,PIEMONTE,01,CUNEO,MARENE,004117,2,30,258,2153,742,3185
03-10-2026,PIEMONTE,01,TORINO,MARENTINO,001144,1,27,115,809,260,1212
03-10-2026,PIEMONTE,01,ASTI,MARETTO,005062,0,2,30,203,89,324
03-10-2026,PIEMONTE,01,CUNEO,MARGARITA,004118,0,19,65,618,194,896
03-10-2026,PIEMONTE,01,CUNEO,MARMORA,004119,0,0,6,31,14,51
03-10-2026,PIEMONTE,01,CUNEO,MARSAGLIA,004120,0,0,7,48,9,64
03-10-2026,PIEMONTE,01,CUNEO,MARTINIANA PO,004121,0,2,39,384,128,553
03-10-2026,PIEMONTE,01,VERBANO-CUSIO-OSSOLA,MASERA,103042,0,18,51,679,365,1113
03-10-2026,PIEMONTE,01,ALESSANDRIA,MASIO,006091,0,10,62,797,564,1433
03-10-2026,PIEMONTE,01,BIELLA,MASSAZZA,096031,1,4,56,326,100,487
03-10-2026,PIEMONTE,01,TORINO,MASSELLO,001145,0,1,7,13,5,26
03-10-2026,PIEMONTE,01,BIELLA,MASSERANO,096032,1,16,93,1010,375,1495
03-10-2026,PIEMONTE,01,NOVARA,MASSINO VISCONTI,003093,0,17,134,1139,489,1779
03-10-2026,PIEMONTE,01,VERBANO-CUSIO-OSSOLA,MASSIOLA,103043,0,1,3,15,7,26
03-10-2026,PIEMONTE,01,TORINO,MATHI,001146,4,46,262,2535,960,3807
03-10-2026,PIEMONTE,01,TORINO,MATTIE,001147,0,8,45,446,156,655
03-10-2026,PIEMONTE,01,TORINO,MAZZÈ,001148,0,63,263,2622,1360,4308
03-10-2026,PIEMONTE,01,TORINO,MEANA DI SUSA,001149,0,6,80,530,329,945
03-10-2026,PIEMONTE,01,NOVARA,MEINA,003095,2,60,187,1847,800,2896
03-10-2026,PIEMONTE,01,ALESSANDRIA,MELAZZO,006092,0,17,56,516,107,696
03-10-2026,PIEMONTE,01,CUNEO,MELLE,004122,0,3,14,139,29,185
03-10-2026,PIEMONTE,01,ALESSANDRIA,MERANA,006093,0,1,3,67,20,91
03-10-2026,PIEMONTE,01,TORINO,MERCENASCO,001150,1,9,113,1136,606,1865
03-10-2026,PIEMONTE,01,VERBANO-CUSIO-OSSOLA,MERGOZZO,103044,0,10,102,906,432,1450
03-10-2026,PIEMONTE,01,BIELLA,MEZZANA MORTIGLIENGO,096033,0,1,34,307,94,436
03-10-2026,PIEMONTE,01,TORINO,MEZZENILE,001152,0,11,70,629,187,897
03-10-2026,PIEMONTE,01,NOVARA,MEZZOMERICO,003097,0,17,118,893,337,1365
03-10-2026,PIEMONTE,01,BIELLA,MIAGLIANO,096034,0,1,25,211,68,305
03-10-2026,PIEMONTE,01,NOVARA,MIASINO,003098,0,16,90,516,221,843
03-10-2026,PIEMONTE,01,VERBANO-CUSIO-OSSOLA,MIAZZINA,103045,0,5,17,225,94,341
03-10-2026,PIEMONTE,01,ALESSANDRIA,MIRABELLO MONFERRATO,006094,1,7,62,884,645,1599
03-10-2026,PIEMONTE,01,ASTI,MOASCA,005063,1,1,25,223,77,327
03-10-2026,PIEMONTE,01,CUNEO,MOIOLA,004123,0,4,9,77,26,116
03-10-2026,PIEMONTE,01,ALESSANDRIA,MOLARE,006095,2,18,122,976,283,1401
03-10-2026,PIEMONTE,01,ALESSANDRIA,MOLINO DEI TORTI,006096,0,8,28,343,76,455
03-10-2026,PIEMONTE,01,VERCELLI,MOLLIA,002078,0,4,0,54,28,86
03-10-2026,PIEMONTE,01,ASTI,MOMBALDONE,005064,0,2,5,58,20,85
03-10-2026,PIEMONTE,01,CUNEO,MOMBARCARO,004124,0,2,9,89,17,117
03-10-2026,PIEMONTE,01,ASTI,MOMBARUZZO,005065,0,6,41,416,123,586
03-10-2026,PIEMONTE,01,CUNEO,MOMBASIGLIO,004125,0,2,18,186,62,268
03-10-2026,PIEMONTE,01,TORINO,MOMBELLO DI TORINO,001153,0,6,47,342,131,526
03-10-2026,PIEMONTE,01,ALESSANDRIA,MOMBELLO MONFERRATO,006097,0,6,39,394,196,635
03-10-2026,PIEMONTE,01,ASTI,MOMBERCELLI,005066,3,28,104,844,314,1293
03-10-2026,PIEMONTE,01,NOVARA,MOMO,003100,2,48,193,1926,1116,3285
03-10-2026,PIEMONTE,01,TORINO,MOMPANTERO,001154,0,7,41,363,145,556
03-10-2026,PIEMONTE,01,ALESSANDRIA,MOMPERONE,006098,0,0,6,113,18,137
03-10-2026,PIEMONTE,01,ASTI,MONALE,005067,3,3,72,468,132,678
03-10-2026,PIEMONTE,01,ASTI,MONASTERO BORMIDA,005068,0,1,18,359,203,581
03-10-2026,PIEMONTE,01,TORINO,MONASTERO DI LANZO,001155,0,4,18,169,97,288
03-10-2026,PIEMONTE,01,CUNEO,MONASTERO DI VASCO,004126,0,9,112,660,302,1083
03-10-2026,PIEMONTE,01,CUNEO,MONASTEROLO CASOTTO,004127,0,1,5,44,8,58
03-10-2026,PIEMONTE,01,CUNEO,MONASTEROLO DI SAVIGLIANO,004128,1,14,86,565,220,886
03-10-2026,PIEMONTE,01,TORINO,MONCALIERI,001156,140,4045,7208,84398,37931,133722
03-10-2026,PIEMONTE,01,ASTI,MONCALVO,005069,2,25,129,1323,488,1967
03-10-2026,PIEMONTE,01,TORINO,MONCENISIO,001157,0,0,0,64,53,117
03-10-2026,PIEMONTE,01,ALESSANDRIA,MONCESTINO,006099,3,4,20,155,32,214
03-10-2026,PIEMONTE,01,CUNEO,MONCHIERO,004129,1,1,52,272,96,422
03-10-2026,PIEMONTE,01,VERCELLI,MONCRIVELLO,002079,3,7,86,587,201,884
03-10-2026,PIEMONTE,01,ASTI,MONCUCCO TORINESE,005070,1,39,74,692,238,1044
03-10-2026,PIEMONTE,01,CUNEO,MONDOVÌ,004130,46,859,2189,22806,12521,38421
03-10-2026,PIEMONTE,01,CUNEO,MONESIGLIO,004131,3,3,11,184,69,270
03-10-2026,PIEMONTE,01,CUNEO,MONFORTE D'ALBA,004132,0,7,70,563,186,826
03-10-2026,PIEMONTE,01,ASTI,MONGARDINO,005071,1,9,78,460,133,681
03-10-2026,PIEMONTE,01,ALESSANDRIA,MONGIARDINO LIGURE,006100,0,1,4,30,8,43
03-10-2026,PIEMONTE,01,BIELLA,MONGRANDO,096035,1,17,187,2085,1197,3487
03-10-2026,PIEMONTE,01,ALESSANDRIA,MONLEALE,006101,2,4,19,366,137,528
03-10-2026,PIEMONTE,01,ASTI,MONTABONE,005072,1,6,17,204,107,335
03-10-2026,PIEMONTE,01,ALESSANDRIA,MONTACUTO,006102,0,1,13,438,313,765
03-10-2026,PIEMONTE,01,ASTI,MONTAFIA,005073,1,12,61,433,224,731
03-10-2026,PIEMONTE,01,ALESSANDRIA,MONTALDEO,006103,0,2,18,120,86,226
03-10-2026,PIEMONTE,01,ALESSANDRIA,MONTALDO BORMIDA,006104,1,5,24,357,222,609
03-10-2026,PIEMONTE,01,CUNEO,MONTALDO DI MONDOVÌ,004134,0,6,17,264,66,353
03-10-2026,PIEMONTE,01,CUNEO,MONTALDO ROERO,004135,0,2,16,233,105,356
03-10-2026,PIEMONTE,01,ASTI,MONTALDO SCARAMPI,005074,0,4,34,408,152,598
03-10-2026,PIEMONTE,01,TORINO,MONTALDO TORINESE,001158,2,16,71,665,269,1023
03-10-2026,PIEMONTE,01,TORINO,MONTALENGHE,001159,1,9,54,748,395,1207
03-10-2026,PIEMONTE,01,TORINO,MONTALTO DORA,001160,10,93,245,2151,811,3310
03-10-2026,PIEMONTE,01,TORINO,MONTANARO,001161,10,89,330,3140,1231,4800
03-10-2026,PIEMONTE,01,CUNEO,MONTANERA,004136,1,4,53,377,148,583
03-10-2026,PIEMONTE,01,ALESSANDRIA,MONTECASTELLO,006105,0,1,6,64,13,84
03-10-2026,PIEMONTE,01,ALESSANDRIA,MONTECHIARO D'ACQUI,006106,0,0,39,263,60,362
03-10-2026,PIEMONTE,01,ASTI,MONTECHIARO D'ASTI,005075,0,7,112,985,491,1595
03-10-2026,PIEMONTE,01,VERBANO-CUSIO-OSSOLA,MONTECRESTESE,103046,1,8,60,465,249,783
03-10-2026,PIEMONTE,01,ALESSANDRIA,MONTEGIOCO,006107,0,2,10,154,42,208
03-10-2026,PIEMONTE,01,ASTI,MONTEGROSSO D'ASTI,005076,3,44,168,1607,732,2554
03-10-2026,PIEMONTE,01,CUNEO,MONTELUPO ALBESE,004137,0,3,12,153,31,199
03-10-2026,PIEMONTE,01,ASTI,MONTEMAGNO MONFERRATO,005077,0,10,47,861,342,1260
03-10-2026,PIEMONTE,01,CUNEO,MONTEMALE DI CUNEO,004138,0,2,4,41,12,59
03-10-2026,PIEMONTE,01,ALESSANDRIA,MONTEMARZINO,006108,1,3,18,245,39,306
03-10-2026,PIEMONTE,01,CUNEO,MONTEROSSO GRANA,004139,0,8,34,303,115,460
03-10-2026,PIEMONTE,01,VERBANO-CUSIO-OSSOLA,MONTESCHENO,103047,0,2,13,102,44,161
03-10-2026,PIEMONTE,01,TORINO,MONTEU DA PO,001162,0,13,23,361,153,550
03-10-2026,PIEMONTE,01,CUNEO,MONTEU ROERO,004140,1,23,88,580,173,865
03-10-2026,PIEMONTE,01,CUNEO,MONTEZEMOLO,004141,0,3,19,83,32,137
03-10-2026,PIEMONTE,01,CUNEO,MONTICELLO D'ALBA,004142,2,16,169,1337,699,2223
03-10-2026,PIEMONTE,01,ASTI,MONTIGLIO MONFERRATO,005121,2,15,64,721,513,1315
03-10-2026,PIEMONTE,01,CUNEO,MONTÀ,004133,2,15,226,1863,705,2811
03-10-2026,PIEMONTE,01,ALESSANDRIA,MORANO SUL PO,006109,3,10,78,736,196,1023
03-10-2026,PIEMONTE,01,ASTI,MORANSENGO-TONENGO,005122,0,1,19,190,60,270
03-10-2026,PIEMONTE,01,ALESSANDRIA,MORBELLO,006110,0,5,13,339,193,550
03-10-2026,PIEMONTE,01,CUNEO,MORETTA,004143,2,52,177,1824,598,2653
03-10-2026,PIEMONTE,01,TORINO,MORIONDO TORINESE,001163,1,22,56,597,172,848
03-10-2026,PIEMONTE,01,ALESSANDRIA,MORNESE,006111,0,13,28,303,67,411
03-10-2026,PIEMONTE,01,CUNEO,MOROZZO,004144,0,19,114,930,378,1441
03-10-2026,PIEMONTE,01,ALESSANDRIA,MORSASCO,006112,0,8,15,235,92,350
03-10-2026,PIEMONTE,01,VERCELLI,MOTTA DE' CONTI,002082,1,7,55,439,84,586
03-10-2026,PIEMONTE,01,BIELLA,MOTTALCIATA,096037,2,12,81,608,249,952
03-10-2026,PIEMONTE,01,CUNEO,MURAZZANO,004145,0,9,41,274,113,437
03-10-2026,PIEMONTE,01,CUNEO,MURELLO,004146,1,3,38,398,189,629
03-10-2026,PIEMONTE,01,ALESSANDRIA,MURISENGO MONFERRATO,006113,1,11,8,331,56,407
03-10-2026,PIEMONTE,01,BIELLA,MUZZANO,096038,0,2,43,251,210,506
03-10-2026,PIEMONTE,01,CUNEO,NARZOLE,004147,5,19,244,1802,841,2911
03-10-2026,PIEMONTE,01,NOVARA,NEBBIUNO,003103,1,28,156,1418,573,2176
03-10-2026,PIEMONTE,01,CUNEO,NEIVE,004148,5,21,160,1160,413,1759
03-10-2026,PIEMONTE,01,BIELLA,NETRO,096039,1,11,45,337,149,543
03-10-2026,PIEMONTE,01,CUNEO,NEVIGLIE,004149,0,2,15,162,93,272
03-10-2026,PIEMONTE,01,NOVARA,NIBBIOLA,003104,1,9,56,577,221,864
03-10-2026,PIEMONTE,01,TORINO,NICHELINO,001164,93,2501,4981,56165,21825,85565
03-10-2026,PIEMONTE,01,CUNEO,NIELLA BELBO,004150,0,1,2,61,17,81
03-10-2026,PIEMONTE,01,CUNEO,NIELLA TANARO,004151,1,1,79,534,179,794
03-10-2026,PIEMONTE,01,ASTI,NIZZA MONFERRATO,005080,5,112,576,5746,2443,8882
03-10-2026,PIEMONTE,01,TORINO,NOASCA,001165,0,0,5,37,4,46
03-10-2026,PIEMONTE,01,TORINO,NOLE,001166,9,330,574,5785,2481,9179
03-10-2026,PIEMONTE,01,TORINO,NOMAGLIO,001167,1,3,4,145,27,180
03-10-2026,PIEMONTE,01,TORINO,NONE,001168,13,248,765,6939,3527,11492
03-10-2026,PIEMONTE,01,VERBANO-CUSIO-OSSOLA,NONIO,103048,1,3,24,379,97,504
03-10-2026,PIEMONTE,01,TORINO,NOVALESA,001169,0,3,34,254,147,438
03-10-2026,PIEMONTE,01,NOVARA,NOVARA,003106,384,6299,18706,183146,76886,285421
03-10-2026,PIEMONTE,01,CUNEO,NOVELLO,004152,0,6,38,339,138,521
03-10-2026,PIEMONTE,01,ALESSANDRIA,NOVI LIGURE,006114,44,820,2011,21731,9992,34598
03-10-2026,PIEMONTE,01,CUNEO,NUCETTO,004153,0,5,9,353,527,894
03-10-2026,PIEMONTE,01,BIELLA,OCCHIEPPO INFERIORE,096040,1,51,229,2235,896,3412
03-10-2026,PIEMONTE,01,BIELLA,OCCHIEPPO SUPERIORE,096041,1,28,190,1605,710,2534
03-10-2026,PIEMONTE,01,ALESSANDRIA,OCCIMIANO,006115,0,12,87,663,330,1092
03-10-2026,PIEMONTE,01,ALESSANDRIA,ODALENGO GRANDE,006116,1,6,19,239,48,313
03-10-2026,PIEMONTE,01,ALESSANDRIA,ODALENGO PICCOLO,006117,0,3,9,94,27,133
03-10-2026,PIEMONTE,01,VERBANO-CUSIO-OSSOLA,OGGEBBIO,103049,1,10,44,464,253,772
03-10-2026,PIEMONTE,01,TORINO,OGLIANICO,001170,0,21,112,954,565,1652
03-10-2026,PIEMONTE,01,VERCELLI,OLCENENGO,002088,2,8,54,608,285,957
03-10-2026,PIEMONTE,01,VERCELLI,OLDENICO,002089,1,1,11,47,36,96
03-10-2026,PIEMONTE,01,NOVARA,OLEGGIO,003108,8,286,1180,11186,4645,17305
03-10-2026,PIEMONTE,01,NOVARA,OLEGGIO CASTELLO,003109,3,36,163,1993,1993,4188
03-10-2026,PIEMONTE,01,ALESSANDRIA,OLIVOLA,006118,0,0,0,12,4,16
03-10-2026,PIEMONTE,01,ASTI,OLMO GENTILE,005081,0,0,0,2,2,4
03-10-2026,PIEMONTE,01,VERBANO-CUSIO-OSSOLA,OMEGNA,103050,20,273,1073,10535,4686,16587
03-10-2026,PIEMONTE,01,CUNEO,ONCINO,004154,0,0,1,33,10,44
03-10-2026,PIEMONTE,01,TORINO,ORBASSANO,001171,30,1100,2202,22352,10089,35773
03-10-2026,PIEMONTE,01,TORINO,ORIO CANAVESE,001172,0,15,65,542,189,811
03-10-2026,PIEMONTE,01,CUNEO,ORMEA,004155,0,8,39,411,212,670
03-10-2026,PIEMONTE,01,VERBANO-CUSIO-OSSOLA,ORNAVASSO,103051,1,27,181,1692,813,2714
03-10-2026,PIEMONTE,01,ALESSANDRIA,ORSARA BORMIDA,006119,0,2,13,157,46,218
03-10-2026,PIEMONTE,01,NOVARA,ORTA SAN GIULIO,003112,0,8,55,629,285,977
03-10-2026,PIEMONTE,01,TORINO,OSASCO,001173,3,21,93,854,379,1350
03-10-2026,PIEMONTE,01,TORINO,OSASIO,001174,0,14,79,576,205,874
03-10-2026,PIEMONTE,01,CUNEO,OSTANA,004156,0,0,10,91,13,114
03-10-2026,PIEMONTE,01,ALESSANDRIA,OTTIGLIO,006120,0,2,28,391,659,1080
03-10-2026,PIEMONTE,01,TORINO,OULX,001175,12,85,366,3151,1723,5337
03-10-2026,PIEMONTE,01,ALESSANDRIA,OVADA,006121,8,143,772,7110,2767,10800
03-10-2026,PIEMONTE,01,ALESSANDRIA,OVIGLIO,006122,1,14,57,965,479,1516
03-10-2026,PIEMONTE,01,TORINO,OZEGNA,001176,0,5,85,774,527,1391
03-10-2026,PIEMONTE,01,ALESSANDRIA,OZZANO MONFERRATO,006123,1,14,84,804,527,1430
03-10-2026,PIEMONTE,01,ALESSANDRIA,PADERNA,006124,1,1,10,90,20,122
03-10-2026,PIEMONTE,01,CUNEO,PAESANA,004157,0,24,99,1020,453,1596
03-10-2026,PIEMONTE,01,CUNEO,PAGNO,004158,0,3,39,268,57,367
03-10-2026,PIEMONTE,01,TORINO,PALAZZO CANAVESE,001177,1,61,67,577,202,908
03-10-2026,PIEMONTE,01,VERCELLI,PALAZZOLO VERCELLESE,002090,1,17,53,508,160,739
03-10-2026,PIEMONTE,01,VERBANO-CUSIO-OSSOLA,PALLANZENO,103052,1,4,69,602,299,975
03-10-2026,PIEMONTE,01,CUNEO,PAMPARATO,004159,1,3,9,95,41,149
03-10-2026,PIEMONTE,01,TORINO,PANCALIERI,001178,6,38,154,1207,652,2057
03-10-2026,PIEMONTE,01,TORINO,PARELLA,001179,1,17,45,266,79,408
03-10-2026,PIEMONTE,01,ALESSANDRIA,PARETO,006125,0,1,10,104,43,158
03-10-2026,PIEMONTE,01,ALESSANDRIA,PARODI LIGURE,006126,0,6,11,244,69,330
03-10-2026,PIEMONTE,01,CUNEO,PAROLDO,004160,0,0,0,151,174,325
03-10-2026,PIEMONTE,01,NOVARA,PARUZZARO,003114,1,17,170,1450,868,2506
03-10-2026,PIEMONTE,01,ASTI,PASSERANO MARMORITO,005082,0,6,16,293,119,434
03-10-2026,PIEMONTE,01,ALESSANDRIA,PASTURANA,006127,0,5,41,558,346,950
03-10-2026,PIEMONTE,01,TORINO,PAVAROLO,001180,2,35,125,1045,584,1791
03-10-2026,PIEMONTE,01,TORINO,PAVONE CANAVESE,001181,6,113,320,3007,1371,4817
03-10-2026,PIEMONTE,01,ALESSANDRIA,PECETTO DI VALENZA,006128,1,24,73,976,482,1556
03-10-2026,PIEMONTE,01,TORINO,PECETTO TORINESE,001183,4,139,460,4117,2401,7121
03-10-2026,PIEMONTE,01,NOVARA,PELLA,003115,0,6,47,636,261,950
03-10-2026,PIEMONTE,01,ASTI,PENANGO,005083,1,5,37,249,97,389
03-10-2026,PIEMONTE,01,CUNEO,PERLETTO,004161,0,0,12,96,25,133
03-10-2026,PIEMONTE,01,CUNEO,PERLO,004162,0,2,9,23,3,37
03-10-2026,PIEMONTE,01,TORINO,PEROSA ARGENTINA,001184,4,97,241,2111,795,3248
03-10-2026,PIEMONTE,01,TORINO,PEROSA CANAVESE,001185,0,2,13,184,51,250
03-10-2026,PIEMONTE,01,TORINO,PERRERO,001186,0,5,18,213,83,319
03-10-2026,PIEMONTE,01,VERCELLI,PERTENGO,002091,1,12,23,217,70,323
03-10-2026,PIEMONTE,01,TORINO,PERTUSIO,001187,0,9,29,282,170,490
03-10-2026,PIEMONTE,01,TORINO,PESSINETTO,001188,0,6,34,380,179,599
03-10-2026,PIEMONTE,01,NOVARA,PETTENASCO,003116,0,15,64,877,297,1253
03-10-2026,PIEMONTE,01,BIELLA,PETTINENGO,096042,2,27,91,793,222,1135
03-10-2026,PIEMONTE,01,CUNEO,PEVERAGNO,004163,4,61,280,2900,1159,4404
03-10-2026,PIEMONTE,01,VERCELLI,PEZZANA,002093,3,6,59,845,704,1617
03-10-2026,PIEMONTE,01,CUNEO,PEZZOLO VALLE UZZONE,004164,0,0,12,59,29,100
03-10-2026,PIEMONTE,01,TORINO,PIANEZZA,001189,24,865,1977,18571,7587,29024
03-10-2026,PIEMONTE,01,CUNEO,PIANFEI,004165,2,12,100,928,310,1352
03-10-2026,PIEMONTE,01,CUNEO,PIASCO,004166,0,40,171,1247,509,1967
03-10-2026,PIEMONTE,01,BIELLA,PIATTO,096043,0,2,32,289,132,455
03-10-2026,PIEMONTE,01,ASTI,PIEA,005084,0,5,32,348,68,453
03-10-2026,PIEMONTE,01,BIELLA,PIEDICAVALLO,096044,0,4,11,68,16,99
03-10-2026,PIEMONTE,01,VERBANO-CUSIO-OSSOLA,PIEDIMULERA,103053,0,9,76,626,221,932
03-10-2026,PIEMONTE,01,ALESSANDRIA,PIETRA MARAZZI,006129,0,4,52,435,100,591
03-10-2026,PIEMONTE,01,CUNEO,PIETRAPORZIO,004167,0,4,7,145,51,207
03-10-2026,PIEMONTE,01,VERBANO-CUSIO-OSSOLA,PIEVE VERGONTE,103054,0,16,86,797,369,1268
03-10-2026,PIEMONTE,01,VERCELLI,PILA,002096,0,2,16,131,66,215
03-10-2026,PIEMONTE,01,TORINO,PINASCA,001190,2,27,175,1503,590,2297
03-10-2026,PIEMONTE,01,TORINO,PINEROLO,001191,48,1834,3453,38363,18365,62063
03-10-2026,PIEMONTE,01,ASTI,PINO D'ASTI,005085,0,3,10,86,24,123
03-10-2026,PIEMONTE,01,TORINO,PINO TORINESE,001192,11,302,943,9755,5722,16733
03-10-2026,PIEMONTE,01,CUNEO,PIOBESI D'ALBA,004168,1,17,113,924,431,1486
03-10-2026,PIEMONTE,01,TORINO,PIOBESI TORINESE,001193,3,179,491,4552,1632,6857
03-10-2026,PIEMONTE,01,VERCELLI,PIODE,002097,0,2,4,73,3,82
03-10-2026,PIEMONTE,01,TORINO,PIOSSASCO,001194,20,394,1789,17205,8294,27702
03-10-2026,PIEMONTE,01,ASTI,PIOVÀ MASSAIA,005086,0,10,62,487,245,804
03-10-2026,PIEMONTE,01,CUNEO,PIOZZO,004169,0,11,42,289,112,454
03-10-2026,PIEMONTE,01,NOVARA,PISANO,003119,0,8,100,661,143,912
03-10-2026,PIEMONTE,01,TORINO,PISCINA,001195,2,77,224,2208,964,3475
03-10-2026,PIEMONTE,01,TORINO,PIVERONE,001196,0,15,107,762,316,1200
03-10-2026,PIEMONTE,01,CUNEO,POCAPAGLIA,004170,1,26,254,2274,1304,3859
03-10-2026,PIEMONTE,01,NOVARA,POGNO,003120,0,9,79,773,241,1102
03-10-2026,PIEMONTE,01,TORINO,POIRINO,001197,12,311,915,9206,4001,14445
03-10-2026,PIEMONTE,01,BIELLA,POLLONE,096046,0,49,150,1511,928,2638
03-10-2026,PIEMONTE,01,CUNEO,POLONGHERA,004171,3,9,50,824,527,1413
03-10-2026,PIEMONTE,01,TORINO,POMARETTO,001198,1,19,66,476,308,870
03-10-2026,PIEMONTE,01,ALESSANDRIA,POMARO MONFERRATO,006131,0,1,26,138,25,190
03-10-2026,PIEMONTE,01,NOVARA,POMBIA,003121,2,31,200,1590,573,2396
03-10-2026,PIEMONTE,01,BIELLA,PONDERANO,096047,2,102,256,2516,1059,3935
03-10-2026,PIEMONTE,01,TORINO,PONT CANAVESE,001199,3,17,194,1565,547,2326
03-10-2026,PIEMONTE,01,CUNEO,PONTECHIANALE,004172,0,4,29,79,30,142
03-10-2026,PIEMONTE,01,ALESSANDRIA,PONTECURONE,006132,2,30,324,2999,1194,4549
03-10-2026,PIEMONTE,01,ALESSANDRIA,PONTESTURA,006133,2,27,77,904,611,1621
03-10-2026,PIEMONTE,01,ALESSANDRIA,PONTI,006134,0,3,19,112,47,181
03-10-2026,PIEMONTE,01,ALESSANDRIA,PONZANO MONFERRATO,006135,1,2,15,194,46,258
03-10-2026,PIEMONTE,01,ALESSANDRIA,PONZONE,006136,0,23,65,556,125,769
03-10-2026,PIEMONTE,01,ASTI,PORTACOMARO,005087,2,30,104,1167,509,1812
03-10-2026,PIEMONTE,01,TORINO,PORTE,001200,0,27,84,779,335,1225
03-10-2026,PIEMONTE,01,BIELLA,PORTULA,096048,0,15,59,441,137,652
03-10-2026,PIEMONTE,01,VERCELLI,POSTUA,002102,0,3,10,198,177,388
03-10-2026,PIEMONTE,01,ALESSANDRIA,POZZOL GROPPO,006137,0,5,6,88,25,124
03-10-2026,PIEMONTE,01,ALESSANDRIA,POZZOLO FORMIGARO,006138,4,73,431,3530,1495,5533
03-10-2026,PIEMONTE,01,CUNEO,PRADLEVES,004173,0,1,9,117,41,168
03-10-2026,PIEMONTE,01,TORINO,PRAGELATO,001201,0,29,30,487,138,684
03-10-2026,PIEMONTE,01,TORINO,PRALI,001202,0,6,10,133,37,186
03-10-2026,PIEMONTE,01,TORINO,PRALORMO,001203,0,19,178,1410,573,2180
03-10-2026,PIEMONTE,01,BIELLA,PRALUNGO,096049,1,47,176,1204,420,1848
03-10-2026,PIEMONTE,01,TORINO,PRAMOLLO,001204,5,6,11,78,31,131
03-10-2026,PIEMONTE,01,VERCELLI,PRAROLO,002104,0,7,43,510,177,737
03-10-2026,PIEMONTE,01,TORINO,PRAROSTINO,001205,3,21,76,668,277,1045
03-10-2026,PIEMONTE,01,ALESSANDRIA,PRASCO,006139,0,3,37,190,46,276
03-10-2026,PIEMONTE,01,TORINO,PRASCORSANO,001206,0,9,44,268,126,447
03-10-2026,PIEMONTE,01,TORINO,PRATIGLIONE,001207,0,6,42,234,60,342
03-10-2026,PIEMONTE,01,NOVARA,PRATO SESIA,003122,0,8,105,861,354,1328
03-10-2026,PIEMONTE,01,BIELLA,PRAY,096050,1,12,119,1341,481,1954
03-10-2026,PIEMONTE,01,CUNEO,PRAZZO,004174,0,1,4,18,11,34
03-10-2026,PIEMONTE,01,ALESSANDRIA,PREDOSA,006140,3,14,151,1103,424,1695
03-10-2026,PIEMONTE,01,VERBANO-CUSIO-OSSOLA,PREMENO,103055,1,9,57,548,257,872
03-10-2026,PIEMONTE,01,VERBANO-CUSIO-OSSOLA,PREMIA,103056,0,3,27,187,40,257
03-10-2026,PIEMONTE,01,VERBANO-CUSIO-OSSOLA,PREMOSELLO-CHIOVENDA,103057,2,35,158,1307,462,1964
03-10-2026,PIEMONTE,01,CUNEO,PRIERO,004175,0,2,23,249,55,329
03-10-2026,PIEMONTE,01,CUNEO,PRIOCCA,004176,3,14,155,1065,494,1731
03-10-2026,PIEMONTE,01,CUNEO,PRIOLA,004177,0,3,23,179,75,280
03-10-2026,PIEMONTE,01,CUNEO,PRUNETTO,004178,0,1,3,56,23,83
03-10-2026,PIEMONTE,01,TORINO,QUAGLIUZZO,001208,0,11,16,216,120,363
03-10-2026,PIEMONTE,01,ASTI,QUARANTI,005088,0,1,10,58,10,79
03-10-2026,PIEMONTE,01,BIELLA,QUAREGNA CERRETO,096087,3,11,160,1067,399,1640
03-10-2026,PIEMONTE,01,ALESSANDRIA,QUARGNENTO,006141,1,5,105,808,224,1143
03-10-2026,PIEMONTE,01,VERBANO-CUSIO-OSSOLA,QUARNA SOPRA,103058,0,5,5,87,31,128
03-10-2026,PIEMONTE,01,VERBANO-CUSIO-OSSOLA,QUARNA SOTTO,103059,2,5,19,271,105,402
03-10-2026,PIEMONTE,01,VERCELLI,QUARONA,002107,2,39,191,1284,329,1845
03-10-2026,PIEMONTE,01,TORINO,QUASSOLO,001209,0,0,15,177,44,236
03-10-2026,PIEMONTE,01,ALESSANDRIA,QUATTORDIO,006142,0,6,110,922,277,1315
03-10-2026,PIEMONTE,01,TORINO,QUINCINETTO,001210,2,6,61,519,151,739
03-10-2026,PIEMONTE,01,VERCELLI,QUINTO VERCELLESE,002108,1,0,7,186,103,297
03-10-2026,PIEMONTE,01,CUNEO,RACCONIGI,004179,13,415,834,8466,3206,12934
03-10-2026,PIEMONTE,01,VERCELLI,RASSA,002110,1,0,4,13,6,24
03-10-2026,PIEMONTE,01,VERBANO-CUSIO-OSSOLA,RE,103060,0,8,11,158,38,215
03-10-2026,PIEMONTE,01,TORINO,REANO,001211,6,38,161,1623,627,2455
03-10-2026,PIEMONTE,01,NOVARA,RECETTO,003129,1,15,136,1639,796,2587
03-10-2026,PIEMONTE,01,ASTI,REFRANCORE,005089,2,19,93,869,259,1242
03-10-2026,PIEMONTE,01,CUNEO,REVELLO,004180,6,17,218,1868,652,2761
03-10-2026,PIEMONTE,01,ASTI,REVIGLIASCO D'ASTI,005090,0,29,71,551,159,810
03-10-2026,PIEMONTE,01,TORINO,RIBORDONE,001212,0,1,0,12,4,17
03-10-2026,PIEMONTE,01,ALESSANDRIA,RICALDONE,006143,0,9,22,205,52,288
03-10-2026,PIEMONTE,01,CUNEO,RIFREDDO,004181,1,4,91,612,170,878
03-10-2026,PIEMONTE,01,VERCELLI,RIMELLA,002113,0,1,3,36,3,43
03-10-2026,PIEMONTE,01,CUNEO,RITTANA,004182,0,1,2,30,5,38
03-10-2026,PIEMONTE,01,TORINO,RIVA PRESSO CHIERI,001215,3,226,417,4147,1803,6596
03-10-2026,PIEMONTE,01,TORINO,RIVALBA,001213,1,31,87,775,418,1312
03-10-2026,PIEMONTE,01,ALESSANDRIA,RIVALTA BORMIDA,006144,2,7,83,694,199,985
03-10-2026,PIEMONTE,01,TORINO,RIVALTA DI TORINO,001214,35,1220,2561,23101,10904,37821
03-10-2026,PIEMONTE,01,TORINO,RIVARA,001216,2,27,203,1580,627,2439
03-10-2026,PIEMONTE,01,TORINO,RIVAROLO CANAVESE,001217,13,321,1168,10614,5149,17265
03-10-2026,PIEMONTE,01,ALESSANDRIA,RIVARONE,006145,0,0,14,174,138,326
03-10-2026,PIEMONTE,01,TORINO,RIVAROSSA,001218,3,39,201,1451,518,2212
03-10-2026,PIEMONTE,01,VERCELLI,RIVE,002115,1,3,26,324,154,508
03-10-2026,PIEMONTE,01,TORINO,RIVOLI,001219,62,2514,4592,53452,22982,83602
03-10-2026,PIEMONTE,01,CUNEO,ROASCHIA,004183,0,1,15,41,9,66
03-10-2026,PIEMONTE,01,CUNEO,ROASCIO,004184,0,1,4,52,12,69
03-10-2026,PIEMONTE,01,VERCELLI,ROASIO,002116,2,22,157,1269,517,1967
03-10-2026,PIEMONTE,01,ASTI,ROATTO,005091,0,5,21,184,104,314
03-10-2026,PIEMONTE,01,TORINO,ROBASSOMERO,001220,4,66,318,4612,4846,9846
03-10-2026,PIEMONTE,01,ASTI,ROBELLA,005092,0,5,30,197,65,297
03-10-2026,PIEMONTE,01,CUNEO,ROBILANTE,004185,1,6,92,1099,718,1916
03-10-2026,PIEMONTE,01,CUNEO,ROBURENT,004186,2,5,14,251,128,400
03-10-2026,PIEMONTE,01,TORINO,ROCCA CANAVESE,001221,0,29,113,930,365,1437
03-10-2026,PIEMONTE,01,CUNEO,ROCCA CIGLIÈ,004188,0,0,0,10,1,11
03-10-2026,PIEMONTE,01,ASTI,ROCCA D'ARAZZO,005093,0,9,64,468,210,751
03-10-2026,PIEMONTE,01,CUNEO,ROCCA DE' BALDI,004189,0,11,131,749,246,1137
03-10-2026,PIEMONTE,01,ALESSANDRIA,ROCCA GRIMALDA,006147,0,17,92,826,264,1199
03-10-2026,PIEMONTE,01,CUNEO,ROCCABRUNA,004187,0,10,56,618,144,828
03-10-2026,PIEMONTE,01,ALESSANDRIA,ROCCAFORTE LIGURE,006146,0,0,5,53,15,73
03-10-2026,PIEMONTE,01,CUNEO,ROCCAFORTE MONDOVÌ,004190,3,14,89,956,493,1555
03-10-2026,PIEMONTE,01,CUNEO,ROCCASPARVERA,004191,1,7,83,604,275,970
03-10-2026,PIEMONTE,01,ASTI,ROCCAVERANO,005094,0,2,17,93,18,130
03-10-2026,PIEMONTE,01,CUNEO,ROCCAVIONE,004192,3,17,117,1428,477,2042
03-10-2026,PIEMONTE,01,CUNEO,ROCCHETTA BELBO,004193,0,0,1,26,9,36
03-10-2026,PIEMONTE,01,ALESSANDRIA,ROCCHETTA LIGURE,006148,0,0,10,99,40,149
03-10-2026,PIEMONTE,01,ASTI,ROCCHETTA PALAFEA,005095,0,0,10,55,23,88
03-10-2026,PIEMONTE,01,ASTI,ROCCHETTA TANARO,005096,1,13,51,486,255,806
03-10-2026,PIEMONTE,01,CUNEO,RODDI,004194,1,15,91,777,312,1196
03-10-2026,PIEMONTE,01,CUNEO,RODDINO,004195,0,1,6,158,42,207
03-10-2026,PIEMONTE,01,CUNEO,RODELLO,004196,0,12,70,541,242,865
03-10-2026,PIEMONTE,01,TORINO,ROLETTO,001222,6,40,184,1802,1071,3103
03-10-2026,PIEMONTE,01,NOVARA,ROMAGNANO SESIA,003130,3,19,311,2360,788,3481
03-10-2026,PIEMONTE,01,TORINO,ROMANO CANAVESE,001223,7,49,250,2406,983,3695
03-10-2026,PIEMONTE,01,NOVARA,ROMENTINO,003131,6,146,463,4395,1971,6981
03-10-2026,PIEMONTE,01,BIELLA,RONCO BIELLESE,096053,3,25,78,655,292,1053
03-10-2026,PIEMONTE,01,TORINO,RONCO CANAVESE,001224,0,4,41,227,66,338
03-10-2026,PIEMONTE,01,TORINO,RONDISSONE,001225,5,51,186,1632,549,2423
03-10-2026,PIEMONTE,01,VERCELLI,RONSECCO,002118,0,6,34,292,95,427
03-10-2026,PIEMONTE,01,BIELLA,ROPPOLO,096054,0,10,52,372,115,549
03-10-2026,PIEMONTE,01,TORINO,RORÀ,001226,0,1,7,125,26,159
03-10-2026,PIEMONTE,01,BIELLA,ROSAZZA,096055,0,6,6,108,18,138
03-10-2026,PIEMONTE,01,ALESSANDRIA,ROSIGNANO MONFERRATO,006149,4,8,60,538,203,813
03-10-2026,PIEMONTE,01,VERCELLI,ROSSA,002121,0,1,15,74,16,106
03-10-2026,PIEMONTE,01,CUNEO,ROSSANA,004197,1,7,41,339,134,522
03-10-2026,PIEMONTE,01,TORINO,ROSTA,001228,9,165,530,5041,2496,8241
03-10-2026,PIEMONTE,01,TORINO,ROURE,001227,0,4,50,595,212,861
03-10-2026,PIEMONTE,01,VERCELLI,ROVASENDA,002122,0,11,75,552,215,853
03-10-2026,PIEMONTE,01,TORINO,RUBIANA,001229,4,40,158,1745,668,2615
03-10-2026,PIEMONTE,01,TORINO,RUEGLIO,001230,0,12,50,372,171,605
03-10-2026,PIEMONTE,01,CUNEO,RUFFIA,004198,2,1,10,118,50,181
03-10-2026,PIEMONTE,01,BIELLA,SAGLIANO MICCA,096056,1,32,149,1067,304,1553
03-10-2026,PIEMONTE,01,BIELLA,SALA BIELLESE,096057,3,10,32,420,138,603
03-10-2026,PIEMONTE,01,ALESSANDRIA,SALA MONFERRATO,006150,1,2,9,160,39,211
03-10-2026,PIEMONTE,01,VERCELLI,SALASCO,002126,0,1,30,173,113,317
03-10-2026,PIEMONTE,01,TORINO,SALASSA,001231,0,26,179,1089,409,1703
03-10-2026,PIEMONTE,01,TORINO,SALBERTRAND,001232,0,12,44,392,173,621
03-10-2026,PIEMONTE,01,ALESSANDRIA,SALE,006151,2,37,184,2242,711,3176
03-10-2026,PIEMONTE,01,CUNEO,SALE DELLE LANGHE,004199,0,1,23,178,48,250
03-10-2026,PIEMONTE,01,CUNEO,SALE SAN GIOVANNI,004200,0,1,7,32,16,56
03-10-2026,PIEMONTE,01,TORINO,SALERANO CANAVESE,001233,0,10,42,496,189,737
03-10-2026,PIEMONTE,01,VERCELLI,SALI VERCELLESE,002127,0,2,1,46,22,71
03-10-2026,PIEMONTE,01,CUNEO,SALICETO,004201,0,4,34,352,127,517
03-10-2026,PIEMONTE,01,CUNEO,SALMOUR,004202,0,4,27,168,46,245
03-10-2026,PIEMONTE,01,VERCELLI,SALUGGIA,002128,8,187,451,3328,1042,5016
03-10-2026,PIEMONTE,01,BIELLA,SALUSSOLA,096058,1,7,88,868,350,1314
03-10-2026,PIEMONTE,01,CUNEO,SALUZZO,004203,28,1092,2102,21294,12592,37108
03-10-2026,PIEMONTE,01,TORINO,SALZA DI PINEROLO,001234,0,3,5,26,4,38
03-10-2026,PIEMONTE,01,CUNEO,SAMBUCO,004204,0,1,2,23,2,28
03-10-2026,PIEMONTE,01,TORINO,SAMONE,001235,1,36,170,1252,458,1917
03-10-2026,PIEMONTE,01,CUNEO,SAMPEYRE,004205,0,7,35,333,119,494
03-10-2026,PIEMONTE,01,CUNEO,SAN BENEDETTO BELBO,004206,0,0,1,47,2,50
03-10-2026,PIEMONTE,01,TORINO,SAN BENIGNO CANAVESE,001236,6,198,596,5631,3112,9543
03-10-2026,PIEMONTE,01,VERBANO-CUSIO-OSSOLA,SAN BERNARDINO VERBANO,103061,4,12,36,538,303,893
03-10-2026,PIEMONTE,01,TORINO,SAN CARLO CANAVESE,001237,4,77,314,3373,2422,6190
03-10-2026,PIEMONTE,01,TORINO,SAN COLOMBANO BELMONTE,001238,0,2,24,151,61,238
03-10-2026,PIEMONTE,01,ALESSANDRIA,SAN CRISTOFORO,006152,0,2,11,232,46,291
03-10-2026,PIEMONTE,01,ASTI,SAN DAMIANO D'ASTI,005097,6,65,519,4362,2596,7548
03-10-2026,PIEMONTE,01,CUNEO,SAN DAMIANO MACRA,004207,3,7,22,262,35,329
03-10-2026,PIEMONTE,01,TORINO,SAN DIDERO,001239,1,3,28,272,111,415
03-10-2026,PIEMONTE,01,TORINO,SAN FRANCESCO AL CAMPO,001240,2,112,394,3972,1707,6187
03-10-2026,PIEMONTE,01,TORINO,SAN GERMANO CHISONE,001242,2,12,119,1298,321,1752
03-10-2026,PIEMONTE,01,VERCELLI,SAN GERMANO VERCELLESE,002131,2,21,142,1469,658,2292
03-10-2026,PIEMONTE,01,VERCELLI,SAN GIACOMO VERCELLESE,002035,0,2,23,165,36,226
03-10-2026,PIEMONTE,01,TORINO,SAN GILLIO,001243,4,116,341,3056,1467,4984
03-10-2026,PIEMONTE,01,TORINO,SAN GIORGIO CANAVESE,001244,3,39,219,1885,803,2949
03-10-2026,PIEMONTE,01,ALESSANDRIA,SAN GIORGIO MONFERRATO,006153,2,7,94,879,483,1465
03-10-2026,PIEMONTE,01,ASTI,SAN GIORGIO SCARAMPI,005098,0,0,0,25,10,35
03-10-2026,PIEMONTE,01,TORINO,SAN GIORIO DI SUSA,001245,0,9,25,442,206,682
03-10-2026,PIEMONTE,01,TORINO,SAN GIUSTO CANAVESE,001246,2,81,307,2443,1197,4030
03-10-2026,PIEMONTE,01,ASTI,SAN MARTINO ALFIERI,005099,0,8,47,342,122,519
03-10-2026,PIEMONTE,01,TORINO,SAN MARTINO CANAVESE,001247,0,11,34,408,184,637
03-10-2026,PIEMONTE,01,ASTI,SAN MARZANO OLIVETO,005100,1,7,47,391,124,570
03-10-2026,PIEMONTE,01,TORINO,SAN MAURIZIO CANAVESE,001248,9,213,826,8705,4329,14082
03-10-2026,PIEMONTE,01,NOVARA,SAN MAURIZIO D'OPAGLIO,003133,4,21,136,1332,495,1988
03-10-2026,PIEMONTE,01,TORINO,SAN MAURO TORINESE,001249,28,580,2206,20863,9942,33619
03-10-2026,PIEMONTE,01,CUNEO,SAN MICHELE MONDOVÌ,004210,0,10,116,1002,458,1586
03-10-2026,PIEMONTE,01,NOVARA,SAN NAZZARO SESIA,003134,0,10,97,572,199,878
03-10-2026,PIEMONTE,01,ASTI,SAN PAOLO SOLBRITO,005101,0,11,101,688,279,1079
03-10-2026,PIEMONTE,01,NOVARA,SAN PIETRO MOSEZZO,003135,3,39,177,1826,841,2886
03-10-2026,PIEMONTE,01,TORINO,SAN PIETRO VAL LEMINA,001250,0,15,147,1026,399,1587
03-10-2026,PIEMONTE,01,TORINO,SAN PONSO,001251,0,0,2,84,25,111
03-10-2026,PIEMONTE,01,TORINO,SAN RAFFAELE CIMENA,001252,1,79,270,2433,1122,3905
03-10-2026,PIEMONTE,01,ALESSANDRIA,SAN SALVATORE MONFERRATO,006154,4,39,177,1642,411,2273
03-10-2026,PIEMONTE,01,ALESSANDRIA,SAN SEBASTIANO CURONE,006155,0,4,25,182,35,246
03-10-2026,PIEMONTE,01,TORINO,SAN SEBASTIANO DA PO,001253,1,55,219,1605,615,2495
03-10-2026,PIEMONTE,01,TORINO,SAN SECONDO DI PINEROLO,001254,4,77,250,2976,1824,5131
03-10-2026,PIEMONTE,01,BIELLA,SANDIGLIANO,096059,5,31,160,1459,557,2212
03-10-2026,PIEMONTE,01,CUNEO,SANFRONT,004209,0,8,71,792,417,1288
03-10-2026,PIEMONTE,01,CUNEO,SANFRÈ,004208,3,33,158,1319,491,2004
03-10-2026,PIEMONTE,01,TORINO,SANGANO,001241,2,80,325,2878,1474,4759
03-10-2026,PIEMONTE,01,ALESSANDRIA,SANT'AGATA FOSSILI,006156,0,3,14,174,37,228
03-10-2026,PIEMONTE,01,CUNEO,SANT'ALBANO STURA,004211,0,30,174,1078,447,1729
03-10-2026,PIEMONTE,01,TORINO,SANT'AMBROGIO DI TORINO,001255,4,86,348,3541,1366,5345
03-10-2026,PIEMONTE,01,TORINO,SANT'ANTONINO DI SUSA,001256,3,44,280,2564,1150,4041
03-10-2026,PIEMONTE,01,VERBANO-CUSIO-OSSOLA,SANTA MARIA MAGGIORE,103062,0,15,46,451,144,656
03-10-2026,PIEMONTE,01,CUNEO,SANTA VITTORIA D'ALBA,004212,3,37,180,1611,703,2534
03-10-2026,PIEMONTE,01,TORINO,SANTENA,001257,18,309,1081,8843,3147,13398
03-10-2026,PIEMONTE,01,VERCELLI,SANTHIÀ,002133,3,142,740,6301,2449,9635
03-10-2026,PIEMONTE,01,CUNEO,SANTO STEFANO BELBO,004213,0,21,143,1898,1712,3774
03-10-2026,PIEMONTE,01,CUNEO,SANTO STEFANO ROERO,004214,1,6,55,465,171,698
03-10-2026,PIEMONTE,01,ALESSANDRIA,SARDIGLIANO,006157,1,2,35,203,70,311
03-10-2026,PIEMONTE,01,ALESSANDRIA,SAREZZANO,006158,1,10,105,737,298,1151
03-10-2026,PIEMONTE,01,TORINO,SAUZE D'OULX,001259,1,38,66,1339,586,2030
03-10-2026,PIEMONTE,01,TORINO,SAUZE DI CESANA,001258,2,11,29,226,134,402
03-10-2026,PIEMONTE,01,CUNEO,SAVIGLIANO,004215,13,753,2246,20083,10098,33193
03-10-2026,PIEMONTE,01,CUNEO,SCAGNELLO,004216,0,0,1,17,15,33
03-10-2026,PIEMONTE,01,TORINO,SCALENGHE,001260,2,59,220,2254,1014,3549
03-10-2026,PIEMONTE,01,TORINO,SCARMAGNO,001261,2,12,52,486,244,796
03-10-2026,PIEMONTE,01,CUNEO,SCARNAFIGI,004217,0,20,134,1230,545,1929
03-10-2026,PIEMONTE,01,TORINO,SCIOLZE,001262,2,24,116,1129,593,1864
03-10-2026,PIEMONTE,01,VERCELLI,SCOPA,002134,0,4,7,80,29,120
03-10-2026,PIEMONTE,01,VERCELLI,SCOPELLO,002135,0,8,28,187,62,285
03-10-2026,PIEMONTE,01,ASTI,SCURZOLENGO,005103,0,11,17,387,164,579
03-10-2026,PIEMONTE,01,ASTI,SEROLE,005104,0,0,0,10,4,14
03-10-2026,PIEMONTE,01,CUNEO,SERRALUNGA D'ALBA,004218,0,0,6,136,100,242
03-10-2026,PIEMONTE,01,ALESSANDRIA,SERRALUNGA DI CREA,006159,0,5,28,185,65,283
03-10-2026,PIEMONTE,01,CUNEO,SERRAVALLE LANGHE,004219,0,1,21,159,89,270
03-10-2026,PIEMONTE,01,ALESSANDRIA,SERRAVALLE SCRIVIA,006160,14,84,539,5193,2412,8242
03-10-2026,PIEMONTE,01,VERCELLI,SERRAVALLE SESIA,002137,3,47,351,2589,948,3938
03-10-2026,PIEMONTE,01,ASTI,SESSAME,005105,0,0,10,63,15,88
03-10-2026,PIEMONTE,01,TORINO,SESTRIERE,001263,0,40,107,1278,950,2375
03-10-2026,PIEMONTE,01,ASTI,SETTIME,005106,0,3,67,295,135,500
03-10-2026,PIEMONTE,01,TORINO,SETTIMO ROTTARO,001264,1,3,39,352,164,559
03-10-2026,PIEMONTE,01,TORINO,SETTIMO TORINESE,001265,63,1906,5881,55565,25399,88814
03-10-2026,PIEMONTE,01,TORINO,SETTIMO VITTONE,001266,0,16,92,751,289,1148
03-10-2026,PIEMONTE,01,ALESSANDRIA,SEZZADIO,006161,1,11,67,916,529,1524
03-10-2026,PIEMONTE,01,NOVARA,SILLAVENGO,003138,0,3,40,752,348,1143
03-10-2026,PIEMONTE,01,ALESSANDRIA,SILVANO D'ORBA,006162,2,6,90,585,273,956
03-10-2026,PIEMONTE,01,CUNEO,SINIO,004220,1,1,21,155,42,220
03-10-2026,PIEMONTE,01,NOVARA,SIZZANO,003139,0,2,52,521,273,848
03-10-2026,PIEMONTE,01,ASTI,SOGLIO,005107,0,1,12,152,35,200
03-10-2026,PIEMONTE,01,ALESSANDRIA,SOLERO,006163,0,14,76,820,352,1262
03-10-2026,PIEMONTE,01,ALESSANDRIA,SOLONGHELLO,006164,0,0,8,62,22,92
03-10-2026,PIEMONTE,01,CUNEO,SOMANO,004221,0,2,12,98,27,139
03-10-2026,PIEMONTE,01,CUNEO,SOMMARIVA DEL BOSCO,004222,1,58,403,3727,1785,5974
03-10-2026,PIEMONTE,01,CUNEO,SOMMARIVA PERNO,004223,2,32,142,1174,538,1888
03-10-2026,PIEMONTE,01,BIELLA,SORDEVOLO,096063,1,10,64,649,248,972
03-10-2026,PIEMONTE,01,NOVARA,SORISO,003140,0,10,33,393,156,592
03-10-2026,PIEMONTE,01,BIELLA,SOSTEGNO,096064,5,7,29,339,129,509
03-10-2026,PIEMONTE,01,NOVARA,SOZZAGO,003141,1,16,79,705,326,1127
03-10-2026,PIEMONTE,01,TORINO,SPARONE,001267,1,6,58,574,149,788
03-10-2026,PIEMONTE,01,ALESSANDRIA,SPIGNO MONFERRATO,006165,0,4,40,314,139,497
03-10-2026,PIEMONTE,01,ALESSANDRIA,SPINETO SCRIVIA,006166,0,10,30,220,49,309
03-10-2026,PIEMONTE,01,ALESSANDRIA,STAZZANO,006167,3,31,188,1494,726,2442
03-10-2026,PIEMONTE,01,TORINO,STRAMBINELLO,001268,0,5,2,71,29,107
03-10-2026,PIEMONTE,01,TORINO,STRAMBINO,001269,10,95,522,4966,2658,8251
03-10-2026,PIEMONTE,01,VERBANO-CUSIO-OSSOLA,STRESA,103064,13,43,434,3842,1930,6262
03-10-2026,PIEMONTE,01,ALESSANDRIA,STREVI,006168,3,13,119,1057,367,1559
03-10-2026,PIEMONTE,01,BIELLA,STRONA,096065,0,15,42,576,174,807
03-10-2026,PIEMONTE,01,VERCELLI,STROPPIANA,002142,3,8,54,480,271,816
03-10-2026,PIEMONTE,01,CUNEO,STROPPO,004224,0,3,4,76,9,92
03-10-2026,PIEMONTE,01,NOVARA,SUNO,003143,4,48,277,1693,511,2533
03-10-2026,PIEMONTE,01,TORINO,SUSA,001270,6,107,361,3964,1804,6242
03-10-2026,PIEMONTE,01,ALESSANDRIA,TAGLIOLO MONFERRATO,006169,0,14,72,809,372,1267
03-10-2026,PIEMONTE,01,CUNEO,TARANTASCA,004225,2,12,130,1012,453,1609
03-10-2026,PIEMONTE,01,ALESSANDRIA,TASSAROLO,006170,2,12,42,278,89,423
03-10-2026,PIEMONTE,01,TORINO,TAVAGNASCO,001271,1,9,75,465,156,706
03-10-2026,PIEMONTE,01,BIELLA,TAVIGLIANO,096066,0,5,23,438,247,713
03-10-2026,PIEMONTE,01,NOVARA,TERDOBBIATE,003144,0,1,16,185,96,298
03-10-2026,PIEMONTE,01,BIELLA,TERNENGO,096067,0,6,9,162,32,209
03-10-2026,PIEMONTE,01,ALESSANDRIA,TERRUGGIA,006171,0,3,44,386,142,575
03-10-2026,PIEMONTE,01,ALESSANDRIA,TERZO,006172,1,4,49,455,226,735
03-10-2026,PIEMONTE,01,ALESSANDRIA,TICINETO,006173,0,4,51,442,146,643
03-10-2026,PIEMONTE,01,ASTI,TIGLIOLE,005108,0,13,108,1359,751,2231
03-10-2026,PIEMONTE,01,VERBANO-CUSIO-OSSOLA,TOCENO,103065,0,6,41,177,56,280
03-10-2026,PIEMONTE,01,BIELLA,TOLLEGNO,096068,2,41,135,1357,732,2267
03-10-2026,PIEMONTE,01,ASTI,TONCO,005109,0,24,70,478,182,754
03-10-2026,PIEMONTE,01,TORINO,TORINO,001272,3791,25794,115414,1355390,645206,2145595
03-10-2026,PIEMONTE,01,NOVARA,TORNACO,003146,2,6,79,572,249,908
03-10-2026,PIEMONTE,01,TORINO,TORRAZZA PIEMONTE,001273,6,78,274,2760,1191,4309
03-10-2026,PIEMONTE,01,BIELLA,TORRAZZO,096069,0,2,3,72,32,109
03-10-2026,PIEMONTE,01,CUNEO,TORRE BORMIDA,004226,0,1,5,28,6,40
03-10-2026,PIEMONTE,01,TORINO,TORRE CANAVESE,001274,0,4,53,432,117,606
03-10-2026,PIEMONTE,01,CUNEO,TORRE MONDOVÌ,004227,0,4,48,272,54,378
03-10-2026,PIEMONTE,01,TORINO,TORRE PELLICE,001275,4,105,410,3296,1280,5095
03-10-2026,PIEMONTE,01,CUNEO,TORRE SAN GIORGIO,004228,2,8,65,369,146,590
03-10-2026,PIEMONTE,01,CUNEO,TORRESINA,004229,0,0,0,13,0,13
03-10-2026,PIEMONTE,01,ALESSANDRIA,TORTONA,006174,124,990,4327,40101,14354,59896
03-10-2026,PIEMONTE,01,TORINO,TRANA,001276,10,97,363,3259,1313,5042
03-10-2026,PIEMONTE,01,VERBANO-CUSIO-OSSOLA,TRAREGO VIGGIONA,103066,0,3,8,108,45,164
03-10-2026,PIEMONTE,01,VERBANO-CUSIO-OSSOLA,TRASQUERA,103067,0,3,14,117,20,154
03-10-2026,PIEMONTE,01,TORINO,TRAVERSELLA,001278,0,1,11,61,25,98
03-10-2026,PIEMONTE,01,TORINO,TRAVES,001279,3,10,51,608,1437,2109
03-10-2026,PIEMONTE,01,NOVARA,TRECATE,003149,63,508,2732,28685,12368,44356
03-10-2026,PIEMONTE,01,CUNEO,TREISO,004230,0,2,35,233,90,360
03-10-2026,PIEMONTE,01,ALESSANDRIA,TREVILLE,006175,1,4,13,156,40,214
03-10-2026,PIEMONTE,01,CUNEO,TREZZO TINELLA,004231,1,2,23,83,34,143
03-10-2026,PIEMONTE,01,VERCELLI,TRICERRO,002147,0,3,46,385,152,586
03-10-2026,PIEMONTE,01,CUNEO,TRINITÀ,004232,2,23,122,1342,755,2244
03-10-2026,PIEMONTE,01,VERCELLI,TRINO,002148,6,88,697,6609,2346,9746
03-10-2026,PIEMONTE,01,ALESSANDRIA,TRISOBBIO,006176,0,10,45,317,165,537
03-10-2026,PIEMONTE,01,TORINO,TROFARELLO,001280,19,352,1085,12851,4980,19287
03-10-2026,PIEMONTE,01,VERBANO-CUSIO-OSSOLA,TRONTANO,103068,0,13,103,790,315,1221
03-10-2026,PIEMONTE,01,VERCELLI,TRONZANO VERCELLESE,002150,1,29,268,2310,1189,3797
03-10-2026,PIEMONTE,01,TORINO,USSEAUX,001281,0,2,11,83,32,128
03-10-2026,PIEMONTE,01,TORINO,USSEGLIO,001282,0,1,6,44,17,68
03-10-2026,PIEMONTE,01,ASTI,VAGLIO SERRA,005111,0,0,13,153,54,220
03-10-2026,PIEMONTE,01,TORINO,VAIE,001283,2,3,113,862,452,1432
03-10-2026,PIEMONTE,01,TORINO,VAL DELLA TORRE,001284,7,168,433,3935,1807,6350
03-10-2026,PIEMONTE,01,TORINO,VAL DI CHY,001317,1,12,100,805,372,1290
03-10-2026,PIEMONTE,01,TORINO,VALCHIUSA,001318,0,21,60,420,179,680
03-10-2026,PIEMONTE,01,BIELLA,VALDENGO,096071,3,33,154,1782,1348,3320
03-10-2026,PIEMONTE,01,CUNEO,VALDIERI,004233,1,9,45,382,110,547
03-10-2026,PIEMONTE,01,BIELLA,VALDILANA,096088,17,273,846,8946,3062,13144
03-10-2026,PIEMONTE,01,VERCELLI,VALDUGGIA,002152,1,18,80,929,279,1307
03-10-2026,PIEMONTE,01,ALESSANDRIA,VALENZA,006177,34,452,1387,13256,5804,20933
03-10-2026,PIEMONTE,01,ASTI,VALFENERA,005112,2,19,176,1351,499,2047
03-10-2026,PIEMONTE,01,TORINO,VALGIOIE,001285,4,7,77,728,249,1065
03-10-2026,PIEMONTE,01,CUNEO,VALGRANA,004234,0,6,47,329,89,471
03-10-2026,PIEMONTE,01,BIELLA,VALLANZENGO,096072,0,4,6,99,19,128
03-10-2026,PIEMONTE,01,VERBANO-CUSIO-OSSOLA,VALLE CANNOBINA,103079,0,4,2,111,46,163
03-10-2026,PIEMONTE,01,BIELLA,VALLE SAN NICOLAO,096074,0,15,33,380,177,605
03-10-2026,PIEMONTE,01,TORINO,VALLO TORINESE,001286,0,2,49,470,280,801
03-10-2026,PIEMONTE,01,CUNEO,VALLORIATE,004235,0,2,20,98,12,132
03-10-2026,PIEMONTE,01,ALESSANDRIA,VALMACCA,006178,0,3,28,350,100,481
03-10-2026,PIEMONTE,01,TORINO,VALPERGA,001287,1,33,268,1870,840,3012
03-10-2026,PIEMONTE,01,TORINO,VALPRATO SOANA,001288,0,2,3,26,10,41
03-10-2026,PIEMONTE,01,VERBANO-CUSIO-OSSOLA,VALSTRONA,103069,0,7,17,161,56,241
03-10-2026,PIEMONTE,01,VERBANO-CUSIO-OSSOLA,VANZONE CON SAN CARLO,103070,0,1,21,128,43,193
03-10-2026,PIEMONTE,01,NOVARA,VAPRIO D'AGOGNA,003153,0,7,55,539,146,747
03-10-2026,PIEMONTE,01,VERCELLI,VARALLO,002156,2,61,299,2898,1111,4371
03-10-2026,PIEMONTE,01,NOVARA,VARALLO POMBIA,003154,3,72,490,3825,1569,5959
03-10-2026,PIEMONTE,01,TORINO,VARISELLA,001289,1,11,74,525,195,806
03-10-2026,PIEMONTE,01,VERBANO-CUSIO-OSSOLA,VARZO,103071,0,11,54,604,322,991
03-10-2026,PIEMONTE,01,TORINO,VAUDA CANAVESE,001290,2,24,148,1033,392,1599
03-10-2026,PIEMONTE,01,BIELLA,VEGLIO,096075,4,6,65,587,219,881
03-10-2026,PIEMONTE,01,TORINO,VENARIA REALE,001292,28,1018,2846,31085,14465,49442
03-10-2026,PIEMONTE,01,CUNEO,VENASCA,004237,0,15,53,546,201,815
03-10-2026,PIEMONTE,01,TORINO,VENAUS,001291,0,3,36,325,112,476
03-10-2026,PIEMONTE,01,VERBANO-CUSIO-OSSOLA,VERBANIA,103072,30,811,3017,28818,11994,44670
03-10-2026,PIEMONTE,01,VERCELLI,VERCELLI,002158,136,1233,5856,61019,28805,97049
03-10-2026,PIEMONTE,01,CUNEO,VERDUNO,004238,0,7,42,295,109,453
03-10-2026,PIEMONTE,01,CUNEO,VERNANTE,004239,0,6,68,570,306,950
03-10-2026,PIEMONTE,01,TORINO,VEROLENGO,001293,2,94,410,3664,1821,5991
03-10-2026,PIEMONTE,01,BIELLA,VERRONE,096076,0,5,80,556,236,877
03-10-2026,PIEMONTE,01,TORINO,VERRUA SAVOIA,001294,1,26,77,850,333,1287
03-10-2026,PIEMONTE,01,CUNEO,VERZUOLO,004240,9,111,522,4378,1640,6660
03-10-2026,PIEMONTE,01,ASTI,VESIME,005113,1,2,16,293,172,484
03-10-2026,PIEMONTE,01,NOVARA,VESPOLATE,003158,1,35,208,1648,667,2559
03-10-2026,PIEMONTE,01,TORINO,VESTIGNÈ,001295,0,2,32,468,228,730
03-10-2026,PIEMONTE,01,CUNEO,VEZZA D'ALBA,004241,0,14,149,1133,310,1606
03-10-2026,PIEMONTE,01,ASTI,VIALE,005114,0,0,3,91,13,107
03-10-2026,PIEMONTE,01,TORINO,VIALFRÈ,001296,0,3,9,109,68,189
03-10-2026,PIEMONTE,01,ASTI,VIARIGI,005115,0,9,26,353,282,670
03-10-2026,PIEMONTE,01,CUNEO,VICOFORTE,004242,5,38,206,2186,960,3395
03-10-2026,PIEMONTE,01,NOVARA,VICOLUNGO,003159,0,18,74,618,258,968
03-10-2026,PIEMONTE,01,TORINO,VIDRACCO,001298,0,5,49,479,320,853
03-10-2026,PIEMONTE,01,BIELLA,VIGLIANO BIELLESE,096077,2,109,634,5330,2432,8507
03-10-2026,PIEMONTE,01,ASTI,VIGLIANO D'ASTI,005116,3,9,66,442,153,673
03-10-2026,PIEMONTE,01,ALESSANDRIA,VIGNALE MONFERRATO,006179,0,6,32,391,139,568
03-10-2026,PIEMONTE,01,ALESSANDRIA,VIGNOLE BORBERA,006180,3,23,98,1075,350,1549
03-10-2026,PIEMONTE,01,CUNEO,VIGNOLO,004243,1,44,257,1974,1049,3325
03-10-2026,PIEMONTE,01,VERBANO-CUSIO-OSSOLA,VIGNONE,103074,1,9,40,708,417,1175
03-10-2026,PIEMONTE,01,TORINO,VIGONE,001299,3,79,315,3509,1910,5816
03-10-2026,PIEMONTE,01,ALESSANDRIA,VIGUZZOLO,006181,3,20,196,2236,1186,3641
03-10-2026,PIEMONTE,01,BIELLA,VILLA DEL BOSCO,096078,0,5,14,154,35,208
03-10-2026,PIEMONTE,01,ASTI,VILLA SAN SECONDO,005119,0,2,19,180,36,237
03-10-2026,PIEMONTE,01,ALESSANDRIA,VILLADEATI,006182,0,10,27,239,118,394
03-10-2026,PIEMONTE,01,VERBANO-CUSIO-OSSOLA,VILLADOSSOLA,103075,2,74,485,4063,1813,6437
03-10-2026,PIEMONTE,01,CUNEO,VILLAFALLETTO,004244,3,29,144,1319,538,2033
03-10-2026,PIEMONTE,01,ASTI,VILLAFRANCA D'ASTI,005117,3,34,211,2013,757,3018
03-10-2026,PIEMONTE,01,TORINO,VILLAFRANCA PIEMONTE,001300,2,29,271,1909,735,2946
03-10-2026,PIEMONTE,01,ALESSANDRIA,VILLALVERNIA,006183,0,4,36,365,121,526
03-10-2026,PIEMONTE,01,ALESSANDRIA,VILLAMIROGLIO,006184,0,7,26,260,45,338
03-10-2026,PIEMONTE,01,BIELLA,VILLANOVA BIELLESE,096079,0,2,18,82,28,130
03-10-2026,PIEMONTE,01,TORINO,VILLANOVA CANAVESE,001301,4,54,99,977,273,1407
03-10-2026,PIEMONTE,01,ASTI,VILLANOVA D'ASTI,005118,2,89,419,3782,1410,5702
03-10-2026,PIEMONTE,01,CUNEO,VILLANOVA MONDOVÌ,004245,4,38,356,2984,1246,4628
03-10-2026,PIEMONTE,01,ALESSANDRIA,VILLANOVA MONFERRATO,006185,0,7,72,778,288,1145
03-10-2026,PIEMONTE,01,CUNEO,VILLANOVA SOLARO,004246,0,5,41,565,488,1099
03-10-2026,PIEMONTE,01,TORINO,VILLAR DORA,001303,1,58,174,1884,767,2884
03-10-2026,PIEMONTE,01,TORINO,VILLAR FOCCHIARDO,001305,3,17,116,1172,450,1758
03-10-2026,PIEMONTE,01,TORINO,VILLAR PELLICE,001306,3,7,50,366,121,547
03-10-2026,PIEMONTE,01,TORINO,VILLAR PEROSA,001307,9,111,344,4031,1230,5725
03-10-2026,PIEMONTE,01,CUNEO,VILLAR SAN COSTANZO,004247,1,9,65,533,218,826
03-10-2026,PIEMONTE,01,TORINO,VILLARBASSE,001302,9,148,366,4162,2676,7361
03-10-2026,PIEMONTE,01,VERCELLI,VILLARBOIT,002163,0,1,32,103,29,165
03-10-2026,PIEMONTE,01,TORINO,VILLAREGGIA,001304,1,17,57,988,956,2019
03-10-2026,PIEMONTE,01,ALESSANDRIA,VILLAROMAGNANO,006186,0,6,55,470,164,695
03-10-2026,PIEMONTE,01,TORINO,VILLASTELLONE,001308,2,141,358,3519,1307,5327
03-10-2026,PIEMONTE,01,VERCELLI,VILLATA,002164,8,9,99,922,341,1379
03-10-2026,PIEMONTE,01,VERBANO-CUSIO-OSSOLA,VILLETTE,103076,0,5,3,80,29,117
03-10-2026,PIEMONTE,01,CUNEO,VINADIO,004248,0,0,25,184,85,294
03-10-2026,PIEMONTE,01,ASTI,VINCHIO,005120,2,5,19,160,25,211
03-10-2026,PIEMONTE,01,TORINO,VINOVO,001309,28,729,1471,15614,8653,26495
03-10-2026,PIEMONTE,01,NOVARA,VINZAGLIO,003164,1,6,48,438,157,650
03-10-2026,PIEMONTE,01,CUNEO,VIOLA,004249,1,5,28,232,50,316
03-10-2026,PIEMONTE,01,TORINO,VIRLE PIEMONTE,001310,2,20,104,841,346,1313
03-10-2026,PIEMONTE,01,TORINO,VISCHE,001311,2,16,87,676,192,973
03-10-2026,PIEMONTE,01,ALESSANDRIA,VISONE,006187,2,13,65,470,125,675
03-10-2026,PIEMONTE,01,TORINO,VISTRORIO,001312,3,5,67,732,128,935
03-10-2026,PIEMONTE,01,BIELLA,VIVERONE,096080,1,25,145,851,364,1386
03-10-2026,PIEMONTE,01,TORINO,VIÙ,001313,1,12,62,442,177,694
03-10-2026,PIEMONTE,01,VERCELLI,VOCCA,002166,0,2,20,79,42,143
03-10-2026,PIEMONTE,01,VERBANO-CUSIO-OSSOLA,VOGOGNA,103077,0,8,57,794,433,1292
03-10-2026,PIEMONTE,01,ALESSANDRIA,VOLPEDO,006188,0,5,67,582,263,917
03-10-2026,PIEMONTE,01,ALESSANDRIA,VOLPEGLINO,006189,2,3,8,105,36,154
03-10-2026,PIEMONTE,01,TORINO,VOLPIANO,001314,20,496,1699,16474,6770,25459
03-10-2026,PIEMONTE,01,ALESSANDRIA,VOLTAGGIO,006190,1,2,35,373,290,701
03-10-2026,PIEMONTE,01,TORINO,VOLVERA,001315,9,159,817,7514,3474,11973
03-10-2026,PIEMONTE,01,CUNEO,VOTTIGNASCO,004250,0,1,13,98,32,144
03-10-2026,PIEMONTE,01,BIELLA,ZIMONE,096081,0,4,17,171,46,238
03-10-2026,PIEMONTE,01,BIELLA,ZUBIENA,096082,1,6,73,504,184,768
03-10-2026,PIEMONTE,01,BIELLA,ZUMAGLIA,096083,0,17,46,526,244,833
03-10-2026,PUGLIA,16,FOGGIA,ACCADIA,071001,1,11,106,961,430,1509
03-10-2026,PUGLIA,16,BARI,ACQUAVIVA DELLE FONTI,072001,24,304,1678,15838,6910,24754
03-10-2026,PUGLIA,16,BARI,ADELFIA,072002,18,300,1094,13694,6735,21841
03-10-2026,PUGLIA,16,BARI,ALBEROBELLO,072003,11,73,526,5429,2742,8781
03-10-2026,PUGLIA,16,FOGGIA,ALBERONA,071002,2,9,31,415,162,619
03-10-2026,PUGLIA,16,LECCE,ALESSANO,075002,6,44,342,3917,1939,6248
03-10-2026,PUGLIA,16,LECCE,ALEZIO,075003,4,98,422,4786,2637,7947
03-10-2026,PUGLIA,16,LECCE,ALLISTE,075004,13,75,424,4112,2085,6709
03-10-2026,PUGLIA,16,BARI,ALTAMURA,072004,45,1673,4537,53008,27658,86921
03-10-2026,PUGLIA,16,LECCE,ANDRANO,075005,8,32,267,3254,2799,6360
03-10-2026,PUGLIA,16,BARLETTA-ANDRIA-TRANI,ANDRIA,110001,63,935,4986,59187,29891,95062
03-10-2026,PUGLIA,16,FOGGIA,ANZANO DI PUGLIA,071003,0,6,36,425,165,632
03-10-2026,PUGLIA,16,FOGGIA,APRICENA,071004,21,80,666,7262,3841,11870
03-10-2026,PUGLIA,16,LECCE,ARADEO,075006,2,58,436,4498,1838,6832
03-10-2026,PUGLIA,16,LECCE,ARNESANO,075007,6,66,309,3227,1347,4955
03-10-2026,PUGLIA,16,FOGGIA,ASCOLI SATRIANO,071005,4,39,226,3312,1591,5172
03-10-2026,PUGLIA,16,TARANTO,AVETRANA,073001,5,40,328,3849,1753,5975
03-10-2026,PUGLIA,16,LECCE,BAGNOLO DEL SALENTO,075008,6,8,71,888,626,1599
03-10-2026,PUGLIA,16,BARI,BARI,072006,897,10570,28963,451440,231881,723751
03-10-2026,PUGLIA,16,BARLETTA-ANDRIA-TRANI,BARLETTA,110002,175,3794,6955,107250,49699,167873
03-10-2026,PUGLIA,16,FOGGIA,BICCARI,071006,1,22,114,1156,492,1785
03-10-2026,PUGLIA,16,BARI,BINETTO,072008,2,33,149,1665,1002,2851
03-10-2026,PUGLIA,16,BARLETTA-ANDRIA-TRANI,BISCEGLIE,110003,110,928,4169,44202,17942,67351
03-10-2026,PUGLIA,16,BARI,BITETTO,072010,16,216,920,9918,5054,16124
03-10-2026,PUGLIA,16,BARI,BITONTO,072011,100,2975,4211,57939,25396,90621
03-10-2026,PUGLIA,16,BARI,BITRITTO,072012,12,170,1098,11487,7280,20047
03-10-2026,PUGLIA,16,LECCE,BOTRUGNO,075009,2,17,113,1327,632,2091
03-10-2026,PUGLIA,16,FOGGIA,BOVINO,071007,0,33,223,2272,1072,3600
03-10-2026,PUGLIA,16,BRINDISI,BRINDISI,074001,155,2494,5724,77884,34142,120399
03-10-2026,PUGLIA,16,FOGGIA,CAGNANO VARANO,071008,6,68,328,2982,1490,4874
03-10-2026,PUGLIA,16,LECCE,CALIMERA,075010,8,77,398,4755,2461,7699
03-10-2026,PUGLIA,16,LECCE,CAMPI SALENTINA,075011,17,358,584,8172,3992,13123
03-10-2026,PUGLIA,16,FOGGIA,CANDELA,071009,3,16,117,1142,386,1664
03-10-2026,PUGLIA,16,LECCE,CANNOLE,075012,0,10,58,659,354,1081
03-10-2026,PUGLIA,16,BARLETTA-ANDRIA-TRANI,CANOSA DI PUGLIA,110004,18,511,1688,19484,8863,30564
03-10-2026,PUGLIA,16,LECCE,CAPRARICA DI LECCE,075013,0,32,118,1593,1005,2748
03-10-2026,PUGLIA,16,BARI,CAPURSO,072014,27,220,1124,12320,6806,20497
03-10-2026,PUGLIA,16,FOGGIA,CARAPELLE,071010,6,46,484,4030,1679,6245
03-10-2026,PUGLIA,16,FOGGIA,CARLANTINO,071011,1,8,49,450,235,743
03-10-2026,PUGLIA,16,LECCE,CARMIANO,075014,13,163,806,8232,4101,13315
03-10-2026,PUGLIA,16,TARANTO,CAROSINO,073002,10,67,721,5302,2325,8425
03-10-2026,PUGLIA,16,BRINDISI,CAROVIGNO,074002,11,244,988,12202,5796,19241
03-10-2026,PUGLIA,16,LECCE,CARPIGNANO SALENTINO,075015,5,14,218,2300,949,3486
03-10-2026,PUGLIA,16,FOGGIA,CARPINO,071012,3,20,167,1372,623,2185
03-10-2026,PUGLIA,16,FOGGIA,CASALNUOVO MONTEROTARO,071013,1,7,67,905,442,1422
03-10-2026,PUGLIA,16,FOGGIA,CASALVECCHIO DI PUGLIA,071014,0,11,118,1103,577,1809
03-10-2026,PUGLIA,16,BARI,CASAMASSIMA,072015,44,300,1853,20580,10481,33258
03-10-2026,PUGLIA,16,LECCE,CASARANO,075016,25,204,1224,13269,6281,21003
03-10-2026,PUGLIA,16,BARI,CASSANO DELLE MURGE,072016,55,134,1368,13545,6147,21249
03-10-2026,PUGLIA,16,BARI,CASTELLANA GROTTE,072017,21,329,1779,16627,8376,27132
03-10-2026,PUGLIA,16,TARANTO,CASTELLANETA,073003,30,319,1353,13883,5926,21511
03-10-2026,PUGLIA,16,FOGGIA,CASTELLUCCIO DEI SAURI,071015,2,13,85,1092,679,1871
03-10-2026,PUGLIA,16,FOGGIA,CASTELLUCCIO VALMAGGIORE,071016,0,12,24,402,138,576
03-10-2026,PUGLIA,16,FOGGIA,CASTELNUOVO DELLA DAUNIA,071017,0,15,123,940,480,1558
03-10-2026,PUGLIA,16,LECCE,CASTRI DI LECCE,075017,2,24,151,1639,733,2549
03-10-2026,PUGLIA,16,LECCE,CASTRIGNANO DE' GRECI,075018,1,17,203,1741,934,2896
03-10-2026,PUGLIA,16,LECCE,CASTRIGNANO DEL CAPO,075019,20,85,321,3718,1903,6047
03-10-2026,PUGLIA,16,LECCE,CASTRO,075096,2,17,113,1177,566,1875
03-10-2026,PUGLIA,16,LECCE,CAVALLINO,075020,32,313,1061,12905,6097,20408
03-10-2026,PUGLIA,16,BRINDISI,CEGLIE MESSAPICA,074003,24,200,890,11651,6435,19200
03-10-2026,PUGLIA,16,FOGGIA,CELENZA VALFORTORE,071018,0,10,69,543,273,895
03-10-2026,PUGLIA,16,BARI,CELLAMARE,072018,6,90,440,5522,3054,9112
03-10-2026,PUGLIA,16,FOGGIA,CELLE DI SAN VITO,071019,0,6,19,104,18,147
03-10-2026,PUGLIA,16,BRINDISI,CELLINO SAN MARCO,074004,6,52,309,4252,2175,6794
03-10-2026,PUGLIA,16,FOGGIA,CERIGNOLA,071020,66,866,4104,55345,27135,87516
03-10-2026,PUGLIA,16,FOGGIA,CHIEUTI,071021,0,16,123,777,285,1201
03-10-2026,PUGLIA,16,BRINDISI,CISTERNINO,074005,9,117,806,7390,3058,11380
03-10-2026,PUGLIA,16,LECCE,COLLEPASSO,075021,5,78,351,3592,1712,5738
03-10-2026,PUGLIA,16,BARI,CONVERSANO,072019,33,368,1975,22089,13317,37782
03-10-2026,PUGLIA,16,LECCE,COPERTINO,075022,31,247,1513,16334,8140,26265
03-10-2026,PUGLIA,16,BARI,CORATO,072020,26,578,2739,33697,15513,52553
03-10-2026,PUGLIA,16,LECCE,CORIGLIANO D'OTRANTO,075023,7,55,443,3998,1660,6163
03-10-2026,PUGLIA,16,LECCE,CORSANO,075024,4,34,405,2833,1281,4557
03-10-2026,PUGLIA,16,TARANTO,CRISPIANO,073004,27,273,1190,12471,6179,20140
03-10-2026,PUGLIA,16,LECCE,CURSI,075025,1,26,183,1469,530,2209
03-10-2026,PUGLIA,16,LECCE,CUTROFIANO,075026,4,92,603,5943,3612,10254
03-10-2026,PUGLIA,16,FOGGIA,DELICETO,071022,1,57,241,1970,1057,3326
03-10-2026,PUGLIA,16,LECCE,DISO,075027,4,25,161,1650,779,2619
03-10-2026,PUGLIA,16,BRINDISI,ERCHIE,074006,21,48,350,4291,2680,7390
03-10-2026,PUGLIA,16,FOGGIA,FAETO,071023,2,14,37,356,98,507
03-10-2026,PUGLIA,16,TARANTO,FAGGIANO,073005,4,30,297,2357,1111,3799
03-10-2026,PUGLIA,16,BRINDISI,FASANO,074007,38,324,1923,22131,11039,35455
03-10-2026,PUGLIA,16,FOGGIA,FOGGIA,071024,326,2501,16362,162565,83138,264892
03-10-2026,PUGLIA,16,TARANTO,FRAGAGNANO,073006,11,81,573,4751,2240,7656
03-10-2026,PUGLIA,16,BRINDISI,FRANCAVILLA FONTANA,074008,21,473,2078,24203,12217,38992
03-10-2026,PUGLIA,16,LECCE,GAGLIANO DEL CAPO,075028,10,44,259,2634,1213,4160
03-10-2026,PUGLIA,16,LECCE,GALATINA,075029,30,404,1479,19171,10707,31791
03-10-2026,PUGLIA,16,LECCE,GALATONE,075030,14,264,1039,10791,5044,17152
03-10-2026,PUGLIA,16,LECCE,GALLIPOLI,075031,30,274,1491,15315,8688,25798
03-10-2026,PUGLIA,16,TARANTO,GINOSA,073007,43,293,1386,15409,7107,24238
03-10-2026,PUGLIA,16,BARI,GIOIA DEL COLLE,072021,29,337,2078,21695,11552,35691
03-10-2026,PUGLIA,16,BARI,GIOVINAZZO,072022,40,369,1341,15081,7197,24028
03-10-2026,PUGLIA,16,LECCE,GIUGGIANELLO,075032,1,9,55,534,303,902
03-10-2026,PUGLIA,16,LECCE,GIURDIGNANO,075033,0,11,92,1364,775,2242
03-10-2026,PUGLIA,16,BARI,GRAVINA IN PUGLIA,072023,57,891,2880,34074,18762,56664
03-10-2026,PUGLIA,16,TARANTO,GROTTAGLIE,073008,58,370,2549,27001,14103,44081
03-10-2026,PUGLIA,16,BARI,GRUMO APPULA,072024,31,143,895,10440,5033,16542
03-10-2026,PUGLIA,16,LECCE,GUAGNANO,075034,1,37,248,2563,1389,4238
03-10-2026,PUGLIA,16,FOGGIA,ISCHITELLA,071025,3,26,131,1751,920,2831
03-10-2026,PUGLIA,16,FOGGIA,ISOLE TREMITI,071026,0,28,37,472,114,651
03-10-2026,PUGLIA,16,TARANTO,LATERZA,073009,6,136,676,7166,3040,11024
03-10-2026,PUGLIA,16,BRINDISI,LATIANO,074009,11,117,677,6926,3180,10911
03-10-2026,PUGLIA,16,LECCE,LECCE,075035,313,3667,9943,156992,76746,247661
03-10-2026,PUGLIA,16,TARANTO,LEPORANO,073010,29,232,970,9668,5005,15904
03-10-2026,PUGLIA,16,LECCE,LEQUILE,075036,9,108,639,6619,3041,10416
03-10-2026,PUGLIA,16,FOGGIA,LESINA,071027,6,75,498,5072,2242,7893
03-10-2026,PUGLIA,16,LECCE,LEVERANO,075037,17,153,877,9959,5120,16126
03-10-2026,PUGLIA,16,LECCE,LIZZANELLO,075038,29,187,1017,12267,7722,21222
03-10-2026,PUGLIA,16,TARANTO,LIZZANO,073011,6,131,649,6675,3446,10907
03-10-2026,PUGLIA,16,BARI,LOCOROTONDO,072025,4,67,570,7456,4132,12229
03-10-2026,PUGLIA,16,FOGGIA,LUCERA,071028,39,569,2182,27980,12720,43490
03-10-2026,PUGLIA,16,LECCE,MAGLIE,075039,16,195,925,11153,8306,20595
03-10-2026,PUGLIA,16,TARANTO,MANDURIA,073012,45,422,2081,26218,12475,41241
03-10-2026,PUGLIA,16,FOGGIA,MANFREDONIA,071029,102,805,4952,54287,21592,81738
03-10-2026,PUGLIA,16,BARLETTA-ANDRIA-TRANI,MARGHERITA DI SAVOIA,110005,13,132,849,8562,4457,14013
03-10-2026,PUGLIA,16,LECCE,MARTANO,075040,1,74,369,4599,2079,7122
03-10-2026,PUGLIA,16,LECCE,MARTIGNANO,075041,1,15,62,724,292,1094
03-10-2026,PUGLIA,16,TARANTO,MARTINA FRANCA,073013,56,598,4025,40336,21867,66882
03-10-2026,PUGLIA,16,TARANTO,MARUGGIO,073014,7,97,341,4133,1838,6416
03-10-2026,PUGLIA,16,TARANTO,MASSAFRA,073015,37,509,2169,26959,13089,42763
03-10-2026,PUGLIA,16,LECCE,MATINO,075042,6,111,683,7043,3837,11680
03-10-2026,PUGLIA,16,FOGGIA,MATTINATA,071031,2,30,254,3233,1726,5245
03-10-2026,PUGLIA,16,LECCE,MELENDUGNO,075043,12,177,806,8240,3609,12844
03-10-2026,PUGLIA,16,LECCE,MELISSANO,075044,5,52,348,3320,1597,5322
03-10-2026,PUGLIA,16,LECCE,MELPIGNANO,075045,1,14,122,1015,501,1653
03-10-2026,PUGLIA,16,BRINDISI,MESAGNE,074010,27,346,1697,19388,9193,30651
03-10-2026,PUGLIA,16,LECCE,MIGGIANO,075046,3,20,148,1393,519,2083
03-10-2026,PUGLIA,16,LECCE,MINERVINO DI LECCE,075047,2,14,123,1406,847,2392
03-10-2026,PUGLIA,16,BARLETTA-ANDRIA-TRANI,MINERVINO MURGE,110006,8,60,392,4157,1354,5971
03-10-2026,PUGLIA,16,BARI,MODUGNO,072027,101,1161,3820,44730,23459,73271
03-10-2026,PUGLIA,16,BARI,MOLA DI BARI,072028,29,701,1579,18301,9653,30263
03-10-2026,PUGLIA,16,BARI,MOLFETTA,072029,88,1278,4305,51495,24970,82136
03-10-2026,PUGLIA,16,BARI,MONOPOLI,072030,68,974,3965,44239,22398,71644
03-10-2026,PUGLIA,16,FOGGIA,MONTE SANT'ANGELO,071033,10,73,630,5748,2809,9270
03-10-2026,PUGLIA,16,TARANTO,MONTEIASI,073016,6,37,347,3776,1565,5731
03-10-2026,PUGLIA,16,FOGGIA,MONTELEONE DI PUGLIA,071032,0,6,63,450,118,637
03-10-2026,PUGLIA,16,TARANTO,MONTEMESOLA,073017,1,54,241,2505,1125,3926
03-10-2026,PUGLIA,16,TARANTO,MONTEPARANO,073018,4,26,206,1495,804,2535
03-10-2026,PUGLIA,16,LECCE,MONTERONI DI LECCE,075048,19,268,798,9674,3944,14703
03-10-2026,PUGLIA,16,LECCE,MONTESANO SALENTINO,075049,4,21,97,1071,535,1728
03-10-2026,PUGLIA,16,LECCE,MORCIANO DI LEUCA,075050,3,28,139,1828,1039,3037
03-10-2026,PUGLIA,16,FOGGIA,MOTTA MONTECORVINO,071034,2,6,21,310,83,422
03-10-2026,PUGLIA,16,TARANTO,MOTTOLA,073019,10,89,662,8703,4232,13696
03-10-2026,PUGLIA,16,LECCE,MURO LECCESE,075051,4,39,317,2471,1041,3872
03-10-2026,PUGLIA,16,LECCE,NARDÒ,075052,52,813,2475,27383,12496,43219
03-10-2026,PUGLIA,16,LECCE,NEVIANO,075053,2,54,209,2465,1188,3918
03-10-2026,PUGLIA,16,BARI,NOCI,072031,13,475,1625,16858,11636,30607
03-10-2026,PUGLIA,16,LECCE,NOCIGLIA,075054,0,10,129,1262,546,1947
03-10-2026,PUGLIA,16,BARI,NOICATTARO,072032,24,316,1422,18314,9816,29892
03-10-2026,PUGLIA,16,LECCE,NOVOLI,075055,19,95,519,5756,2241,8630
03-10-2026,PUGLIA,16,FOGGIA,ORDONA,071063,0,13,165,1244,599,2021
03-10-2026,PUGLIA,16,BRINDISI,ORIA,074011,23,186,1150,11947,6501,19807
03-10-2026,PUGLIA,16,FOGGIA,ORSARA DI PUGLIA,071035,0,9,78,958,1654,2699
03-10-2026,PUGLIA,16,FOGGIA,ORTA NOVA,071036,15,111,926,10432,5678,17162
03-10-2026,PUGLIA,16,LECCE,ORTELLE,075056,5,27,131,1524,842,2529
03-10-2026,PUGLIA,16,BRINDISI,OSTUNI,074012,36,676,2424,28507,14360,46003
03-10-2026,PUGLIA,16,LECCE,OTRANTO,075057,7,82,371,4399,3534,8393
03-10-2026,PUGLIA,16,TARANTO,PALAGIANELLO,073020,5,28,491,3838,1626,5988
03-10-2026,PUGLIA,16,TARANTO,PALAGIANO,073021,24,193,1058,11348,6673,19296
03-10-2026,PUGLIA,16,LECCE,PALMARIGGI,075058,0,2,68,522,156,748
03-10-2026,PUGLIA,16,BARI,PALO DEL COLLE,072033,34,308,1502,18570,9209,29623
03-10-2026,PUGLIA,16,FOGGIA,PANNI,071037,0,1,18,203,84,306
03-10-2026,PUGLIA,16,LECCE,PARABITA,075059,20,105,554,6471,3860,11010
03-10-2026,PUGLIA,16,LECCE,PATÙ,075060,4,4,79,934,333,1354
03-10-2026,PUGLIA,16,FOGGIA,PESCHICI,071038,2,20,107,1414,672,2215
03-10-2026,PUGLIA,16,FOGGIA,PIETRAMONTECORVINO,071039,3,8,147,1243,888,2289
03-10-2026,PUGLIA,16,LECCE,POGGIARDO,075061,11,35,471,4323,2430,7270
03-10-2026,PUGLIA,16,FOGGIA,POGGIO IMPERIALE,071040,0,31,161,1584,603,2379
03-10-2026,PUGLIA,16,BARI,POGGIORSINI,072034,0,7,30,560,358,955
03-10-2026,PUGLIA,16,BARI,POLIGNANO A MARE,072035,34,179,1235,12988,6423,20859
03-10-2026,PUGLIA,16,LECCE,PORTO CESAREO,075097,13,124,594,5666,2550,8947
03-10-2026,PUGLIA,16,LECCE,PRESICCE-ACQUARICA,075098,5,79,454,4752,2898,8188
03-10-2026,PUGLIA,16,TARANTO,PULSANO,073022,22,149,1313,13200,6670,21354
03-10-2026,PUGLIA,16,BARI,PUTIGNANO,072036,32,413,2460,24013,11394,38312
03-10-2026,PUGLIA,16,LECCE,RACALE,075063,8,118,659,6957,3707,11449
03-10-2026,PUGLIA,16,FOGGIA,RIGNANO GARGANICO,071041,1,9,42,694,326,1072
03-10-2026,PUGLIA,16,TARANTO,ROCCAFORZATA,073023,3,12,145,1074,453,1687
03-10-2026,PUGLIA,16,FOGGIA,ROCCHETTA SANT'ANTONIO,071042,0,17,104,690,419,1230
03-10-2026,PUGLIA,16,FOGGIA,RODI GARGANICO,071043,4,50,162,1843,812,2871
03-10-2026,PUGLIA,16,FOGGIA,ROSETO VALFORTORE,071044,0,6,41,282,89,418
03-10-2026,PUGLIA,16,LECCE,RUFFANO,075064,9,47,355,4821,1900,7132
03-10-2026,PUGLIA,16,BARI,RUTIGLIANO,072037,22,284,1268,14516,8518,24608
03-10-2026,PUGLIA,16,BARI,RUVO DI PUGLIA,072038,31,391,1800,21528,9453,33203
03-10-2026,PUGLIA,16,LECCE,SALICE SALENTINO,075065,10,52,350,3606,1467,5485
03-10-2026,PUGLIA,16,LECCE,SALVE,075066,9,39,198,2611,1365,4222
03-10-2026,PUGLIA,16,BARI,SAMMICHELE DI BARI,072039,5,65,367,4219,2641,7297
03-10-2026,PUGLIA,16,LECCE,SAN CASSIANO,075095,4,8,113,855,375,1355
03-10-2026,PUGLIA,16,LECCE,SAN CESARIO DI LECCE,075068,12,153,621,6991,3778,11555
03-10-2026,PUGLIA,16,BRINDISI,SAN DONACI,074013,11,37,289,3904,1906,6147
03-10-2026,PUGLIA,16,LECCE,SAN DONATO DI LECCE,075069,13,88,348,3571,1790,5810
03-10-2026,PUGLIA,16,BARLETTA-ANDRIA-TRANI,SAN FERDINANDO DI PUGLIA,110007,41,157,982,11764,5723,18667
03-10-2026,PUGLIA,16,TARANTO,SAN GIORGIO IONICO,073024,30,154,1358,12430,5345,19317
03-10-2026,PUGLIA,16,FOGGIA,SAN GIOVANNI ROTONDO,071046,27,293,1902,17045,7098,26365
03-10-2026,PUGLIA,16,FOGGIA,SAN MARCO IN LAMIS,071047,11,152,951,8838,4632,14584
03-10-2026,PUGLIA,16,FOGGIA,SAN MARCO LA CATOLA,071048,0,3,26,288,132,449
03-10-2026,PUGLIA,16,TARANTO,SAN MARZANO DI SAN GIUSEPPE,073025,11,75,878,6561,2913,10438
03-10-2026,PUGLIA,16,BRINDISI,SAN MICHELE SALENTINO,074014,4,39,347,2723,1097,4210
03-10-2026,PUGLIA,16,FOGGIA,SAN NICANDRO GARGANICO,071049,27,104,721,7846,3561,12259
03-10-2026,PUGLIA,16,BRINDISI,SAN PANCRAZIO SALENTINO,074015,7,98,497,5497,3205,9304
03-10-2026,PUGLIA,16,FOGGIA,SAN PAOLO DI CIVITATE,071050,5,42,624,3471,886,5028
03-10-2026,PUGLIA,16,LECCE,SAN PIETRO IN LAMA,075071,5,34,194,2221,978,3432
03-10-2026,PUGLIA,16,BRINDISI,SAN PIETRO VERNOTICO,074016,33,176,972,11883,6231,19295
03-10-2026,PUGLIA,16,FOGGIA,SAN SEVERO,071051,74,726,3673,43346,21003,68822
03-10-2026,PUGLIA,16,BRINDISI,SAN VITO DEI NORMANNI,074017,21,359,1035,13181,5329,19925
03-10-2026,PUGLIA,16,LECCE,SANARICA,075067,0,7,66,641,406,1120
03-10-2026,PUGLIA,16,BARI,SANNICANDRO DI BARI,072040,24,129,843,7819,3381,12196
03-10-2026,PUGLIA,16,LECCE,SANNICOLA,075070,5,67,309,3977,2205,6563
03-10-2026,PUGLIA,16,FOGGIA,SANT'AGATA DI PUGLIA,071052,4,15,94,991,299,1403
03-10-2026,PUGLIA,16,LECCE,SANTA CESAREA TERME,075072,5,25,199,1534,801,2564
03-10-2026,PUGLIA,16,BARI,SANTERAMO IN COLLE,072041,30,193,1697,21622,10274,33816
03-10-2026,PUGLIA,16,TARANTO,SAVA,073026,15,244,874,11713,9678,22524
03-10-2026,PUGLIA,16,LECCE,SCORRANO,075073,5,43,239,3102,1219,4608
03-10-2026,PUGLIA,16,LECCE,SECLÌ,075074,4,8,100,1084,504,1700
03-10-2026,PUGLIA,16,FOGGIA,SERRACAPRIOLA,071053,1,19,199,1737,733,2689
03-10-2026,PUGLIA,16,LECCE,SOGLIANO CAVOUR,075075,0,58,230,3174,2088,5550
03-10-2026,PUGLIA,16,LECCE,SOLETO,075076,3,63,289,3089,1397,4841
03-10-2026,PUGLIA,16,LECCE,SPECCHIA,075077,3,91,293,2754,1183,4324
03-10-2026,PUGLIA,16,BARLETTA-ANDRIA-TRANI,SPINAZZOLA,110008,5,39,325,3016,798,4183
03-10-2026,PUGLIA,16,LECCE,SPONGANO,075078,1,19,170,1542,621,2353
03-10-2026,PUGLIA,16,LECCE,SQUINZANO,075079,26,244,900,11192,4592,16954
03-10-2026,PUGLIA,16,TARANTO,STATTE,073029,9,254,1013,9814,4333,15423
03-10-2026,PUGLIA,16,LECCE,STERNATIA,075080,0,38,111,1374,708,2231
03-10-2026,PUGLIA,16,FOGGIA,STORNARA,071054,2,20,268,3144,1318,4752
03-10-2026,PUGLIA,16,FOGGIA,STORNARELLA,071055,0,36,243,2623,883,3785
03-10-2026,PUGLIA,16,LECCE,SUPERSANO,075081,4,25,258,2433,1454,4174
03-10-2026,PUGLIA,16,LECCE,SURANO,075082,1,12,65,707,290,1075
03-10-2026,PUGLIA,16,LECCE,SURBO,075083,25,223,1049,9857,4123,15277
03-10-2026,PUGLIA,16,TARANTO,TARANTO,073027,602,3559,18435,212243,117475,352314
03-10-2026,PUGLIA,16,LECCE,TAURISANO,075084,4,75,476,6077,2609,9241
03-10-2026,PUGLIA,16,LECCE,TAVIANO,075085,11,68,781,6856,3448,11164
03-10-2026,PUGLIA,16,BARI,TERLIZZI,072043,33,663,1814,21856,8687,33053
03-10-2026,PUGLIA,16,LECCE,TIGGIANO,075086,0,8,173,1272,918,2371
03-10-2026,PUGLIA,16,BRINDISI,TORCHIAROLO,074018,9,66,397,4072,1661,6205
03-10-2026,PUGLIA,16,BARI,TORITTO,072044,10,96,467,5387,2374,8334
03-10-2026,PUGLIA,16,BRINDISI,TORRE SANTA SUSANNA,074019,15,34,547,5404,2161,8161
03-10-2026,PUGLIA,16,FOGGIA,TORREMAGGIORE,071056,21,276,1335,13428,5985,21045
03-10-2026,PUGLIA,16,TARANTO,TORRICELLA,073028,9,39,273,3246,857,4424
03-10-2026,PUGLIA,16,BARLETTA-ANDRIA-TRANI,TRANI,110009,75,1359,3920,48848,26680,80882
03-10-2026,PUGLIA,16,LECCE,TREPUZZI,075087,32,153,850,11710,12690,25435
03-10-2026,PUGLIA,16,LECCE,TRICASE,075088,24,200,1211,12248,6586,20269
03-10-2026,PUGLIA,16,BARI,TRIGGIANO,072046,54,469,2635,27238,14938,45334
03-10-2026,PUGLIA,16,BARLETTA-ANDRIA-TRANI,TRINITAPOLI,110010,6,139,603,8386,4528,13662
03-10-2026,PUGLIA,16,FOGGIA,TROIA,071058,3,87,617,5028,2478,8213
03-10-2026,PUGLIA,16,LECCE,TUGLIE,075089,3,38,328,3396,1669,5434
03-10-2026,PUGLIA,16,BARI,TURI,072047,34,240,1516,13461,8127,23378
03-10-2026,PUGLIA,16,LECCE,UGENTO,075090,27,215,687,9265,4015,14209
03-10-2026,PUGLIA,16,LECCE,UGGIANO LA CHIESA,075091,3,25,171,2085,1099,3383
03-10-2026,PUGLIA,16,BARI,VALENZANO,072048,44,234,1828,20375,11036,33517
03-10-2026,PUGLIA,16,LECCE,VEGLIE,075092,16,111,717,6909,2666,10419
03-10-2026,PUGLIA,16,LECCE,VERNOLE,075093,4,56,425,4089,1933,6507
03-10-2026,PUGLIA,16,FOGGIA,VICO DEL GARGANO,071059,0,43,400,3445,1684,5572
03-10-2026,PUGLIA,16,FOGGIA,VIESTE,071060,8,95,691,6720,2965,10479
03-10-2026,PUGLIA,16,BRINDISI,VILLA CASTELLI,074020,4,49,335,3894,1444,5726
03-10-2026,PUGLIA,16,FOGGIA,VOLTURARA APPULA,071061,0,2,16,129,119,266
03-10-2026,PUGLIA,16,FOGGIA,VOLTURINO,071062,1,7,60,718,303,1089
03-10-2026,PUGLIA,16,FOGGIA,ZAPPONETA,071064,1,26,179,1721,1694,3621
03-10-2026,PUGLIA,16,LECCE,ZOLLINO,075094,1,16,125,1254,459,1855
03-10-2026,SARDEGNA,20,ORISTANO,ABBASANTA,095001,6,31,260,2027,1576,3900
03-10-2026,SARDEGNA,20,SASSARI,AGGIUS,090001,1,13,122,1138,596,1870
03-10-2026,SARDEGNA,20,SASSARI,AGLIENTU,090062,2,12,77,945,407,1443
03-10-2026,SARDEGNA,20,ORISTANO,AIDOMAGGIORE,095002,0,5,12,162,56,235
03-10-2026,SARDEGNA,20,ORISTANO,ALBAGIARA,095003,0,2,16,152,29,199
03-10-2026,SARDEGNA,20,ORISTANO,ALES,095004,1,20,92,896,398,1407
03-10-2026,SARDEGNA,20,SASSARI,ALGHERO,090003,114,1234,7036,54766,23962,87112
03-10-2026,SARDEGNA,20,ORISTANO,ALLAI,095005,0,9,35,314,56,414
03-10-2026,SARDEGNA,20,SASSARI,ALÀ DEI SARDI,090002,1,7,38,532,130,708
03-10-2026,SARDEGNA,20,SASSARI,ANELA,090004,0,4,39,316,148,507
03-10-2026,SARDEGNA,20,ORISTANO,ARBOREA,095006,7,25,289,2789,1719,4829
03-10-2026,SARDEGNA,20,SUD SARDEGNA,ARBUS,111001,5,223,363,3944,1340,5875
03-10-2026,SARDEGNA,20,SASSARI,ARDARA,090005,1,3,37,445,116,602
03-10-2026,SARDEGNA,20,ORISTANO,ARDAULI,095007,0,8,32,400,86,526
03-10-2026,SARDEGNA,20,NUORO,ARITZO,091001,0,10,50,658,274,992
03-10-2026,SARDEGNA,20,SUD SARDEGNA,ARMUNGIA,111002,0,2,20,192,84,298
03-10-2026,SARDEGNA,20,SASSARI,ARZACHENA,090006,46,244,1291,12884,5073,19538
03-10-2026,SARDEGNA,20,NUORO,ARZANA,091002,0,11,108,1093,308,1520
03-10-2026,SARDEGNA,20,CAGLIARI,ASSEMINI,092003,80,1090,2957,33907,11452,49486
03-10-2026,SARDEGNA,20,ORISTANO,ASSOLO,095008,1,3,29,207,62,302
03-10-2026,SARDEGNA,20,ORISTANO,ASUNI,095009,0,3,26,167,73,269
03-10-2026,SARDEGNA,20,NUORO,ATZARA,091003,0,14,66,649,329,1058
03-10-2026,SARDEGNA,20,NUORO,AUSTIS,091004,0,6,13,243,157,419
03-10-2026,SARDEGNA,20,SASSARI,BADESI,090081,0,36,119,1234,435,1824
03-10-2026,SARDEGNA,20,SUD SARDEGNA,BALLAO,111003,0,0,33,283,107,423
03-10-2026,SARDEGNA,20,SASSARI,BANARI,090007,0,1,24,211,60,296
03-10-2026,SARDEGNA,20,ORISTANO,BARADILI,095010,0,3,5,72,15,95
03-10-2026,SARDEGNA,20,ORISTANO,BARATILI SAN PIETRO,095011,1,8,57,648,247,961
03-10-2026,SARDEGNA,20,ORISTANO,BARESSA,095012,1,10,30,263,92,396
03-10-2026,SARDEGNA,20,NUORO,BARI SARDO,091005,6,30,241,2971,1128,4376
03-10-2026,SARDEGNA,20,SUD SARDEGNA,BARRALI,111004,1,12,52,750,269,1084
03-10-2026,SARDEGNA,20,SUD SARDEGNA,BARUMINI,111005,0,25,64,688,241,1018
03-10-2026,SARDEGNA,20,ORISTANO,BAULADU,095013,1,7,30,286,91,415
03-10-2026,SARDEGNA,20,NUORO,BAUNEI,091006,0,22,184,2010,1078,3294
03-10-2026,SARDEGNA,20,NUORO,BELVÌ,091007,0,14,20,318,104,456
03-10-2026,SARDEGNA,20,SASSARI,BENETUTTI,090008,1,17,73,711,258,1060
03-10-2026,SARDEGNA,20,SASSARI,BERCHIDDA,090009,0,26,116,1365,439,1946
03-10-2026,SARDEGNA,20,SASSARI,BESSUDE,090010,0,5,39,303,68,415
03-10-2026,SARDEGNA,20,ORISTANO,BIDONÌ,095014,0,6,13,66,32,117
03-10-2026,SARDEGNA,20,NUORO,BIRORI,091008,0,13,50,530,326,919
03-10-2026,SARDEGNA,20,NUORO,BITTI,091009,1,15,145,1160,604,1925
03-10-2026,SARDEGNA,20,NUORO,BOLOTANA,091010,2,18,163,1749,526,2458
03-10-2026,SARDEGNA,20,ORISTANO,BONARCADO,095015,1,14,68,643,251,977
03-10-2026,SARDEGNA,20,SASSARI,BONNANARO,090011,1,6,40,386,141,574
03-10-2026,SARDEGNA,20,SASSARI,BONO,090012,3,68,251,1949,974,3245
03-10-2026,SARDEGNA,20,SASSARI,BONORVA,090013,8,20,224,1484,338,2074
03-10-2026,SARDEGNA,20,ORISTANO,BORONEDDU,095016,1,1,3,21,7,33
03-10-2026,SARDEGNA,20,NUORO,BORORE,091011,2,4,144,923,187,1260
03-10-2026,SARDEGNA,20,NUORO,BORTIGALI,091012,1,2,68,555,153,779
03-10-2026,SARDEGNA,20,SASSARI,BORTIGIADAS,090014,0,0,52,261,94,407
03-10-2026,SARDEGNA,20,SASSARI,BORUTTA,090015,1,3,16,193,74,287
03-10-2026,SARDEGNA,20,ORISTANO,BOSA,095079,12,169,671,6484,2362,9698
03-10-2026,SARDEGNA,20,SASSARI,BOTTIDDA,090016,1,13,72,582,212,880
03-10-2026,SARDEGNA,20,SASSARI,BUDDUSÒ,090017,0,44,139,1439,404,2026
03-10-2026,SARDEGNA,20,SASSARI,BUDONI,090091,9,70,445,5544,2943,9011
03-10-2026,SARDEGNA,20,SUD SARDEGNA,BUGGERRU,111006,2,3,65,567,216,853
03-10-2026,SARDEGNA,20,SASSARI,BULTEI,090018,0,8,21,425,132,586
03-10-2026,SARDEGNA,20,SASSARI,BULZI,090019,0,3,31,198,39,271
03-10-2026,SARDEGNA,20,SUD SARDEGNA,BURCEI,111007,0,16,853,2321,552,3742
03-10-2026,SARDEGNA,20,SASSARI,BURGOS,090020,0,8,65,393,146,612
03-10-2026,SARDEGNA,20,ORISTANO,BUSACHI,095017,1,8,31,471,335,846
03-10-2026,SARDEGNA,20,ORISTANO,CABRAS,095018,15,212,680,7198,2834,10939
03-10-2026,SARDEGNA,20,CAGLIARI,CAGLIARI,092009,720,11130,19213,268969,106918,406950
03-10-2026,SARDEGNA,20,SASSARI,CALANGIANUS,090021,4,64,258,2695,1283,4304
03-10-2026,SARDEGNA,20,SUD SARDEGNA,CALASETTA,111008,3,80,270,2554,931,3838
03-10-2026,SARDEGNA,20,CAGLIARI,CAPOTERRA,092011,65,349,2415,23331,7755,33915
03-10-2026,SARDEGNA,20,SUD SARDEGNA,CARBONIA,111009,73,415,2028,22117,7744,32377
03-10-2026,SARDEGNA,20,NUORO,CARDEDU,091103,4,22,157,1954,1483,3620
03-10-2026,SARDEGNA,20,SASSARI,CARGEGHE,090022,0,14,55,444,89,602
03-10-2026,SARDEGNA,20,SUD SARDEGNA,CARLOFORTE,111010,6,26,342,3465,1813,5652
03-10-2026,SARDEGNA,20,SASSARI,CASTELSARDO,090023,0,38,437,4172,2176,6823
03-10-2026,SARDEGNA,20,SUD SARDEGNA,CASTIADAS,111011,1,32,105,1295,374,1807
03-10-2026,SARDEGNA,20,SASSARI,CHEREMULE,090024,1,5,55,341,116,518
03-10-2026,SARDEGNA,20,SASSARI,CHIARAMONTI,090025,0,3,57,484,198,742
03-10-2026,SARDEGNA,20,SASSARI,CODRONGIANOS,090026,3,19,131,1235,391,1779
03-10-2026,SARDEGNA,20,SUD SARDEGNA,COLLINAS,111012,0,4,20,307,85,416
03-10-2026,SARDEGNA,20,SASSARI,COSSOINE,090027,2,10,75,374,114,575
03-10-2026,SARDEGNA,20,ORISTANO,CUGLIERI,095019,5,59,163,1504,568,2299
03-10-2026,SARDEGNA,20,ORISTANO,CURCURIS,095077,2,9,18,239,105,373
03-10-2026,SARDEGNA,20,CAGLIARI,DECIMOMANNU,092015,19,296,1212,11216,4082,16825
03-10-2026,SARDEGNA,20,SUD SARDEGNA,DECIMOPUTZU,111013,6,85,310,3380,1323,5104
03-10-2026,SARDEGNA,20,NUORO,DESULO,091016,0,9,121,1266,441,1837
03-10-2026,SARDEGNA,20,SUD SARDEGNA,DOLIANOVA,111014,14,196,859,8752,3410,13231
03-10-2026,SARDEGNA,20,SUD SARDEGNA,DOMUS DE MARIA,111015,4,24,79,1095,455,1657
03-10-2026,SARDEGNA,20,SUD SARDEGNA,DOMUSNOVAS,111016,8,96,369,4073,1348,5894
03-10-2026,SARDEGNA,20,SUD SARDEGNA,DONORI,111017,1,15,185,1585,567,2353
03-10-2026,SARDEGNA,20,NUORO,DORGALI,091017,5,56,397,3868,1841,6167
03-10-2026,SARDEGNA,20,NUORO,DUALCHI,091018,0,3,26,248,98,375
03-10-2026,SARDEGNA,20,NUORO,ELINI,091019,1,2,51,542,447,1043
03-10-2026,SARDEGNA,20,CAGLIARI,ELMAS,092108,27,398,1128,11809,4212,17574
03-10-2026,SARDEGNA,20,SASSARI,ERULA,090088,0,3,58,343,114,518
03-10-2026,SARDEGNA,20,SUD SARDEGNA,ESCALAPLANO,111018,0,14,98,895,246,1253
03-10-2026,SARDEGNA,20,SUD SARDEGNA,ESCOLCA,111019,0,0,13,159,56,228
03-10-2026,SARDEGNA,20,SASSARI,ESPORLATU,090028,0,1,36,199,181,417
03-10-2026,SARDEGNA,20,SUD SARDEGNA,ESTERZILI,111020,1,3,25,248,71,348
03-10-2026,SARDEGNA,20,SASSARI,FLORINAS,090029,2,19,91,1054,450,1616
03-10-2026,SARDEGNA,20,SUD SARDEGNA,FLUMINIMAGGIORE,111021,4,20,109,1313,394,1840
03-10-2026,SARDEGNA,20,ORISTANO,FLUSSIO,095080,0,2,37,355,73,467
03-10-2026,SARDEGNA,20,NUORO,FONNI,091024,2,29,193,2571,1442,4237
03-10-2026,SARDEGNA,20,ORISTANO,FORDONGIANUS,095020,1,8,44,452,107,612
03-10-2026,SARDEGNA,20,SUD SARDEGNA,FURTEI,111022,2,20,138,1127,343,1630
03-10-2026,SARDEGNA,20,NUORO,GADONI,091025,0,4,18,199,47,268
03-10-2026,SARDEGNA,20,NUORO,GAIRO,091026,1,18,60,749,220,1048
03-10-2026,SARDEGNA,20,NUORO,GALTELLÌ,091027,0,25,115,1139,366,1645
03-10-2026,SARDEGNA,20,NUORO,GAVOI,091028,0,30,110,1332,589,2061
03-10-2026,SARDEGNA,20,SUD SARDEGNA,GENONI,111023,1,13,61,464,173,712
03-10-2026,SARDEGNA,20,SUD SARDEGNA,GENURI,111024,0,0,21,153,74,248
03-10-2026,SARDEGNA,20,SUD SARDEGNA,GERGEI,111025,1,7,45,441,131,625
03-10-2026,SARDEGNA,20,SUD SARDEGNA,GESICO,111026,0,6,22,344,94,466
03-10-2026,SARDEGNA,20,SUD SARDEGNA,GESTURI,111027,0,4,49,531,202,786
03-10-2026,SARDEGNA,20,ORISTANO,GHILARZA,095021,11,88,354,2987,1273,4713
03-10-2026,SARDEGNA,20,SASSARI,GIAVE,090030,0,4,12,172,46,234
03-10-2026,SARDEGNA,20,SUD SARDEGNA,GIBA,111028,3,83,94,1266,258,1704
03-10-2026,SARDEGNA,20,NUORO,GIRASOLE,091031,2,27,107,1207,691,2034
03-10-2026,SARDEGNA,20,SASSARI,GOLFO ARANCI,090083,2,54,225,2133,971,3385
03-10-2026,SARDEGNA,20,SUD SARDEGNA,GONI,111029,0,6,13,174,67,260
03-10-2026,SARDEGNA,20,SUD SARDEGNA,GONNESA,111030,2,34,200,2246,751,3233
03-10-2026,SARDEGNA,20,ORISTANO,GONNOSCODINA,095022,0,3,18,333,124,478
03-10-2026,SARDEGNA,20,SUD SARDEGNA,GONNOSFANADIGA,111031,4,134,369,4577,1644,6728
03-10-2026,SARDEGNA,20,ORISTANO,GONNOSNÒ,095023,0,19,44,321,96,480
03-10-2026,SARDEGNA,20,ORISTANO,GONNOSTRAMATZA,095024,0,5,46,434,203,688
03-10-2026,SARDEGNA,20,SUD SARDEGNA,GUAMAGGIORE,111032,2,10,57,482,135,686
03-10-2026,SARDEGNA,20,SUD SARDEGNA,GUASILA,111033,2,36,149,1751,517,2455
03-10-2026,SARDEGNA,20,SUD SARDEGNA,GUSPINI,111034,30,699,981,10203,2918,14831
03-10-2026,SARDEGNA,20,SUD SARDEGNA,IGLESIAS,111035,44,477,1983,22366,8900,33770
03-10-2026,SARDEGNA,20,NUORO,ILBONO,091032,1,29,128,1223,564,1945
03-10-2026,SARDEGNA,20,SASSARI,ILLORAI,090031,1,12,39,334,73,459
03-10-2026,SARDEGNA,20,NUORO,IRGOLI,091033,2,17,95,982,220,1316
03-10-2026,SARDEGNA,20,SUD SARDEGNA,ISILI,111036,2,23,93,1041,328,1487
03-10-2026,SARDEGNA,20,SASSARI,ITTIREDDU,090032,0,2,10,180,33,225
03-10-2026,SARDEGNA,20,SASSARI,ITTIRI,090033,3,97,451,3923,1146,5620
03-10-2026,SARDEGNA,20,NUORO,JERZU,091035,1,67,220,2257,880,3425
03-10-2026,SARDEGNA,20,SASSARI,LA MADDALENA,090035,40,92,1018,10612,5203,16965
03-10-2026,SARDEGNA,20,ORISTANO,LACONI,095082,2,12,119,1020,376,1529
03-10-2026,SARDEGNA,20,SASSARI,LAERRU,090034,0,5,46,344,78,473
03-10-2026,SARDEGNA,20,NUORO,LANUSEI,091037,7,65,322,4205,2258,6857
03-10-2026,SARDEGNA,20,SUD SARDEGNA,LAS PLASSAS,111037,0,1,7,56,26,90
03-10-2026,SARDEGNA,20,NUORO,LEI,091038,0,4,20,212,159,395
03-10-2026,SARDEGNA,20,NUORO,LOCERI,091039,1,49,116,1112,576,1854
03-10-2026,SARDEGNA,20,NUORO,LOCULI,091040,0,3,16,142,73,234
03-10-2026,SARDEGNA,20,NUORO,LODINE,091104,0,2,12,125,35,174
03-10-2026,SARDEGNA,20,NUORO,LODÈ,091041,2,34,121,1079,342,1578
03-10-2026,SARDEGNA,20,SASSARI,LOIRI PORTO SAN PAOLO,090084,9,97,426,4083,1490,6105
03-10-2026,SARDEGNA,20,NUORO,LOTZORAI,091042,7,19,113,1467,758,2364
03-10-2026,SARDEGNA,20,NUORO,LULA,091043,0,7,44,566,293,910
03-10-2026,SARDEGNA,20,SUD SARDEGNA,LUNAMATRONA,111038,5,9,67,971,411,1463
03-10-2026,SARDEGNA,20,SASSARI,LUOGOSANTO,090036,0,14,86,793,199,1092
03-10-2026,SARDEGNA,20,SASSARI,LURAS,090037,1,27,122,1062,357,1569
03-10-2026,SARDEGNA,20,NUORO,MACOMER,091044,18,132,634,6227,2247,9258
03-10-2026,SARDEGNA,20,ORISTANO,MAGOMADAS,095083,5,4,47,512,147,715
03-10-2026,SARDEGNA,20,NUORO,MAMOIADA,091046,2,17,92,1086,531,1728
03-10-2026,SARDEGNA,20,SUD SARDEGNA,MANDAS,111039,4,18,117,1036,357,1532
03-10-2026,SARDEGNA,20,SASSARI,MARA,090038,0,7,33,445,448,933
03-10-2026,SARDEGNA,20,CAGLIARI,MARACALAGONIS,092037,12,105,858,8292,2864,12131
03-10-2026,SARDEGNA,20,ORISTANO,MARRUBIU,095025,4,42,242,2444,1073,3805
03-10-2026,SARDEGNA,20,SASSARI,MARTIS,090039,0,5,39,277,62,383
03-10-2026,SARDEGNA,20,SUD SARDEGNA,MASAINAS,111040,0,6,35,392,171,604
03-10-2026,SARDEGNA,20,ORISTANO,MASULLAS,095026,1,17,49,525,193,785
03-10-2026,SARDEGNA,20,NUORO,MEANA SARDO,091047,0,8,50,711,214,983
03-10-2026,SARDEGNA,20,ORISTANO,MILIS,095027,3,19,55,910,356,1343
03-10-2026,SARDEGNA,20,ORISTANO,MODOLO,095084,0,2,13,95,27,137
03-10-2026,SARDEGNA,20,ORISTANO,MOGORELLA,095028,0,2,9,125,51,187
03-10-2026,SARDEGNA,20,ORISTANO,MOGORO,095029,5,26,167,2031,851,3080
03-10-2026,SARDEGNA,20,SUD SARDEGNA,MONASTIR,111041,7,111,354,4106,1403,5981
03-10-2026,SARDEGNA,20,CAGLIARI,MONSERRATO,092109,18,491,1481,19187,7064,28241
03-10-2026,SARDEGNA,20,SASSARI,MONTELEONE ROCCA DORIA,090040,0,5,14,78,13,110
03-10-2026,SARDEGNA,20,SASSARI,MONTI,090041,1,35,129,1282,475,1922
03-10-2026,SARDEGNA,20,ORISTANO,MONTRESTA,095085,2,2,24,120,40,188
03-10-2026,SARDEGNA,20,SASSARI,MORES,090042,2,19,98,912,392,1423
03-10-2026,SARDEGNA,20,ORISTANO,MORGONGIORI,095030,1,3,46,308,202,560
03-10-2026,SARDEGNA,20,SUD SARDEGNA,MURAVERA,111042,7,120,413,4325,1642,6507
03-10-2026,SARDEGNA,20,SASSARI,MUROS,090043,0,18,63,620,232,933
03-10-2026,SARDEGNA,20,SUD SARDEGNA,MUSEI,111043,0,15,86,737,317,1155
03-10-2026,SARDEGNA,20,ORISTANO,NARBOLIA,095031,0,18,71,951,311,1351
03-10-2026,SARDEGNA,20,SUD SARDEGNA,NARCAO,111044,5,33,144,1613,552,2347
03-10-2026,SARDEGNA,20,ORISTANO,NEONELI,095032,0,5,25,255,33,318
03-10-2026,SARDEGNA,20,NUORO,NORAGUGUME,091050,1,5,18,204,63,291
03-10-2026,SARDEGNA,20,ORISTANO,NORBELLO,095033,2,14,55,829,368,1268
03-10-2026,SARDEGNA,20,SASSARI,NUGHEDU SAN NICOLÒ,090044,0,5,34,308,95,442
03-10-2026,SARDEGNA,20,ORISTANO,NUGHEDU SANTA VITTORIA,095034,0,3,29,242,67,341
03-10-2026,SARDEGNA,20,SASSARI,NULE,090045,0,9,52,524,154,739
03-10-2026,SARDEGNA,20,SASSARI,NULVI,090046,2,28,193,1377,464,2064
03-10-2026,SARDEGNA,20,NUORO,NUORO,091051,134,802,4348,43424,21541,70249
03-10-2026,SARDEGNA,20,ORISTANO,NURACHI,095035,0,19,68,927,362,1376
03-10-2026,SARDEGNA,20,SUD SARDEGNA,NURAGUS,111045,2,39,67,720,216,1044
03-10-2026,SARDEGNA,20,SUD SARDEGNA,NURALLAO,111046,0,7,63,488,211,769
03-10-2026,SARDEGNA,20,SUD SARDEGNA,NURAMINIS,111047,0,31,223,1835,681,2770
03-10-2026,SARDEGNA,20,ORISTANO,NURECI,095036,0,0,11,82,21,114
03-10-2026,SARDEGNA,20,SUD SARDEGNA,NURRI,111048,0,11,72,683,202,968
03-10-2026,SARDEGNA,20,SUD SARDEGNA,NUXIS,111049,0,6,50,521,181,758
03-10-2026,SARDEGNA,20,SASSARI,OLBIA,090047,128,2756,6214,76537,31218,116853
03-10-2026,SARDEGNA,20,NUORO,OLIENA,091055,1,92,348,3795,1994,6230
03-10-2026,SARDEGNA,20,ORISTANO,OLLASTRA,095037,1,20,57,657,202,937
03-10-2026,SARDEGNA,20,NUORO,OLLOLAI,091056,1,11,144,910,226,1292
03-10-2026,SARDEGNA,20,SASSARI,OLMEDO,090048,7,146,506,4127,1675,6461
03-10-2026,SARDEGNA,20,NUORO,OLZAI,091057,2,8,27,388,90,515
03-10-2026,SARDEGNA,20,NUORO,ONANÌ,091058,0,4,11,89,48,152
03-10-2026,SARDEGNA,20,NUORO,ONIFAI,091059,0,4,36,352,153,545
03-10-2026,SARDEGNA,20,NUORO,ONIFERI,091060,1,2,35,330,176,544
03-10-2026,SARDEGNA,20,NUORO,ORANI,091061,1,27,141,1529,826,2524
03-10-2026,SARDEGNA,20,NUORO,ORGOSOLO,091062,0,27,164,1432,506,2129
03-10-2026,SARDEGNA,20,ORISTANO,ORISTANO,095038,88,1377,3258,36590,18156,59469
03-10-2026,SARDEGNA,20,NUORO,OROSEI,091063,6,55,290,3832,1461,5644
03-10-2026,SARDEGNA,20,NUORO,OROTELLI,091064,1,13,103,1167,393,1677
03-10-2026,SARDEGNA,20,SUD SARDEGNA,ORROLI,111050,1,7,77,721,191,997
03-10-2026,SARDEGNA,20,SUD SARDEGNA,ORTACESUS,111051,1,7,73,562,196,839
03-10-2026,SARDEGNA,20,NUORO,ORTUERI,091066,1,16,41,367,142,567
03-10-2026,SARDEGNA,20,NUORO,ORUNE,091067,1,10,113,666,138,928
03-10-2026,SARDEGNA,20,SASSARI,OSCHIRI,090049,0,34,134,1259,400,1827
03-10-2026,SARDEGNA,20,NUORO,OSIDDA,091068,0,4,25,184,31,244
03-10-2026,SARDEGNA,20,SASSARI,OSILO,090050,2,41,209,2161,959,3372
03-10-2026,SARDEGNA,20,NUORO,OSINI,091069,0,19,33,328,92,472
03-10-2026,SARDEGNA,20,SASSARI,OSSI,090051,3,48,378,3540,1387,5356
03-10-2026,SARDEGNA,20,NUORO,OTTANA,091070,0,11,93,1354,678,2136
03-10-2026,SARDEGNA,20,NUORO,OVODDA,091071,0,6,54,534,158,752
03-10-2026,SARDEGNA,20,SASSARI,OZIERI,090052,8,114,545,5372,2062,8101
03-10-2026,SARDEGNA,20,SUD SARDEGNA,PABILLONIS,111052,0,25,118,1275,415,1833
03-10-2026,SARDEGNA,20,SASSARI,PADRIA,090053,0,1,39,256,107,403
03-10-2026,SARDEGNA,20,SASSARI,PADRU,090090,3,17,147,1224,344,1735
03-10-2026,SARDEGNA,20,SASSARI,PALAU,090054,11,149,645,5268,1863,7936
03-10-2026,SARDEGNA,20,ORISTANO,PALMAS ARBOREA,095039,3,11,86,912,395,1407
03-10-2026,SARDEGNA,20,SASSARI,PATTADA,090055,3,30,216,1534,699,2482
03-10-2026,SARDEGNA,20,ORISTANO,PAU,095040,1,3,17,236,56,313
03-10-2026,SARDEGNA,20,SUD SARDEGNA,PAULI ARBAREI,111053,0,8,32,428,79,547
03-10-2026,SARDEGNA,20,ORISTANO,PAULILATINO,095041,3,28,133,1215,436,1815
03-10-2026,SARDEGNA,20,NUORO,PERDASDEFOGU,091072,4,30,162,1262,305,1763
03-10-2026,SARDEGNA,20,SUD SARDEGNA,PERDAXIUS,111054,0,12,60,555,160,787
03-10-2026,SARDEGNA,20,SASSARI,PERFUGAS,090056,1,16,139,1246,479,1881
03-10-2026,SARDEGNA,20,SUD SARDEGNA,PIMENTEL,111055,0,10,176,942,244,1372
03-10-2026,SARDEGNA,20,SUD SARDEGNA,PISCINAS,111056,0,6,22,240,79,347
03-10-2026,SARDEGNA,20,SASSARI,PLOAGHE,090057,6,75,431,3060,865,4437
03-10-2026,SARDEGNA,20,ORISTANO,POMPU,095042,0,3,16,107,22,148
03-10-2026,SARDEGNA,20,SASSARI,PORTO TORRES,090058,18,296,1961,17711,7579,27565
03-10-2026,SARDEGNA,20,SUD SARDEGNA,PORTOSCUSO,111057,19,100,415,4252,1916,6702
03-10-2026,SARDEGNA,20,NUORO,POSADA,091073,4,42,238,5662,6399,12345
03-10-2026,SARDEGNA,20,SASSARI,POZZOMAGGIORE,090059,2,36,159,1147,543,1887
03-10-2026,SARDEGNA,20,CAGLIARI,PULA,092050,15,172,572,6435,1806,9000
03-10-2026,SARDEGNA,20,SASSARI,PUTIFIGARI,090060,0,4,52,422,164,642
03-10-2026,SARDEGNA,20,CAGLIARI,QUARTU SANT'ELENA,092051,131,1833,8307,77056,26992,114319
03-10-2026,SARDEGNA,20,CAGLIARI,QUARTUCCIU,092105,48,453,1778,17252,5833,25364
03-10-2026,SARDEGNA,20,ORISTANO,RIOLA SARDO,095043,6,18,104,1156,385,1669
03-10-2026,SARDEGNA,20,SASSARI,ROMANA,090061,0,7,23,217,54,301
03-10-2026,SARDEGNA,20,ORISTANO,RUINAS,095044,0,5,17,193,56,271
03-10-2026,SARDEGNA,20,SUD SARDEGNA,SADALI,111058,2,6,36,370,182,596
03-10-2026,SARDEGNA,20,ORISTANO,SAGAMA,095086,0,1,23,120,33,177
03-10-2026,SARDEGNA,20,SUD SARDEGNA,SAMASSI,111059,3,70,353,3267,903,4596
03-10-2026,SARDEGNA,20,SUD SARDEGNA,SAMATZAI,111060,0,26,94,1091,506,1717
03-10-2026,SARDEGNA,20,ORISTANO,SAMUGHEO,095045,1,14,114,1106,443,1678
03-10-2026,SARDEGNA,20,SUD SARDEGNA,SAN BASILIO,111061,0,8,63,621,144,836
03-10-2026,SARDEGNA,20,SUD SARDEGNA,SAN GAVINO MONREALE,111062,7,176,472,5175,2078,7908
03-10-2026,SARDEGNA,20,SUD SARDEGNA,SAN GIOVANNI SUERGIU,111063,9,29,302,3084,1168,4592
03-10-2026,SARDEGNA,20,ORISTANO,SAN NICOLÒ D'ARCIDANO,095046,1,9,125,1404,584,2123
03-10-2026,SARDEGNA,20,SUD SARDEGNA,SAN NICOLÒ GERREI,111064,0,5,45,571,146,767
03-10-2026,SARDEGNA,20,SUD SARDEGNA,SAN SPERATE,111065,17,224,872,8406,3466,12985
03-10-2026,SARDEGNA,20,SASSARI,SAN TEODORO,090092,14,143,680,6115,2218,9170
03-10-2026,SARDEGNA,20,ORISTANO,SAN VERO MILIS,095050,3,39,238,1727,661,2668
03-10-2026,SARDEGNA,20,SUD SARDEGNA,SAN VITO,111066,6,19,207,1747,643,2622
03-10-2026,SARDEGNA,20,SUD SARDEGNA,SANLURI,111067,8,169,589,6767,2517,10050
03-10-2026,SARDEGNA,20,SUD SARDEGNA,SANT'ANDREA FRIUS,111069,2,38,87,1358,617,2102
03-10-2026,SARDEGNA,20,SUD SARDEGNA,SANT'ANNA ARRESI,111070,2,37,160,1863,792,2854
03-10-2026,SARDEGNA,20,SUD SARDEGNA,SANT'ANTIOCO,111071,14,252,802,9369,3301,13738
03-10-2026,SARDEGNA,20,SASSARI,SANT'ANTONIO DI GALLURA,090085,0,15,98,770,163,1046
03-10-2026,SARDEGNA,20,ORISTANO,SANTA GIUSTA,095047,4,64,264,3208,1538,5078
03-10-2026,SARDEGNA,20,SASSARI,SANTA MARIA COGHINAS,090087,0,18,58,633,226,935
03-10-2026,SARDEGNA,20,SASSARI,SANTA TERESA GALLURA,090063,7,100,403,4615,1744,6869
03-10-2026,SARDEGNA,20,SUD SARDEGNA,SANTADI,111068,1,11,128,1589,558,2287
03-10-2026,SARDEGNA,20,ORISTANO,SANTU LUSSURGIU,095049,1,12,109,1040,539,1701
03-10-2026,SARDEGNA,20,SUD SARDEGNA,SARDARA,111072,2,48,301,3096,1031,4478
03-10-2026,SARDEGNA,20,CAGLIARI,SARROCH,092066,5,108,328,3201,1323,4965
03-10-2026,SARDEGNA,20,NUORO,SARULE,091077,0,16,61,794,323,1194
03-10-2026,SARDEGNA,20,SASSARI,SASSARI,090064,282,6590,16973,171619,84294,279758
03-10-2026,SARDEGNA,20,ORISTANO,SCANO DI MONTIFERRO,095051,1,75,93,1249,283,1701
03-10-2026,SARDEGNA,20,ORISTANO,SEDILO,095052,1,34,110,1070,275,1490
03-10-2026,SARDEGNA,20,SASSARI,SEDINI,090065,1,3,73,1027,302,1406
03-10-2026,SARDEGNA,20,SUD SARDEGNA,SEGARIU,111073,0,16,58,682,119,875
03-10-2026,SARDEGNA,20,CAGLIARI,SELARGIUS,092068,50,945,2361,33407,12985,49748
03-10-2026,SARDEGNA,20,SUD SARDEGNA,SELEGAS,111074,0,11,48,559,170,788
03-10-2026,SARDEGNA,20,SASSARI,SEMESTENE,090066,0,0,3,37,9,49
03-10-2026,SARDEGNA,20,ORISTANO,SENEGHE,095053,0,39,82,643,222,986
03-10-2026,SARDEGNA,20,ORISTANO,SENIS,095054,0,2,28,121,65,216
03-10-2026,SARDEGNA,20,ORISTANO,SENNARIOLO,095055,0,1,8,87,17,113
03-10-2026,SARDEGNA,20,SASSARI,SENNORI,090067,4,44,547,4259,1329,6183
03-10-2026,SARDEGNA,20,SUD SARDEGNA,SENORBÌ,111075,4,106,362,3764,1326,5562
03-10-2026,SARDEGNA,20,SUD SARDEGNA,SERDIANA,111076,4,53,233,2213,782,3285
03-10-2026,SARDEGNA,20,SUD SARDEGNA,SERRAMANNA,111077,37,235,760,9572,2956,13560
03-10-2026,SARDEGNA,20,SUD SARDEGNA,SERRENTI,111078,5,102,325,3445,819,4696
03-10-2026,SARDEGNA,20,SUD SARDEGNA,SERRI,111079,0,1,21,255,55,332
03-10-2026,SARDEGNA,20,CAGLIARI,SESTU,092074,52,1021,2431,26002,7942,37448
03-10-2026,SARDEGNA,20,CAGLIARI,SETTIMO SAN PIETRO,092075,19,146,778,7023,2769,10735
03-10-2026,SARDEGNA,20,SUD SARDEGNA,SETZU,111080,0,1,5,49,9,64
03-10-2026,SARDEGNA,20,SUD SARDEGNA,SEUI,111081,0,4,46,587,178,815
03-10-2026,SARDEGNA,20,SUD SARDEGNA,SEULO,111082,0,6,27,321,128,482
03-10-2026,SARDEGNA,20,ORISTANO,SIAMAGGIORE,095056,0,9,34,538,183,764
03-10-2026,SARDEGNA,20,ORISTANO,SIAMANNA,095057,0,4,27,318,138,487
03-10-2026,SARDEGNA,20,ORISTANO,SIAPICCIA,095076,0,1,19,170,44,234
03-10-2026,SARDEGNA,20,SUD SARDEGNA,SIDDI,111083,1,5,25,233,67,331
03-10-2026,SARDEGNA,20,NUORO,SILANUS,091083,1,17,95,1013,480,1606
03-10-2026,SARDEGNA,20,SASSARI,SILIGO,090068,0,2,39,279,81,401
03-10-2026,SARDEGNA,20,SUD SARDEGNA,SILIQUA,111084,3,57,229,2347,720,3356
03-10-2026,SARDEGNA,20,SUD SARDEGNA,SILIUS,111085,2,26,44,696,202,970
03-10-2026,SARDEGNA,20,ORISTANO,SIMALA,095058,0,3,24,246,74,347
03-10-2026,SARDEGNA,20,ORISTANO,SIMAXIS,095059,4,48,209,1565,519,2345
03-10-2026,SARDEGNA,20,NUORO,SINDIA,091084,0,4,64,632,299,999
03-10-2026,SARDEGNA,20,ORISTANO,SINI,095060,1,14,31,240,57,343
03-10-2026,SARDEGNA,20,NUORO,SINISCOLA,091085,33,208,926,10056,4566,15789
03-10-2026,SARDEGNA,20,CAGLIARI,SINNAI,092080,33,736,2298,20597,7648,31312
03-10-2026,SARDEGNA,20,ORISTANO,SIRIS,095061,0,1,8,55,37,101
03-10-2026,SARDEGNA,20,SUD SARDEGNA,SIURGUS DONIGALA,111086,0,16,117,858,253,1244
03-10-2026,SARDEGNA,20,ORISTANO,SODDÌ,095078,1,1,7,100,38,147
03-10-2026,SARDEGNA,20,ORISTANO,SOLARUSSA,095062,2,48,152,1685,558,2445
03-10-2026,SARDEGNA,20,SUD SARDEGNA,SOLEMINIS,111087,4,32,169,1633,676,2514
03-10-2026,SARDEGNA,20,NUORO,SORGONO,091086,0,9,64,993,583,1649
03-10-2026,SARDEGNA,20,ORISTANO,SORRADILE,095063,0,2,22,170,42,236
03-10-2026,SARDEGNA,20,SASSARI,SORSO,090069,15,149,1162,12257,4285,17868
03-10-2026,SARDEGNA,20,SASSARI,STINTINO,090089,1,43,192,1882,805,2923
03-10-2026,SARDEGNA,20,SUD SARDEGNA,SUELLI,111088,1,15,54,671,239,980
03-10-2026,SARDEGNA,20,ORISTANO,SUNI,095087,3,9,36,706,207,961
03-10-2026,SARDEGNA,20,ORISTANO,TADASUNI,095064,0,1,1,38,25,65
03-10-2026,SARDEGNA,20,NUORO,TALANA,091088,0,1,30,234,47,312
03-10-2026,SARDEGNA,20,SASSARI,TELTI,090080,3,31,134,1291,596,2055
03-10-2026,SARDEGNA,20,SASSARI,TEMPIO PAUSANIA,090070,15,152,1033,10468,4581,16249
03-10-2026,SARDEGNA,20,SASSARI,TERGU,090086,1,16,38,397,126,578
03-10-2026,SARDEGNA,20,ORISTANO,TERRALBA,095065,13,138,525,6095,2337,9108
03-10-2026,SARDEGNA,20,NUORO,TERTENIA,091089,3,25,205,2092,875,3200
03-10-2026,SARDEGNA,20,NUORO,TETI,091090,2,12,61,553,152,780
03-10-2026,SARDEGNA,20,SUD SARDEGNA,TEULADA,111089,3,37,266,2161,1000,3467
03-10-2026,SARDEGNA,20,SASSARI,THIESI,090071,0,26,162,1526,632,2346
03-10-2026,SARDEGNA,20,NUORO,TIANA,091091,0,4,36,308,101,449
03-10-2026,SARDEGNA,20,ORISTANO,TINNURA,095088,1,2,11,112,39,165
03-10-2026,SARDEGNA,20,SASSARI,TISSI,090072,11,42,301,2943,1225,4522
03-10-2026,SARDEGNA,20,NUORO,TONARA,091093,2,15,101,1159,495,1772
03-10-2026,SARDEGNA,20,NUORO,TORPÈ,091094,2,43,176,1749,604,2574
03-10-2026,SARDEGNA,20,SASSARI,TORRALBA,090073,0,4,64,376,191,635
03-10-2026,SARDEGNA,20,NUORO,TORTOLÌ,091095,21,407,1018,12361,5661,19468
03-10-2026,SARDEGNA,20,ORISTANO,TRAMATZA,095066,1,33,83,677,238,1032
03-10-2026,SARDEGNA,20,SUD SARDEGNA,TRATALIAS,111090,1,11,59,543,154,768
03-10-2026,SARDEGNA,20,ORISTANO,TRESNURAGHES,095067,0,7,126,820,237,1190
03-10-2026,SARDEGNA,20,NUORO,TRIEI,091097,3,2,70,596,236,907
03-10-2026,SARDEGNA,20,SASSARI,TRINITÀ D'AGULTU E VIGNOLA,090074,4,24,297,2487,774,3586
03-10-2026,SARDEGNA,20,SUD SARDEGNA,TUILI,111091,0,3,54,462,155,674
03-10-2026,SARDEGNA,20,SASSARI,TULA,090075,2,14,40,550,262,868
03-10-2026,SARDEGNA,20,SUD SARDEGNA,TURRI,111092,0,3,17,137,100,257
03-10-2026,SARDEGNA,20,NUORO,ULASSAI,091098,0,16,99,1110,470,1695
03-10-2026,SARDEGNA,20,ORISTANO,ULÀ TIRSO,095068,0,6,21,141,80,248
03-10-2026,SARDEGNA,20,ORISTANO,URAS,095069,0,22,136,1288,518,1964
03-10-2026,SARDEGNA,20,SASSARI,URI,090076,0,17,242,1793,729,2781
03-10-2026,SARDEGNA,20,NUORO,URZULEI,091099,0,8,40,485,138,671
03-10-2026,SARDEGNA,20,ORISTANO,USELLUS,095070,2,7,33,323,101,466
03-10-2026,SARDEGNA,20,SASSARI,USINI,090077,7,56,365,3386,1256,5070
03-10-2026,SARDEGNA,20,SUD SARDEGNA,USSANA,111093,8,58,262,2946,1158,4432
03-10-2026,SARDEGNA,20,SUD SARDEGNA,USSARAMANNA,111094,0,6,22,297,146,471
03-10-2026,SARDEGNA,20,NUORO,USSASSAI,091100,0,5,37,275,65,382
03-10-2026,SARDEGNA,20,CAGLIARI,UTA,092090,19,179,792,9000,3236,13226
03-10-2026,SARDEGNA,20,SASSARI,VALLEDORIA,090079,11,114,397,4162,1672,6356
03-10-2026,SARDEGNA,20,SUD SARDEGNA,VALLERMOSA,111095,3,14,119,1167,301,1604
03-10-2026,SARDEGNA,20,SASSARI,VIDDALBA,090082,1,24,126,1138,465,1754
03-10-2026,SARDEGNA,20,CAGLIARI,VILLA SAN PIETRO,092099,1,22,169,1495,612,2299
03-10-2026,SARDEGNA,20,ORISTANO,VILLA SANT'ANTONIO,095048,0,4,14,132,70,220
03-10-2026,SARDEGNA,20,ORISTANO,VILLA VERDE,095073,0,3,6,115,54,178
03-10-2026,SARDEGNA,20,SUD SARDEGNA,VILLACIDRO,111096,12,211,866,8219,2902,12210
03-10-2026,SARDEGNA,20,NUORO,VILLAGRANDE STRISAILI,091101,4,25,155,1548,571,2303
03-10-2026,SARDEGNA,20,SUD SARDEGNA,VILLAMAR,111097,0,30,132,1250,437,1849
03-10-2026,SARDEGNA,20,SUD SARDEGNA,VILLAMASSARGIA,111098,3,24,159,1772,701,2659
03-10-2026,SARDEGNA,20,SASSARI,VILLANOVA MONTELEONE,090078,1,23,182,1019,376,1601
03-10-2026,SARDEGNA,20,ORISTANO,VILLANOVA TRUSCHEDU,095071,0,4,25,190,46,265
03-10-2026,SARDEGNA,20,SUD SARDEGNA,VILLANOVA TULO,111099,0,16,39,596,152,803
03-10-2026,SARDEGNA,20,SUD SARDEGNA,VILLANOVAFORRU,111100,0,10,32,355,139,536
03-10-2026,SARDEGNA,20,SUD SARDEGNA,VILLANOVAFRANCA,111101,0,4,57,503,133,697
03-10-2026,SARDEGNA,20,SUD SARDEGNA,VILLAPERUCCIO,111102,1,10,64,591,133,799
03-10-2026,SARDEGNA,20,SUD SARDEGNA,VILLAPUTZU,111103,5,46,252,2425,842,3570
03-10-2026,SARDEGNA,20,SUD SARDEGNA,VILLASALTO,111104,0,12,40,389,182,623
03-10-2026,SARDEGNA,20,SUD SARDEGNA,VILLASIMIUS,111105,3,180,347,4329,1407,6266
03-10-2026,SARDEGNA,20,SUD SARDEGNA,VILLASOR,111106,10,208,618,5706,1873,8415
03-10-2026,SARDEGNA,20,SUD SARDEGNA,VILLASPECIOSA,111107,10,95,204,2771,903,3983
03-10-2026,SARDEGNA,20,ORISTANO,VILLAURBANA,095072,2,30,91,810,321,1254
03-10-2026,SARDEGNA,20,ORISTANO,ZEDDIANI,095074,1,9,77,560,187,834
03-10-2026,SARDEGNA,20,ORISTANO,ZERFALIU,095075,0,15,69,609,241,934
03-10-2026,SICILIA,19,RAGUSA,ACATE,088001,20,146,632,7231,2530,10559
03-10-2026,SICILIA,19,CATANIA,ACI BONACCORSI,087001,8,72,297,3236,1577,5190
03-10-2026,SICILIA,19,CATANIA,ACI CASTELLO,087002,45,715,2098,25523,13637,42018
03-10-2026,SICILIA,19,CATANIA,ACI CATENA,087003,70,559,2185,25834,11999,40647
03-10-2026,SICILIA,19,CATANIA,ACI SANT'ANTONIO,087005,38,461,1759,17426,7417,27101
03-10-2026,SICILIA,19,CATANIA,ACIREALE,087004,93,1146,4407,53390,30825,89861
03-10-2026,SICILIA,19,CALTANISSETTA,ACQUAVIVA PLATANI,085001,0,4,28,294,147,473
03-10-2026,SICILIA,19,MESSINA,ACQUEDOLCI,083107,3,33,384,3988,2429,6837
03-10-2026,SICILIA,19,CATANIA,ADRANO,087006,44,285,1698,17537,8052,27616
03-10-2026,SICILIA,19,ENNA,AGIRA,086001,12,94,448,4167,1861,6582
03-10-2026,SICILIA,19,AGRIGENTO,AGRIGENTO,084001,129,1924,5070,66417,32755,106295
03-10-2026,SICILIA,19,ENNA,AIDONE,086002,6,27,276,2932,928,4169
03-10-2026,SICILIA,19,TRAPANI,ALCAMO,081001,55,640,3348,37545,20156,61744
03-10-2026,SICILIA,19,MESSINA,ALCARA LI FUSI,083001,0,5,68,511,192,776
03-10-2026,SICILIA,19,AGRIGENTO,ALESSANDRIA DELLA ROCCA,084002,1,26,137,1013,300,1477
03-10-2026,SICILIA,19,PALERMO,ALIA,082001,5,22,126,1518,621,2292
03-10-2026,SICILIA,19,PALERMO,ALIMENA,082002,0,12,73,715,261,1061
03-10-2026,SICILIA,19,PALERMO,ALIMINUSA,082003,0,20,59,619,236,934
03-10-2026,SICILIA,19,PALERMO,ALTAVILLA MILICIA,082004,38,409,1133,11307,4306,17193
03-10-2026,SICILIA,19,PALERMO,ALTOFONTE,082005,35,308,740,8399,3370,12852
03-10-2026,SICILIA,19,MESSINA,ALÌ,083002,0,3,25,234,89,351
03-10-2026,SICILIA,19,MESSINA,ALÌ TERME,083003,5,17,123,1247,587,1979
03-10-2026,SICILIA,19,MESSINA,ANTILLO,083004,0,2,17,169,60,248
03-10-2026,SICILIA,19,AGRIGENTO,ARAGONA,084003,4,89,552,5272,2616,8533
03-10-2026,SICILIA,19,ENNA,ASSORO,086003,2,29,203,1984,723,2941
03-10-2026,SICILIA,19,SIRACUSA,AUGUSTA,089001,85,822,3277,38428,18215,60827
03-10-2026,SICILIA,19,SIRACUSA,AVOLA,089002,36,321,1895,26065,12421,40738
03-10-2026,SICILIA,19,PALERMO,BAGHERIA,082006,118,2005,4545,50923,21873,79464
03-10-2026,SICILIA,19,PALERMO,BALESTRATE,082007,11,92,384,3685,1532,5704
03-10-2026,SICILIA,19,MESSINA,BARCELLONA POZZO DI GOTTO,083005,43,493,2899,34063,17908,55406
03-10-2026,SICILIA,19,ENNA,BARRAFRANCA,086004,13,98,640,7197,3701,11649
03-10-2026,SICILIA,19,MESSINA,BASICÒ,083006,1,3,39,366,65,474
03-10-2026,SICILIA,19,PALERMO,BAUCINA,082008,3,19,76,833,246,1177
03-10-2026,SICILIA,19,PALERMO,BELMONTE MEZZAGNO,082009,13,224,610,7593,4696,13136
03-10-2026,SICILIA,19,CATANIA,BELPASSO,087007,48,803,2030,25046,11403,39330
03-10-2026,SICILIA,19,CATANIA,BIANCAVILLA,087008,9,131,1137,12264,6255,19796
03-10-2026,SICILIA,19,PALERMO,BISACQUINO,082010,0,52,168,1716,801,2737
03-10-2026,SICILIA,19,AGRIGENTO,BIVONA,084004,2,22,174,1663,963,2824
03-10-2026,SICILIA,19,PALERMO,BLUFI,082082,0,9,52,353,181,595
03-10-2026,SICILIA,19,PALERMO,BOLOGNETTA,082011,12,87,247,3023,1145,4514
03-10-2026,SICILIA,19,CALTANISSETTA,BOMPENSIERE,085002,0,6,23,222,51,302
03-10-2026,SICILIA,19,PALERMO,BOMPIETRO,082012,0,8,99,715,297,1119
03-10-2026,SICILIA,19,PALERMO,BORGETTO,082013,6,61,460,4069,1602,6198
03-10-2026,SICILIA,19,MESSINA,BROLO,083007,4,42,874,5903,4295,11118
03-10-2026,SICILIA,19,CATANIA,BRONTE,087009,21,472,1193,13309,6360,21355
03-10-2026,SICILIA,19,SIRACUSA,BUCCHERI,089003,1,10,75,951,606,1643
03-10-2026,SICILIA,19,AGRIGENTO,BURGIO,084005,1,10,93,605,146,855
03-10-2026,SICILIA,19,SIRACUSA,BUSCEMI,089004,3,5,44,437,254,743
03-10-2026,SICILIA,19,TRAPANI,BUSETO PALIZZOLO,081002,0,15,68,901,269,1253
03-10-2026,SICILIA,19,CALTANISSETTA,BUTERA,085003,0,49,211,2069,780,3109
03-10-2026,SICILIA,19,PALERMO,CACCAMO,082014,7,40,403,3750,1971,6171
03-10-2026,SICILIA,19,AGRIGENTO,CALAMONACI,084006,0,7,36,482,190,715
03-10-2026,SICILIA,19,ENNA,CALASCIBETTA,086005,8,42,359,3408,1641,5458
03-10-2026,SICILIA,19,CATANIA,CALATABIANO,087010,6,31,324,3533,1552,5446
03-10-2026,SICILIA,19,TRAPANI,CALATAFIMI-SEGESTA,081003,5,42,314,3321,1840,5522
03-10-2026,SICILIA,19,AGRIGENTO,CALTABELLOTTA,084007,0,13,114,1194,612,1933
03-10-2026,SICILIA,19,CATANIA,CALTAGIRONE,087011,67,663,2850,35744,17747,57071
03-10-2026,SICILIA,19,CALTANISSETTA,CALTANISSETTA,085004,182,2851,5577,77852,30360,116822
03-10-2026,SICILIA,19,PALERMO,CALTAVUTURO,082015,1,30,200,1891,942,3064
03-10-2026,SICILIA,19,AGRIGENTO,CAMASTRA,084008,4,9,81,1104,554,1752
03-10-2026,SICILIA,19,AGRIGENTO,CAMMARATA,084009,3,65,262,3092,1981,5403
03-10-2026,SICILIA,19,AGRIGENTO,CAMPOBELLO DI LICATA,084010,6,62,502,4990,2966,8526
03-10-2026,SICILIA,19,TRAPANI,CAMPOBELLO DI MAZARA,081004,14,72,627,7081,3505,11299
03-10-2026,SICILIA,19,PALERMO,CAMPOFELICE DI FITALIA,082016,0,3,28,190,84,305
03-10-2026,SICILIA,19,PALERMO,CAMPOFELICE DI ROCCELLA,082017,24,439,867,10153,3790,15273
03-10-2026,SICILIA,19,PALERMO,CAMPOFIORITO,082018,0,9,39,379,109,536
03-10-2026,SICILIA,19,CALTANISSETTA,CAMPOFRANCO,085005,0,22,118,1094,404,1638
03-10-2026,SICILIA,19,PALERMO,CAMPOREALE,082019,1,27,171,1580,1158,2937
03-10-2026,SICILIA,19,CATANIA,CAMPOROTONDO ETNEO,087012,17,98,489,4988,2579,8171
03-10-2026,SICILIA,19,SIRACUSA,CANICATTINI BAGNI,089005,6,56,302,4307,2681,7352
03-10-2026,SICILIA,19,AGRIGENTO,CANICATTÌ,084011,36,309,2082,24228,12672,39327
03-10-2026,SICILIA,19,PALERMO,CAPACI,082020,37,508,1113,12633,4980,19271
03-10-2026,SICILIA,19,MESSINA,CAPIZZI,083008,2,14,107,1049,480,1652
03-10-2026,SICILIA,19,MESSINA,CAPO D'ORLANDO,083009,20,167,1244,10996,6099,18526
03-10-2026,SICILIA,19,MESSINA,CAPRI LEONE,083010,7,25,367,2822,1246,4467
03-10-2026,SICILIA,19,PALERMO,CARINI,082021,191,1358,4536,54377,21705,82167
03-10-2026,SICILIA,19,SIRACUSA,CARLENTINI,089006,26,141,1316,13694,8016,23193
03-10-2026,SICILIA,19,MESSINA,CARONIA,083011,4,26,168,1367,591,2156
03-10-2026,SICILIA,19,MESSINA,CASALVECCHIO SICULO,083012,4,3,42,256,113,418
03-10-2026,SICILIA,19,SIRACUSA,CASSARO,089007,0,2,56,434,96,588
03-10-2026,SICILIA,19,CATANIA,CASTEL DI IUDICA,087013,3,28,143,1578,495,2247
03-10-2026,SICILIA,19,MESSINA,CASTEL DI LUCIO,083013,1,5,38,545,164,753
03-10-2026,SICILIA,19,PALERMO,CASTELBUONO,082022,9,97,545,5120,2575,8346
03-10-2026,SICILIA,19,PALERMO,CASTELDACCIA,082023,34,565,1024,11991,4352,17966
03-10-2026,SICILIA,19,MESSINA,CASTELL'UMBERTO,083014,0,12,150,1096,542,1800
03-10-2026,SICILIA,19,TRAPANI,CASTELLAMMARE DEL GOLFO,081005,25,305,993,10399,4685,16407
03-10-2026,SICILIA,19,PALERMO,CASTELLANA SICULA,082024,4,29,186,1824,871,2914
03-10-2026,SICILIA,19,MESSINA,CASTELMOLA,083015,1,7,55,585,201,849
03-10-2026,SICILIA,19,AGRIGENTO,CASTELTERMINI,084012,2,72,339,3322,1177,4912
03-10-2026,SICILIA,19,TRAPANI,CASTELVETRANO,081006,89,372,2337,25159,10705,38662
03-10-2026,SICILIA,19,CATANIA,CASTIGLIONE DI SICILIA,087014,0,15,139,1578,786,2518
03-10-2026,SICILIA,19,AGRIGENTO,CASTROFILIPPO,084013,0,8,58,964,311,1341
03-10-2026,SICILIA,19,PALERMO,CASTRONOVO DI SICILIA,082025,8,21,98,1306,500,1933
03-10-2026,SICILIA,19,MESSINA,CASTROREALE,083016,2,6,183,1490,524,2205
03-10-2026,SICILIA,19,CATANIA,CATANIA,087015,1222,5024,28565,413188,247395,695394
03-10-2026,SICILIA,19,ENNA,CATENANUOVA,086006,1,49,291,2936,1320,4597
03-10-2026,SICILIA,19,AGRIGENTO,CATTOLICA ERACLEA,084014,2,19,116,1347,364,1848
03-10-2026,SICILIA,19,PALERMO,CEFALÀ DIANA,082026,1,7,53,456,385,902
03-10-2026,SICILIA,19,PALERMO,CEFALÙ,082027,29,231,1356,15684,8718,26018
03-10-2026,SICILIA,19,ENNA,CENTURIPE,086007,3,34,192,2014,1051,3294
03-10-2026,SICILIA,19,ENNA,CERAMI,086008,3,12,73,925,516,1529
03-10-2026,SICILIA,19,PALERMO,CERDA,082028,2,26,242,2487,1235,3992
03-10-2026,SICILIA,19,MESSINA,CESARÒ,083017,1,27,136,1314,737,2215
03-10-2026,SICILIA,19,RAGUSA,CHIARAMONTE GULFI,088002,7,74,457,4968,1987,7493
03-10-2026,SICILIA,19,PALERMO,CHIUSA SCLAFANI,082029,2,18,80,920,467,1487
03-10-2026,SICILIA,19,AGRIGENTO,CIANCIANA,084015,4,16,102,1388,599,2109
03-10-2026,SICILIA,19,PALERMO,CIMINNA,082030,3,28,90,1372,506,1999
03-10-2026,SICILIA,19,PALERMO,CINISI,082031,29,191,1174,10739,4179,16312
03-10-2026,SICILIA,19,PALERMO,COLLESANO,082032,6,27,235,2326,1099,3693
03-10-2026,SICILIA,19,RAGUSA,COMISO,088003,24,218,1532,19333,9364,30471
03-10-2026,SICILIA,19,AGRIGENTO,COMITINI,084016,1,7,62,649,145,864
03-10-2026,SICILIA,19,MESSINA,CONDRÒ,083018,0,1,17,469,408,895
03-10-2026,SICILIA,19,PALERMO,CONTESSA ENTELLINA,082033,0,14,39,437,162,652
03-10-2026,SICILIA,19,PALERMO,CORLEONE,082034,6,139,623,6806,3233,10807
03-10-2026,SICILIA,19,TRAPANI,CUSTONACI,081007,1,42,279,2659,1217,4198
03-10-2026,SICILIA,19,CALTANISSETTA,DELIA,085006,2,26,176,1734,511,2449
03-10-2026,SICILIA,19,ENNA,ENNA,086009,40,461,2297,24988,12657,40443
03-10-2026,SICILIA,19,TRAPANI,ERICE,081008,39,388,1902,22528,12232,37089
03-10-2026,SICILIA,19,MESSINA,FALCONE,083019,2,27,178,2279,1182,3668
03-10-2026,SICILIA,19,AGRIGENTO,FAVARA,084017,95,1420,2616,29302,10436,43869
03-10-2026,SICILIA,19,TRAPANI,FAVIGNANA,081009,12,95,733,6733,4083,11656
03-10-2026,SICILIA,19,SIRACUSA,FERLA,089008,4,12,46,587,179,828
03-10-2026,SICILIA,19,PALERMO,FICARAZZI,082035,38,497,966,12781,5643,19925
03-10-2026,SICILIA,19,MESSINA,FICARRA,083020,0,12,106,719,510,1347
03-10-2026,SICILIA,19,MESSINA,FIUMEDINISI,083021,2,5,55,711,581,1354
03-10-2026,SICILIA,19,CATANIA,FIUMEFREDDO DI SICILIA,087016,8,68,762,7434,3866,12138
03-10-2026,SICILIA,19,MESSINA,FLORESTA,083022,0,2,27,253,192,474
03-10-2026,SICILIA,19,SIRACUSA,FLORIDIA,089009,30,140,1396,16966,9611,28143
03-10-2026,SICILIA,19,MESSINA,FONDACHELLI-FANTINA,083023,3,8,48,917,437,1413
03-10-2026,SICILIA,19,MESSINA,FORZA D'AGRÒ,083024,0,4,42,556,337,939
03-10-2026,SICILIA,19,MESSINA,FRANCAVILLA DI SICILIA,083025,0,18,181,1395,767,2361
03-10-2026,SICILIA,19,SIRACUSA,FRANCOFONTE,089010,10,60,468,5873,3634,10045
03-10-2026,SICILIA,19,MESSINA,FRAZZANÒ,083026,0,0,13,145,104,262
03-10-2026,SICILIA,19,MESSINA,FURCI SICULO,083027,9,31,251,2834,1592,4717
03-10-2026,SICILIA,19,MESSINA,FURNARI,083028,8,77,399,4082,2287,6853
03-10-2026,SICILIA,19,MESSINA,GAGGI,083029,2,21,175,1938,906,3042
03-10-2026,SICILIA,19,ENNA,GAGLIANO CASTELFERRATO,086010,5,17,147,1339,586,2094
03-10-2026,SICILIA,19,MESSINA,GALATI MAMERTINO,083030,6,13,113,1046,361,1539
03-10-2026,SICILIA,19,MESSINA,GALLODORO,083031,0,2,15,138,30,185
03-10-2026,SICILIA,19,PALERMO,GANGI,082036,2,49,280,2878,1452,4661
03-10-2026,SICILIA,19,CALTANISSETTA,GELA,085007,105,1014,5108,63262,25592,95081
03-10-2026,SICILIA,19,PALERMO,GERACI SICULO,082037,4,29,64,643,213,953
03-10-2026,SICILIA,19,PALERMO,GIARDINELLO,082038,4,17,134,1450,573,2178
03-10-2026,SICILIA,19,MESSINA,GIARDINI-NAXOS,083032,19,288,820,9973,4530,15630
03-10-2026,SICILIA,19,RAGUSA,GIARRATANA,088004,3,23,105,1620,497,2248
03-10-2026,SICILIA,19,CATANIA,GIARRE,087017,59,558,2194,26623,13280,42714
03-10-2026,SICILIA,19,TRAPANI,GIBELLINA,081010,3,31,281,2709,1812,4836
03-10-2026,SICILIA,19,MESSINA,GIOIOSA MAREA,083033,11,93,487,4503,1742,6836
03-10-2026,SICILIA,19,PALERMO,GIULIANA,082039,0,16,80,667,285,1048
03-10-2026,SICILIA,19,PALERMO,GODRANO,082040,0,9,47,493,173,722
03-10-2026,SICILIA,19,CATANIA,GRAMMICHELE,087018,5,89,490,6914,3990,11488
03-10-2026,SICILIA,19,MESSINA,GRANITI,083034,2,4,62,664,330,1062
03-10-2026,SICILIA,19,PALERMO,GRATTERI,082041,1,19,45,501,249,815
03-10-2026,SICILIA,19,CATANIA,GRAVINA DI CATANIA,087019,76,514,2555,28162,13960,45267
03-10-2026,SICILIA,19,AGRIGENTO,GROTTE,084018,1,43,220,2492,1473,4229
03-10-2026,SICILIA,19,MESSINA,GUALTIERI SICAMINÒ,083035,1,5,47,591,242,886
03-10-2026,SICILIA,19,PALERMO,ISNELLO,082042,1,13,53,515,119,701
03-10-2026,SICILIA,19,PALERMO,ISOLA DELLE FEMMINE,082043,30,257,688,8503,4403,13881
03-10-2026,SICILIA,19,RAGUSA,ISPICA,088005,21,282,1248,13769,5532,20852
03-10-2026,SICILIA,19,MESSINA,ITALA,083036,0,6,54,749,231,1040
03-10-2026,SICILIA,19,AGRIGENTO,JOPPOLO GIANCAXIO,084019,1,16,59,703,248,1027
03-10-2026,SICILIA,19,AGRIGENTO,LAMPEDUSA E LINOSA,084020,15,50,403,4302,1351,6121
03-10-2026,SICILIA,19,PALERMO,LASCARI,082044,9,84,373,3540,1491,5497
03-10-2026,SICILIA,19,MESSINA,LENI,083037,0,2,60,437,219,718
03-10-2026,SICILIA,19,SIRACUSA,LENTINI,089011,46,212,1473,17610,9787,29128
03-10-2026,SICILIA,19,ENNA,LEONFORTE,086011,9,125,707,6266,3182,10289
03-10-2026,SICILIA,19,PALERMO,LERCARA FRIDDI,082045,6,36,299,2907,1005,4253
03-10-2026,SICILIA,19,MESSINA,LETOJANNI,083038,10,38,171,2232,1508,3959
03-10-2026,SICILIA,19,MESSINA,LIBRIZZI,083039,2,2,61,683,371,1119
03-10-2026,SICILIA,19,AGRIGENTO,LICATA,084021,30,299,2244,23284,13318,39175
03-10-2026,SICILIA,19,CATANIA,LICODIA EUBEA,087020,0,20,119,1437,619,2195
03-10-2026,SICILIA,19,MESSINA,LIMINA,083040,2,1,72,510,146,731
03-10-2026,SICILIA,19,CATANIA,LINGUAGLOSSA,087021,10,34,370,3545,1823,5782
03-10-2026,SICILIA,19,MESSINA,LIPARI,083041,40,249,1669,14867,10778,27603
03-10-2026,SICILIA,19,MESSINA,LONGI,083042,0,2,113,623,264,1002
03-10-2026,SICILIA,19,AGRIGENTO,LUCCA SICULA,084022,1,20,38,533,181,773
03-10-2026,SICILIA,19,CATANIA,MALETTO,087022,4,84,159,1889,697,2833
03-10-2026,SICILIA,19,MESSINA,MALFA,083043,2,8,51,518,219,798
03-10-2026,SICILIA,19,MESSINA,MALVAGNA,083044,0,5,7,137,48,197
03-10-2026,SICILIA,19,MESSINA,MANDANICI,083045,0,5,26,205,89,325
03-10-2026,SICILIA,19,CATANIA,MANIACE,087057,1,15,227,1405,558,2206
03-10-2026,SICILIA,19,CALTANISSETTA,MARIANOPOLI,085008,0,14,57,442,203,716
03-10-2026,SICILIA,19,PALERMO,MARINEO,082046,3,101,326,3494,1183,5107
03-10-2026,SICILIA,19,TRAPANI,MARSALA,081011,62,868,3752,49456,26362,80500
03-10-2026,SICILIA,19,CATANIA,MASCALI,087023,37,323,1406,15458,7381,24605
03-10-2026,SICILIA,19,CATANIA,MASCALUCIA,087024,81,1067,3070,36532,15363,56113
03-10-2026,SICILIA,19,TRAPANI,MAZARA DEL VALLO,081012,98,748,3806,45972,19708,70332
03-10-2026,SICILIA,19,CALTANISSETTA,MAZZARINO,085009,7,89,492,6056,2245,8889
03-10-2026,SICILIA,19,CATANIA,MAZZARRONE,087056,2,9,89,995,528,1623
03-10-2026,SICILIA,19,MESSINA,MAZZARRÀ SANT'ANDREA,083046,1,2,39,441,195,678
03-10-2026,SICILIA,19,SIRACUSA,MELILLI,089012,16,98,933,9015,3937,13999
03-10-2026,SICILIA,19,AGRIGENTO,MENFI,084023,12,113,640,7197,2979,10941
03-10-2026,SICILIA,19,MESSINA,MERÌ,083047,2,10,159,1948,959,3078
03-10-2026,SICILIA,19,MESSINA,MESSINA,083048,666,2880,19766,249176,164991,437479
03-10-2026,SICILIA,19,PALERMO,MEZZOJUSO,082047,2,30,167,1265,416,1880
03-10-2026,SICILIA,19,MESSINA,MILAZZO,083049,47,520,2629,25756,12927,41879
03-10-2026,SICILIA,19,CALTANISSETTA,MILENA,085010,0,18,101,1002,432,1553
03-10-2026,SICILIA,19,CATANIA,MILITELLO IN VAL DI CATANIA,087025,4,49,296,2872,1351,4572
03-10-2026,SICILIA,19,MESSINA,MILITELLO ROSMARINO,083050,0,1,95,691,189,976
03-10-2026,SICILIA,19,CATANIA,MILO,087026,0,22,45,857,476,1400
03-10-2026,SICILIA,19,CATANIA,MINEO,087027,2,51,219,2624,1332,4228
03-10-2026,SICILIA,19,CATANIA,MIRABELLA IMBACCARI,087028,2,22,125,1241,482,1872
03-10-2026,SICILIA,19,MESSINA,MIRTO,083051,3,2,33,371,196,605
03-10-2026,SICILIA,19,TRAPANI,MISILISCEMI,081025,34,124,829,8680,2770,12437
03-10-2026,SICILIA,19,PALERMO,MISILMERI,082048,81,847,2243,30184,11872,45227
03-10-2026,SICILIA,19,CATANIA,MISTERBIANCO,087029,75,1479,3593,49212,19506,73865
03-10-2026,SICILIA,19,MESSINA,MISTRETTA,083052,2,26,217,2332,1065,3642
03-10-2026,SICILIA,19,RAGUSA,MODICA,088006,73,1244,3440,47645,23974,76376
03-10-2026,SICILIA,19,MESSINA,MOIO ALCANTARA,083053,0,3,7,145,64,219
03-10-2026,SICILIA,19,MESSINA,MONFORTE SAN GIORGIO,083054,3,7,99,1172,550,1831
03-10-2026,SICILIA,19,MESSINA,MONGIUFFI MELIA,083055,1,1,25,177,71,275
03-10-2026,SICILIA,19,PALERMO,MONREALE,082049,117,1492,3289,39186,15644,59728
03-10-2026,SICILIA,19,MESSINA,MONTAGNAREALE,083056,1,27,98,932,319,1377
03-10-2026,SICILIA,19,MESSINA,MONTALBANO ELICONA,083057,0,10,71,1042,361,1484
03-10-2026,SICILIA,19,AGRIGENTO,MONTALLEGRO,084024,1,7,78,938,455,1479
03-10-2026,SICILIA,19,CALTANISSETTA,MONTEDORO,085011,3,8,30,529,142,712
03-10-2026,SICILIA,19,PALERMO,MONTELEPRE,082050,7,112,424,3921,1567,6031
03-10-2026,SICILIA,19,PALERMO,MONTEMAGGIORE BELSITO,082051,2,18,155,1314,570,2059
03-10-2026,SICILIA,19,RAGUSA,MONTEROSSO ALMO,088007,4,4,97,1039,404,1548
03-10-2026,SICILIA,19,AGRIGENTO,MONTEVAGO,084025,2,26,165,1537,572,2302
03-10-2026,SICILIA,19,MESSINA,MOTTA CAMASTRA,083058,1,9,59,425,120,614
03-10-2026,SICILIA,19,MESSINA,MOTTA D'AFFERMO,083059,1,6,40,271,77,395
03-10-2026,SICILIA,19,CATANIA,MOTTA SANT'ANASTASIA,087030,38,331,1027,12235,5078,18709
03-10-2026,SICILIA,19,CALTANISSETTA,MUSSOMELI,085012,7,96,489,4682,1961,7235
03-10-2026,SICILIA,19,AGRIGENTO,NARO,084026,5,50,275,3080,1573,4983
03-10-2026,SICILIA,19,MESSINA,NASO,083060,0,12,263,1780,759,2814
03-10-2026,SICILIA,19,CATANIA,NICOLOSI,087031,23,162,704,8322,4497,13708
03-10-2026,SICILIA,19,ENNA,NICOSIA,086012,14,129,822,8377,3820,13162
03-10-2026,SICILIA,19,CALTANISSETTA,NISCEMI,085013,55,276,1532,18419,8398,28680
03-10-2026,SICILIA,19,ENNA,NISSORIA,086013,0,22,199,1699,670,2590
03-10-2026,SICILIA,19,MESSINA,NIZZA DI SICILIA,083061,3,24,209,2245,1320,3801
03-10-2026,SICILIA,19,SIRACUSA,NOTO,089013,41,371,1714,20263,9087,31476
03-10-2026,SICILIA,19,MESSINA,NOVARA DI SICILIA,083062,0,4,45,451,272,772
03-10-2026,SICILIA,19,MESSINA,OLIVERI,083063,5,37,159,1699,539,2439
03-10-2026,SICILIA,19,MESSINA,PACE DEL MELA,083064,6,70,361,4933,3910,9280
03-10-2026,SICILIA,19,TRAPANI,PACECO,081013,14,445,718,8473,4000,13650
03-10-2026,SICILIA,19,SIRACUSA,PACHINO,089014,39,115,1262,16539,6892,24847
03-10-2026,SICILIA,19,MESSINA,PAGLIARA,083065,0,7,56,786,378,1227
03-10-2026,SICILIA,19,CATANIA,PALAGONIA,087032,19,116,1235,9029,4482,14881
03-10-2026,SICILIA,19,PALERMO,PALAZZO ADRIANO,082052,1,15,64,539,161,780
03-10-2026,SICILIA,19,SIRACUSA,PALAZZOLO ACREIDE,089015,4,79,425,5298,3808,9614
03-10-2026,SICILIA,19,PALERMO,PALERMO,082053,5622,113548,91537,1286250,474774,1971731
03-10-2026,SICILIA,19,AGRIGENTO,PALMA DI MONTECHIARO,084027,10,123,947,8562,3926,13568
03-10-2026,SICILIA,19,TRAPANI,PANTELLERIA,081014,11,100,410,3778,1510,5809
03-10-2026,SICILIA,19,TRAPANI,PARTANNA,081015,9,100,544,7525,4859,13037
03-10-2026,SICILIA,19,PALERMO,PARTINICO,082054,64,512,2683,25017,9846,38122
03-10-2026,SICILIA,19,CATANIA,PATERNÒ,087033,52,497,2718,31941,17409,52617
03-10-2026,SICILIA,19,MESSINA,PATTI,083066,15,175,973,10548,6236,17947
03-10-2026,SICILIA,19,CATANIA,PEDARA,087034,32,387,1423,16711,8122,26675
03-10-2026,SICILIA,19,PALERMO,PETRALIA SOPRANA,082055,0,37,231,1828,823,2919
03-10-2026,SICILIA,19,PALERMO,PETRALIA SOTTANA,082056,2,42,127,1724,731,2626
03-10-2026,SICILIA,19,TRAPANI,PETROSINO,081024,10,54,382,4982,2508,7936
03-10-2026,SICILIA,19,MESSINA,PETTINEO,083067,0,11,46,609,601,1267
03-10-2026,SICILIA,19,PALERMO,PIANA DEGLI ALBANESI,082057,24,139,384,4381,1961,6889
03-10-2026,SICILIA,19,ENNA,PIAZZA ARMERINA,086014,30,291,1658,17968,8005,27952
03-10-2026,SICILIA,19,CATANIA,PIEDIMONTE ETNEO,087035,3,32,228,2371,1008,3642
03-10-2026,SICILIA,19,ENNA,PIETRAPERZIA,086015,9,57,279,3148,1135,4628
03-10-2026,SICILIA,19,MESSINA,PIRAINO,083068,0,42,388,2566,1248,4244
03-10-2026,SICILIA,19,TRAPANI,POGGIOREALE,081016,1,14,56,743,316,1130
03-10-2026,SICILIA,19,PALERMO,POLIZZI GENEROSA,082058,3,39,144,1521,764,2471
03-10-2026,SICILIA,19,PALERMO,POLLINA,082059,3,62,222,2286,973,3546
03-10-2026,SICILIA,19,AGRIGENTO,PORTO EMPEDOCLE,084028,40,428,1239,13487,7183,22377
03-10-2026,SICILIA,19,SIRACUSA,PORTOPALO DI CAPO PASSERO,089020,3,29,126,2326,1700,4184
03-10-2026,SICILIA,19,RAGUSA,POZZALLO,088008,24,244,1114,11383,5999,18764
03-10-2026,SICILIA,19,SIRACUSA,PRIOLO GARGALLO,089021,14,81,758,8381,3490,12724
03-10-2026,SICILIA,19,PALERMO,PRIZZI,082060,6,17,178,1443,430,2074
03-10-2026,SICILIA,19,AGRIGENTO,RACALMUTO,084029,7,75,285,3433,1323,5123
03-10-2026,SICILIA,19,MESSINA,RACCUJA,083069,0,8,39,426,191,664
03-10-2026,SICILIA,19,CATANIA,RADDUSA,087036,2,13,124,1152,414,1705
03-10-2026,SICILIA,19,AGRIGENTO,RAFFADALI,084030,20,100,466,5499,2494,8579
03-10-2026,SICILIA,19,CATANIA,RAGALNA,087058,5,38,360,3935,1708,6046
03-10-2026,SICILIA,19,RAGUSA,RAGUSA,088009,194,2226,6153,90358,40882,139813
03-10-2026,SICILIA,19,CATANIA,RAMACCA,087037,2,111,535,5210,2383,8241
03-10-2026,SICILIA,19,CATANIA,RANDAZZO,087038,13,76,450,4823,2216,7578
03-10-2026,SICILIA,19,AGRIGENTO,RAVANUSA,084031,7,81,463,4614,2203,7368
03-10-2026,SICILIA,19,AGRIGENTO,REALMONTE,084032,5,49,307,2891,1090,4342
03-10-2026,SICILIA,19,ENNA,REGALBUTO,086016,8,92,336,3491,1458,5385
03-10-2026,SICILIA,19,MESSINA,REITANO,083070,3,8,33,510,399,953
03-10-2026,SICILIA,19,CALTANISSETTA,RESUTTANO,085014,3,12,104,774,365,1258
03-10-2026,SICILIA,19,AGRIGENTO,RIBERA,084033,18,179,1020,11468,4718,17403
03-10-2026,SICILIA,19,CALTANISSETTA,RIESI,085015,8,47,504,5445,2317,8321
03-10-2026,SICILIA,19,CATANIA,RIPOSTO,087039,28,263,1249,12783,5698,20021
03-10-2026,SICILIA,19,MESSINA,ROCCAFIORITA,083071,0,6,9,167,44,226
03-10-2026,SICILIA,19,MESSINA,ROCCALUMERA,083072,9,43,312,3629,1908,5901
03-10-2026,SICILIA,19,PALERMO,ROCCAMENA,082061,0,14,50,650,284,998
03-10-2026,SICILIA,19,PALERMO,ROCCAPALUMBA,082062,3,25,96,985,453,1562
03-10-2026,SICILIA,19,MESSINA,ROCCAVALDINA,083073,6,20,72,697,330,1125
03-10-2026,SICILIA,19,MESSINA,ROCCELLA VALDEMONE,083074,0,6,13,130,32,181
03-10-2026,SICILIA,19,MESSINA,RODÌ MILICI,083075,0,22,169,1279,715,2185
03-10-2026,SICILIA,19,MESSINA,ROMETTA,083076,4,98,636,5717,5948,12403
03-10-2026,SICILIA,19,SIRACUSA,ROSOLINI,089016,20,262,1091,15621,9385,26379
03-10-2026,SICILIA,19,TRAPANI,SALAPARUTA,081017,1,21,71,792,433,1318
03-10-2026,SICILIA,19,TRAPANI,SALEMI,081018,15,50,649,5838,2710,9262
03-10-2026,SICILIA,19,AGRIGENTO,SAMBUCA DI SICILIA,084034,5,12,211,1913,774,2915
03-10-2026,SICILIA,19,AGRIGENTO,SAN BIAGIO PLATANI,084035,2,20,104,901,258,1285
03-10-2026,SICILIA,19,CALTANISSETTA,SAN CATALDO,085016,22,450,1370,13883,5711,21436
03-10-2026,SICILIA,19,PALERMO,SAN CIPIRELLO,082063,11,55,280,3211,1296,4853
03-10-2026,SICILIA,19,CATANIA,SAN CONO,087040,2,16,167,1418,315,1918
03-10-2026,SICILIA,19,MESSINA,SAN FILIPPO DEL MELA,083077,7,76,467,4702,3997,9249
03-10-2026,SICILIA,19,MESSINA,SAN FRATELLO,083078,0,13,91,1060,702,1866
03-10-2026,SICILIA,19,AGRIGENTO,SAN GIOVANNI GEMINI,084036,8,64,412,3468,1580,5532
03-10-2026,SICILIA,19,CATANIA,SAN GIOVANNI LA PUNTA,087041,93,1204,2696,34513,17234,55740
03-10-2026,SICILIA,19,PALERMO,SAN GIUSEPPE JATO,082064,8,106,362,4472,1568,6516
03-10-2026,SICILIA,19,CATANIA,SAN GREGORIO DI CATANIA,087042,17,296,1201,14804,8989,25307
03-10-2026,SICILIA,19,MESSINA,SAN MARCO D'ALUNZIO,083079,5,8,127,1291,1340,2771
03-10-2026,SICILIA,19,PALERMO,SAN MAURO CASTELVERDE,082065,1,15,69,623,259,967
03-10-2026,SICILIA,19,CATANIA,SAN MICHELE DI GANZARIA,087043,2,26,88,1089,555,1760
03-10-2026,SICILIA,19,MESSINA,SAN PIER NICETO,083080,2,19,83,881,338,1323
03-10-2026,SICILIA,19,MESSINA,SAN PIERO PATTI,083081,0,19,110,1244,399,1772
03-10-2026,SICILIA,19,CATANIA,SAN PIETRO CLARENZA,087044,34,225,784,7973,3461,12477
03-10-2026,SICILIA,19,MESSINA,SAN SALVATORE DI FITALIA,083082,1,7,69,498,174,749
03-10-2026,SICILIA,19,MESSINA,SAN TEODORO,083090,2,11,54,497,231,795
03-10-2026,SICILIA,19,TRAPANI,SAN VITO LO CAPO,081020,16,91,383,3508,1246,5244
03-10-2026,SICILIA,19,MESSINA,SANT'AGATA DI MILITELLO,083084,11,170,951,11279,5986,18397
03-10-2026,SICILIA,19,CATANIA,SANT'AGATA LI BATTIATI,087045,28,184,1099,13287,8175,22773
03-10-2026,SICILIA,19,MESSINA,SANT'ALESSIO SICULO,083085,13,36,133,1445,491,2118
03-10-2026,SICILIA,19,CATANIA,SANT'ALFIO,087046,0,10,86,855,456,1407
03-10-2026,SICILIA,19,MESSINA,SANT'ANGELO DI BROLO,083088,1,6,179,1233,725,2144
03-10-2026,SICILIA,19,AGRIGENTO,SANT'ANGELO MUXARO,084039,0,5,56,469,196,726
03-10-2026,SICILIA,19,CALTANISSETTA,SANTA CATERINA VILLARMOSA,085017,3,27,205,2055,815,3105
03-10-2026,SICILIA,19,PALERMO,SANTA CRISTINA GELA,082066,12,50,77,1075,397,1611
03-10-2026,SICILIA,19,RAGUSA,SANTA CROCE CAMERINA,088010,19,197,805,7966,3046,12033
03-10-2026,SICILIA,19,MESSINA,SANTA DOMENICA VITTORIA,083083,0,13,31,492,182,718
03-10-2026,SICILIA,19,AGRIGENTO,SANTA ELISABETTA,084037,0,12,133,1059,481,1685
03-10-2026,SICILIA,19,PALERMO,SANTA FLAVIA,082067,15,280,838,9448,5061,15642
03-10-2026,SICILIA,19,MESSINA,SANTA LUCIA DEL MELA,083086,0,30,221,2179,2139,4569
03-10-2026,SICILIA,19,AGRIGENTO,SANTA MARGHERITA DI BELICE,084038,9,43,334,3469,1417,5272
03-10-2026,SICILIA,19,CATANIA,SANTA MARIA DI LICODIA,087047,10,58,516,5171,2230,7985
03-10-2026,SICILIA,19,MESSINA,SANTA MARINA SALINA,083087,2,6,114,842,378,1342
03-10-2026,SICILIA,19,TRAPANI,SANTA NINFA,081019,4,54,292,3458,1576,5384
03-10-2026,SICILIA,19,MESSINA,SANTA TERESA DI RIVA,083089,4,67,657,6666,3564,10958
03-10-2026,SICILIA,19,CATANIA,SANTA VENERINA,087048,15,123,574,6412,2947,10071
03-10-2026,SICILIA,19,MESSINA,SANTO STEFANO DI CAMASTRA,083091,7,27,336,2780,1821,4971
03-10-2026,SICILIA,19,AGRIGENTO,SANTO STEFANO QUISQUINA,084040,1,25,143,1439,532,2140
03-10-2026,SICILIA,19,MESSINA,SAPONARA,083092,4,41,241,2712,1927,4925
03-10-2026,SICILIA,19,MESSINA,SAVOCA,083093,5,9,107,1137,465,1723
03-10-2026,SICILIA,19,MESSINA,SCALETTA ZANCLEA,083094,1,21,124,1304,569,2019
03-10-2026,SICILIA,19,AGRIGENTO,SCIACCA,084041,71,725,3239,34253,17446,55734
03-10-2026,SICILIA,19,PALERMO,SCIARA,082068,3,11,129,1063,485,1691
03-10-2026,SICILIA,19,RAGUSA,SCICLI,088011,100,246,1933,21766,9752,33797
03-10-2026,SICILIA,19,PALERMO,SCILLATO,082081,0,4,46,315,165,530
03-10-2026,SICILIA,19,PALERMO,SCLAFANI BAGNI,082069,0,3,11,198,191,403
03-10-2026,SICILIA,19,CATANIA,SCORDIA,087049,8,134,705,8592,4968,14407
03-10-2026,SICILIA,19,CALTANISSETTA,SERRADIFALCO,085018,1,36,190,2370,1401,3998
03-10-2026,SICILIA,19,AGRIGENTO,SICULIANA,084042,8,24,236,2338,1097,3703
03-10-2026,SICILIA,19,MESSINA,SINAGRA,083095,2,19,157,1401,2471,4050
03-10-2026,SICILIA,19,SIRACUSA,SIRACUSA,089017,493,8132,12977,199405,82630,303637
03-10-2026,SICILIA,19,SIRACUSA,SOLARINO,089018,11,69,405,4914,2336,7735
03-10-2026,SICILIA,19,CALTANISSETTA,SOMMATINO,085019,4,76,308,3779,1206,5373
03-10-2026,SICILIA,19,SIRACUSA,SORTINO,089019,5,49,368,4036,1626,6084
03-10-2026,SICILIA,19,MESSINA,SPADAFORA,083096,5,74,395,3634,1572,5680
03-10-2026,SICILIA,19,ENNA,SPERLINGA,086017,0,5,10,257,265,537
03-10-2026,SICILIA,19,CALTANISSETTA,SUTERA,085020,1,10,44,446,178,679
03-10-2026,SICILIA,19,MESSINA,TAORMINA,083097,15,198,935,9673,4992,15813
03-10-2026,SICILIA,19,MESSINA,TERME VIGLIATORE,083106,14,48,611,6141,3204,10018
03-10-2026,SICILIA,19,PALERMO,TERMINI IMERESE,082070,24,308,1548,20220,11642,33742
03-10-2026,SICILIA,19,PALERMO,TERRASINI,082071,20,365,1107,11986,5671,19149
03-10-2026,SICILIA,19,MESSINA,TORREGROTTA,083098,5,88,505,5276,2306,8180
03-10-2026,SICILIA,19,MESSINA,TORRENOVA,083108,4,39,360,3613,1767,5783
03-10-2026,SICILIA,19,PALERMO,TORRETTA,082072,14,147,325,4717,1351,6554
03-10-2026,SICILIA,19,MESSINA,TORTORICI,083099,0,33,320,2486,823,3662
03-10-2026,SICILIA,19,PALERMO,TRABIA,082073,20,331,785,9560,4249,14945
03-10-2026,SICILIA,19,TRAPANI,TRAPANI,081021,172,1078,5095,59553,27917,93815
03-10-2026,SICILIA,19,PALERMO,TRAPPETO,082074,10,50,206,2986,1676,4928
03-10-2026,SICILIA,19,CATANIA,TRECASTAGNI,087050,35,297,1131,12555,7093,21111
03-10-2026,SICILIA,19,CATANIA,TREMESTIERI ETNEO,087051,57,762,2146,27899,14699,45563
03-10-2026,SICILIA,19,MESSINA,TRIPI - ABAKAINON,083100,0,1,21,181,27,230
03-10-2026,SICILIA,19,ENNA,TROINA,086018,3,57,338,4340,2462,7200
03-10-2026,SICILIA,19,MESSINA,TUSA,083101,2,30,168,1653,556,2409
03-10-2026,SICILIA,19,MESSINA,UCRIA,083102,0,7,45,235,82,369
03-10-2026,SICILIA,19,PALERMO,USTICA,082075,8,32,114,1282,679,2115
03-10-2026,SICILIA,19,TRAPANI,VALDERICE,081022,9,136,671,7603,3470,11889
03-10-2026,SICILIA,19,MESSINA,VALDINA,083103,2,13,95,950,440,1500
03-10-2026,SICILIA,19,ENNA,VALGUARNERA CAROPEPE,086019,8,94,330,3638,1740,5810
03-10-2026,SICILIA,19,PALERMO,VALLEDOLMO,082076,2,16,96,1105,414,1633
03-10-2026,SICILIA,19,CALTANISSETTA,VALLELUNGA PRATAMENO,085021,3,20,107,958,355,1443
03-10-2026,SICILIA,19,CATANIA,VALVERDE,087052,10,170,690,7725,4085,12680
03-10-2026,SICILIA,19,MESSINA,VENETICO,083104,2,52,283,3057,2561,5955
03-10-2026,SICILIA,19,PALERMO,VENTIMIGLIA DI SICILIA,082077,1,16,53,735,214,1019
03-10-2026,SICILIA,19,CATANIA,VIAGRANDE,087053,20,207,848,8771,4075,13921
03-10-2026,SICILIA,19,PALERMO,VICARI,082078,0,16,48,743,148,955
03-10-2026,SICILIA,19,PALERMO,VILLABATE,082079,65,492,1816,22513,10068,34954
03-10-2026,SICILIA,19,AGRIGENTO,VILLAFRANCA SICULA,084043,1,5,31,343,134,514
03-10-2026,SICILIA,19,MESSINA,VILLAFRANCA TIRRENA,083105,13,80,627,5327,2742,8789
03-10-2026,SICILIA,19,PALERMO,VILLAFRATI,082080,0,58,137,1838,949,2982
03-10-2026,SICILIA,19,CALTANISSETTA,VILLALBA,085022,0,17,61,441,106,625
03-10-2026,SICILIA,19,ENNA,VILLAROSA,086020,3,29,174,1880,716,2802
03-10-2026,SICILIA,19,TRAPANI,VITA,081023,0,14,139,846,370,1369
03-10-2026,SICILIA,19,RAGUSA,VITTORIA,088012,122,729,4461,59631,27797,92740
03-10-2026,SICILIA,19,CATANIA,VIZZINI,087054,2,38,265,2569,951,3825
03-10-2026,SICILIA,19,CATANIA,ZAFFERANA ETNEA,087055,13,194,609,7220,3367,11403
03-10-2026,TOSCANA,09,SIENA,ABBADIA SAN SALVATORE,052001,6,48,330,4014,1490,5888
03-10-2026,TOSCANA,09,PISTOIA,ABETONE CUTIGLIANO,047023,3,25,50,689,176,943
03-10-2026,TOSCANA,09,PISTOIA,AGLIANA,047002,27,328,2131,19454,10382,32322
03-10-2026,TOSCANA,09,LUCCA,ALTOPASCIO,046001,9,320,1321,12766,5078,19494
03-10-2026,TOSCANA,09,AREZZO,ANGHIARI,051001,2,21,193,2418,1394,4028
03-10-2026,TOSCANA,09,GROSSETO,ARCIDOSSO,053001,7,134,407,5303,2273,8124
03-10-2026,TOSCANA,09,AREZZO,AREZZO,051002,192,6272,7564,111085,47385,172498
03-10-2026,TOSCANA,09,SIENA,ASCIANO,052002,6,132,500,4934,1881,7453
03-10-2026,TOSCANA,09,MASSA E CARRARA,AULLA,045001,18,160,774,8199,3812,12963
03-10-2026,TOSCANA,09,AREZZO,BADIA TEDALDA,051003,1,8,46,345,174,574
03-10-2026,TOSCANA,09,LUCCA,BAGNI DI LUCCA,046002,5,18,219,2474,865,3581
03-10-2026,TOSCANA,09,FIRENZE,BAGNO A RIPOLI,048001,27,957,2158,26526,14983,44651
03-10-2026,TOSCANA,09,MASSA E CARRARA,BAGNONE,045002,0,26,90,969,454,1539
03-10-2026,TOSCANA,09,FIRENZE,BARBERINO DI MUGELLO,048002,6,159,815,7862,3481,12323
03-10-2026,TOSCANA,09,FIRENZE,BARBERINO TAVARNELLE,048054,15,115,892,8633,4105,13760
03-10-2026,TOSCANA,09,LUCCA,BARGA,046003,5,94,425,4926,1965,7415
03-10-2026,TOSCANA,09,AREZZO,BIBBIENA,051004,10,115,620,6380,2401,9526
03-10-2026,TOSCANA,09,LIVORNO,BIBBONA,049001,4,70,223,2307,712,3316
03-10-2026,TOSCANA,09,PISA,BIENTINA,050001,9,314,842,8586,3700,13451
03-10-2026,TOSCANA,09,LUCCA,BORGO A MOZZANO,046004,6,63,291,3036,1165,4561
03-10-2026,TOSCANA,09,FIRENZE,BORGO SAN LORENZO,048004,23,248,1375,14359,5689,21694
03-10-2026,TOSCANA,09,AREZZO,BUCINE,051005,13,162,626,7061,3300,11162
03-10-2026,TOSCANA,09,PISTOIA,BUGGIANO,047003,10,230,610,7570,3841,12261
03-10-2026,TOSCANA,09,SIENA,BUONCONVENTO,052003,4,41,181,1902,929,3057
03-10-2026,TOSCANA,09,PISA,BUTI,050002,5,117,435,4332,1712,6601
03-10-2026,TOSCANA,09,PISA,CALCI,050003,7,187,608,6459,2987,10248
03-10-2026,TOSCANA,09,PISA,CALCINAIA,050004,18,377,1136,11013,5199,17743
03-10-2026,TOSCANA,09,FIRENZE,CALENZANO,048005,25,1132,2014,21493,8899,33563
03-10-2026,TOSCANA,09,LUCCA,CAMAIORE,046005,33,807,2513,27555,13160,44068
03-10-2026,TOSCANA,09,GROSSETO,CAMPAGNATICO,053002,0,24,167,1608,799,2598
03-10-2026,TOSCANA,09,FIRENZE,CAMPI BISENZIO,048006,209,2707,6244,84526,34058,127744
03-10-2026,TOSCANA,09,LIVORNO,CAMPIGLIA MARITTIMA,049002,10,548,859,9539,3766,14722
03-10-2026,TOSCANA,09,LIVORNO,CAMPO NELL'ELBA,049003,7,41,331,3478,1298,5155
03-10-2026,TOSCANA,09,LUCCA,CAMPORGIANO,046006,1,20,80,959,470,1530
03-10-2026,TOSCANA,09,PRATO,CANTAGALLO,100001,5,64,284,3202,1440,4995
03-10-2026,TOSCANA,09,GROSSETO,CAPALBIO,053003,3,23,132,2350,1952,4460
03-10-2026,TOSCANA,09,PISA,CAPANNOLI,050005,5,125,469,4884,2282,7765
03-10-2026,TOSCANA,09,LUCCA,CAPANNORI,046007,57,899,3427,39549,16869,60801
03-10-2026,TOSCANA,09,LIVORNO,CAPOLIVERI,049004,3,50,285,2896,1204,4438
03-10-2026,TOSCANA,09,AREZZO,CAPOLONA,051006,5,79,321,4035,1509,5949
03-10-2026,TOSCANA,09,FIRENZE,CAPRAIA E LIMITE,048008,16,206,708,6773,2612,10315
03-10-2026,TOSCANA,09,LIVORNO,CAPRAIA ISOLA,049005,0,24,41,429,180,674
03-10-2026,TOSCANA,09,AREZZO,CAPRESE MICHELANGELO,051007,0,2,50,513,182,747
03-10-2026,TOSCANA,09,LUCCA,CAREGGINE,046008,0,0,17,77,25,119
03-10-2026,TOSCANA,09,PRATO,CARMIGNANO,100002,9,374,1292,14844,7522,24041
03-10-2026,TOSCANA,09,MASSA E CARRARA,CARRARA,045003,66,931,3424,44736,21524,70681
03-10-2026,TOSCANA,09,PISA,CASALE MARITTIMO,050006,1,23,82,730,286,1122
03-10-2026,TOSCANA,09,PISA,CASCIANA TERME LARI,050040,16,198,907,9736,4673,15530
03-10-2026,TOSCANA,09,PISA,CASCINA,050008,88,2003,4582,49446,22910,79029
03-10-2026,TOSCANA,09,MASSA E CARRARA,CASOLA IN LUNIGIANA,045004,0,15,48,419,96,578
03-10-2026,TOSCANA,09,SIENA,CASOLE D'ELSA,052004,3,34,233,2173,1166,3609
03-10-2026,TOSCANA,09,LIVORNO,CASTAGNETO CARDUCCI,049006,9,153,486,5629,2775,9052
03-10-2026,TOSCANA,09,GROSSETO,CASTEL DEL PIANO,053004,5,96,314,3775,1212,5402
03-10-2026,TOSCANA,09,AREZZO,CASTEL FOCOGNANO,051008,1,43,138,1208,384,1774
03-10-2026,TOSCANA,09,AREZZO,CASTEL SAN NICCOLÒ,051010,0,7,118,1039,342,1506
03-10-2026,TOSCANA,09,FIRENZE,CASTELFIORENTINO,048010,30,699,1599,19173,7664,29165
03-10-2026,TOSCANA,09,PISA,CASTELFRANCO DI SOTTO,050009,19,306,1459,12814,5201,19799
03-10-2026,TOSCANA,09,AREZZO,CASTELFRANCO PIANDISCÒ,051040,12,97,680,6754,3000,10543
03-10-2026,TOSCANA,09,GROSSETO,CASTELL'AZZARA,053005,0,5,72,497,196,770
03-10-2026,TOSCANA,09,SIENA,CASTELLINA IN CHIANTI,052005,1,22,119,1251,551,1944
03-10-2026,TOSCANA,09,PISA,CASTELLINA MARITTIMA,050010,0,62,140,1364,633,2199
03-10-2026,TOSCANA,09,SIENA,CASTELNUOVO BERARDENGA,052006,17,169,761,6938,3207,11092
03-10-2026,TOSCANA,09,LUCCA,CASTELNUOVO DI GARFAGNANA,046009,10,76,322,3346,1349,5103
03-10-2026,TOSCANA,09,PISA,CASTELNUOVO DI VAL DI CECINA,050011,1,6,92,806,195,1100
03-10-2026,TOSCANA,09,AREZZO,CASTIGLION FIBOCCHI,051011,4,44,204,1776,879,2907
03-10-2026,TOSCANA,09,AREZZO,CASTIGLION FIORENTINO,051012,10,122,798,7803,3575,12308
03-10-2026,TOSCANA,09,SIENA,CASTIGLIONE D'ORCIA,052007,1,24,86,1102,443,1656
03-10-2026,TOSCANA,09,GROSSETO,CASTIGLIONE DELLA PESCAIA,053006,8,70,441,5783,3368,9670
03-10-2026,TOSCANA,09,LUCCA,CASTIGLIONE DI GARFAGNANA,046010,1,8,65,735,272,1081
03-10-2026,TOSCANA,09,AREZZO,CAVRIGLIA,051013,9,187,619,6363,2453,9631
03-10-2026,TOSCANA,09,LIVORNO,CECINA,049007,37,1143,2468,27739,13147,44534
03-10-2026,TOSCANA,09,FIRENZE,CERRETO GUIDI,048011,2,184,790,8369,4368,13713
03-10-2026,TOSCANA,09,FIRENZE,CERTALDO,048012,18,347,1116,12195,5297,18973
03-10-2026,TOSCANA,09,SIENA,CETONA,052008,1,15,86,1340,743,2185
03-10-2026,TOSCANA,09,SIENA,CHIANCIANO TERME,052009,10,165,392,5320,1898,7785
03-10-2026,TOSCANA,09,PISA,CHIANNI,050012,1,7,53,733,326,1120
03-10-2026,TOSCANA,09,PISTOIA,CHIESINA UZZANESE,047022,13,78,349,3454,1103,4997
03-10-2026,TOSCANA,09,AREZZO,CHITIGNANO,051014,3,6,25,422,131,587
03-10-2026,TOSCANA,09,SIENA,CHIUSDINO,052010,2,29,47,951,469,1498
03-10-2026,TOSCANA,09,SIENA,CHIUSI,052011,10,104,471,5616,2522,8723
03-10-2026,TOSCANA,09,AREZZO,CHIUSI DELLA VERNA,051015,0,19,116,954,231,1320
03-10-2026,TOSCANA,09,GROSSETO,CINIGIANO,053007,5,28,136,1474,598,2241
03-10-2026,TOSCANA,09,AREZZO,CIVITELLA IN VAL DI CHIANA,051016,9,176,666,6414,2215,9480
03-10-2026,TOSCANA,09,GROSSETO,CIVITELLA PAGANICO,053008,3,52,184,1783,587,2609
03-10-2026,TOSCANA,09,SIENA,COLLE DI VAL D'ELSA,052012,34,421,1772,16613,8069,26909
03-10-2026,TOSCANA,09,LIVORNO,COLLESALVETTI,049008,29,445,1978,19819,12650,34921
03-10-2026,TOSCANA,09,MASSA E CARRARA,COMANO,045005,0,4,44,265,111,424
03-10-2026,TOSCANA,09,LUCCA,COREGLIA ANTELMINELLI,046011,1,15,171,1791,878,2856
03-10-2026,TOSCANA,09,AREZZO,CORTONA,051017,19,212,1240,12489,4884,18844
03-10-2026,TOSCANA,09,PISA,CRESPINA LORENZANA,050041,4,182,453,4443,1981,7063
03-10-2026,TOSCANA,09,FIRENZE,DICOMANO,048013,3,59,362,3993,1326,5743
03-10-2026,TOSCANA,09,FIRENZE,EMPOLI,048014,126,1863,5974,62821,29218,100002
03-10-2026,TOSCANA,09,LUCCA,FABBRICHE DI VERGEMOLI,046036,0,4,10,192,74,280
03-10-2026,TOSCANA,09,PISA,FAUGLIA,050014,5,87,313,3427,1393,5225
03-10-2026,TOSCANA,09,FIRENZE,FIESOLE,048015,48,762,1627,20052,8340,30829
03-10-2026,TOSCANA,09,FIRENZE,FIGLINE E INCISA VALDARNO,048052,63,831,2314,25924,9121,38253
03-10-2026,TOSCANA,09,MASSA E CARRARA,FILATTIERA,045006,0,8,109,1025,342,1484
03-10-2026,TOSCANA,09,FIRENZE,FIRENZE,048017,1883,34183,46149,687654,257828,1027697
03-10-2026,TOSCANA,09,FIRENZE,FIRENZUOLA,048018,1,41,272,2361,835,3510
03-10-2026,TOSCANA,09,MASSA E CARRARA,FIVIZZANO,045007,6,65,285,3974,3180,7510
03-10-2026,TOSCANA,09,AREZZO,FOIANO DELLA CHIANA,051018,7,95,483,5027,1752,7364
03-10-2026,TOSCANA,09,GROSSETO,FOLLONICA,053009,26,543,1623,17748,8142,28082
03-10-2026,TOSCANA,09,LUCCA,FORTE DEI MARMI,046013,16,144,504,6163,3370,10197
03-10-2026,TOSCANA,09,LUCCA,FOSCIANDORA,046014,2,1,27,278,114,422
03-10-2026,TOSCANA,09,MASSA E CARRARA,FOSDINOVO,045008,6,87,286,3349,1659,5387
03-10-2026,TOSCANA,09,FIRENZE,FUCECCHIO,048019,23,381,2256,22894,10684,36238
03-10-2026,TOSCANA,09,SIENA,GAIOLE IN CHIANTI,052013,0,33,156,1237,492,1918
03-10-2026,TOSCANA,09,LUCCA,GALLICANO,046015,6,10,184,1401,567,2168
03-10-2026,TOSCANA,09,FIRENZE,GAMBASSI TERME,048020,3,94,263,2697,876,3933
03-10-2026,TOSCANA,09,GROSSETO,GAVORRANO,053010,7,128,545,6529,2305,9514
03-10-2026,TOSCANA,09,FIRENZE,GREVE IN CHIANTI,048021,14,199,1257,11705,4885,18060
03-10-2026,TOSCANA,09,GROSSETO,GROSSETO,053011,120,1564,7207,101410,82953,193254
03-10-2026,TOSCANA,09,PISA,GUARDISTALLO,050015,0,15,76,1017,450,1558
03-10-2026,TOSCANA,09,FIRENZE,IMPRUNETA,048022,37,702,1460,15941,7061,25201
03-10-2026,TOSCANA,09,GROSSETO,ISOLA DEL GIGLIO,053012,1,3,74,765,318,1161
03-10-2026,TOSCANA,09,PISA,LAJATICO,050016,0,3,82,550,180,815
03-10-2026,TOSCANA,09,PISTOIA,LAMPORECCHIO,047005,9,79,621,5419,2633,8761
03-10-2026,TOSCANA,09,PISTOIA,LARCIANO,047006,5,69,398,4169,1818,6459
03-10-2026,TOSCANA,09,FIRENZE,LASTRA A SIGNA,048024,42,695,1556,20043,7225,29561
03-10-2026,TOSCANA,09,AREZZO,LATERINA PERGINE VALDARNO,051042,2,189,446,5165,2061,7863
03-10-2026,TOSCANA,09,MASSA E CARRARA,LICCIANA NARDI,045009,9,86,271,3103,1241,4710
03-10-2026,TOSCANA,09,LIVORNO,LIVORNO,049009,318,9283,19220,217582,103771,350174
03-10-2026,TOSCANA,09,FIRENZE,LONDA,048025,1,16,180,1618,583,2398
03-10-2026,TOSCANA,09,AREZZO,LORO CIUFFENNA,051020,9,84,314,3393,1227,5027
03-10-2026,TOSCANA,09,LUCCA,LUCCA,046017,117,1980,7915,91347,44772,146131
03-10-2026,TOSCANA,09,AREZZO,LUCIGNANO,051021,2,44,245,2091,933,3315
03-10-2026,TOSCANA,09,GROSSETO,MAGLIANO IN TOSCANA,053013,3,58,132,1562,721,2476
03-10-2026,TOSCANA,09,GROSSETO,MANCIANO,053014,1,63,240,3144,1092,4540
03-10-2026,TOSCANA,09,LIVORNO,MARCIANA,049010,4,11,239,1812,689,2755
03-10-2026,TOSCANA,09,LIVORNO,MARCIANA MARINA,049011,3,26,243,1882,805,2959
03-10-2026,TOSCANA,09,AREZZO,MARCIANO DELLA CHIANA,051022,1,42,268,2847,1084,4242
03-10-2026,TOSCANA,09,PISTOIA,MARLIANA,047007,5,49,219,2792,1688,4753
03-10-2026,TOSCANA,09,FIRENZE,MARRADI,048026,1,28,160,1451,345,1985
03-10-2026,TOSCANA,09,MASSA E CARRARA,MASSA,045010,104,2009,5332,68109,38738,114292
03-10-2026,TOSCANA,09,PISTOIA,MASSA E COZZILE,047008,7,128,488,5601,2598,8822
03-10-2026,TOSCANA,09,GROSSETO,MASSA MARITTIMA,053015,6,105,451,5361,1999,7922
03-10-2026,TOSCANA,09,LUCCA,MASSAROSA,046018,30,1041,1352,18303,6501,27227
03-10-2026,TOSCANA,09,LUCCA,MINUCCIANO,046019,1,6,37,508,201,753
03-10-2026,TOSCANA,09,LUCCA,MOLAZZANA,046020,0,6,32,315,118,471
03-10-2026,TOSCANA,09,PISTOIA,MONSUMMANO TERME,047009,29,344,1448,16477,8354,26652
03-10-2026,TOSCANA,09,FIRENZE,MONTAIONE,048027,6,62,213,2429,986,3696
03-10-2026,TOSCANA,09,SIENA,MONTALCINO,052037,1,26,215,2424,1158,3824
03-10-2026,TOSCANA,09,PISTOIA,MONTALE,047010,8,241,829,9024,4441,14543
03-10-2026,TOSCANA,09,GROSSETO,MONTE ARGENTARIO,053016,17,100,746,7714,4788,13365
03-10-2026,TOSCANA,09,AREZZO,MONTE SAN SAVINO,051025,8,202,589,6612,2387,9798
03-10-2026,TOSCANA,09,LUCCA,MONTECARLO,046021,4,94,234,2930,1408,4670
03-10-2026,TOSCANA,09,PISA,MONTECATINI VAL DI CECINA,050019,1,12,113,988,409,1523
03-10-2026,TOSCANA,09,PISTOIA,MONTECATINI-TERME,047011,37,328,1788,23949,12783,38885
03-10-2026,TOSCANA,09,FIRENZE,MONTELUPO FIORENTINO,048028,17,373,1093,12304,5416,19203
03-10-2026,TOSCANA,09,AREZZO,MONTEMIGNAIO,051023,0,10,26,337,118,491
03-10-2026,TOSCANA,09,PRATO,MONTEMURLO,100003,19,486,1760,21587,9203,33055
03-10-2026,TOSCANA,09,SIENA,MONTEPULCIANO,052015,12,244,898,9503,3708,14365
03-10-2026,TOSCANA,09,AREZZO,MONTERCHI,051024,1,12,88,609,179,889
03-10-2026,TOSCANA,09,SIENA,MONTERIGGIONI,052016,12,186,742,8686,3706,13332
03-10-2026,TOSCANA,09,SIENA,MONTERONI D'ARBIA,052017,8,122,535,5963,2126,8754
03-10-2026,TOSCANA,09,GROSSETO,MONTEROTONDO MARITTIMO,053027,0,12,104,1020,420,1556
03-10-2026,TOSCANA,09,PISA,MONTESCUDAIO,050020,1,50,155,1646,518,2370
03-10-2026,TOSCANA,09,FIRENZE,MONTESPERTOLI,048030,12,359,1122,12212,5451,19156
03-10-2026,TOSCANA,09,AREZZO,MONTEVARCHI,051026,23,548,2033,24450,9660,36714
03-10-2026,TOSCANA,09,PISA,MONTEVERDI MARITTIMO,050021,3,15,68,864,723,1673
03-10-2026,TOSCANA,09,SIENA,MONTICIANO,052018,6,37,131,1160,370,1704
03-10-2026,TOSCANA,09,GROSSETO,MONTIERI,053017,1,6,80,585,194,866
03-10-2026,TOSCANA,09,MASSA E CARRARA,MONTIGNOSO,045011,10,78,613,7116,3279,11096
03-10-2026,TOSCANA,09,PISA,MONTOPOLI IN VAL D'ARNO,050022,10,177,949,9302,3612,14050
03-10-2026,TOSCANA,09,MASSA E CARRARA,MULAZZO,045012,3,15,132,1239,460,1849
03-10-2026,TOSCANA,09,SIENA,MURLO,052019,4,28,174,1975,694,2875
03-10-2026,TOSCANA,09,GROSSETO,ORBETELLO,053018,16,265,903,10801,4109,16094
03-10-2026,TOSCANA,09,PISA,ORCIANO PISANO,050023,0,8,61,470,185,724
03-10-2026,TOSCANA,09,AREZZO,ORTIGNANO RAGGIOLO,051027,1,1,36,345,138,521
03-10-2026,TOSCANA,09,PISA,PALAIA,050024,6,68,340,3257,1170,4841
03-10-2026,TOSCANA,09,FIRENZE,PALAZZUOLO SUL SENIO,048031,2,9,58,498,184,751
03-10-2026,TOSCANA,09,PISA,PECCIOLI,050025,2,54,257,2855,1137,4305
03-10-2026,TOSCANA,09,FIRENZE,PELAGO,048032,12,233,643,7134,3037,11059
03-10-2026,TOSCANA,09,LUCCA,PESCAGLIA,046022,1,32,104,1272,441,1850
03-10-2026,TOSCANA,09,PISTOIA,PESCIA,047012,24,358,1391,16179,6245,24197
03-10-2026,TOSCANA,09,SIENA,PIANCASTAGNAIO,052020,1,55,205,2091,798,3150
03-10-2026,TOSCANA,09,LUCCA,PIAZZA AL SERCHIO,046023,1,7,46,770,332,1156
03-10-2026,TOSCANA,09,SIENA,PIENZA,052021,2,11,87,984,471,1555
03-10-2026,TOSCANA,09,LUCCA,PIETRASANTA,046024,19,347,1594,18295,9954,30209
03-10-2026,TOSCANA,09,PISTOIA,PIEVE A NIEVOLE,047013,9,173,675,8311,3734,12902
03-10-2026,TOSCANA,09,LUCCA,PIEVE FOSCIANA,046025,0,13,83,949,568,1613
03-10-2026,TOSCANA,09,AREZZO,PIEVE SANTO STEFANO,051030,2,9,91,1218,692,2012
03-10-2026,TOSCANA,09,LIVORNO,PIOMBINO,049012,40,792,2230,29079,11673,43814
03-10-2026,TOSCANA,09,PISA,PISA,050026,324,8106,10818,133689,50642,203579
03-10-2026,TOSCANA,09,PISTOIA,PISTOIA,047014,156,1831,8539,104401,47893,162820
03-10-2026,TOSCANA,09,GROSSETO,PITIGLIANO,053019,1,45,181,1917,782,2926
03-10-2026,TOSCANA,09,MASSA E CARRARA,PODENZANA,045013,2,9,107,1323,610,2051
03-10-2026,TOSCANA,09,SIENA,POGGIBONSI,052022,18,381,2020,20705,9708,32832
03-10-2026,TOSCANA,09,PRATO,POGGIO A CAIANO,100004,17,154,829,12086,6955,20041
03-10-2026,TOSCANA,09,PISA,POMARANCE,050027,10,56,399,3129,999,4593
03-10-2026,TOSCANA,09,PISA,PONSACCO,050028,20,772,1666,17682,7760,27900
03-10-2026,TOSCANA,09,FIRENZE,PONTASSIEVE,048033,13,624,1629,20660,8578,31504
03-10-2026,TOSCANA,09,PISTOIA,PONTE BUGGIANESE,047016,5,84,513,6027,2518,9147
03-10-2026,TOSCANA,09,PISA,PONTEDERA,050029,63,1524,3121,36805,14241,55754
03-10-2026,TOSCANA,09,MASSA E CARRARA,PONTREMOLI,045014,1,89,373,3780,1945,6188
03-10-2026,TOSCANA,09,AREZZO,POPPI,051031,5,85,408,3538,1403,5439
03-10-2026,TOSCANA,09,LUCCA,PORCARI,046026,6,88,590,5186,2101,7971
03-10-2026,TOSCANA,09,LIVORNO,PORTO AZZURRO,049013,0,46,354,3954,1542,5896
03-10-2026,TOSCANA,09,LIVORNO,PORTOFERRAIO,049014,11,316,1328,11908,5466,19029
03-10-2026,TOSCANA,09,PRATO,PRATO,100005,455,7621,20169,306088,155797,490130
03-10-2026,TOSCANA,09,AREZZO,PRATOVECCHIO STIA,051041,5,48,280,3005,1218,4556
03-10-2026,TOSCANA,09,PISTOIA,QUARRATA,047017,28,843,2332,28130,12336,43669
03-10-2026,TOSCANA,09,SIENA,RADDA IN CHIANTI,052023,1,23,73,803,467,1367
03-10-2026,TOSCANA,09,SIENA,RADICOFANI,052024,1,6,73,424,135,639
03-10-2026,TOSCANA,09,SIENA,RADICONDOLI,052025,1,12,57,613,200,883
03-10-2026,TOSCANA,09,SIENA,RAPOLANO TERME,052026,7,66,291,3162,1234,4760
03-10-2026,TOSCANA,09,FIRENZE,REGGELLO,048035,24,597,1364,16458,6426,24869
03-10-2026,TOSCANA,09,FIRENZE,RIGNANO SULL'ARNO,048036,7,185,708,7013,3602,11515
03-10-2026,TOSCANA,09,LIVORNO,RIO,049021,13,56,368,3670,1231,5338
03-10-2026,TOSCANA,09,PISA,RIPARBELLA,050030,3,56,127,1177,394,1757
03-10-2026,TOSCANA,09,GROSSETO,ROCCALBEGNA,053020,0,11,60,779,538,1388
03-10-2026,TOSCANA,09,GROSSETO,ROCCASTRADA,053021,9,173,756,7074,2361,10373
03-10-2026,TOSCANA,09,LIVORNO,ROSIGNANO MARITTIMO,049017,43,2185,2417,29900,13263,47808
03-10-2026,TOSCANA,09,FIRENZE,RUFINA,048037,6,90,456,4638,1688,6878
03-10-2026,TOSCANA,09,PISTOIA,SAMBUCA PISTOIESE,047018,2,9,84,767,249,1111
03-10-2026,TOSCANA,09,SIENA,SAN CASCIANO DEI BAGNI,052027,2,7,49,662,293,1013
03-10-2026,TOSCANA,09,FIRENZE,SAN CASCIANO IN VAL DI PESA,048038,17,367,1282,12681,6293,20640
03-10-2026,TOSCANA,09,SIENA,SAN GIMIGNANO,052028,7,133,505,4680,2116,7441
03-10-2026,TOSCANA,09,AREZZO,SAN GIOVANNI VALDARNO,051033,22,373,1426,14873,5855,22549
03-10-2026,TOSCANA,09,PISA,SAN GIULIANO TERME,050031,54,1451,3190,34236,13406,52337
03-10-2026,TOSCANA,09,FIRENZE,SAN GODENZO,048039,1,6,55,516,201,779
03-10-2026,TOSCANA,09,PISTOIA,SAN MARCELLO PITEGLIO,047024,7,89,470,4102,1488,6156
03-10-2026,TOSCANA,09,PISA,SAN MINIATO,050032,23,699,2167,23757,10635,37281
03-10-2026,TOSCANA,09,SIENA,SAN QUIRICO D'ORCIA,052030,3,17,120,1326,407,1873
03-10-2026,TOSCANA,09,LUCCA,SAN ROMANO IN GARFAGNANA,046027,0,3,44,444,183,674
03-10-2026,TOSCANA,09,LIVORNO,SAN VINCENZO,049018,5,74,369,3545,1575,5568
03-10-2026,TOSCANA,09,AREZZO,SANSEPOLCRO,051034,9,108,790,8395,4022,13324
03-10-2026,TOSCANA,09,PISA,SANTA CROCE SULL'ARNO,050033,20,434,2543,17546,6661,27204
03-10-2026,TOSCANA,09,GROSSETO,SANTA FIORA,053022,5,43,150,1777,567,2542
03-10-2026,TOSCANA,09,PISA,SANTA LUCE,050034,2,28,96,939,425,1490
03-10-2026,TOSCANA,09,PISA,SANTA MARIA A MONTE,050035,26,138,1048,11076,4389,16677
03-10-2026,TOSCANA,09,SIENA,SARTEANO,052031,5,79,209,2303,936,3532
03-10-2026,TOSCANA,09,LIVORNO,SASSETTA,049019,0,5,41,253,72,371
03-10-2026,TOSCANA,09,FIRENZE,SCANDICCI,048041,115,1459,5718,57109,24988,89389
03-10-2026,TOSCANA,09,GROSSETO,SCANSANO,053023,4,52,283,3354,1472,5165
03-10-2026,TOSCANA,09,GROSSETO,SCARLINO,053024,6,76,313,3435,1495,5325
03-10-2026,TOSCANA,09,FIRENZE,SCARPERIA E SAN PIERO,048053,4,184,929,9073,4629,14819
03-10-2026,TOSCANA,09,GROSSETO,SEGGIANO,053025,4,13,59,997,191,1264
03-10-2026,TOSCANA,09,GROSSETO,SEMPRONIANO,053028,0,6,34,356,121,517
03-10-2026,TOSCANA,09,LUCCA,SERAVEZZA,046028,4,121,595,7077,3165,10962
03-10-2026,TOSCANA,09,PISTOIA,SERRAVALLE PISTOIESE,047020,7,230,785,9599,4651,15272
03-10-2026,TOSCANA,09,AREZZO,SESTINO,051035,0,3,36,438,110,587
03-10-2026,TOSCANA,09,FIRENZE,SESTO FIORENTINO,048043,123,3512,7013,75782,35322,121752
03-10-2026,TOSCANA,09,SIENA,SIENA,052032,105,2905,5967,71598,26479,107054
03-10-2026,TOSCANA,09,FIRENZE,SIGNA,048044,53,623,1897,23435,9691,35699
03-10-2026,TOSCANA,09,LUCCA,SILLANO GIUNCUGNANO,046037,0,2,63,414,92,571
03-10-2026,TOSCANA,09,SIENA,SINALUNGA,052033,20,181,842,8722,3341,13106
03-10-2026,TOSCANA,09,GROSSETO,SORANO,053026,2,12,160,1300,556,2030
03-10-2026,TOSCANA,09,SIENA,SOVICILLE,052034,9,287,939,8273,3379,12887
03-10-2026,TOSCANA,09,LUCCA,STAZZEMA,046030,3,17,106,923,292,1341
03-10-2026,TOSCANA,09,AREZZO,SUBBIANO,051037,10,184,456,4438,1806,6894
03-10-2026,TOSCANA,09,LIVORNO,SUVERETO,049020,1,30,176,1679,739,2625
03-10-2026,TOSCANA,09,AREZZO,TALLA,051038,4,6,30,595,282,917
03-10-2026,TOSCANA,09,AREZZO,TERRANUOVA BRACCIOLINI,051039,10,109,1052,9409,4011,14591
03-10-2026,TOSCANA,09,PISA,TERRICCIOLA,050036,1,63,231,2449,1106,3850
03-10-2026,TOSCANA,09,SIENA,TORRITA DI SIENA,052035,13,47,469,4651,2032,7212
03-10-2026,TOSCANA,09,SIENA,TREQUANDA,052036,1,12,41,630,405,1089
03-10-2026,TOSCANA,09,MASSA E CARRARA,TRESANA,045015,1,6,80,856,394,1337
03-10-2026,TOSCANA,09,PISTOIA,UZZANO,047021,10,80,412,5181,2263,7946
03-10-2026,TOSCANA,09,LUCCA,VAGLI SOTTO,046031,1,2,11,118,51,183
03-10-2026,TOSCANA,09,FIRENZE,VAGLIA,048046,5,112,473,6310,2263,9163
03-10-2026,TOSCANA,09,PRATO,VAIANO,100006,6,167,821,10561,5715,17270
03-10-2026,TOSCANA,09,PISA,VECCHIANO,050037,21,399,1105,11676,4669,17870
03-10-2026,TOSCANA,09,PRATO,VERNIO,100007,9,82,443,5682,2524,8740
03-10-2026,TOSCANA,09,LUCCA,VIAREGGIO,046033,85,1067,4068,51469,24796,81485
03-10-2026,TOSCANA,09,FIRENZE,VICCHIO,048049,11,142,491,5404,2726,8774
03-10-2026,TOSCANA,09,PISA,VICOPISANO,050038,7,194,521,6475,3183,10380
03-10-2026,TOSCANA,09,LUCCA,VILLA BASILICA,046034,1,3,60,626,188,878
03-10-2026,TOSCANA,09,LUCCA,VILLA COLLEMANDINA,046035,1,3,36,306,118,464
03-10-2026,TOSCANA,09,MASSA E CARRARA,VILLAFRANCA IN LUNIGIANA,045016,7,48,334,3400,1723,5512
03-10-2026,TOSCANA,09,FIRENZE,VINCI,048050,26,569,1366,15228,7140,24329
03-10-2026,TOSCANA,09,PISA,VOLTERRA,050039,6,84,494,5016,1814,7414
03-10-2026,TOSCANA,09,MASSA E CARRARA,ZERI,045017,0,3,66,424,146,639
03-10-2026,TRENTINO ALTO ADIGE,04,TRENTO,ALA,022001,4,135,734,5894,2108,8875
03-10-2026,TRENTINO ALTO ADIGE,04,TRENTO,ALBIANO,022002,1,5,90,620,148,864
03-10-2026,TRENTINO ALTO ADIGE,04,TRENTO,ALDENO,022003,2,95,344,2489,924,3854
03-10-2026,TRENTINO ALTO ADIGE,04,BOLZANO/BOZEN,ALDINO,021001,0,2,41,229,52,324
03-10-2026,TRENTINO ALTO ADIGE,04,TRENTO,ALTAVALLE,022235,2,12,114,767,253,1148
03-10-2026,TRENTINO ALTO ADIGE,04,TRENTO,ALTOPIANO DELLA VIGOLANA,022236,1,147,414,3110,856,4528
03-10-2026,TRENTINO ALTO ADIGE,04,TRENTO,AMBLAR-DON,022237,0,4,20,204,109,337
03-10-2026,TRENTINO ALTO ADIGE,04,TRENTO,ANDALO,022005,0,10,41,346,116,513
03-10-2026,TRENTINO ALTO ADIGE,04,BOLZANO/BOZEN,ANDRIANO,021002,1,7,51,353,69,481
03-10-2026,TRENTINO ALTO ADIGE,04,BOLZANO/BOZEN,ANTERIVO,021003,1,4,14,141,41,201
03-10-2026,TRENTINO ALTO ADIGE,04,BOLZANO/BOZEN,APPIANO SULLA STRADA DEL VINO,021004,11,65,1028,9945,3840,14889
03-10-2026,TRENTINO ALTO ADIGE,04,TRENTO,ARCO,022006,17,444,1231,11830,4133,17655
03-10-2026,TRENTINO ALTO ADIGE,04,BOLZANO/BOZEN,AVELENGO,021005,0,3,89,451,161,704
03-10-2026,TRENTINO ALTO ADIGE,04,TRENTO,AVIO,022007,5,80,274,2634,766,3759
03-10-2026,TRENTINO ALTO ADIGE,04,BOLZANO/BOZEN,BADIA,021006,0,16,208,1657,866,2747
03-10-2026,TRENTINO ALTO ADIGE,04,BOLZANO/BOZEN,BARBIANO,021007,0,3,78,544,86,711
03-10-2026,TRENTINO ALTO ADIGE,04,TRENTO,BASELGA DI PINÈ,022009,2,125,354,2679,588,3748
03-10-2026,TRENTINO ALTO ADIGE,04,TRENTO,BEDOLLO,022011,0,14,77,605,117,813
03-10-2026,TRENTINO ALTO ADIGE,04,TRENTO,BESENELLO,022013,3,39,200,1928,678,2848
03-10-2026,TRENTINO ALTO ADIGE,04,TRENTO,BIENO,022015,0,6,65,340,70,481
03-10-2026,TRENTINO ALTO ADIGE,04,TRENTO,BLEGGIO SUPERIORE,022017,0,7,65,511,144,727
03-10-2026,TRENTINO ALTO ADIGE,04,TRENTO,BOCENAGO,022018,1,2,35,307,177,522
03-10-2026,TRENTINO ALTO ADIGE,04,BOLZANO/BOZEN,BOLZANO,021008,287,2656,14834,151772,53831,223380
03-10-2026,TRENTINO ALTO ADIGE,04,TRENTO,BONDONE,022021,0,0,12,182,57,251
03-10-2026,TRENTINO ALTO ADIGE,04,TRENTO,BORGO CHIESE,022238,0,15,163,841,262,1281
03-10-2026,TRENTINO ALTO ADIGE,04,TRENTO,BORGO D'ANAUNIA,022252,1,16,102,928,283,1330
03-10-2026,TRENTINO ALTO ADIGE,04,TRENTO,BORGO LARES,022239,1,1,56,450,501,1009
03-10-2026,TRENTINO ALTO ADIGE,04,TRENTO,BORGO VALSUGANA,022022,5,89,425,3637,1389,5545
03-10-2026,TRENTINO ALTO ADIGE,04,BOLZANO/BOZEN,BRAIES,021009,0,1,47,198,35,281
03-10-2026,TRENTINO ALTO ADIGE,04,BOLZANO/BOZEN,BRENNERO,021010,4,7,452,1725,511,2699
03-10-2026,TRENTINO ALTO ADIGE,04,TRENTO,BRENTONICO,022025,5,60,226,2607,595,3493
03-10-2026,TRENTINO ALTO ADIGE,04,TRENTO,BRESIMO,022026,0,1,2,50,37,90
03-10-2026,TRENTINO ALTO ADIGE,04,BOLZANO/BOZEN,BRESSANONE,021011,23,461,1910,15228,5396,23018
03-10-2026,TRENTINO ALTO ADIGE,04,BOLZANO/BOZEN,BRONZOLO,021012,3,60,176,1711,549,2499
03-10-2026,TRENTINO ALTO ADIGE,04,BOLZANO/BOZEN,BRUNICO,021013,15,86,1220,10524,5749,17594
03-10-2026,TRENTINO ALTO ADIGE,04,TRENTO,CADERZONE TERME,022029,0,1,29,204,32,266
03-10-2026,TRENTINO ALTO ADIGE,04,BOLZANO/BOZEN,CAINES,021014,0,2,20,108,16,146
03-10-2026,TRENTINO ALTO ADIGE,04,TRENTO,CALCERANICA AL LAGO,022032,0,34,98,710,173,1015
03-10-2026,TRENTINO ALTO ADIGE,04,BOLZANO/BOZEN,CALDARO SULLA STRADA DEL VINO,021015,2,41,516,3847,1380,5786
03-10-2026,TRENTINO ALTO ADIGE,04,TRENTO,CALDES,022033,0,7,38,227,86,358
03-10-2026,TRENTINO ALTO ADIGE,04,TRENTO,CALDONAZZO,022034,7,185,426,2934,623,4175
03-10-2026,TRENTINO ALTO ADIGE,04,TRENTO,CALLIANO,022035,3,51,208,1651,492,2405
03-10-2026,TRENTINO ALTO ADIGE,04,TRENTO,CAMPITELLO DI FASSA,022036,0,4,54,252,64,374
03-10-2026,TRENTINO ALTO ADIGE,04,BOLZANO/BOZEN,CAMPO DI TRENS,021016,0,1,153,860,564,1578
03-10-2026,TRENTINO ALTO ADIGE,04,BOLZANO/BOZEN,CAMPO TURES,021017,2,12,284,2166,472,2936
03-10-2026,TRENTINO ALTO ADIGE,04,TRENTO,CAMPODENNO,022037,3,9,73,481,161,727
03-10-2026,TRENTINO ALTO ADIGE,04,TRENTO,CANAL SAN BOVO,022038,1,14,61,548,125,749
03-10-2026,TRENTINO ALTO ADIGE,04,TRENTO,CANAZEI,022039,1,13,93,638,182,927
03-10-2026,TRENTINO ALTO ADIGE,04,TRENTO,CAPRIANA,022040,0,7,37,275,35,354
03-10-2026,TRENTINO ALTO ADIGE,04,TRENTO,CARISOLO,022042,2,8,45,261,76,392
03-10-2026,TRENTINO ALTO ADIGE,04,TRENTO,CARZANO,022043,0,0,15,113,41,169
03-10-2026,TRENTINO ALTO ADIGE,04,TRENTO,CASTEL CONDINO,022045,0,0,32,88,22,142
03-10-2026,TRENTINO ALTO ADIGE,04,TRENTO,CASTEL IVANO,022240,0,38,189,1340,387,1954
03-10-2026,TRENTINO ALTO ADIGE,04,BOLZANO/BOZEN,CASTELBELLO-CIARDES,021018,0,1,83,764,504,1352
03-10-2026,TRENTINO ALTO ADIGE,04,TRENTO,CASTELLO TESINO,022048,5,22,75,502,116,720
03-10-2026,TRENTINO ALTO ADIGE,04,TRENTO,CASTELLO-MOLINA DI FIEMME,022047,1,13,108,692,163,977
03-10-2026,TRENTINO ALTO ADIGE,04,TRENTO,CASTELNUOVO,022049,0,7,51,471,207,736
03-10-2026,TRENTINO ALTO ADIGE,04,BOLZANO/BOZEN,CASTELROTTO,021019,3,21,431,3804,1599,5858
03-10-2026,TRENTINO ALTO ADIGE,04,TRENTO,CAVALESE,022050,3,86,287,2224,677,3277
03-10-2026,TRENTINO ALTO ADIGE,04,TRENTO,CAVARENO,022051,1,12,41,495,193,742
03-10-2026,TRENTINO ALTO ADIGE,04,TRENTO,CAVEDAGO,022052,0,1,34,303,138,476
03-10-2026,TRENTINO ALTO ADIGE,04,TRENTO,CAVEDINE,022053,2,27,246,1576,431,2282
03-10-2026,TRENTINO ALTO ADIGE,04,TRENTO,CAVIZZANA,022054,0,0,10,58,17,85
03-10-2026,TRENTINO ALTO ADIGE,04,TRENTO,CEMBRA LISIGNAGO,022241,1,9,125,913,233,1281
03-10-2026,TRENTINO ALTO ADIGE,04,BOLZANO/BOZEN,CERMES,021020,1,7,56,639,172,875
03-10-2026,TRENTINO ALTO ADIGE,04,BOLZANO/BOZEN,CHIENES,021021,0,1,142,963,230,1336
03-10-2026,TRENTINO ALTO ADIGE,04,BOLZANO/BOZEN,CHIUSA,021022,0,7,204,1659,360,2230
03-10-2026,TRENTINO ALTO ADIGE,04,TRENTO,CIMONE,022058,1,8,50,560,158,777
03-10-2026,TRENTINO ALTO ADIGE,04,TRENTO,CINTE TESINO,022059,0,2,15,105,29,151
03-10-2026,TRENTINO ALTO ADIGE,04,TRENTO,CIS,022060,0,1,9,60,14,84
03-10-2026,TRENTINO ALTO ADIGE,04,TRENTO,CIVEZZANO,022061,1,93,249,2421,927,3691
03-10-2026,TRENTINO ALTO ADIGE,04,TRENTO,CLES,022062,2,115,400,3992,1641,6150
03-10-2026,TRENTINO ALTO ADIGE,04,TRENTO,COMANO TERME,022228,1,19,168,1388,682,2258
03-10-2026,TRENTINO ALTO ADIGE,04,TRENTO,COMMEZZADURA,022064,0,6,47,324,90,467
03-10-2026,TRENTINO ALTO ADIGE,04,TRENTO,CONTÀ,022242,0,2,68,697,327,1094
03-10-2026,TRENTINO ALTO ADIGE,04,BOLZANO/BOZEN,CORNEDO ALL'ISARCO,021023,2,11,162,1184,278,1637
03-10-2026,TRENTINO ALTO ADIGE,04,BOLZANO/BOZEN,CORTACCIA SULLA STRADA DEL VINO,021024,0,7,105,823,134,1069
03-10-2026,TRENTINO ALTO ADIGE,04,BOLZANO/BOZEN,CORTINA SULLA STRADA DEL VINO,021025,0,1,27,199,40,267
03-10-2026,TRENTINO ALTO ADIGE,04,BOLZANO/BOZEN,CORVARA IN BADIA,021026,0,1,52,412,125,590
03-10-2026,TRENTINO ALTO ADIGE,04,TRENTO,CROVIANA,022068,0,3,25,272,111,411
03-10-2026,TRENTINO ALTO ADIGE,04,BOLZANO/BOZEN,CURON VENOSTA,021027,2,0,92,678,50,822
03-10-2026,TRENTINO ALTO ADIGE,04,TRENTO,DAMBEL,022071,0,2,26,125,62,215
03-10-2026,TRENTINO ALTO ADIGE,04,TRENTO,DENNO,022074,1,10,82,557,156,806
03-10-2026,TRENTINO ALTO ADIGE,04,TRENTO,DIMARO FOLGARIDA,022233,2,14,180,1035,392,1623
03-10-2026,TRENTINO ALTO ADIGE,04,BOLZANO/BOZEN,DOBBIACO,021028,0,20,265,1653,527,2465
03-10-2026,TRENTINO ALTO ADIGE,04,TRENTO,DRENA,022078,0,6,19,281,74,380
03-10-2026,TRENTINO ALTO ADIGE,04,TRENTO,DRO,022079,3,65,358,2790,1058,4274
03-10-2026,TRENTINO ALTO ADIGE,04,BOLZANO/BOZEN,EGNA,021029,6,37,384,3197,936,4560
03-10-2026,TRENTINO ALTO ADIGE,04,TRENTO,FAI DELLA PAGANELLA,022081,0,13,55,387,88,543
03-10-2026,TRENTINO ALTO ADIGE,04,BOLZANO/BOZEN,FALZES,021030,0,4,224,1696,686,2610
03-10-2026,TRENTINO ALTO ADIGE,04,TRENTO,FIAVÈ,022083,0,10,70,663,330,1073
03-10-2026,TRENTINO ALTO ADIGE,04,TRENTO,FIEROZZO,022085,0,1,16,72,34,123
03-10-2026,TRENTINO ALTO ADIGE,04,BOLZANO/BOZEN,FIÈ ALLO SCILIAR,021031,2,15,269,1792,602,2680
03-10-2026,TRENTINO ALTO ADIGE,04,TRENTO,FOLGARIA,022087,3,16,200,1793,852,2864
03-10-2026,TRENTINO ALTO ADIGE,04,TRENTO,FORNACE,022089,1,13,68,437,98,617
03-10-2026,TRENTINO ALTO ADIGE,04,BOLZANO/BOZEN,FORTEZZA,021032,0,6,112,729,241,1088
03-10-2026,TRENTINO ALTO ADIGE,04,TRENTO,FRASSILONGO,022090,0,1,4,127,23,155
03-10-2026,TRENTINO ALTO ADIGE,04,BOLZANO/BOZEN,FUNES,021033,0,0,73,605,119,797
03-10-2026,TRENTINO ALTO ADIGE,04,BOLZANO/BOZEN,GAIS,021034,0,2,213,925,292,1432
03-10-2026,TRENTINO ALTO ADIGE,04,BOLZANO/BOZEN,GARGAZZONE,021035,2,9,84,708,238,1041
03-10-2026,TRENTINO ALTO ADIGE,04,TRENTO,GARNIGA TERME,022091,1,8,46,306,54,415
03-10-2026,TRENTINO ALTO ADIGE,04,TRENTO,GIOVO,022092,0,28,135,1039,254,1456
03-10-2026,TRENTINO ALTO ADIGE,04,TRENTO,GIUSTINO,022093,0,6,63,473,149,691
03-10-2026,TRENTINO ALTO ADIGE,04,BOLZANO/BOZEN,GLORENZA,021036,0,1,34,283,80,398
03-10-2026,TRENTINO ALTO ADIGE,04,TRENTO,GRIGNO,022095,0,5,123,737,241,1106
03-10-2026,TRENTINO ALTO ADIGE,04,TRENTO,IMER,022097,0,13,68,419,73,573
03-10-2026,TRENTINO ALTO ADIGE,04,TRENTO,ISERA,022098,5,47,255,1600,533,2440
03-10-2026,TRENTINO ALTO ADIGE,04,BOLZANO/BOZEN,LA VALLE,021117,1,3,87,461,98,650
03-10-2026,TRENTINO ALTO ADIGE,04,BOLZANO/BOZEN,LACES,021037,1,3,229,1539,446,2218
03-10-2026,TRENTINO ALTO ADIGE,04,BOLZANO/BOZEN,LAGUNDO,021038,6,39,357,3267,1746,5415
03-10-2026,TRENTINO ALTO ADIGE,04,BOLZANO/BOZEN,LAION,021039,1,9,147,1225,382,1764
03-10-2026,TRENTINO ALTO ADIGE,04,BOLZANO/BOZEN,LAIVES,021040,19,745,2273,17179,4591,24807
03-10-2026,TRENTINO ALTO ADIGE,04,BOLZANO/BOZEN,LANA,021041,10,78,843,6389,2419,9739
03-10-2026,TRENTINO ALTO ADIGE,04,BOLZANO/BOZEN,LASA,021042,0,1,182,1047,241,1471
03-10-2026,TRENTINO ALTO ADIGE,04,BOLZANO/BOZEN,LAUREGNO,021043,0,0,19,111,25,155
03-10-2026,TRENTINO ALTO ADIGE,04,TRENTO,LAVARONE,022102,1,16,61,456,197,731
03-10-2026,TRENTINO ALTO ADIGE,04,TRENTO,LAVIS,022103,8,40,563,4703,2239,7553
03-10-2026,TRENTINO ALTO ADIGE,04,TRENTO,LEDRO,022229,1,72,322,2801,759,3955
03-10-2026,TRENTINO ALTO ADIGE,04,TRENTO,LEVICO TERME,022104,10,96,603,4517,1446,6672
03-10-2026,TRENTINO ALTO ADIGE,04,TRENTO,LIVO,022106,0,2,20,145,29,196
03-10-2026,TRENTINO ALTO ADIGE,04,TRENTO,LONA-LASES,022108,0,12,57,484,127,680
03-10-2026,TRENTINO ALTO ADIGE,04,TRENTO,LUSERNA,022109,0,5,12,205,47,269
03-10-2026,TRENTINO ALTO ADIGE,04,BOLZANO/BOZEN,LUSON,021044,2,0,35,412,73,522
03-10-2026,TRENTINO ALTO ADIGE,04,TRENTO,MADRUZZO,022243,3,13,219,1662,494,2391
03-10-2026,TRENTINO ALTO ADIGE,04,BOLZANO/BOZEN,MAGRÈ SULLA STRADA DEL VINO,021045,2,6,64,545,110,727
03-10-2026,TRENTINO ALTO ADIGE,04,BOLZANO/BOZEN,MALLES VENOSTA,021046,1,0,134,1059,237,1431
03-10-2026,TRENTINO ALTO ADIGE,04,TRENTO,MALÉ,022110,0,14,130,957,285,1386
03-10-2026,TRENTINO ALTO ADIGE,04,BOLZANO/BOZEN,MAREBBE,021047,2,5,147,1024,330,1508
03-10-2026,TRENTINO ALTO ADIGE,04,BOLZANO/BOZEN,MARLENGO,021048,2,13,189,1471,524,2199
03-10-2026,TRENTINO ALTO ADIGE,04,BOLZANO/BOZEN,MARTELLO,021049,0,1,35,176,33,245
03-10-2026,TRENTINO ALTO ADIGE,04,TRENTO,MASSIMENO,022112,0,3,11,90,38,142
03-10-2026,TRENTINO ALTO ADIGE,04,TRENTO,MAZZIN,022113,0,4,47,312,66,429
03-10-2026,TRENTINO ALTO ADIGE,04,BOLZANO/BOZEN,MELTINA,021050,0,4,45,283,57,389
03-10-2026,TRENTINO ALTO ADIGE,04,BOLZANO/BOZEN,MERANO,021051,99,1922,4287,42818,16402,65528
03-10-2026,TRENTINO ALTO ADIGE,04,TRENTO,MEZZANA,022114,0,5,29,401,107,542
03-10-2026,TRENTINO ALTO ADIGE,04,TRENTO,MEZZANO,022115,0,11,86,582,280,959
03-10-2026,TRENTINO ALTO ADIGE,04,TRENTO,MEZZOCORONA,022116,2,155,318,3163,927,4565
03-10-2026,TRENTINO ALTO ADIGE,04,TRENTO,MEZZOLOMBARDO,022117,12,126,576,4688,1584,6986
03-10-2026,TRENTINO ALTO ADIGE,04,TRENTO,MOENA,022118,0,25,117,1244,630,2016
03-10-2026,TRENTINO ALTO ADIGE,04,TRENTO,MOLVENO,022120,1,3,31,310,144,489
03-10-2026,TRENTINO ALTO ADIGE,04,BOLZANO/BOZEN,MONGUELFO-TESIDO,021052,1,7,81,847,236,1172
03-10-2026,TRENTINO ALTO ADIGE,04,BOLZANO/BOZEN,MONTAGNA SULLA STRADA DEL VINO,021053,0,6,87,580,89,762
03-10-2026,TRENTINO ALTO ADIGE,04,TRENTO,MORI,022123,9,347,902,8654,3262,13174
03-10-2026,TRENTINO ALTO ADIGE,04,BOLZANO/BOZEN,MOSO IN PASSIRIA,021054,0,2,38,257,34,331
03-10-2026,TRENTINO ALTO ADIGE,04,TRENTO,NAGO-TORBOLE,022124,3,45,232,1986,670,2936
03-10-2026,TRENTINO ALTO ADIGE,04,BOLZANO/BOZEN,NALLES,021055,0,5,98,668,232,1003
03-10-2026,TRENTINO ALTO ADIGE,04,BOLZANO/BOZEN,NATURNO,021056,1,16,320,2483,812,3632
03-10-2026,TRENTINO ALTO ADIGE,04,BOLZANO/BOZEN,NAZ-SCIAVES,021057,1,11,217,1664,517,2410
03-10-2026,TRENTINO ALTO ADIGE,04,TRENTO,NOGAREDO,022127,2,75,147,1646,672,2542
03-10-2026,TRENTINO ALTO ADIGE,04,TRENTO,NOMI,022128,2,10,75,647,268,1002
03-10-2026,TRENTINO ALTO ADIGE,04,BOLZANO/BOZEN,NOVA LEVANTE,021058,6,10,157,1444,274,1891
03-10-2026,TRENTINO ALTO ADIGE,04,BOLZANO/BOZEN,NOVA PONENTE,021059,1,5,150,1497,847,2500
03-10-2026,TRENTINO ALTO ADIGE,04,TRENTO,NOVALEDO,022129,1,14,60,578,202,855
03-10-2026,TRENTINO ALTO ADIGE,04,TRENTO,NOVELLA,022253,0,21,136,972,291,1420
03-10-2026,TRENTINO ALTO ADIGE,04,BOLZANO/BOZEN,ORA,021060,0,27,249,1842,463,2581
03-10-2026,TRENTINO ALTO ADIGE,04,BOLZANO/BOZEN,ORTISEI,021061,4,22,359,2399,1033,3817
03-10-2026,TRENTINO ALTO ADIGE,04,TRENTO,OSPEDALETTO,022130,0,6,46,297,87,436
03-10-2026,TRENTINO ALTO ADIGE,04,TRENTO,OSSANA,022131,0,8,29,271,92,400
03-10-2026,TRENTINO ALTO ADIGE,04,TRENTO,PALÙ DEL FERSINA,022133,0,5,2,63,1,71
03-10-2026,TRENTINO ALTO ADIGE,04,TRENTO,PANCHIÀ,022134,0,2,40,195,56,293
03-10-2026,TRENTINO ALTO ADIGE,04,BOLZANO/BOZEN,PARCINES,021062,2,16,205,1597,495,2315
03-10-2026,TRENTINO ALTO ADIGE,04,TRENTO,PEIO,022136,0,10,60,442,139,651
03-10-2026,TRENTINO ALTO ADIGE,04,TRENTO,PELLIZZANO,022137,0,5,46,289,79,419
03-10-2026,TRENTINO ALTO ADIGE,04,TRENTO,PELUGO,022138,0,1,32,258,71,362
03-10-2026,TRENTINO ALTO ADIGE,04,BOLZANO/BOZEN,PERCA,021063,1,4,79,641,140,865
03-10-2026,TRENTINO ALTO ADIGE,04,TRENTO,PERGINE VALSUGANA,022139,11,696,1405,14033,4821,20966
03-10-2026,TRENTINO ALTO ADIGE,04,TRENTO,PIEVE DI BONO-PREZZO,022234,0,11,189,854,232,1286
03-10-2026,TRENTINO ALTO ADIGE,04,TRENTO,PIEVE TESINO,022142,1,7,56,384,226,674
03-10-2026,TRENTINO ALTO ADIGE,04,TRENTO,PINZOLO,022143,1,39,226,1870,695,2831
03-10-2026,TRENTINO ALTO ADIGE,04,BOLZANO/BOZEN,PLAUS,021064,0,0,38,327,328,693
03-10-2026,TRENTINO ALTO ADIGE,04,TRENTO,POMAROLO,022144,0,71,142,1453,581,2247
03-10-2026,TRENTINO ALTO ADIGE,04,BOLZANO/BOZEN,PONTE GARDENA,021065,0,3,9,193,42,247
03-10-2026,TRENTINO ALTO ADIGE,04,TRENTO,PORTE DI RENDENA,022244,1,6,83,709,194,993
03-10-2026,TRENTINO ALTO ADIGE,04,BOLZANO/BOZEN,POSTAL,021066,1,9,164,1125,242,1541
03-10-2026,TRENTINO ALTO ADIGE,04,BOLZANO/BOZEN,PRATO ALLO STELVIO,021067,0,3,107,961,483,1554
03-10-2026,TRENTINO ALTO ADIGE,04,TRENTO,PREDAIA,022230,1,59,476,3091,996,4623
03-10-2026,TRENTINO ALTO ADIGE,04,TRENTO,PREDAZZO,022147,5,39,135,1475,384,2038
03-10-2026,TRENTINO ALTO ADIGE,04,BOLZANO/BOZEN,PREDOI,021068,0,2,34,154,25,215
03-10-2026,TRENTINO ALTO ADIGE,04,TRENTO,PRIMIERO SAN MARTINO DI CASTROZZA,022245,0,34,324,2693,1251,4302
03-10-2026,TRENTINO ALTO ADIGE,04,BOLZANO/BOZEN,PROVES,021069,0,1,15,77,7,100
03-10-2026,TRENTINO ALTO ADIGE,04,TRENTO,RABBI,022150,0,7,66,573,269,915
03-10-2026,TRENTINO ALTO ADIGE,04,BOLZANO/BOZEN,RACINES,021070,0,16,277,1487,248,2028
03-10-2026,TRENTINO ALTO ADIGE,04,BOLZANO/BOZEN,RASUN-ANTERSELVA,021071,0,1,78,804,237,1120
03-10-2026,TRENTINO ALTO ADIGE,04,BOLZANO/BOZEN,RENON,021072,4,35,364,3006,693,4102
03-10-2026,TRENTINO ALTO ADIGE,04,BOLZANO/BOZEN,RIFIANO,021073,1,0,57,433,202,693
03-10-2026,TRENTINO ALTO ADIGE,04,BOLZANO/BOZEN,RIO DI PUSTERIA,021074,0,11,293,1767,318,2389
03-10-2026,TRENTINO ALTO ADIGE,04,TRENTO,RIVA DEL GARDA,022153,16,539,1637,14497,5050,21739
03-10-2026,TRENTINO ALTO ADIGE,04,BOLZANO/BOZEN,RODENGO,021075,0,0,31,311,38,380
03-10-2026,TRENTINO ALTO ADIGE,04,TRENTO,ROMENO,022155,2,12,72,786,244,1116
03-10-2026,TRENTINO ALTO ADIGE,04,TRENTO,RONCEGNO TERME,022156,0,36,126,1205,413,1780
03-10-2026,TRENTINO ALTO ADIGE,04,TRENTO,RONCHI VALSUGANA,022157,0,3,22,164,50,239
03-10-2026,TRENTINO ALTO ADIGE,04,TRENTO,RONZO-CHIENIS,022135,0,12,49,353,139,553
03-10-2026,TRENTINO ALTO ADIGE,04,TRENTO,RONZONE,022159,1,3,40,305,125,474
03-10-2026,TRENTINO ALTO ADIGE,04,TRENTO,ROVERETO,022161,62,969,3764,37141,16960,58896
03-10-2026,TRENTINO ALTO ADIGE,04,TRENTO,ROVERÈ DELLA LUNA,022160,0,22,95,921,151,1189
03-10-2026,TRENTINO ALTO ADIGE,04,TRENTO,RUFFRÈ-MENDOLA,022162,0,8,14,193,37,252
03-10-2026,TRENTINO ALTO ADIGE,04,TRENTO,RUMO,022163,0,1,23,143,27,194
03-10-2026,TRENTINO ALTO ADIGE,04,TRENTO,SAGRON MIS,022164,0,0,21,42,14,77
03-10-2026,TRENTINO ALTO ADIGE,04,BOLZANO/BOZEN,SALORNO SULLA STRADA DEL VINO,021076,5,26,284,2300,802,3417
03-10-2026,TRENTINO ALTO ADIGE,04,TRENTO,SAMONE,022165,0,0,19,127,41,187
03-10-2026,TRENTINO ALTO ADIGE,04,BOLZANO/BOZEN,SAN CANDIDO,021077,5,18,238,1716,448,2425
03-10-2026,TRENTINO ALTO ADIGE,04,BOLZANO/BOZEN,SAN GENESIO ATESINO,021079,0,13,155,997,198,1363
03-10-2026,TRENTINO ALTO ADIGE,04,TRENTO,SAN GIOVANNI DI FASSA-SÈN JAN,022250,0,31,176,1645,570,2422
03-10-2026,TRENTINO ALTO ADIGE,04,BOLZANO/BOZEN,SAN LEONARDO IN PASSIRIA,021080,0,5,134,836,141,1116
03-10-2026,TRENTINO ALTO ADIGE,04,BOLZANO/BOZEN,SAN LORENZO DI SEBATO,021081,1,5,183,1327,503,2019
03-10-2026,TRENTINO ALTO ADIGE,04,TRENTO,SAN LORENZO DORSINO,022231,1,6,74,474,202,757
03-10-2026,TRENTINO ALTO ADIGE,04,BOLZANO/BOZEN,SAN MARTINO IN BADIA,021082,0,14,138,685,245,1082
03-10-2026,TRENTINO ALTO ADIGE,04,BOLZANO/BOZEN,SAN MARTINO IN PASSIRIA,021083,1,1,81,819,91,993
03-10-2026,TRENTINO ALTO ADIGE,04,TRENTO,SAN MICHELE ALL'ADIGE,022167,5,88,293,2493,889,3768
03-10-2026,TRENTINO ALTO ADIGE,04,BOLZANO/BOZEN,SAN PANCRAZIO,021084,0,3,26,229,63,321
03-10-2026,TRENTINO ALTO ADIGE,04,TRENTO,SANT'ORSOLA TERME,022168,1,5,67,453,99,625
03-10-2026,TRENTINO ALTO ADIGE,04,BOLZANO/BOZEN,SANTA CRISTINA VALGARDENA,021085,0,8,108,774,288,1178
03-10-2026,TRENTINO ALTO ADIGE,04,TRENTO,SANZENO,022169,0,3,27,284,73,387
03-10-2026,TRENTINO ALTO ADIGE,04,BOLZANO/BOZEN,SARENTINO,021086,3,12,178,1625,333,2151
03-10-2026,TRENTINO ALTO ADIGE,04,TRENTO,SARNONICO,022170,0,4,49,317,80,450
03-10-2026,TRENTINO ALTO ADIGE,04,BOLZANO/BOZEN,SCENA,021087,1,4,147,1087,183,1422
03-10-2026,TRENTINO ALTO ADIGE,04,TRENTO,SCURELLE,022171,2,9,68,712,169,960
03-10-2026,TRENTINO ALTO ADIGE,04,TRENTO,SEGONZANO,022172,0,7,58,519,137,721
03-10-2026,TRENTINO ALTO ADIGE,04,TRENTO,SELLA GIUDICARIE,022246,2,39,209,1510,353,2113
03-10-2026,TRENTINO ALTO ADIGE,04,BOLZANO/BOZEN,SELVA DEI MOLINI,021088,0,0,54,334,91,479
03-10-2026,TRENTINO ALTO ADIGE,04,BOLZANO/BOZEN,SELVA DI VAL GARDENA,021089,1,16,155,1064,416,1652
03-10-2026,TRENTINO ALTO ADIGE,04,BOLZANO/BOZEN,SENALE-SAN FELICE,021118,0,0,27,267,30,324
03-10-2026,TRENTINO ALTO ADIGE,04,BOLZANO/BOZEN,SENALES,021091,0,3,13,162,40,218
03-10-2026,TRENTINO ALTO ADIGE,04,BOLZANO/BOZEN,SESTO,021092,0,10,75,531,103,719
03-10-2026,TRENTINO ALTO ADIGE,04,TRENTO,SFRUZ,022173,0,3,53,284,92,432
03-10-2026,TRENTINO ALTO ADIGE,04,BOLZANO/BOZEN,SILANDRO,021093,0,12,245,2590,993,3840
03-10-2026,TRENTINO ALTO ADIGE,04,BOLZANO/BOZEN,SLUDERNO,021094,0,1,58,454,59,572
03-10-2026,TRENTINO ALTO ADIGE,04,TRENTO,SORAGA DI FASSA,022176,0,4,18,224,89,335
03-10-2026,TRENTINO ALTO ADIGE,04,TRENTO,SOVER,022177,0,7,27,400,133,567
03-10-2026,TRENTINO ALTO ADIGE,04,TRENTO,SPIAZZO,022179,0,11,56,478,129,674
03-10-2026,TRENTINO ALTO ADIGE,04,TRENTO,SPORMAGGIORE,022180,3,10,93,507,142,755
03-10-2026,TRENTINO ALTO ADIGE,04,TRENTO,SPORMINORE,022181,1,9,20,315,65,410
03-10-2026,TRENTINO ALTO ADIGE,04,BOLZANO/BOZEN,STELVIO,021095,0,0,19,306,214,539
03-10-2026,TRENTINO ALTO ADIGE,04,TRENTO,STENICO,022182,0,10,82,396,131,619
03-10-2026,TRENTINO ALTO ADIGE,04,TRENTO,STORO,022183,0,24,236,1608,556,2424
03-10-2026,TRENTINO ALTO ADIGE,04,TRENTO,STREMBO,022184,1,4,66,378,70,519
03-10-2026,TRENTINO ALTO ADIGE,04,TRENTO,TELVE,022188,0,10,53,802,436,1301
03-10-2026,TRENTINO ALTO ADIGE,04,TRENTO,TELVE DI SOPRA,022189,0,1,22,113,41,177
03-10-2026,TRENTINO ALTO ADIGE,04,TRENTO,TENNA,022190,1,38,51,1005,466,1561
03-10-2026,TRENTINO ALTO ADIGE,04,TRENTO,TENNO,022191,1,10,101,802,224,1138
03-10-2026,TRENTINO ALTO ADIGE,04,BOLZANO/BOZEN,TERENTO,021096,1,7,97,813,497,1415
03-10-2026,TRENTINO ALTO ADIGE,04,BOLZANO/BOZEN,TERLANO,021097,2,41,251,2611,733,3638
03-10-2026,TRENTINO ALTO ADIGE,04,BOLZANO/BOZEN,TERMENO SULLA STRADA DEL VINO,021098,0,20,251,1794,701,2766
03-10-2026,TRENTINO ALTO ADIGE,04,TRENTO,TERRAGNOLO,022193,1,9,54,337,86,487
03-10-2026,TRENTINO ALTO ADIGE,04,TRENTO,TERRE D'ADIGE,022251,0,36,244,1505,489,2274
03-10-2026,TRENTINO ALTO ADIGE,04,TRENTO,TERZOLAS,022195,0,3,37,249,51,340
03-10-2026,TRENTINO ALTO ADIGE,04,TRENTO,TESERO,022196,1,43,157,1311,351,1863
03-10-2026,TRENTINO ALTO ADIGE,04,BOLZANO/BOZEN,TESIMO,021099,1,6,101,856,111,1075
03-10-2026,TRENTINO ALTO ADIGE,04,TRENTO,TIONE DI TRENTO,022199,1,14,265,2159,946,3385
03-10-2026,TRENTINO ALTO ADIGE,04,BOLZANO/BOZEN,TIRES,021100,1,3,48,445,74,571
03-10-2026,TRENTINO ALTO ADIGE,04,BOLZANO/BOZEN,TIROLO,021101,1,8,135,1129,465,1738
03-10-2026,TRENTINO ALTO ADIGE,04,TRENTO,TON,022200,0,23,59,574,135,791
03-10-2026,TRENTINO ALTO ADIGE,04,TRENTO,TORCEGNO,022202,0,6,26,214,42,288
03-10-2026,TRENTINO ALTO ADIGE,04,TRENTO,TRAMBILENO,022203,2,27,128,1211,270,1638
03-10-2026,TRENTINO ALTO ADIGE,04,TRENTO,TRE VILLE,022247,0,4,66,479,236,785
03-10-2026,TRENTINO ALTO ADIGE,04,TRENTO,TRENTO,022205,187,2820,15942,122509,58117,199575
03-10-2026,TRENTINO ALTO ADIGE,04,BOLZANO/BOZEN,TRODENA NEL PARCO NATURALE,021102,1,1,57,347,76,482
03-10-2026,TRENTINO ALTO ADIGE,04,BOLZANO/BOZEN,TUBRE,021103,0,1,30,237,17,285
03-10-2026,TRENTINO ALTO ADIGE,04,BOLZANO/BOZEN,ULTIMO,021104,0,0,46,415,62,523
03-10-2026,TRENTINO ALTO ADIGE,04,BOLZANO/BOZEN,VADENA,021105,1,5,87,713,194,1000
03-10-2026,TRENTINO ALTO ADIGE,04,BOLZANO/BOZEN,VAL DI VIZZE,021107,0,13,158,1042,266,1479
03-10-2026,TRENTINO ALTO ADIGE,04,TRENTO,VALDAONE,022232,0,6,57,453,132,648
03-10-2026,TRENTINO ALTO ADIGE,04,BOLZANO/BOZEN,VALDAORA,021106,2,6,161,1336,230,1735
03-10-2026,TRENTINO ALTO ADIGE,04,TRENTO,VALFLORIANA,022209,0,6,15,211,32,264
03-10-2026,TRENTINO ALTO ADIGE,04,TRENTO,VALLARSA,022210,0,17,166,825,224,1232
03-10-2026,TRENTINO ALTO ADIGE,04,BOLZANO/BOZEN,VALLE AURINA,021108,5,3,190,1853,692,2743
03-10-2026,TRENTINO ALTO ADIGE,04,BOLZANO/BOZEN,VALLE DI CASIES,021109,0,0,74,428,71,573
03-10-2026,TRENTINO ALTO ADIGE,04,TRENTO,VALLELAGHI,022248,5,116,415,2884,876,4296
03-10-2026,TRENTINO ALTO ADIGE,04,BOLZANO/BOZEN,VANDOIES,021110,0,2,165,1096,273,1536
03-10-2026,TRENTINO ALTO ADIGE,04,BOLZANO/BOZEN,VARNA,021111,5,23,256,2592,953,3829
03-10-2026,TRENTINO ALTO ADIGE,04,BOLZANO/BOZEN,VELTURNO,021116,0,9,123,841,367,1340
03-10-2026,TRENTINO ALTO ADIGE,04,BOLZANO/BOZEN,VERANO,021112,0,5,12,304,209,530
03-10-2026,TRENTINO ALTO ADIGE,04,TRENTO,VERMIGLIO,022213,0,20,44,492,146,702
03-10-2026,TRENTINO ALTO ADIGE,04,TRENTO,VIGNOLA-FALESINA,022216,0,4,2,85,16,107
03-10-2026,TRENTINO ALTO ADIGE,04,TRENTO,VILLA LAGARINA,022222,1,105,261,2313,826,3506
03-10-2026,TRENTINO ALTO ADIGE,04,BOLZANO/BOZEN,VILLABASSA,021113,0,16,54,710,148,928
03-10-2026,TRENTINO ALTO ADIGE,04,BOLZANO/BOZEN,VILLANDRO,021114,1,3,86,719,92,901
03-10-2026,TRENTINO ALTO ADIGE,04,TRENTO,VILLE D'ANAUNIA,022249,1,27,198,1746,649,2621
03-10-2026,TRENTINO ALTO ADIGE,04,TRENTO,VILLE DI FIEMME,022254,1,43,102,949,282,1377
03-10-2026,TRENTINO ALTO ADIGE,04,BOLZANO/BOZEN,VIPITENO,021115,8,73,1053,5452,2006,8592
03-10-2026,TRENTINO ALTO ADIGE,04,TRENTO,VOLANO,022224,3,37,249,2081,736,3106
03-10-2026,TRENTINO ALTO ADIGE,04,TRENTO,ZIANO DI FIEMME,022226,0,13,96,614,194,917
03-10-2026,UMBRIA,10,TERNI,ACQUASPARTA,055001,2,73,215,2737,1432,4459
03-10-2026,UMBRIA,10,TERNI,ALLERONA,055002,1,13,104,789,254,1161
03-10-2026,UMBRIA,10,TERNI,ALVIANO,055003,0,8,78,645,276,1007
03-10-2026,UMBRIA,10,TERNI,AMELIA,055004,17,162,938,10298,7675,19090
03-10-2026,UMBRIA,10,TERNI,ARRONE,055005,2,24,120,1453,435,2034
03-10-2026,UMBRIA,10,PERUGIA,ASSISI,054001,49,291,2723,25539,13372,41974
03-10-2026,UMBRIA,10,TERNI,ATTIGLIANO,055006,5,20,176,1883,812,2896
03-10-2026,UMBRIA,10,TERNI,AVIGLIANO UMBRO,055033,1,32,90,1227,455,1805
03-10-2026,UMBRIA,10,TERNI,BASCHI,055007,3,16,164,1462,554,2199
03-10-2026,UMBRIA,10,PERUGIA,BASTIA UMBRA,054002,21,720,1586,18641,9095,30063
03-10-2026,UMBRIA,10,PERUGIA,BETTONA,054003,6,70,299,3057,1301,4733
03-10-2026,UMBRIA,10,PERUGIA,BEVAGNA,054004,2,109,326,3636,2069,6142
03-10-2026,UMBRIA,10,TERNI,CALVI DELL'UMBRIA,055008,3,23,69,1121,819,2035
03-10-2026,UMBRIA,10,PERUGIA,CAMPELLO SUL CLITUNNO,054005,1,41,71,1775,1212,3100
03-10-2026,UMBRIA,10,PERUGIA,CANNARA,054006,2,34,271,2758,1293,4358
03-10-2026,UMBRIA,10,PERUGIA,CASCIA,054007,5,26,141,1437,502,2111
03-10-2026,UMBRIA,10,TERNI,CASTEL GIORGIO,055009,4,11,82,947,329,1373
03-10-2026,UMBRIA,10,PERUGIA,CASTEL RITALDI,054008,3,31,155,1861,944,2994
03-10-2026,UMBRIA,10,TERNI,CASTEL VISCARDO,055010,1,20,175,1506,583,2285
03-10-2026,UMBRIA,10,PERUGIA,CASTIGLIONE DEL LAGO,054009,13,220,1009,11361,5197,17800
03-10-2026,UMBRIA,10,PERUGIA,CERRETO DI SPOLETO,054010,0,18,37,469,282,806
03-10-2026,UMBRIA,10,PERUGIA,CITERNA,054011,2,23,237,1978,1048,3288
03-10-2026,UMBRIA,10,PERUGIA,CITTÀ DELLA PIEVE,054012,4,98,506,5018,2441,8067
03-10-2026,UMBRIA,10,PERUGIA,CITTÀ DI CASTELLO,054013,18,357,1748,19576,12560,34259
03-10-2026,UMBRIA,10,PERUGIA,COLLAZZONE,054014,1,68,155,2003,955,3182
03-10-2026,UMBRIA,10,PERUGIA,CORCIANO,054015,45,640,2577,25585,12624,41471
03-10-2026,UMBRIA,10,PERUGIA,COSTACCIARO,054016,0,12,51,388,140,591
03-10-2026,UMBRIA,10,PERUGIA,DERUTA,054017,7,221,807,7111,2752,10898
03-10-2026,UMBRIA,10,TERNI,FABRO,055011,0,27,172,1296,392,1887
03-10-2026,UMBRIA,10,TERNI,FERENTILLO,055012,0,27,87,1061,585,1760
03-10-2026,UMBRIA,10,TERNI,FICULLE,055013,3,15,89,707,287,1101
03-10-2026,UMBRIA,10,PERUGIA,FOLIGNO,054018,118,1803,6149,63535,29880,101485
03-10-2026,UMBRIA,10,PERUGIA,FOSSATO DI VICO,054019,0,29,164,1541,523,2257
03-10-2026,UMBRIA,10,PERUGIA,FRATTA TODINA,054020,4,14,178,1402,521,2119
03-10-2026,UMBRIA,10,PERUGIA,GIANO DELL'UMBRIA,054021,6,34,272,2707,1191,4210
03-10-2026,UMBRIA,10,TERNI,GIOVE,055014,2,19,99,1594,818,2532
03-10-2026,UMBRIA,10,PERUGIA,GUALDO CATTANEO,054022,8,51,324,3584,1640,5607
03-10-2026,UMBRIA,10,PERUGIA,GUALDO TADINO,054023,25,137,958,9696,4563,15379
03-10-2026,UMBRIA,10,TERNI,GUARDEA,055015,0,9,70,839,490,1408
03-10-2026,UMBRIA,10,PERUGIA,GUBBIO,054024,22,544,1691,18159,8093,28509
03-10-2026,UMBRIA,10,PERUGIA,LISCIANO NICCONE,054025,0,4,20,224,92,340
03-10-2026,UMBRIA,10,TERNI,LUGNANO IN TEVERINA,055016,0,14,82,867,274,1237
03-10-2026,UMBRIA,10,PERUGIA,MAGIONE,054026,23,382,1162,11264,5486,18317
03-10-2026,UMBRIA,10,PERUGIA,MARSCIANO,054027,17,273,1179,11637,5242,18348
03-10-2026,UMBRIA,10,PERUGIA,MASSA MARTANA,054028,1,36,187,2106,1743,4073
03-10-2026,UMBRIA,10,PERUGIA,MONTE CASTELLO DI VIBIO,054029,1,13,131,925,339,1409
03-10-2026,UMBRIA,10,PERUGIA,MONTE SANTA MARIA TIBERINA,054032,0,8,60,399,140,607
03-10-2026,UMBRIA,10,TERNI,MONTECASTRILLI,055017,3,88,305,2758,983,4137
03-10-2026,UMBRIA,10,TERNI,MONTECCHIO,055018,0,19,56,603,200,878
03-10-2026,UMBRIA,10,PERUGIA,MONTEFALCO,054030,6,66,352,4158,2251,6833
03-10-2026,UMBRIA,10,TERNI,MONTEFRANCO,055019,2,14,55,756,309,1136
03-10-2026,UMBRIA,10,TERNI,MONTEGABBIONE,055020,3,8,52,615,215,893
03-10-2026,UMBRIA,10,TERNI,MONTELEONE D'ORVIETO,055021,3,11,71,566,240,891
03-10-2026,UMBRIA,10,PERUGIA,MONTELEONE DI SPOLETO,054031,0,3,23,170,64,260
03-10-2026,UMBRIA,10,PERUGIA,MONTONE,054033,1,16,52,546,150,765
03-10-2026,UMBRIA,10,TERNI,NARNI,055022,31,532,1436,15283,6574,23856
03-10-2026,UMBRIA,10,PERUGIA,NOCERA UMBRA,054034,4,45,268,2939,1290,4546
03-10-2026,UMBRIA,10,PERUGIA,NORCIA,054035,6,28,231,2547,1374,4186
03-10-2026,UMBRIA,10,TERNI,ORVIETO,055023,49,830,2104,19497,8306,30786
03-10-2026,UMBRIA,10,TERNI,OTRICOLI,055024,2,30,94,1173,462,1761
03-10-2026,UMBRIA,10,PERUGIA,PACIANO,054036,4,16,46,444,188,698
03-10-2026,UMBRIA,10,PERUGIA,PANICALE,054037,3,77,293,3078,1322,4773
03-10-2026,UMBRIA,10,TERNI,PARRANO,055025,1,5,19,366,142,533
03-10-2026,UMBRIA,10,PERUGIA,PASSIGNANO SUL TRASIMENO,054038,9,92,337,4006,2027,6471
03-10-2026,UMBRIA,10,TERNI,PENNA IN TEVERINA,055026,3,16,95,782,316,1212
03-10-2026,UMBRIA,10,PERUGIA,PERUGIA,054039,674,12547,18204,221957,108900,362282
03-10-2026,UMBRIA,10,PERUGIA,PIEGARO,054040,1,43,226,2390,1194,3854
03-10-2026,UMBRIA,10,PERUGIA,PIETRALUNGA,054041,6,12,142,1362,575,2097
03-10-2026,UMBRIA,10,PERUGIA,POGGIODOMO,054042,0,1,1,24,10,36
03-10-2026,UMBRIA,10,TERNI,POLINO,055027,0,8,17,168,39,232
03-10-2026,UMBRIA,10,TERNI,PORANO,055028,3,34,156,1292,606,2091
03-10-2026,UMBRIA,10,PERUGIA,PRECI,054043,6,8,71,646,177,908
03-10-2026,UMBRIA,10,TERNI,SAN GEMINI,055029,2,104,335,4187,1693,6321
03-10-2026,UMBRIA,10,PERUGIA,SAN GIUSTINO,054044,5,173,775,7138,3540,11631
03-10-2026,UMBRIA,10,TERNI,SAN VENANZO,055030,1,7,130,936,472,1546
03-10-2026,UMBRIA,10,PERUGIA,SANT'ANATOLIA DI NARCO,054045,1,9,36,311,90,447
03-10-2026,UMBRIA,10,PERUGIA,SCHEGGIA E PASCELUPO,054046,0,11,60,503,240,814
03-10-2026,UMBRIA,10,PERUGIA,SCHEGGINO,054047,0,2,15,223,53,293
03-10-2026,UMBRIA,10,PERUGIA,SELLANO,054048,0,5,24,459,330,818
03-10-2026,UMBRIA,10,PERUGIA,SIGILLO,054049,3,13,110,1228,489,1843
03-10-2026,UMBRIA,10,PERUGIA,SPELLO,054050,1,85,428,5580,3265,9359
03-10-2026,UMBRIA,10,PERUGIA,SPOLETO,054051,81,1261,2837,35923,15423,55525
03-10-2026,UMBRIA,10,TERNI,STRONCONE,055031,16,165,300,4284,1684,6449
03-10-2026,UMBRIA,10,TERNI,TERNI,055032,315,6671,11553,137638,65750,221927
03-10-2026,UMBRIA,10,PERUGIA,TODI,054052,24,218,1087,13635,7533,22497
03-10-2026,UMBRIA,10,PERUGIA,TORGIANO,054053,27,389,888,7872,2754,11930
03-10-2026,UMBRIA,10,PERUGIA,TREVI,054054,11,117,687,6531,2809,10155
03-10-2026,UMBRIA,10,PERUGIA,TUORO SUL TRASIMENO,054055,3,37,235,2218,1046,3539
03-10-2026,UMBRIA,10,PERUGIA,UMBERTIDE,054056,17,200,1179,10921,5978,18295
03-10-2026,UMBRIA,10,PERUGIA,VALFABBRICA,054057,6,32,214,2074,936,3262
03-10-2026,UMBRIA,10,PERUGIA,VALLO DI NERA,054058,0,1,20,239,74,334
03-10-2026,UMBRIA,10,PERUGIA,VALTOPINA,054059,0,9,43,501,230,783
03-10-2026,VALLE D'AOSTA,02,AOSTA,ALLEIN,007001,0,3,13,111,43,170
03-10-2026,VALLE D'AOSTA,02,AOSTA,ANTEY-SAINT-ANDRÉ,007002,1,2,25,290,93,411
03-10-2026,VALLE D'AOSTA,02,AOSTA,AOSTA,007003,42,721,3266,29700,14956,48685
03-10-2026,VALLE D'AOSTA,02,AOSTA,ARNAD,007004,0,6,48,429,223,706
03-10-2026,VALLE D'AOSTA,02,AOSTA,ARVIER,007005,0,7,24,401,249,681
03-10-2026,VALLE D'AOSTA,02,AOSTA,AVISE,007006,0,8,16,124,37,185
03-10-2026,VALLE D'AOSTA,02,AOSTA,AYAS,007007,0,11,80,941,279,1311
03-10-2026,VALLE D'AOSTA,02,AOSTA,AYMAVILLES,007008,1,22,132,1024,406,1585
03-10-2026,VALLE D'AOSTA,02,AOSTA,BARD,007009,0,3,9,60,21,93
03-10-2026,VALLE D'AOSTA,02,AOSTA,BIONAZ,007010,0,0,2,37,18,57
03-10-2026,VALLE D'AOSTA,02,AOSTA,BRISSOGNE,007011,3,17,45,482,190,737
03-10-2026,VALLE D'AOSTA,02,AOSTA,BRUSSON,007012,1,9,33,398,107,548
03-10-2026,VALLE D'AOSTA,02,AOSTA,CHALLAND-SAINT-ANSELME,007013,0,5,46,408,230,689
03-10-2026,VALLE D'AOSTA,02,AOSTA,CHALLAND-SAINT-VICTOR,007014,2,8,28,304,73,415
03-10-2026,VALLE D'AOSTA,02,AOSTA,CHAMBAVE,007015,0,8,47,391,152,598
03-10-2026,VALLE D'AOSTA,02,AOSTA,CHAMOIS,007016,0,1,5,57,12,75
03-10-2026,VALLE D'AOSTA,02,AOSTA,CHAMPDEPRAZ,007017,1,4,45,549,187,786
03-10-2026,VALLE D'AOSTA,02,AOSTA,CHAMPORCHER,007018,0,6,14,138,41,199
03-10-2026,VALLE D'AOSTA,02,AOSTA,CHARVENSOD,007019,2,34,166,1464,640,2306
03-10-2026,VALLE D'AOSTA,02,AOSTA,CHÂTILLON,007020,2,178,371,3800,1692,6043
03-10-2026,VALLE D'AOSTA,02,AOSTA,COGNE,007021,1,17,97,971,403,1489
03-10-2026,VALLE D'AOSTA,02,AOSTA,COURMAYEUR,007022,7,105,307,2759,1326,4504
03-10-2026,VALLE D'AOSTA,02,AOSTA,DONNAS,007023,1,17,134,993,302,1447
03-10-2026,VALLE D'AOSTA,02,AOSTA,DOUES,007024,0,14,14,464,398,890
03-10-2026,VALLE D'AOSTA,02,AOSTA,EMARÈSE,007025,0,3,23,207,36,269
03-10-2026,VALLE D'AOSTA,02,AOSTA,ETROUBLES,007026,1,12,42,333,132,520
03-10-2026,VALLE D'AOSTA,02,AOSTA,FONTAINEMORE,007028,0,4,31,333,161,529
03-10-2026,VALLE D'AOSTA,02,AOSTA,FÉNIS,007027,4,55,162,1201,434,1856
03-10-2026,VALLE D'AOSTA,02,AOSTA,GABY,007029,0,5,17,298,162,482
03-10-2026,VALLE D'AOSTA,02,AOSTA,GIGNOD,007030,1,25,133,984,395,1538
03-10-2026,VALLE D'AOSTA,02,AOSTA,GRESSAN,007031,2,60,245,2241,928,3476
03-10-2026,VALLE D'AOSTA,02,AOSTA,GRESSONEY-LA-TRINITÉ,007032,0,8,22,379,148,557
03-10-2026,VALLE D'AOSTA,02,AOSTA,GRESSONEY-SAINT-JEAN,007033,0,7,35,443,213,698
03-10-2026,VALLE D'AOSTA,02,AOSTA,HÔNE,007034,0,5,45,613,553,1216
03-10-2026,VALLE D'AOSTA,02,AOSTA,INTROD,007035,2,11,23,304,85,425
03-10-2026,VALLE D'AOSTA,02,AOSTA,ISSIME,007036,0,3,26,219,93,341
03-10-2026,VALLE D'AOSTA,02,AOSTA,ISSOGNE,007037,3,3,72,506,148,732
03-10-2026,VALLE D'AOSTA,02,AOSTA,JOVENÇAN,007038,0,4,38,420,172,634
03-10-2026,VALLE D'AOSTA,02,AOSTA,LA MAGDELEINE,007039,0,2,5,143,82,232
03-10-2026,VALLE D'AOSTA,02,AOSTA,LA SALLE,007040,2,25,140,1036,457,1660
03-10-2026,VALLE D'AOSTA,02,AOSTA,LA THUILE,007041,2,15,56,614,380,1067
03-10-2026,VALLE D'AOSTA,02,AOSTA,LILLIANES,007042,1,5,21,194,42,263
03-10-2026,VALLE D'AOSTA,02,AOSTA,MONTJOVET,007043,0,7,84,687,386,1164
03-10-2026,VALLE D'AOSTA,02,AOSTA,MORGEX,007044,0,39,181,1376,476,2072
03-10-2026,VALLE D'AOSTA,02,AOSTA,NUS,007045,1,44,152,1488,514,2199
03-10-2026,VALLE D'AOSTA,02,AOSTA,OLLOMONT,007046,0,3,8,82,23,116
03-10-2026,VALLE D'AOSTA,02,AOSTA,OYACE,007047,0,1,2,47,32,82
03-10-2026,VALLE D'AOSTA,02,AOSTA,PERLOZ,007048,0,0,12,116,46,174
03-10-2026,VALLE D'AOSTA,02,AOSTA,POLLEIN,007049,0,22,64,757,384,1227
03-10-2026,VALLE D'AOSTA,02,AOSTA,PONT-SAINT-MARTIN,007052,4,84,186,2070,881,3225
03-10-2026,VALLE D'AOSTA,02,AOSTA,PONTBOSET,007050,0,1,8,64,18,91
03-10-2026,VALLE D'AOSTA,02,AOSTA,PONTEY,007051,0,11,64,449,195,719
03-10-2026,VALLE D'AOSTA,02,AOSTA,PRÉ-SAINT-DIDIER,007053,0,14,116,688,253,1071
03-10-2026,VALLE D'AOSTA,02,AOSTA,QUART,007054,4,192,353,3325,1417,5291
03-10-2026,VALLE D'AOSTA,02,AOSTA,RHÊMES-NOTRE-DAME,007055,0,2,4,53,4,63
03-10-2026,VALLE D'AOSTA,02,AOSTA,RHÊMES-SAINT-GEORGES,007056,0,4,6,68,21,99
03-10-2026,VALLE D'AOSTA,02,AOSTA,ROISAN,007057,1,10,61,475,208,755
03-10-2026,VALLE D'AOSTA,02,AOSTA,SAINT-CHRISTOPHE,007058,2,55,233,2423,1191,3904
03-10-2026,VALLE D'AOSTA,02,AOSTA,SAINT-DENIS,007059,0,5,34,159,67,265
03-10-2026,VALLE D'AOSTA,02,AOSTA,SAINT-MARCEL,007060,0,13,55,657,298,1023
03-10-2026,VALLE D'AOSTA,02,AOSTA,SAINT-NICOLAS,007061,0,0,14,153,56,223
03-10-2026,VALLE D'AOSTA,02,AOSTA,SAINT-OYEN,007062,1,3,20,103,39,166
03-10-2026,VALLE D'AOSTA,02,AOSTA,SAINT-PIERRE,007063,2,84,316,2894,1332,4628
03-10-2026,VALLE D'AOSTA,02,AOSTA,SAINT-RHÉMY-EN-BOSSES,007064,0,2,37,343,123,505
03-10-2026,VALLE D'AOSTA,02,AOSTA,SAINT-VINCENT,007065,4,58,325,2893,1042,4322
03-10-2026,VALLE D'AOSTA,02,AOSTA,SARRE,007066,2,140,370,4389,2754,7655
03-10-2026,VALLE D'AOSTA,02,AOSTA,TORGNON,007067,0,5,18,293,109,425
03-10-2026,VALLE D'AOSTA,02,AOSTA,VALGRISENCHE,007068,1,1,19,102,18,141
03-10-2026,VALLE D'AOSTA,02,AOSTA,VALPELLINE,007069,0,7,47,290,119,463
03-10-2026,VALLE D'AOSTA,02,AOSTA,VALSAVARENCHE,007070,0,2,5,40,6,53
03-10-2026,VALLE D'AOSTA,02,AOSTA,VALTOURNENCHE,007071,9,43,197,1731,821,2801
03-10-2026,VALLE D'AOSTA,02,AOSTA,VERRAYES,007072,1,6,81,542,198,828
03-10-2026,VALLE D'AOSTA,02,AOSTA,VERRÈS,007073,0,25,157,1524,559,2265
03-10-2026,VALLE D'AOSTA,02,AOSTA,VILLENEUVE,007074,0,6,85,916,685,1692
03-10-2026,VENETO,05,PADOVA,ABANO TERME,028001,32,791,2440,24412,12279,39954
03-10-2026,VENETO,05,ROVIGO,ADRIA,029001,32,340,2011,19063,8508,29954
03-10-2026,VENETO,05,VERONA,AFFI,023001,1,9,279,1802,1035,3126
03-10-2026,VENETO,05,PADOVA,AGNA,028002,1,39,183,1758,895,2876
03-10-2026,VENETO,05,BELLUNO,AGORDO,025001,2,153,365,2471,650,3641
03-10-2026,VENETO,05,VICENZA,AGUGLIARO,024001,1,11,86,755,364,1217
03-10-2026,VENETO,05,VERONA,ALBAREDO D'ADIGE,023002,7,60,495,3864,1423,5849
03-10-2026,VENETO,05,VICENZA,ALBETTONE,024002,0,32,141,1196,497,1866
03-10-2026,VENETO,05,PADOVA,ALBIGNASEGO,028003,32,745,3396,30233,15799,50205
03-10-2026,VENETO,05,BELLUNO,ALLEGHE,025003,1,9,72,557,125,764
03-10-2026,VENETO,05,VICENZA,ALONTE,024003,2,36,192,1604,559,2393
03-10-2026,VENETO,05,BELLUNO,ALPAGO,025072,6,55,361,3272,1033,4727
03-10-2026,VENETO,05,VICENZA,ALTAVILLA VICENTINA,024004,15,308,1518,11807,4678,18326
03-10-2026,VENETO,05,VICENZA,ALTISSIMO,024005,0,26,169,1184,501,1880
03-10-2026,VENETO,05,TREVISO,ALTIVOLE,026001,5,146,527,3927,1539,6144
03-10-2026,VENETO,05,VERONA,ANGIARI,023003,1,49,226,1839,656,2771
03-10-2026,VENETO,05,PADOVA,ANGUILLARA VENETA,028004,2,35,216,2180,808,3241
03-10-2026,VENETO,05,VENEZIA,ANNONE VENETO,027001,3,31,356,2370,1064,3824
03-10-2026,VENETO,05,TREVISO,ARCADE,026002,2,104,453,3531,1331,5421
03-10-2026,VENETO,05,VERONA,ARCOLE,023004,1,104,573,4793,2125,7596
03-10-2026,VENETO,05,VICENZA,ARCUGNANO,024006,5,176,851,7756,3621,12409
03-10-2026,VENETO,05,ROVIGO,ARIANO NEL POLESINE,029002,3,27,203,1804,828,2865
03-10-2026,VENETO,05,PADOVA,ARQUÀ PETRARCA,028005,1,40,151,1276,573,2041
03-10-2026,VENETO,05,ROVIGO,ARQUÀ POLESINE,029003,0,50,261,2206,780,3297
03-10-2026,VENETO,05,PADOVA,ARRE,028006,4,12,150,1014,474,1654
03-10-2026,VENETO,05,VICENZA,ARSIERO,024007,0,26,258,1561,662,2507
03-10-2026,VENETO,05,BELLUNO,ARSIÈ,025004,0,24,111,910,326,1371
03-10-2026,VENETO,05,PADOVA,ARZERGRANDE,028007,2,87,401,3800,1264,5554
03-10-2026,VENETO,05,VICENZA,ARZIGNANO,024008,21,550,2926,32201,15540,51238
03-10-2026,VENETO,05,VICENZA,ASIAGO,024009,2,68,313,2879,1091,4353
03-10-2026,VENETO,05,VICENZA,ASIGLIANO VENETO,024010,0,4,82,623,277,986
03-10-2026,VENETO,05,TREVISO,ASOLO,026003,12,229,787,7271,3112,11411
03-10-2026,VENETO,05,BELLUNO,AURONZO DI CADORE,025005,1,13,127,1043,482,1666
03-10-2026,VENETO,05,VERONA,BADIA CALAVENA,023005,4,31,205,1625,618,2483
03-10-2026,VENETO,05,ROVIGO,BADIA POLESINE,029004,4,189,868,8761,3617,13439
03-10-2026,VENETO,05,PADOVA,BAGNOLI DI SOPRA,028008,1,23,330,2616,1175,4145
03-10-2026,VENETO,05,ROVIGO,BAGNOLO DI PO,029005,4,4,142,1073,329,1552
03-10-2026,VENETO,05,PADOVA,BAONE,028009,1,47,206,1663,784,2701
03-10-2026,VENETO,05,VICENZA,BARBARANO MOSSANO,024124,4,76,428,3540,1308,5356
03-10-2026,VENETO,05,PADOVA,BARBONA,028010,0,7,36,400,112,555
03-10-2026,VENETO,05,VERONA,BARDOLINO,023006,7,70,758,6165,2841,9841
03-10-2026,VENETO,05,VICENZA,BASSANO DEL GRAPPA,024012,39,1736,4383,47515,19677,73350
03-10-2026,VENETO,05,PADOVA,BATTAGLIA TERME,028011,9,123,504,4096,1423,6155
03-10-2026,VENETO,05,VERONA,BELFIORE,023007,1,64,445,3768,1251,5529
03-10-2026,VENETO,05,BELLUNO,BELLUNO,025006,65,1962,4691,45295,17506,69519
03-10-2026,VENETO,05,ROVIGO,BERGANTINO,029006,0,22,94,1086,442,1644
03-10-2026,VENETO,05,VERONA,BEVILACQUA,023008,5,35,172,1428,664,2304
03-10-2026,VENETO,05,PADOVA,BOARA PISANI,028012,1,47,269,1589,487,2393
03-10-2026,VENETO,05,VICENZA,BOLZANO VICENTINO,024013,5,230,606,5037,2078,7956
03-10-2026,VENETO,05,VERONA,BONAVIGO,023009,0,24,193,1224,604,2045
03-10-2026,VENETO,05,BELLUNO,BORCA DI CADORE,025007,2,2,66,611,388,1069
03-10-2026,VENETO,05,BELLUNO,BORGO VALBELLUNA,025074,8,385,942,7582,2414,11331
03-10-2026,VENETO,05,PADOVA,BORGO VENETO,028107,12,75,509,4647,1788,7031
03-10-2026,VENETO,05,PADOVA,BORGORICCO,028013,13,521,1034,8715,3852,14135
03-10-2026,VENETO,05,TREVISO,BORSO DEL GRAPPA,026004,0,85,508,3255,1402,5250
03-10-2026,VENETO,05,ROVIGO,BOSARO,029007,1,34,179,1768,502,2484
03-10-2026,VENETO,05,VERONA,BOSCHI SANT'ANNA,023010,0,18,128,930,324,1400
03-10-2026,VENETO,05,VERONA,BOSCO CHIESANUOVA,023011,3,181,389,3595,1234,5402
03-10-2026,VENETO,05,PADOVA,BOVOLENTA,028014,2,70,330,2820,1138,4360
03-10-2026,VENETO,05,VERONA,BOVOLONE,023012,13,274,1649,14967,6779,23682
03-10-2026,VENETO,05,TREVISO,BREDA DI PIAVE,026005,17,233,670,6041,2213,9174
03-10-2026,VENETO,05,VICENZA,BREGANZE,024014,3,71,704,5445,2296,8519
03-10-2026,VENETO,05,VICENZA,BRENDOLA,024015,4,225,566,5236,2339,8370
03-10-2026,VENETO,05,VERONA,BRENTINO BELLUNO,023013,1,17,131,950,424,1523
03-10-2026,VENETO,05,VERONA,BRENZONE SUL GARDA,023014,3,15,233,1944,1081,3276
03-10-2026,VENETO,05,VICENZA,BRESSANVIDO,024016,0,47,326,2615,1213,4201
03-10-2026,VENETO,05,VICENZA,BROGLIANO,024017,4,74,394,3327,1703,5502
03-10-2026,VENETO,05,PADOVA,BRUGINE,028015,2,93,588,4919,1915,7517
03-10-2026,VENETO,05,VERONA,BUSSOLENGO,023015,17,160,2203,19295,10235,31910
03-10-2026,VENETO,05,VERONA,BUTTAPIETRA,023016,10,221,1132,8407,3689,13459
03-10-2026,VENETO,05,PADOVA,CADONEGHE,028016,21,225,1879,15264,7452,24841
03-10-2026,VENETO,05,TREVISO,CAERANO DI SAN MARCO,026006,5,124,629,5207,1496,7461
03-10-2026,VENETO,05,BELLUNO,CALALZO DI CADORE,025008,3,8,111,866,244,1232
03-10-2026,VENETO,05,VERONA,CALDIERO,023017,8,187,1094,9212,3906,14407
03-10-2026,VENETO,05,VICENZA,CALDOGNO,024018,4,352,1023,9361,3384,14124
03-10-2026,VENETO,05,ROVIGO,CALTO,029008,0,12,43,465,88,608
03-10-2026,VENETO,05,VICENZA,CALTRANO,024019,0,40,246,1726,731,2743
03-10-2026,VENETO,05,VICENZA,CALVENE,024020,0,18,113,746,307,1184
03-10-2026,VENETO,05,VICENZA,CAMISANO VICENTINO,024021,24,335,1345,10379,4488,16571
03-10-2026,VENETO,05,VENEZIA,CAMPAGNA LUPIA,027002,2,96,558,5547,2492,8695
03-10-2026,VENETO,05,VICENZA,CAMPIGLIA DEI BERICI,024022,3,13,133,1162,353,1664
03-10-2026,VENETO,05,PADOVA,CAMPO SAN MARTINO,028020,5,160,610,4212,1875,6862
03-10-2026,VENETO,05,PADOVA,CAMPODARSEGO,028017,21,454,2031,14988,6851,24345
03-10-2026,VENETO,05,PADOVA,CAMPODORO,028018,0,40,303,2281,872,3496
03-10-2026,VENETO,05,VENEZIA,CAMPOLONGO MAGGIORE,027003,12,153,851,7254,3383,11653
03-10-2026,VENETO,05,VENEZIA,CAMPONOGARA,027004,14,257,1174,10171,4933,16549
03-10-2026,VENETO,05,PADOVA,CAMPOSAMPIERO,028019,10,327,1472,11887,4843,18539
03-10-2026,VENETO,05,BELLUNO,CANALE D'AGORDO,025023,1,6,58,323,109,497
03-10-2026,VENETO,05,ROVIGO,CANARO,029009,4,64,259,2599,1105,4031
03-10-2026,VENETO,05,ROVIGO,CANDA,029010,0,18,58,546,172,794
03-10-2026,VENETO,05,PADOVA,CANDIANA,028021,0,21,158,1375,439,1993
03-10-2026,VENETO,05,VENEZIA,CAORLE,027005,3,157,826,7700,3309,11995
03-10-2026,VENETO,05,TREVISO,CAPPELLA MAGGIORE,026007,6,72,404,4193,2271,6946
03-10-2026,VENETO,05,VERONA,CAPRINO VERONESE,023018,14,148,892,7414,4040,12508
03-10-2026,VENETO,05,TREVISO,CARBONERA,026008,6,504,1342,11179,4126,17157
03-10-2026,VENETO,05,PADOVA,CARMIGNANO DI BRENTA,028023,4,68,570,4540,1937,7119
03-10-2026,VENETO,05,VICENZA,CARRÈ,024024,2,78,284,2785,1212,4361
03-10-2026,VENETO,05,VICENZA,CARTIGLIANO,024025,2,36,279,2266,874,3457
03-10-2026,VENETO,05,PADOVA,CARTURA,028026,3,153,571,3680,1475,5882
03-10-2026,VENETO,05,PADOVA,CASALE DI SCODOSIA,028027,1,41,330,2561,966,3899
03-10-2026,VENETO,05,TREVISO,CASALE SUL SILE,026009,19,555,1739,16196,6478,24987
03-10-2026,VENETO,05,VERONA,CASALEONE,023019,0,45,476,3897,1661,6079
03-10-2026,VENETO,05,PADOVA,CASALSERUGO,028028,2,112,498,4371,2141,7124
03-10-2026,VENETO,05,TREVISO,CASIER,026010,5,413,1741,13584,6008,21751
03-10-2026,VENETO,05,VICENZA,CASSOLA,024026,16,606,1601,12559,4900,19682
03-10-2026,VENETO,05,VERONA,CASTAGNARO,023020,2,35,267,2023,830,3157
03-10-2026,VENETO,05,VICENZA,CASTEGNERO NANTO,024129,2,19,132,1747,389,2289
03-10-2026,VENETO,05,VERONA,CASTEL D'AZZANO,023021,15,354,1494,12343,5039,19245
03-10-2026,VENETO,05,PADOVA,CASTELBALDO,028029,1,8,75,915,332,1331
03-10-2026,VENETO,05,TREVISO,CASTELCUCCO,026011,1,42,179,1387,505,2114
03-10-2026,VENETO,05,TREVISO,CASTELFRANCO VENETO,026012,29,1120,3670,35645,20727,61191
03-10-2026,VENETO,05,VICENZA,CASTELGOMBERTO,024028,7,77,545,4641,1749,7019
03-10-2026,VENETO,05,ROVIGO,CASTELGUGLIELMO,029011,5,11,143,1478,542,2179
03-10-2026,VENETO,05,TREVISO,CASTELLO DI GODEGO,026013,3,140,573,4464,1589,6769
03-10-2026,VENETO,05,ROVIGO,CASTELMASSA,029012,9,50,346,2878,1223,4506
03-10-2026,VENETO,05,ROVIGO,CASTELNOVO BARIANO,029013,2,12,139,1982,646,2781
03-10-2026,VENETO,05,VERONA,CASTELNUOVO DEL GARDA,023022,13,435,1316,12666,4542,18972
03-10-2026,VENETO,05,VERONA,CAVAION VERONESE,023023,4,94,711,5626,2433,8868
03-10-2026,VENETO,05,VENEZIA,CAVALLINO-TREPORTI,027044,4,146,810,8875,3237,13072
03-10-2026,VENETO,05,VENEZIA,CAVARZERE,027006,10,170,718,8004,2782,11684
03-10-2026,VENETO,05,TREVISO,CAVASO DEL TOMBA,026014,3,31,248,1871,735,2888
03-10-2026,VENETO,05,VERONA,CAZZANO DI TRAMIGNA,023024,2,12,122,1073,690,1899
03-10-2026,VENETO,05,VENEZIA,CEGGIA,027007,12,94,788,5948,2540,9382
03-10-2026,VENETO,05,BELLUNO,CENCENIGHE AGORDINO,025010,0,30,90,632,160,912
03-10-2026,VENETO,05,ROVIGO,CENESELLI,029014,3,8,111,929,415,1466
03-10-2026,VENETO,05,VERONA,CEREA,023025,19,384,1598,15597,7175,24773
03-10-2026,VENETO,05,ROVIGO,CEREGNANO,029015,7,57,373,2333,852,3622
03-10-2026,VENETO,05,VERONA,CERRO VERONESE,023026,4,66,302,2719,1442,4533
03-10-2026,VENETO,05,PADOVA,CERVARESE SANTA CROCE,028030,0,108,523,4124,1715,6470
03-10-2026,VENETO,05,BELLUNO,CESIOMAGGIORE,025011,2,74,276,1891,608,2851
03-10-2026,VENETO,05,TREVISO,CESSALTO,026015,5,60,324,3152,1220,4761
03-10-2026,VENETO,05,VICENZA,CHIAMPO,024029,15,117,1057,9675,4197,15061
03-10-2026,VENETO,05,TREVISO,CHIARANO,026016,1,73,234,2172,601,3081
03-10-2026,VENETO,05,BELLUNO,CHIES D'ALPAGO,025012,0,9,39,348,121,517
03-10-2026,VENETO,05,VENEZIA,CHIOGGIA,027008,37,1624,5128,45832,19956,72577
03-10-2026,VENETO,05,VICENZA,CHIUPPANO,024030,0,63,225,1875,686,2849
03-10-2026,VENETO,05,BELLUNO,CIBIANA DI CADORE,025013,0,1,12,112,35,160
03-10-2026,VENETO,05,TREVISO,CIMADOLMO,026017,2,52,226,1844,707,2831
03-10-2026,VENETO,05,VENEZIA,CINTO CAOMAGGIORE,027009,0,59,305,2344,883,3591
03-10-2026,VENETO,05,PADOVA,CINTO EUGANEO,028031,4,31,147,1350,560,2092
03-10-2026,VENETO,05,TREVISO,CISON DI VALMARINO,026018,5,58,165,1436,480,2144
03-10-2026,VENETO,05,PADOVA,CITTADELLA,028032,11,856,1863,16829,6771,26330
03-10-2026,VENETO,05,PADOVA,CODEVIGO,028033,5,103,524,4643,2114,7389
03-10-2026,VENETO,05,TREVISO,CODOGNÈ,026019,1,185,442,3664,1310,5602
03-10-2026,VENETO,05,VICENZA,COGOLLO DEL CENGIO,024032,2,70,219,1931,753,2975
03-10-2026,VENETO,05,VICENZA,COLCERESA,024126,4,50,470,3540,1258,5322
03-10-2026,VENETO,05,BELLUNO,COLLE SANTA LUCIA,025014,0,0,18,216,127,361
03-10-2026,VENETO,05,TREVISO,COLLE UMBERTO,026020,2,98,547,4526,2214,7387
03-10-2026,VENETO,05,VERONA,COLOGNA VENETA,023027,8,112,758,6363,2774,10015
03-10-2026,VENETO,05,VERONA,COLOGNOLA AI COLLI,023028,3,224,1129,8878,3865,14099
03-10-2026,VENETO,05,BELLUNO,COMELICO SUPERIORE,025015,1,9,131,858,432,1431
03-10-2026,VENETO,05,VENEZIA,CONA,027010,1,25,171,1577,646,2420
03-10-2026,VENETO,05,VERONA,CONCAMARISE,023029,0,7,93,638,412,1150
03-10-2026,VENETO,05,VENEZIA,CONCORDIA SAGITTARIA,027011,3,137,849,6076,2460,9525
03-10-2026,VENETO,05,TREVISO,CONEGLIANO,026021,62,1673,4447,42523,21099,69804
03-10-2026,VENETO,05,PADOVA,CONSELVE,028034,8,177,921,8372,4163,13641
03-10-2026,VENETO,05,ROVIGO,CORBOLA,029017,2,23,139,1307,473,1944
03-10-2026,VENETO,05,TREVISO,CORDIGNANO,026022,1,114,472,4187,1639,6413
03-10-2026,VENETO,05,VICENZA,CORNEDO VICENTINO,024034,4,256,1073,9593,3859,14785
03-10-2026,VENETO,05,TREVISO,CORNUDA,026023,5,243,555,5619,1895,8317
03-10-2026,VENETO,05,PADOVA,CORREZZOLA,028035,5,54,307,3132,1355,4853
03-10-2026,VENETO,05,BELLUNO,CORTINA D'AMPEZZO,025016,7,68,322,3188,1242,4827
03-10-2026,VENETO,05,ROVIGO,COSTA DI ROVIGO,029018,8,37,290,2049,697,3081
03-10-2026,VENETO,05,VICENZA,COSTABISSARA,024035,6,205,809,6664,2650,10334
03-10-2026,VENETO,05,VERONA,COSTERMANO SUL GARDA,023030,1,60,360,2945,1511,4877
03-10-2026,VENETO,05,VICENZA,CREAZZO,024036,13,335,1268,10754,4720,17090
03-10-2026,VENETO,05,VICENZA,CRESPADORO,024037,1,11,98,900,325,1335
03-10-2026,VENETO,05,ROVIGO,CRESPINO,029019,1,53,149,1566,541,2310
03-10-2026,VENETO,05,TREVISO,CROCETTA DEL MONTELLO,026025,0,68,396,3586,1732,5782
03-10-2026,VENETO,05,PADOVA,CURTAROLO,028036,6,144,664,5400,2266,8480
03-10-2026,VENETO,05,BELLUNO,DANTA DI CADORE,025017,0,3,49,241,51,344
03-10-2026,VENETO,05,VERONA,DOLCÈ,023031,5,11,283,1806,941,3046
03-10-2026,VENETO,05,VENEZIA,DOLO,027012,27,821,1975,19027,9266,31116
03-10-2026,VENETO,05,BELLUNO,DOMEGGE DI CADORE,025018,0,12,155,913,344,1424
03-10-2026,VENETO,05,PADOVA,DUE CARRARE,028106,10,261,1060,8874,4316,14521
03-10-2026,VENETO,05,VICENZA,DUEVILLE,024038,12,426,1259,10904,4180,16781
03-10-2026,VENETO,05,VICENZA,ENEGO,024039,2,21,128,619,158,928
03-10-2026,VENETO,05,VENEZIA,ERACLEA,027013,14,148,1254,10447,4355,16218
03-10-2026,VENETO,05,VERONA,ERBEZZO,023033,0,8,42,457,165,672
03-10-2026,VENETO,05,VERONA,ERBÈ,023032,1,24,230,1603,724,2582
03-10-2026,VENETO,05,PADOVA,ESTE,028037,12,308,1683,14551,7293,23847
03-10-2026,VENETO,05,BELLUNO,FALCADE,025019,1,10,129,676,172,988
03-10-2026,VENETO,05,VICENZA,FARA VICENTINO,024040,4,53,232,2221,964,3474
03-10-2026,VENETO,05,TREVISO,FARRA DI SOLIGO,026026,5,95,605,5622,2944,9271
03-10-2026,VENETO,05,BELLUNO,FELTRE,025021,21,349,1693,13855,5339,21257
03-10-2026,VENETO,05,VERONA,FERRARA DI MONTE BALDO,023034,3,5,37,279,64,388
03-10-2026,VENETO,05,ROVIGO,FICAROLO,029021,2,7,156,1265,488,1918
03-10-2026,VENETO,05,VENEZIA,FIESSO D'ARTICO,027014,6,335,998,9486,5205,16030
03-10-2026,VENETO,05,ROVIGO,FIESSO UMBERTIANO,029022,2,65,276,2813,1126,4282
03-10-2026,VENETO,05,TREVISO,FOLLINA,026027,3,59,193,1647,583,2485
03-10-2026,VENETO,05,TREVISO,FONTANELLE,026028,5,93,361,3400,1334,5193
03-10-2026,VENETO,05,PADOVA,FONTANIVA,028038,5,227,635,5767,1910,8544
03-10-2026,VENETO,05,TREVISO,FONTE,026029,1,141,620,5189,1961,7912
03-10-2026,VENETO,05,BELLUNO,FONZASO,025022,1,22,129,1081,347,1580
03-10-2026,VENETO,05,VENEZIA,FOSSALTA DI PIAVE,027015,6,94,523,3712,1482,5817
03-10-2026,VENETO,05,VENEZIA,FOSSALTA DI PORTOGRUARO,027016,3,83,496,3636,1475,5693
03-10-2026,VENETO,05,VENEZIA,FOSSÒ,027017,8,186,487,4832,2451,7964
03-10-2026,VENETO,05,VICENZA,FOZA,024041,0,6,44,370,53,473
03-10-2026,VENETO,05,ROVIGO,FRASSINELLE POLESINE,029023,0,13,57,561,192,823
03-10-2026,VENETO,05,ROVIGO,FRATTA POLESINE,029024,4,40,139,1339,490,2012
03-10-2026,VENETO,05,TREVISO,FREGONA,026030,5,47,194,1742,505,2493
03-10-2026,VENETO,05,VERONA,FUMANE,023035,6,87,408,4947,4327,9775
03-10-2026,VENETO,05,TREVISO,GAIARINE,026031,4,67,439,3251,1115,4876
03-10-2026,VENETO,05,ROVIGO,GAIBA,029025,0,17,66,645,280,1008
03-10-2026,VENETO,05,PADOVA,GALLIERA VENETA,028039,4,200,520,5738,1908,8370
03-10-2026,VENETO,05,VICENZA,GALLIO,024042,0,27,128,1076,621,1852
03-10-2026,VENETO,05,PADOVA,GALZIGNANO TERME,028040,2,80,320,2843,1207,4452
03-10-2026,VENETO,05,VICENZA,GAMBELLARA,024043,2,34,350,2511,1278,4175
03-10-2026,VENETO,05,VERONA,GARDA,023036,8,18,421,3836,1660,5943
03-10-2026,VENETO,05,ROVIGO,GAVELLO,029026,0,18,250,1180,390,1838
03-10-2026,VENETO,05,PADOVA,GAZZO,028041,3,118,403,3220,1385,5129
03-10-2026,VENETO,05,VERONA,GAZZO VERONESE,023037,7,87,609,5860,2039,8602
03-10-2026,VENETO,05,ROVIGO,GIACCIANO CON BARUCHELLA,029027,0,18,107,1232,547,1904
03-10-2026,VENETO,05,TREVISO,GIAVERA DEL MONTELLO,026032,1,94,366,3020,1196,4677
03-10-2026,VENETO,05,TREVISO,GODEGA DI SANT'URBANO,026033,5,76,641,4054,1640,6416
03-10-2026,VENETO,05,TREVISO,GORGO AL MONTICANO,026034,5,62,334,2558,1022,3981
03-10-2026,VENETO,05,BELLUNO,GOSALDO,025025,1,3,39,192,56,291
03-10-2026,VENETO,05,PADOVA,GRANTORTO,028042,1,42,423,2782,1207,4455
03-10-2026,VENETO,05,PADOVA,GRANZE,028043,0,20,174,1089,440,1723
03-10-2026,VENETO,05,VERONA,GREZZANA,023038,6,167,1378,11356,5847,18754
03-10-2026,VENETO,05,VICENZA,GRISIGNANO DI ZOCCO,024046,0,76,378,3529,1168,5151
03-10-2026,VENETO,05,VENEZIA,GRUARO,027018,2,21,155,1362,448,1988
03-10-2026,VENETO,05,VICENZA,GRUMOLO DELLE ABBADESSE,024047,4,130,379,2979,1064,4556
03-10-2026,VENETO,05,ROVIGO,GUARDA VENETA,029028,4,6,180,1032,316,1538
03-10-2026,VENETO,05,VERONA,ILLASI,023039,0,43,379,3295,1706,5423
03-10-2026,VENETO,05,VERONA,ISOLA DELLA SCALA,023040,10,275,1503,12898,5771,20457
03-10-2026,VENETO,05,VERONA,ISOLA RIZZA,023041,0,38,316,2551,1082,3987
03-10-2026,VENETO,05,VICENZA,ISOLA VICENTINA,024048,8,202,751,6321,2438,9720
03-10-2026,VENETO,05,TREVISO,ISTRANA,026035,4,282,1131,8224,3106,12747
03-10-2026,VENETO,05,VENEZIA,JESOLO,027019,56,777,4228,36262,18942,60265
03-10-2026,VENETO,05,BELLUNO,LA VALLE AGORDINA,025027,0,14,34,462,322,832
03-10-2026,VENETO,05,VICENZA,LAGHI,024049,0,1,11,50,21,83
03-10-2026,VENETO,05,BELLUNO,LAMON,025026,1,15,82,995,538,1631
03-10-2026,VENETO,05,VICENZA,LASTEBASSE,024050,0,3,5,95,8,111
03-10-2026,VENETO,05,VERONA,LAVAGNO,023042,10,348,1211,11142,4802,17513
03-10-2026,VENETO,05,VERONA,LAZISE,023043,10,247,771,8250,3477,12755
03-10-2026,VENETO,05,VERONA,LEGNAGO,023044,47,874,3535,31388,13288,49132
03-10-2026,VENETO,05,PADOVA,LEGNARO,028044,16,471,1375,11016,4405,17283
03-10-2026,VENETO,05,ROVIGO,LENDINARA,029029,18,308,1308,12029,3919,17582
03-10-2026,VENETO,05,BELLUNO,LIMANA,025029,3,31,438,3103,1062,4637
03-10-2026,VENETO,05,PADOVA,LIMENA,028045,10,420,1268,10232,4181,16111
03-10-2026,VENETO,05,BELLUNO,LIVINALLONGO DEL COL DI LANA,025030,0,9,37,331,66,443
03-10-2026,VENETO,05,VICENZA,LONGARE,024051,2,97,646,5063,2271,8079
03-10-2026,VENETO,05,BELLUNO,LONGARONE,025071,5,45,362,2670,780,3862
03-10-2026,VENETO,05,VICENZA,LONIGO,024052,18,433,1863,17034,6117,25465
03-10-2026,VENETO,05,PADOVA,LOREGGIA,028046,18,251,911,8101,3801,13082
03-10-2026,VENETO,05,BELLUNO,LORENZAGO DI CADORE,025032,0,6,26,252,130,414
03-10-2026,VENETO,05,ROVIGO,LOREO,029030,2,48,157,1552,431,2190
03-10-2026,VENETO,05,TREVISO,LORIA,026036,2,209,739,5458,2150,8558
03-10-2026,VENETO,05,PADOVA,LOZZO ATESTINO,028047,1,38,203,2093,1123,3458
03-10-2026,VENETO,05,BELLUNO,LOZZO DI CADORE,025033,2,6,71,581,158,818
03-10-2026,VENETO,05,VICENZA,LUGO DI VICENZA,024053,1,80,356,2772,1201,4410
03-10-2026,VENETO,05,ROVIGO,LUSIA,029031,0,19,202,1876,755,2852
03-10-2026,VENETO,05,VICENZA,LUSIANA CONCO,024127,6,67,266,2559,881,3779
03-10-2026,VENETO,05,VERONA,MALCESINE,023045,8,27,427,2706,1559,4727
03-10-2026,VENETO,05,VICENZA,MALO,024055,4,190,1340,10319,4221,16074
03-10-2026,VENETO,05,TREVISO,MANSUÈ,026037,6,48,245,2623,1041,3963
03-10-2026,VENETO,05,VERONA,MARANO DI VALPOLICELLA,023046,0,57,216,2254,986,3513
03-10-2026,VENETO,05,VICENZA,MARANO VICENTINO,024056,4,173,910,7194,3073,11354
03-10-2026,VENETO,05,VENEZIA,MARCON,027020,39,839,2958,24773,9759,38368
03-10-2026,VENETO,05,TREVISO,MARENO DI PIAVE,026038,6,258,832,8091,3299,12486
03-10-2026,VENETO,05,VICENZA,MAROSTICA,024057,9,444,1590,15112,5176,22331
03-10-2026,VENETO,05,VENEZIA,MARTELLAGO,027021,39,963,2778,24531,11727,40038
03-10-2026,VENETO,05,TREVISO,MASER,026039,1,77,363,3069,1455,4965
03-10-2026,VENETO,05,TREVISO,MASERADA SUL PIAVE,026040,7,478,1259,8265,3088,13097
03-10-2026,VENETO,05,PADOVA,MASERÀ DI PADOVA,028048,14,328,1195,9424,4397,15358
03-10-2026,VENETO,05,PADOVA,MASI,028049,3,10,125,1460,706,2304
03-10-2026,VENETO,05,PADOVA,MASSANZAGO,028050,7,158,637,5023,1726,7551
03-10-2026,VENETO,05,TREVISO,MEDUNA DI LIVENZA,026041,0,32,238,2016,820,3106
03-10-2026,VENETO,05,PADOVA,MEGLIADINO SAN VITALE,028052,0,43,182,1233,490,1948
03-10-2026,VENETO,05,ROVIGO,MELARA,029032,2,16,142,1321,461,1942
03-10-2026,VENETO,05,VENEZIA,MEOLO,027022,9,110,529,5089,1929,7666
03-10-2026,VENETO,05,PADOVA,MERLARA,028053,0,28,150,1663,718,2559
03-10-2026,VENETO,05,PADOVA,MESTRINO,028054,15,363,1215,11745,4152,17490
03-10-2026,VENETO,05,VERONA,MEZZANE DI SOTTO,023047,0,41,260,2277,1051,3629
03-10-2026,VENETO,05,TREVISO,MIANE,026042,2,44,227,1709,572,2554
03-10-2026,VENETO,05,VERONA,MINERBE,023048,3,133,502,4204,1561,6403
03-10-2026,VENETO,05,VENEZIA,MIRA,027023,77,1876,4839,48763,19606,75161
03-10-2026,VENETO,05,VENEZIA,MIRANO,027024,44,1783,3991,36084,18058,59960
03-10-2026,VENETO,05,TREVISO,MOGLIANO VENETO,026043,35,1605,3932,34433,15620,55625
03-10-2026,VENETO,05,TREVISO,MONASTIER DI TREVISO,026044,6,104,573,3692,1223,5598
03-10-2026,VENETO,05,TREVISO,MONFUMO,026045,1,9,62,564,235,871
03-10-2026,VENETO,05,PADOVA,MONSELICE,028055,17,641,2037,19884,9654,32233
03-10-2026,VENETO,05,PADOVA,MONTAGNANA,028056,4,168,828,7632,4239,12871
03-10-2026,VENETO,05,VICENZA,MONTE DI MALO,024063,3,24,202,2022,959,3210
03-10-2026,VENETO,05,VICENZA,MONTEBELLO VICENTINO,024060,10,79,727,6258,3353,10427
03-10-2026,VENETO,05,TREVISO,MONTEBELLUNA,026046,32,1356,3092,27305,11519,43304
03-10-2026,VENETO,05,VERONA,MONTECCHIA DI CROSARA,023049,1,29,483,3456,1208,5177
03-10-2026,VENETO,05,VICENZA,MONTECCHIO MAGGIORE,024061,21,274,2662,25781,11014,39752
03-10-2026,VENETO,05,VICENZA,MONTECCHIO PRECALCINO,024062,2,148,425,3303,1234,5112
03-10-2026,VENETO,05,VERONA,MONTEFORTE D'ALPONE,023050,13,119,1003,8339,4104,13578
03-10-2026,VENETO,05,VICENZA,MONTEGALDA,024064,2,80,342,2602,1029,4055
03-10-2026,VENETO,05,VICENZA,MONTEGALDELLA,024065,0,33,196,1164,596,1989
03-10-2026,VENETO,05,PADOVA,MONTEGROTTO TERME,028057,9,398,1365,12340,5128,19240
03-10-2026,VENETO,05,VICENZA,MONTEVIALE,024066,2,149,340,3488,1336,5315
03-10-2026,VENETO,05,VICENZA,MONTICELLO CONTE OTTO,024067,16,250,1067,8627,3944,13904
03-10-2026,VENETO,05,VICENZA,MONTORSO VICENTINO,024068,1,29,264,2103,939,3336
03-10-2026,VENETO,05,TREVISO,MORGANO,026047,5,131,424,3352,1096,5008
03-10-2026,VENETO,05,TREVISO,MORIAGO DELLA BATTAGLIA,026048,0,7,158,1668,896,2729
03-10-2026,VENETO,05,TREVISO,MOTTA DI LIVENZA,026049,15,176,1115,9043,3077,13426
03-10-2026,VENETO,05,VERONA,MOZZECANE,023051,5,134,1008,7913,3374,12434
03-10-2026,VENETO,05,VENEZIA,MUSILE DI PIAVE,027025,8,382,1455,13193,6475,21513
03-10-2026,VENETO,05,VICENZA,MUSSOLENTE,024070,1,60,594,4714,2288,7657
03-10-2026,VENETO,05,VERONA,NEGRAR DI VALPOLICELLA,023052,17,706,1846,20413,10766,33748
03-10-2026,VENETO,05,TREVISO,NERVESA DELLA BATTAGLIA,026050,3,151,567,4624,1438,6783
03-10-2026,VENETO,05,VENEZIA,NOALE,027026,13,1021,1908,15967,7440,26349
03-10-2026,VENETO,05,VERONA,NOGARA,023053,17,385,1042,9835,3868,15147
03-10-2026,VENETO,05,VERONA,NOGAROLE ROCCA,023054,4,117,750,5932,2110,8913
03-10-2026,VENETO,05,VICENZA,NOGAROLE VICENTINO,024072,0,51,76,722,234,1083
03-10-2026,VENETO,05,VICENZA,NOVE,024073,4,111,293,2639,831,3878
03-10-2026,VENETO,05,VENEZIA,NOVENTA DI PIAVE,027027,2,246,857,7286,3027,11418
03-10-2026,VENETO,05,PADOVA,NOVENTA PADOVANA,028058,18,431,1666,14302,6844,23261
03-10-2026,VENETO,05,VICENZA,NOVENTA VICENTINA,024074,8,139,831,6878,2728,10584
03-10-2026,VENETO,05,ROVIGO,OCCHIOBELLO,029033,18,134,1553,12477,4956,19138
03-10-2026,VENETO,05,TREVISO,ODERZO,026051,23,1346,1731,18540,7460,29100
03-10-2026,VENETO,05,VERONA,OPPEANO,023055,25,461,1585,12755,5145,19971
03-10-2026,VENETO,05,VICENZA,ORGIANO,024075,0,16,255,1513,698,2482
03-10-2026,VENETO,05,TREVISO,ORMELLE,026052,5,72,305,3044,1301,4727
03-10-2026,VENETO,05,TREVISO,ORSAGO,026053,1,45,167,1681,645,2539
03-10-2026,VENETO,05,PADOVA,OSPEDALETTO EUGANEO,028059,8,62,709,4887,2207,7873
03-10-2026,VENETO,05,BELLUNO,OSPITALE DI CADORE,025035,0,1,8,89,18,116
03-10-2026,VENETO,05,PADOVA,PADOVA,028060,936,25467,39171,427184,179204,671962
03-10-2026,VENETO,05,TREVISO,PAESE,026055,39,1016,2700,21783,8867,34405
03-10-2026,VENETO,05,VERONA,PALÙ,023056,0,4,87,743,298,1132
03-10-2026,VENETO,05,ROVIGO,PAPOZZE,029034,3,4,77,637,199,920
03-10-2026,VENETO,05,VERONA,PASTRENGO,023057,2,112,340,3126,1310,4890
03-10-2026,VENETO,05,BELLUNO,PEDAVENA,025036,5,259,399,3684,1591,5938
03-10-2026,VENETO,05,VICENZA,PEDEMONTE,024076,0,4,38,279,74,395
03-10-2026,VENETO,05,TREVISO,PEDEROBBA,026056,3,50,550,3992,1704,6299
03-10-2026,VENETO,05,BELLUNO,PERAROLO DI CADORE,025037,0,2,20,161,78,261
03-10-2026,VENETO,05,PADOVA,PERNUMIA,028061,8,81,385,2868,1144,4486
03-10-2026,VENETO,05,VERONA,PESCANTINA,023058,36,658,2101,20661,8865,32321
03-10-2026,VENETO,05,VERONA,PESCHIERA DEL GARDA,023059,15,176,1385,10715,5278,17569
03-10-2026,VENETO,05,ROVIGO,PETTORAZZA GRIMANI,029035,1,9,63,551,246,870
03-10-2026,VENETO,05,PADOVA,PIACENZA D'ADIGE,028062,0,20,165,1059,280,1524
03-10-2026,VENETO,05,VICENZA,PIANEZZE,024077,0,36,172,1669,762,2639
03-10-2026,VENETO,05,VENEZIA,PIANIGA,027028,9,426,1556,13127,5411,20529
03-10-2026,VENETO,05,PADOVA,PIAZZOLA SUL BRENTA,028063,7,241,930,8157,3015,12350
03-10-2026,VENETO,05,TREVISO,PIEVE DEL GRAPPA,026096,9,192,536,5083,2351,8171
03-10-2026,VENETO,05,BELLUNO,PIEVE DI CADORE,025039,3,59,304,2061,612,3039
03-10-2026,VENETO,05,TREVISO,PIEVE DI SOLIGO,026057,12,338,1134,10400,4311,16195
03-10-2026,VENETO,05,ROVIGO,PINCARA,029036,0,21,109,1021,263,1414
03-10-2026,VENETO,05,PADOVA,PIOMBINO DESE,028064,6,272,933,7542,3129,11882
03-10-2026,VENETO,05,PADOVA,PIOVE DI SACCO,028065,40,575,2161,19130,8812,30718
03-10-2026,VENETO,05,VICENZA,PIOVENE ROCCHETTE,024078,9,169,766,7362,3283,11589
03-10-2026,VENETO,05,VICENZA,POJANA MAGGIORE,024079,4,20,402,2858,1145,4429
03-10-2026,VENETO,05,ROVIGO,POLESELLA,029037,8,277,538,3992,1256,6071
03-10-2026,VENETO,05,PADOVA,POLVERARA,028066,4,77,370,2493,1094,4038
03-10-2026,VENETO,05,PADOVA,PONSO,028067,3,23,232,2088,1073,3419
03-10-2026,VENETO,05,TREVISO,PONTE DI PIAVE,026058,7,99,630,6516,2596,9848
03-10-2026,VENETO,05,BELLUNO,PONTE NELLE ALPI,025040,1,179,524,4553,1688,6945
03-10-2026,VENETO,05,PADOVA,PONTE SAN NICOLÒ,028069,17,574,1681,13981,5639,21892
03-10-2026,VENETO,05,ROVIGO,PONTECCHIO POLESINE,029038,0,39,255,1839,856,2989
03-10-2026,VENETO,05,PADOVA,PONTELONGO,028068,4,8,270,3272,1662,5216
03-10-2026,VENETO,05,TREVISO,PONZANO VENETO,026059,9,234,1759,12314,5876,20192
03-10-2026,VENETO,05,ROVIGO,PORTO TOLLE,029039,2,47,299,2833,1177,4358
03-10-2026,VENETO,05,ROVIGO,PORTO VIRO,029052,11,350,1106,9324,3350,14141
03-10-2026,VENETO,05,TREVISO,PORTOBUFFOLÈ,026060,3,11,48,512,213,787
03-10-2026,VENETO,05,VENEZIA,PORTOGRUARO,027029,19,685,2358,21694,9508,34264
03-10-2026,VENETO,05,VICENZA,POSINA,024080,0,5,26,263,62,356
03-10-2026,VENETO,05,TREVISO,POSSAGNO,026061,2,49,174,1481,709,2415
03-10-2026,VENETO,05,VICENZA,POVE DEL GRAPPA,024081,2,57,200,1894,949,3102
03-10-2026,VENETO,05,TREVISO,POVEGLIANO,026062,7,279,556,4574,1761,7177
03-10-2026,VENETO,05,VERONA,POVEGLIANO VERONESE,023060,4,262,986,8005,3299,12556
03-10-2026,VENETO,05,VICENZA,POZZOLEONE,024082,3,99,296,2257,763,3418
03-10-2026,VENETO,05,PADOVA,POZZONOVO,028070,0,45,266,2127,947,3385
03-10-2026,VENETO,05,VENEZIA,PRAMAGGIORE,027030,2,31,425,2819,1177,4454
03-10-2026,VENETO,05,TREVISO,PREGANZIOL,026063,24,594,3059,20270,8320,32267
03-10-2026,VENETO,05,VERONA,PRESSANA,023061,3,18,194,1624,644,2483
03-10-2026,VENETO,05,VENEZIA,QUARTO D'ALTINO,027031,9,271,998,8676,3491,13445
03-10-2026,VENETO,05,TREVISO,QUINTO DI TREVISO,026064,12,274,1008,8725,3154,13173
03-10-2026,VENETO,05,VICENZA,QUINTO VICENTINO,024083,9,185,607,5870,2431,9102
03-10-2026,VENETO,05,VICENZA,RECOARO TERME,024084,2,54,375,2524,753,3708
03-10-2026,VENETO,05,TREVISO,REFRONTOLO,026065,1,15,120,1212,709,2057
03-10-2026,VENETO,05,TREVISO,RESANA,026066,6,668,925,8099,3828,13526
03-10-2026,VENETO,05,TREVISO,REVINE LAGO,026067,2,68,178,1412,394,2054
03-10-2026,VENETO,05,TREVISO,RIESE PIO X,026068,8,273,932,7768,2876,11857
03-10-2026,VENETO,05,BELLUNO,RIVAMONTE AGORDINO,025043,0,3,35,235,68,341
03-10-2026,VENETO,05,VERONA,RIVOLI VERONESE,023062,0,28,200,1583,684,2495
03-10-2026,VENETO,05,VICENZA,ROANA,024085,3,74,279,2499,848,3703
03-10-2026,VENETO,05,BELLUNO,ROCCA PIETORE,025044,0,18,77,630,347,1072
03-10-2026,VENETO,05,VICENZA,ROMANO D'EZZELINO,024086,7,206,1007,9269,3927,14416
03-10-2026,VENETO,05,TREVISO,RONCADE,026069,11,348,1623,12297,6205,20484
03-10-2026,VENETO,05,VERONA,RONCO ALL'ADIGE,023064,4,131,739,6588,2761,10223
03-10-2026,VENETO,05,VERONA,RONCÀ,023063,4,19,386,2768,1437,4614
03-10-2026,VENETO,05,ROVIGO,ROSOLINA,029040,1,69,420,4304,2485,7279
03-10-2026,VENETO,05,VICENZA,ROSSANO VENETO,024088,6,276,812,5495,2277,8866
03-10-2026,VENETO,05,VICENZA,ROSÀ,024087,10,199,1454,9744,3856,15263
03-10-2026,VENETO,05,VICENZA,ROTZO,024089,0,3,30,350,353,736
03-10-2026,VENETO,05,VERONA,ROVERCHIARA,023065,2,21,223,1658,844,2748
03-10-2026,VENETO,05,VERONA,ROVEREDO DI GUÀ,023066,0,20,87,993,490,1590
03-10-2026,VENETO,05,VERONA,ROVERÈ VERONESE,023067,1,84,235,1591,588,2499
03-10-2026,VENETO,05,ROVIGO,ROVIGO,029041,131,3347,9339,80319,30374,123510
03-10-2026,VENETO,05,PADOVA,ROVOLON,028071,8,122,438,3619,1592,5779
03-10-2026,VENETO,05,PADOVA,RUBANO,028072,16,446,2016,16872,7854,27204
03-10-2026,VENETO,05,PADOVA,SACCOLONGO,028073,2,212,602,4623,1689,7128
03-10-2026,VENETO,05,ROVIGO,SALARA,029042,0,16,100,591,144,851
03-10-2026,VENETO,05,VICENZA,SALCEDO,024090,0,8,48,479,171,706
03-10-2026,VENETO,05,TREVISO,SALGAREDA,026070,6,91,681,5807,2716,9301
03-10-2026,VENETO,05,VERONA,SALIZZOLE,023068,3,71,344,2469,1110,3997
03-10-2026,VENETO,05,VENEZIA,SALZANO,027032,13,362,1207,9514,4118,15214
03-10-2026,VENETO,05,ROVIGO,SAN BELLINO,029043,0,17,67,707,733,1524
03-10-2026,VENETO,05,TREVISO,SAN BIAGIO DI CALLALTA,026071,21,426,1318,11359,4945,18069
03-10-2026,VENETO,05,VERONA,SAN BONIFACIO,023069,20,369,2097,20691,9476,32653
03-10-2026,VENETO,05,VENEZIA,SAN DONÀ DI PIAVE,027033,68,1137,4857,46880,25391,78333
03-10-2026,VENETO,05,TREVISO,SAN FIOR,026072,3,192,492,4831,1649,7167
03-10-2026,VENETO,05,PADOVA,SAN GIORGIO DELLE PERTICHE,028075,15,211,1004,7970,3381,12581
03-10-2026,VENETO,05,PADOVA,SAN GIORGIO IN BOSCO,028076,0,120,409,4506,2195,7230
03-10-2026,VENETO,05,VERONA,SAN GIOVANNI ILARIONE,023070,1,36,276,2328,904,3545
03-10-2026,VENETO,05,VERONA,SAN GIOVANNI LUPATOTO,023071,32,619,3032,27343,12454,43480
03-10-2026,VENETO,05,BELLUNO,SAN GREGORIO NELLE ALPI,025045,1,27,112,901,192,1233
03-10-2026,VENETO,05,VERONA,SAN MARTINO BUON ALBERGO,023073,23,669,2819,22289,7925,33725
03-10-2026,VENETO,05,PADOVA,SAN MARTINO DI LUPARI,028077,6,302,1287,9089,3844,14528
03-10-2026,VENETO,05,ROVIGO,SAN MARTINO DI VENEZZE,029044,6,23,268,2294,1014,3605
03-10-2026,VENETO,05,VERONA,SAN MAURO DI SALINE,023074,1,7,54,371,118,551
03-10-2026,VENETO,05,VENEZIA,SAN MICHELE AL TAGLIAMENTO,027034,19,211,1090,9613,4358,15291
03-10-2026,VENETO,05,BELLUNO,SAN NICOLÒ DI COMELICO,025046,0,3,19,142,98,262
03-10-2026,VENETO,05,BELLUNO,SAN PIETRO DI CADORE,025047,2,12,90,486,137,727
03-10-2026,VENETO,05,TREVISO,SAN PIETRO DI FELETTO,026073,5,96,406,3622,2021,6150
03-10-2026,VENETO,05,VERONA,SAN PIETRO DI MORUBIO,023075,2,63,284,2926,1440,4715
03-10-2026,VENETO,05,VERONA,SAN PIETRO IN CARIANO,023076,26,540,1546,14079,6279,22470
03-10-2026,VENETO,05,PADOVA,SAN PIETRO IN GU,028078,1,58,231,2142,908,3340
03-10-2026,VENETO,05,VICENZA,SAN PIETRO MUSSOLINO,024094,1,11,272,1472,543,2299
03-10-2026,VENETO,05,PADOVA,SAN PIETRO VIMINARIO,028079,0,75,268,2029,624,2996
03-10-2026,VENETO,05,TREVISO,SAN POLO DI PIAVE,026074,2,73,473,4207,1777,6532
03-10-2026,VENETO,05,VENEZIA,SAN STINO DI LIVENZA,027036,8,182,1121,9084,3741,14136
03-10-2026,VENETO,05,BELLUNO,SAN TOMASO AGORDINO,025049,0,12,42,288,67,409
03-10-2026,VENETO,05,TREVISO,SAN VENDEMIANO,026076,9,243,894,7735,3066,11947
03-10-2026,VENETO,05,BELLUNO,SAN VITO DI CADORE,025051,1,14,131,1106,366,1618
03-10-2026,VENETO,05,VICENZA,SAN VITO DI LEGUZZANO,024096,3,27,361,2832,1406,4629
03-10-2026,VENETO,05,VERONA,SAN ZENO DI MONTAGNA,023079,0,15,127,1042,541,1725
03-10-2026,VENETO,05,TREVISO,SAN ZENONE DEGLI EZZELINI,026077,1,122,670,5295,2612,8700
03-10-2026,VENETO,05,VICENZA,SANDRIGO,024091,1,370,771,6824,2448,10414
03-10-2026,VENETO,05,VERONA,SANGUINETTO,023072,3,50,398,3783,8563,12797
03-10-2026,VENETO,05,VERONA,SANT'AMBROGIO DI VALPOLICELLA,023077,10,274,1256,11229,4588,17357
03-10-2026,VENETO,05,PADOVA,SANT'ANGELO DI PIOVE DI SACCO,028082,8,189,579,5449,2111,8336
03-10-2026,VENETO,05,VERONA,SANT'ANNA D'ALFAEDO,023078,5,29,181,1410,743,2368
03-10-2026,VENETO,05,PADOVA,SANT'ELENA,028083,3,74,283,2091,943,3394
03-10-2026,VENETO,05,PADOVA,SANT'URBANO,028084,0,15,105,885,294,1299
03-10-2026,VENETO,05,PADOVA,SANTA CATERINA D'ESTE,028108,3,14,90,1122,315,1544
03-10-2026,VENETO,05,BELLUNO,SANTA GIUSTINA,025048,5,55,457,3566,1244,5327
03-10-2026,VENETO,05,PADOVA,SANTA GIUSTINA IN COLLE,028080,4,145,550,6125,3845,10669
03-10-2026,VENETO,05,TREVISO,SANTA LUCIA DI PIAVE,026075,11,192,747,6800,3163,10913
03-10-2026,VENETO,05,VENEZIA,SANTA MARIA DI SALA,027035,16,517,1973,17180,7476,27162
03-10-2026,VENETO,05,BELLUNO,SANTO STEFANO DI CADORE,025050,0,8,103,915,384,1410
03-10-2026,VENETO,05,VICENZA,SANTORSO,024095,2,24,326,3026,1707,5085
03-10-2026,VENETO,05,PADOVA,SAONARA,028085,14,434,1362,11644,4410,17864
03-10-2026,VENETO,05,VICENZA,SARCEDO,024097,2,96,442,3510,1495,5545
03-10-2026,VENETO,05,VICENZA,SAREGO,024098,12,178,1160,8042,3644,13036
03-10-2026,VENETO,05,TREVISO,SARMEDE,026078,2,29,215,1749,661,2656
03-10-2026,VENETO,05,VICENZA,SCHIAVON,024099,0,42,290,1808,676,2816
03-10-2026,VENETO,05,VICENZA,SCHIO,024100,27,667,3674,34708,19783,58859
03-10-2026,VENETO,05,VENEZIA,SCORZÈ,027037,40,664,2345,19911,8644,31604
03-10-2026,VENETO,05,BELLUNO,SEDICO,025053,11,252,845,6245,2625,9978
03-10-2026,VENETO,05,TREVISO,SEGUSINO,026079,1,11,111,768,259,1150
03-10-2026,VENETO,05,BELLUNO,SELVA DI CADORE,025054,0,5,45,269,60,379
03-10-2026,VENETO,05,VERONA,SELVA DI PROGNO,023080,0,4,33,398,111,546
03-10-2026,VENETO,05,PADOVA,SELVAZZANO DENTRO,028086,26,789,2632,24660,11236,39343
03-10-2026,VENETO,05,BELLUNO,SEREN DEL GRAPPA,025055,0,25,98,922,253,1298
03-10-2026,VENETO,05,TREVISO,SERNAGLIA DELLA BATTAGLIA,026080,0,72,474,3199,1363,5108
03-10-2026,VENETO,05,BELLUNO,SETTEVILLE,025075,3,43,354,3596,1009,5005
03-10-2026,VENETO,05,TREVISO,SILEA,026081,20,449,1159,13433,11155,26216
03-10-2026,VENETO,05,VERONA,SOAVE,023081,14,161,734,6339,2630,9878
03-10-2026,VENETO,05,VICENZA,SOLAGNA,024101,7,36,221,1403,502,2169
03-10-2026,VENETO,05,PADOVA,SOLESINO,028087,3,93,380,4661,2004,7141
03-10-2026,VENETO,05,VERONA,SOMMACAMPAGNA,023082,23,771,1596,15166,5290,22846
03-10-2026,VENETO,05,VERONA,SONA,023083,11,491,2576,18012,8163,29253
03-10-2026,VENETO,05,VERONA,SORGÀ,023084,2,42,324,2719,1143,4230
03-10-2026,VENETO,05,BELLUNO,SOSPIROLO,025056,0,43,268,1972,656,2939
03-10-2026,VENETO,05,VICENZA,SOSSANO,024102,6,58,374,2910,1276,4624
03-10-2026,VENETO,05,BELLUNO,SOVERZENE,025057,0,1,42,189,43,275
03-10-2026,VENETO,05,VICENZA,SOVIZZO,024128,9,162,915,6869,2997,10952
03-10-2026,VENETO,05,BELLUNO,SOVRAMONTE,025058,0,7,55,480,180,722
03-10-2026,VENETO,05,VENEZIA,SPINEA,027038,52,1201,3973,36118,17002,58346
03-10-2026,VENETO,05,TREVISO,SPRESIANO,026082,25,414,1893,14777,5920,23029
03-10-2026,VENETO,05,PADOVA,STANGHELLA,028088,5,68,413,3719,1729,5934
03-10-2026,VENETO,05,ROVIGO,STIENTA,029045,2,46,223,2128,995,3394
03-10-2026,VENETO,05,VENEZIA,STRA,027039,8,392,914,9176,4484,14974
03-10-2026,VENETO,05,TREVISO,SUSEGANA,026083,11,393,1237,9720,3685,15046
03-10-2026,VENETO,05,ROVIGO,TAGLIO DI PO,029046,5,63,431,3950,1915,6364
03-10-2026,VENETO,05,BELLUNO,TAIBON AGORDINO,025059,2,17,149,753,224,1145
03-10-2026,VENETO,05,BELLUNO,TAMBRE,025060,0,13,41,562,169,785
03-10-2026,VENETO,05,TREVISO,TARZO,026084,1,95,266,2198,778,3338
03-10-2026,VENETO,05,VENEZIA,TEGLIO VENETO,027040,1,39,214,1532,584,2370
03-10-2026,VENETO,05,PADOVA,TEOLO,028089,8,188,882,7729,4413,13220
03-10-2026,VENETO,05,PADOVA,TERRASSA PADOVANA,028090,0,12,232,1729,765,2738
03-10-2026,VENETO,05,VERONA,TERRAZZO,023085,3,20,167,1395,434,2019
03-10-2026,VENETO,05,VICENZA,TEZZE SUL BRENTA,024104,10,267,979,8455,2982,12693
03-10-2026,VENETO,05,VICENZA,THIENE,024105,27,1123,3460,27721,11759,44090
03-10-2026,VENETO,05,PADOVA,TOMBOLO,028091,12,260,785,6608,2562,10227
03-10-2026,VENETO,05,VICENZA,TONEZZA DEL CIMONE,024106,0,9,46,349,122,526
03-10-2026,VENETO,05,VENEZIA,TORRE DI MOSTO,027041,2,60,440,3349,1262,5113
03-10-2026,VENETO,05,VICENZA,TORREBELVICINO,024107,2,62,427,4074,1646,6211
03-10-2026,VENETO,05,PADOVA,TORREGLIA,028092,5,119,522,4073,1397,6116
03-10-2026,VENETO,05,VERONA,TORRI DEL BENACO,023086,6,29,216,2212,1105,3568
03-10-2026,VENETO,05,VICENZA,TORRI DI QUARTESOLO,024108,16,391,1391,12010,5184,18992
03-10-2026,VENETO,05,PADOVA,TREBASELEGHE,028093,3,477,1067,9956,4063,15566
03-10-2026,VENETO,05,ROVIGO,TRECENTA,029047,1,39,224,1751,846,2861
03-10-2026,VENETO,05,VERONA,TREGNAGO,023087,3,70,471,3407,1559,5510
03-10-2026,VENETO,05,VERONA,TREVENZUOLO,023088,3,18,266,2292,1059,3638
03-10-2026,VENETO,05,TREVISO,TREVIGNANO,026085,4,114,902,6538,2475,10033
03-10-2026,VENETO,05,TREVISO,TREVISO,026086,238,6352,15029,150778,79231,251628
03-10-2026,VENETO,05,PADOVA,TRIBANO,028094,9,102,466,3672,1315,5564
03-10-2026,VENETO,05,VICENZA,TRISSINO,024110,9,116,699,5891,2468,9183
03-10-2026,VENETO,05,PADOVA,URBANA,028095,1,9,124,1148,374,1656
03-10-2026,VENETO,05,BELLUNO,VAL DI ZOLDO,025073,1,37,120,1068,303,1529
03-10-2026,VENETO,05,VICENZA,VAL LIONA,024123,1,98,391,2188,742,3420
03-10-2026,VENETO,05,VICENZA,VALBRENTA,024125,4,145,448,4490,2111,7198
03-10-2026,VENETO,05,VICENZA,VALDAGNO,024111,21,438,2646,25638,9765,38508
03-10-2026,VENETO,05,VICENZA,VALDASTICO,024112,0,9,72,453,188,722
03-10-2026,VENETO,05,TREVISO,VALDOBBIADENE,026087,1,138,722,5975,2135,8971
03-10-2026,VENETO,05,VERONA,VALEGGIO SUL MINCIO,023089,15,222,1535,13133,6966,21871
03-10-2026,VENETO,05,BELLUNO,VALLADA AGORDINA,025062,0,7,34,195,45,281
03-10-2026,VENETO,05,BELLUNO,VALLE DI CADORE,025063,1,25,103,919,379,1427
03-10-2026,VENETO,05,VICENZA,VALLI DEL PASUBIO,024113,3,21,206,1458,580,2268
03-10-2026,VENETO,05,TREVISO,VAZZOLA,026088,2,77,512,4253,1764,6608
03-10-2026,VENETO,05,TREVISO,VEDELAGO,026089,8,368,1651,12470,5322,19819
03-10-2026,VENETO,05,PADOVA,VEGGIANO,028096,0,72,507,3966,1808,6353
03-10-2026,VENETO,05,VICENZA,VELO D'ASTICO,024115,1,24,153,1205,502,1885
03-10-2026,VENETO,05,VERONA,VELO VERONESE,023090,1,3,44,353,115,516
03-10-2026,VENETO,05,VENEZIA,VENEZIA,027042,1014,26951,37840,491303,206410,763518
03-10-2026,VENETO,05,VERONA,VERONA,023091,663,13961,39571,461785,209017,724997
03-10-2026,VENETO,05,VERONA,VERONELLA,023092,4,121,574,4422,1641,6762
03-10-2026,VENETO,05,PADOVA,VESCOVANA,028097,1,46,220,1427,599,2293
03-10-2026,VENETO,05,VERONA,VESTENANOVA,023093,1,5,166,1105,741,2018
03-10-2026,VENETO,05,VICENZA,VICENZA,024116,274,7265,21625,198365,95167,322696
03-10-2026,VENETO,05,TREVISO,VIDOR,026090,1,28,264,1837,948,3078
03-10-2026,VENETO,05,VERONA,VIGASIO,023094,10,271,1266,10980,4440,16967
03-10-2026,VENETO,05,BELLUNO,VIGO DI CADORE,025065,0,10,75,613,258,956
03-10-2026,VENETO,05,PADOVA,VIGODARZERE,028099,10,483,1629,13976,6009,22107
03-10-2026,VENETO,05,VENEZIA,VIGONOVO,027043,12,286,1128,10329,4273,16028
03-10-2026,VENETO,05,PADOVA,VIGONZA,028100,29,747,2850,24675,12533,40834
03-10-2026,VENETO,05,VERONA,VILLA BARTOLOMEA,023095,2,58,499,4339,2331,7229
03-10-2026,VENETO,05,PADOVA,VILLA DEL CONTE,028101,7,75,474,3537,1335,5428
03-10-2026,VENETO,05,PADOVA,VILLA ESTENSE,028102,0,28,142,1193,573,1936
03-10-2026,VENETO,05,ROVIGO,VILLADOSE,029048,11,68,462,3155,1088,4784
03-10-2026,VENETO,05,VERONA,VILLAFRANCA DI VERONA,023096,36,1052,4453,41773,18841,66155
03-10-2026,VENETO,05,PADOVA,VILLAFRANCA PADOVANA,028103,11,374,1153,9147,4104,14789
03-10-2026,VENETO,05,VICENZA,VILLAGA,024117,0,26,112,1017,363,1518
03-10-2026,VENETO,05,ROVIGO,VILLAMARZANA,029049,3,40,114,983,353,1493
03-10-2026,VENETO,05,ROVIGO,VILLANOVA DEL GHEBBO,029050,3,20,193,1338,476,2030
03-10-2026,VENETO,05,PADOVA,VILLANOVA DI CAMPOSAMPIERO,028104,10,136,646,5192,2707,8691
03-10-2026,VENETO,05,ROVIGO,VILLANOVA MARCHESANA,029051,0,9,53,617,270,949
03-10-2026,VENETO,05,VICENZA,VILLAVERLA,024118,4,45,391,3412,1113,4965
03-10-2026,VENETO,05,TREVISO,VILLORBA,026091,18,438,2136,16293,6591,25476
03-10-2026,VENETO,05,TREVISO,VITTORIO VENETO,026092,28,1105,2717,26383,10439,40672
03-10-2026,VENETO,05,PADOVA,VO',028105,0,73,203,1608,738,2622
03-10-2026,VENETO,05,BELLUNO,VODO CADORE,025066,0,13,28,339,85,465
03-10-2026,VENETO,05,TREVISO,VOLPAGO DEL MONTELLO,026093,6,202,925,7224,2612,10969
03-10-2026,VENETO,05,BELLUNO,VOLTAGO AGORDINO,025067,0,8,34,190,44,276
03-10-2026,VENETO,05,VICENZA,ZANÈ,024119,6,183,518,4705,2947,8359
03-10-2026,VENETO,05,TREVISO,ZENSON DI PIAVE,026094,1,15,170,1200,440,1826
03-10-2026,VENETO,05,VICENZA,ZERMEGHEDO,024120,0,32,111,1011,387,1541
03-10-2026,VENETO,05,TREVISO,ZERO BRANCO,026095,20,355,1309,12002,4521,18207
03-10-2026,VENETO,05,VERONA,ZEVIO,023097,19,525,2163,19602,10635,32944
03-10-2026,VENETO,05,VERONA,ZIMELLA,023098,1,42,658,3857,1757,6315
03-10-2026,VENETO,05,BELLUNO,ZOPPÈ DI CADORE,025069,0,0,4,17,3,24
03-10-2026,VENETO,05,VICENZA,ZOVENCEDO,024121,0,16,72,573,197,858
03-10-2026,VENETO,05,VICENZA,ZUGLIANO,024122,7,188,595,5170,2451,8411