DATA_ELABORAZIONE,REGIONE,PROVINCIA,COD_ISTAT_COMUNE,COMUNE,RESIDENTI
28-09-2026,ABRUZZO,CHIETI,069001,ALTINO,3036
28-09-2026,ABRUZZO,CHIETI,069002,ARCHI,1949
28-09-2026,ABRUZZO,CHIETI,069003,ARI,1089
28-09-2026,ABRUZZO,CHIETI,069004,ARIELLI,1046
28-09-2026,ABRUZZO,CHIETI,069005,ATESSA,10246
28-09-2026,ABRUZZO,CHIETI,069006,BOMBA,676
28-09-2026,ABRUZZO,CHIETI,069007,BORRELLO,315
28-09-2026,ABRUZZO,CHIETI,069008,BUCCHIANICO,4885
28-09-2026,ABRUZZO,CHIETI,069010,CANOSA SANNITA,1192
28-09-2026,ABRUZZO,CHIETI,069011,CARPINETO SINELLO,486
28-09-2026,ABRUZZO,CHIETI,069012,CARUNCHIO,531
28-09-2026,ABRUZZO,CHIETI,069013,CASACANDITELLA,1196
28-09-2026,ABRUZZO,CHIETI,069014,CASALANGUIDA,785
28-09-2026,ABRUZZO,CHIETI,069015,CASALBORDINO,5647
28-09-2026,ABRUZZO,CHIETI,069016,CASALINCONTRADA,2946
28-09-2026,ABRUZZO,CHIETI,069017,CASOLI,5008
28-09-2026,ABRUZZO,CHIETI,069018,CASTEL FRENTANO,4172
28-09-2026,ABRUZZO,CHIETI,069019,CASTELGUIDONE,262
28-09-2026,ABRUZZO,CHIETI,069020,CASTIGLIONE MESSER MARINO,1398
28-09-2026,ABRUZZO,CHIETI,069021,CELENZA SUL TRIGNO,750
28-09-2026,ABRUZZO,CHIETI,069022,CHIETI,49176
28-09-2026,ABRUZZO,CHIETI,069023,CIVITALUPARELLA,263
28-09-2026,ABRUZZO,CHIETI,069024,CIVITELLA MESSER RAIMONDO,729
28-09-2026,ABRUZZO,CHIETI,069025,COLLEDIMACINE,147
28-09-2026,ABRUZZO,CHIETI,069026,COLLEDIMEZZO,405
28-09-2026,ABRUZZO,CHIETI,069027,CRECCHIO,2563
28-09-2026,ABRUZZO,CHIETI,069028,CUPELLO,4949
28-09-2026,ABRUZZO,CHIETI,069029,DOGLIOLA,302
28-09-2026,ABRUZZO,CHIETI,069104,FALLO,124
28-09-2026,ABRUZZO,CHIETI,069030,FARA FILIORUM PETRI,1986
28-09-2026,ABRUZZO,CHIETI,069031,FARA SAN MARTINO,1268
28-09-2026,ABRUZZO,CHIETI,069032,FILETTO,814
28-09-2026,ABRUZZO,CHIETI,069033,FOSSACESIA,6349
28-09-2026,ABRUZZO,CHIETI,069034,FRAINE,236
28-09-2026,ABRUZZO,CHIETI,069035,FRANCAVILLA AL MARE,26009
28-09-2026,ABRUZZO,CHIETI,069036,FRESAGRANDINARIA,896
28-09-2026,ABRUZZO,CHIETI,069037,FRISA,1598
28-09-2026,ABRUZZO,CHIETI,069038,FURCI,766
28-09-2026,ABRUZZO,CHIETI,069039,GAMBERALE,252
28-09-2026,ABRUZZO,CHIETI,069040,GESSOPALENA,1138
28-09-2026,ABRUZZO,CHIETI,069041,GISSI,2380
28-09-2026,ABRUZZO,CHIETI,069042,GIULIANO TEATINO,1109
28-09-2026,ABRUZZO,CHIETI,069043,GUARDIAGRELE,8240
28-09-2026,ABRUZZO,CHIETI,069044,GUILMI,439
28-09-2026,ABRUZZO,CHIETI,069045,LAMA DEI PELIGNI,1016
28-09-2026,ABRUZZO,CHIETI,069046,LANCIANO,34002
28-09-2026,ABRUZZO,CHIETI,069047,LENTELLA,629
28-09-2026,ABRUZZO,CHIETI,069048,LETTOPALENA,308
28-09-2026,ABRUZZO,CHIETI,069049,LISCIA,626
28-09-2026,ABRUZZO,CHIETI,069050,MIGLIANICO,4683
28-09-2026,ABRUZZO,CHIETI,069051,MONTAZZOLI,777
28-09-2026,ABRUZZO,CHIETI,069009,MONTEBELLO SUL SANGRO,77
28-09-2026,ABRUZZO,CHIETI,069052,MONTEFERRANTE,96
28-09-2026,ABRUZZO,CHIETI,069053,MONTELAPIANO,64
28-09-2026,ABRUZZO,CHIETI,069054,MONTENERODOMO,559
28-09-2026,ABRUZZO,CHIETI,069055,MONTEODORISIO,2278
28-09-2026,ABRUZZO,CHIETI,069056,MOZZAGROGNA,2462
28-09-2026,ABRUZZO,CHIETI,069057,ORSOGNA,3606
28-09-2026,ABRUZZO,CHIETI,069058,ORTONA,22098
28-09-2026,ABRUZZO,CHIETI,069059,PAGLIETA,4050
28-09-2026,ABRUZZO,CHIETI,069060,PALENA,1190
28-09-2026,ABRUZZO,CHIETI,069061,PALMOLI,865
28-09-2026,ABRUZZO,CHIETI,069062,PALOMBARO,915
28-09-2026,ABRUZZO,CHIETI,069063,PENNADOMO,196
28-09-2026,ABRUZZO,CHIETI,069064,PENNAPIEDIMONTE,359
28-09-2026,ABRUZZO,CHIETI,069065,PERANO,1453
28-09-2026,ABRUZZO,CHIETI,069103,PIETRAFERRAZZANA,129
28-09-2026,ABRUZZO,CHIETI,069066,PIZZOFERRATO,950
28-09-2026,ABRUZZO,CHIETI,069067,POGGIOFIORITO,756
28-09-2026,ABRUZZO,CHIETI,069068,POLLUTRI,1993
28-09-2026,ABRUZZO,CHIETI,069069,PRETORO,855
28-09-2026,ABRUZZO,CHIETI,069070,QUADRI,660
28-09-2026,ABRUZZO,CHIETI,069071,RAPINO,1128
28-09-2026,ABRUZZO,CHIETI,069072,RIPA TEATINA,3915
28-09-2026,ABRUZZO,CHIETI,069074,ROCCA SAN GIOVANNI,2297
28-09-2026,ABRUZZO,CHIETI,069073,ROCCAMONTEPIANO,1525
28-09-2026,ABRUZZO,CHIETI,069075,ROCCASCALEGNA,1021
28-09-2026,ABRUZZO,CHIETI,069076,ROCCASPINALVETI,1119
28-09-2026,ABRUZZO,CHIETI,069077,ROIO DEL SANGRO,102
28-09-2026,ABRUZZO,CHIETI,069078,ROSELLO,171
28-09-2026,ABRUZZO,CHIETI,069079,SAN BUONO,830
28-09-2026,ABRUZZO,CHIETI,069080,SAN GIOVANNI LIPIONI,140
28-09-2026,ABRUZZO,CHIETI,069081,SAN GIOVANNI TEATINO,14721
28-09-2026,ABRUZZO,CHIETI,069082,SAN MARTINO SULLA MARRUCINA,862
28-09-2026,ABRUZZO,CHIETI,069083,SAN SALVO,20322
28-09-2026,ABRUZZO,CHIETI,069086,SAN VITO CHIETINO,5126
28-09-2026,ABRUZZO,CHIETI,069085,SANT'EUSANIO DEL SANGRO,2241
28-09-2026,ABRUZZO,CHIETI,069084,SANTA MARIA IMBARO,2024
28-09-2026,ABRUZZO,CHIETI,069087,SCERNI,2915
28-09-2026,ABRUZZO,CHIETI,069088,SCHIAVI DI ABRUZZO,603
28-09-2026,ABRUZZO,CHIETI,069089,TARANTA PELIGNA,300
28-09-2026,ABRUZZO,CHIETI,069090,TOLLO,3949
28-09-2026,ABRUZZO,CHIETI,069091,TORINO DI SANGRO,2949
28-09-2026,ABRUZZO,CHIETI,069092,TORNARECCIO,1651
28-09-2026,ABRUZZO,CHIETI,069093,TORREBRUNA,622
28-09-2026,ABRUZZO,CHIETI,069094,TORREVECCHIA TEATINA,4189
28-09-2026,ABRUZZO,CHIETI,069095,TORRICELLA PELIGNA,1098
28-09-2026,ABRUZZO,CHIETI,069096,TREGLIO,1730
28-09-2026,ABRUZZO,CHIETI,069097,TUFILLO,307
28-09-2026,ABRUZZO,CHIETI,069098,VACRI,1489
28-09-2026,ABRUZZO,CHIETI,069099,VASTO,41566
28-09-2026,ABRUZZO,CHIETI,069102,VILLA SANTA MARIA,1101
28-09-2026,ABRUZZO,CHIETI,069100,VILLALFONSINA,833
28-09-2026,ABRUZZO,CHIETI,069101,VILLAMAGNA,2125
28-09-2026,ABRUZZO,L'AQUILA,066001,ACCIANO,252
28-09-2026,ABRUZZO,L'AQUILA,066002,AIELLI,1371
28-09-2026,ABRUZZO,L'AQUILA,066003,ALFEDENA,950
28-09-2026,ABRUZZO,L'AQUILA,066004,ANVERSA DEGLI ABRUZZI,306
28-09-2026,ABRUZZO,L'AQUILA,066005,ATELETA,1117
28-09-2026,ABRUZZO,L'AQUILA,066006,AVEZZANO,41589
28-09-2026,ABRUZZO,L'AQUILA,066007,BALSORANO,3198
28-09-2026,ABRUZZO,L'AQUILA,066008,BARETE,648
28-09-2026,ABRUZZO,L'AQUILA,066009,BARISCIANO,1635
28-09-2026,ABRUZZO,L'AQUILA,066010,BARREA,674
28-09-2026,ABRUZZO,L'AQUILA,066011,BISEGNA,211
28-09-2026,ABRUZZO,L'AQUILA,066012,BUGNARA,1028
28-09-2026,ABRUZZO,L'AQUILA,066013,CAGNANO AMITERNO,1132
28-09-2026,ABRUZZO,L'AQUILA,066014,CALASCIO,125
28-09-2026,ABRUZZO,L'AQUILA,066015,CAMPO DI GIOVE,744
28-09-2026,ABRUZZO,L'AQUILA,066016,CAMPOTOSTO,425
28-09-2026,ABRUZZO,L'AQUILA,066017,CANISTRO,901
28-09-2026,ABRUZZO,L'AQUILA,066018,CANSANO,209
28-09-2026,ABRUZZO,L'AQUILA,066019,CAPESTRANO,827
28-09-2026,ABRUZZO,L'AQUILA,066020,CAPISTRELLO,4631
28-09-2026,ABRUZZO,L'AQUILA,066021,CAPITIGNANO,587
28-09-2026,ABRUZZO,L'AQUILA,066022,CAPORCIANO,192
28-09-2026,ABRUZZO,L'AQUILA,066023,CAPPADOCIA,607
28-09-2026,ABRUZZO,L'AQUILA,066024,CARAPELLE CALVISIO,69
28-09-2026,ABRUZZO,L'AQUILA,066025,CARSOLI,5018
28-09-2026,ABRUZZO,L'AQUILA,066026,CASTEL DEL MONTE,392
28-09-2026,ABRUZZO,L'AQUILA,066027,CASTEL DI IERI,272
28-09-2026,ABRUZZO,L'AQUILA,066028,CASTEL DI SANGRO,6672
28-09-2026,ABRUZZO,L'AQUILA,066029,CASTELLAFIUME,1086
28-09-2026,ABRUZZO,L'AQUILA,066030,CASTELVECCHIO CALVISIO,121
28-09-2026,ABRUZZO,L'AQUILA,066031,CASTELVECCHIO SUBEQUO,786
28-09-2026,ABRUZZO,L'AQUILA,066032,CELANO,10196
28-09-2026,ABRUZZO,L'AQUILA,066033,CERCHIO,1548
28-09-2026,ABRUZZO,L'AQUILA,066034,CIVITA D'ANTINO,935
28-09-2026,ABRUZZO,L'AQUILA,066035,CIVITELLA ALFEDENA,284
28-09-2026,ABRUZZO,L'AQUILA,066036,CIVITELLA ROVETO,3001
28-09-2026,ABRUZZO,L'AQUILA,066037,COCULLO,190
28-09-2026,ABRUZZO,L'AQUILA,066038,COLLARMELE,744
28-09-2026,ABRUZZO,L'AQUILA,066039,COLLELONGO,1025
28-09-2026,ABRUZZO,L'AQUILA,066040,COLLEPIETRO,196
28-09-2026,ABRUZZO,L'AQUILA,066041,CORFINIO,963
28-09-2026,ABRUZZO,L'AQUILA,066042,FAGNANO ALTO,337
28-09-2026,ABRUZZO,L'AQUILA,066043,FONTECCHIO,315
28-09-2026,ABRUZZO,L'AQUILA,066044,FOSSA,707
28-09-2026,ABRUZZO,L'AQUILA,066045,GAGLIANO ATERNO,222
28-09-2026,ABRUZZO,L'AQUILA,066046,GIOIA DEI MARSI,1695
28-09-2026,ABRUZZO,L'AQUILA,066047,GORIANO SICOLI,517
28-09-2026,ABRUZZO,L'AQUILA,066048,INTRODACQUA,1970
28-09-2026,ABRUZZO,L'AQUILA,066049,L'AQUILA,71780
28-09-2026,ABRUZZO,L'AQUILA,066050,LECCE NEI MARSI,1496
28-09-2026,ABRUZZO,L'AQUILA,066051,LUCO DEI MARSI,6042
28-09-2026,ABRUZZO,L'AQUILA,066052,LUCOLI,856
28-09-2026,ABRUZZO,L'AQUILA,066053,MAGLIANO DE' MARSI,3373
28-09-2026,ABRUZZO,L'AQUILA,066054,MASSA D'ALBE,1357
28-09-2026,ABRUZZO,L'AQUILA,066055,MOLINA ATERNO,324
28-09-2026,ABRUZZO,L'AQUILA,066056,MONTEREALE,2192
28-09-2026,ABRUZZO,L'AQUILA,066057,MORINO,1262
28-09-2026,ABRUZZO,L'AQUILA,066058,NAVELLI,580
28-09-2026,ABRUZZO,L'AQUILA,066059,OCRE,1127
28-09-2026,ABRUZZO,L'AQUILA,066060,OFENA,460
28-09-2026,ABRUZZO,L'AQUILA,066061,OPI,368
28-09-2026,ABRUZZO,L'AQUILA,066062,ORICOLA,1270
28-09-2026,ABRUZZO,L'AQUILA,066063,ORTONA DEI MARSI,365
28-09-2026,ABRUZZO,L'AQUILA,066064,ORTUCCHIO,1751
28-09-2026,ABRUZZO,L'AQUILA,066065,OVINDOLI,1170
28-09-2026,ABRUZZO,L'AQUILA,066066,PACENTRO,1070
28-09-2026,ABRUZZO,L'AQUILA,066067,PERETO,642
28-09-2026,ABRUZZO,L'AQUILA,066068,PESCASSEROLI,1965
28-09-2026,ABRUZZO,L'AQUILA,066069,PESCINA,3747
28-09-2026,ABRUZZO,L'AQUILA,066070,PESCOCOSTANZO,1092
28-09-2026,ABRUZZO,L'AQUILA,066071,PETTORANO SUL GIZIO,1263
28-09-2026,ABRUZZO,L'AQUILA,066072,PIZZOLI,4369
28-09-2026,ABRUZZO,L'AQUILA,066073,POGGIO PICENZE,1041
28-09-2026,ABRUZZO,L'AQUILA,066074,PRATA D'ANSIDONIA,433
28-09-2026,ABRUZZO,L'AQUILA,066075,PRATOLA PELIGNA,6859
28-09-2026,ABRUZZO,L'AQUILA,066076,PREZZA,792
28-09-2026,ABRUZZO,L'AQUILA,066077,RAIANO,2607
28-09-2026,ABRUZZO,L'AQUILA,066078,RIVISONDOLI,702
28-09-2026,ABRUZZO,L'AQUILA,066080,ROCCA DI BOTTE,906
28-09-2026,ABRUZZO,L'AQUILA,066081,ROCCA DI CAMBIO,538
28-09-2026,ABRUZZO,L'AQUILA,066082,ROCCA DI MEZZO,1313
28-09-2026,ABRUZZO,L'AQUILA,066083,ROCCA PIA,151
28-09-2026,ABRUZZO,L'AQUILA,066079,ROCCACASALE,552
28-09-2026,ABRUZZO,L'AQUILA,066084,ROCCARASO,1470
28-09-2026,ABRUZZO,L'AQUILA,066085,SAN BENEDETTO DEI MARSI,3748
28-09-2026,ABRUZZO,L'AQUILA,066086,SAN BENEDETTO IN PERILLIS,101
28-09-2026,ABRUZZO,L'AQUILA,066087,SAN DEMETRIO NE' VESTINI,2014
28-09-2026,ABRUZZO,L'AQUILA,066088,SAN PIO DELLE CAMERE,660
28-09-2026,ABRUZZO,L'AQUILA,066092,SAN VINCENZO VALLE ROVETO,1989
28-09-2026,ABRUZZO,L'AQUILA,066090,SANT'EUSANIO FORCONESE,365
28-09-2026,ABRUZZO,L'AQUILA,066089,SANTE MARIE,1053
28-09-2026,ABRUZZO,L'AQUILA,066091,SANTO STEFANO DI SESSANIO,104
28-09-2026,ABRUZZO,L'AQUILA,066093,SCANNO,1669
28-09-2026,ABRUZZO,L'AQUILA,066094,SCONTRONE,514
28-09-2026,ABRUZZO,L'AQUILA,066095,SCOPPITO,3809
28-09-2026,ABRUZZO,L'AQUILA,066096,SCURCOLA MARSICANA,2756
28-09-2026,ABRUZZO,L'AQUILA,066097,SECINARO,302
28-09-2026,ABRUZZO,L'AQUILA,066098,SULMONA,21794
28-09-2026,ABRUZZO,L'AQUILA,066099,TAGLIACOZZO,6481
28-09-2026,ABRUZZO,L'AQUILA,066100,TIONE DEGLI ABRUZZI,242
28-09-2026,ABRUZZO,L'AQUILA,066101,TORNIMPARTE,2788
28-09-2026,ABRUZZO,L'AQUILA,066102,TRASACCO,5817
28-09-2026,ABRUZZO,L'AQUILA,066105,VILLA SANT'ANGELO,526
28-09-2026,ABRUZZO,L'AQUILA,066104,VILLA SANTA LUCIA DEGLI ABRUZZI,84
28-09-2026,ABRUZZO,L'AQUILA,066103,VILLALAGO,492
28-09-2026,ABRUZZO,L'AQUILA,066106,VILLAVALLELONGA,816
28-09-2026,ABRUZZO,L'AQUILA,066107,VILLETTA BARREA,596
28-09-2026,ABRUZZO,L'AQUILA,066108,VITTORITO,801
28-09-2026,ABRUZZO,PESCARA,068001,ABBATEGGIO,350
28-09-2026,ABRUZZO,PESCARA,068002,ALANNO,3274
28-09-2026,ABRUZZO,PESCARA,068003,BOLOGNANO,1004
28-09-2026,ABRUZZO,PESCARA,068004,BRITTOLI,241
28-09-2026,ABRUZZO,PESCARA,068005,BUSSI SUL TIRINO,2217
28-09-2026,ABRUZZO,PESCARA,068006,CAPPELLE SUL TAVO,4135
28-09-2026,ABRUZZO,PESCARA,068007,CARAMANICO TERME,1715
28-09-2026,ABRUZZO,PESCARA,068008,CARPINETO DELLA NORA,500
28-09-2026,ABRUZZO,PESCARA,068009,CASTIGLIONE A CASAURIA,716
28-09-2026,ABRUZZO,PESCARA,068010,CATIGNANO,1254
28-09-2026,ABRUZZO,PESCARA,068011,CEPAGATTI,11044
28-09-2026,ABRUZZO,PESCARA,068012,CITTÀ SANT'ANGELO,15136
28-09-2026,ABRUZZO,PESCARA,068013,CIVITAQUANA,1153
28-09-2026,ABRUZZO,PESCARA,068014,CIVITELLA CASANOVA,1513
28-09-2026,ABRUZZO,PESCARA,068015,COLLECORVINO,6195
28-09-2026,ABRUZZO,PESCARA,068016,CORVARA,176
28-09-2026,ABRUZZO,PESCARA,068017,CUGNOLI,1316
28-09-2026,ABRUZZO,PESCARA,068018,ELICE,1649
28-09-2026,ABRUZZO,PESCARA,068019,FARINDOLA,1295
28-09-2026,ABRUZZO,PESCARA,068020,LETTOMANOPPELLO,2661
28-09-2026,ABRUZZO,PESCARA,068021,LORETO APRUTINO,7030
28-09-2026,ABRUZZO,PESCARA,068022,MANOPPELLO,6754
28-09-2026,ABRUZZO,PESCARA,068023,MONTEBELLO DI BERTONA,815
28-09-2026,ABRUZZO,PESCARA,068024,MONTESILVANO,53943
28-09-2026,ABRUZZO,PESCARA,068025,MOSCUFO,3196
28-09-2026,ABRUZZO,PESCARA,068026,NOCCIANO,1687
28-09-2026,ABRUZZO,PESCARA,068027,PENNE,10882
28-09-2026,ABRUZZO,PESCARA,068028,PESCARA,119097
28-09-2026,ABRUZZO,PESCARA,068029,PESCOSANSONESCO,442
28-09-2026,ABRUZZO,PESCARA,068030,PIANELLA,8591
28-09-2026,ABRUZZO,PESCARA,068031,PICCIANO,1291
28-09-2026,ABRUZZO,PESCARA,068032,PIETRANICO,414
28-09-2026,ABRUZZO,PESCARA,068033,POPOLI TERME,4560
28-09-2026,ABRUZZO,PESCARA,068034,ROCCAMORICE,839
28-09-2026,ABRUZZO,PESCARA,068035,ROSCIANO,4118
28-09-2026,ABRUZZO,PESCARA,068036,SALLE,251
28-09-2026,ABRUZZO,PESCARA,068038,SAN VALENTINO IN ABRUZZO CITERIORE,1796
28-09-2026,ABRUZZO,PESCARA,068037,SANT'EUFEMIA A MAIELLA,242
28-09-2026,ABRUZZO,PESCARA,068039,SCAFA,3376
28-09-2026,ABRUZZO,PESCARA,068040,SERRAMONACESCA,492
28-09-2026,ABRUZZO,PESCARA,068041,SPOLTORE,19039
28-09-2026,ABRUZZO,PESCARA,068042,TOCCO DA CASAURIA,2281
28-09-2026,ABRUZZO,PESCARA,068043,TORRE DE' PASSERI,2844
28-09-2026,ABRUZZO,PESCARA,068044,TURRIVALIGNANI,798
28-09-2026,ABRUZZO,PESCARA,068045,VICOLI,357
28-09-2026,ABRUZZO,PESCARA,068046,VILLA CELIERA,525
28-09-2026,ABRUZZO,TERAMO,067001,ALBA ADRIATICA,13433
28-09-2026,ABRUZZO,TERAMO,067002,ANCARANO,1846
28-09-2026,ABRUZZO,TERAMO,067003,ARSITA,700
28-09-2026,ABRUZZO,TERAMO,067004,ATRI,9889
28-09-2026,ABRUZZO,TERAMO,067005,BASCIANO,2319
28-09-2026,ABRUZZO,TERAMO,067006,BELLANTE,6857
28-09-2026,ABRUZZO,TERAMO,067007,BISENTI,1657
28-09-2026,ABRUZZO,TERAMO,067008,CAMPLI,6723
28-09-2026,ABRUZZO,TERAMO,067009,CANZANO,1776
28-09-2026,ABRUZZO,TERAMO,067010,CASTEL CASTAGNA,398
28-09-2026,ABRUZZO,TERAMO,067011,CASTELLALTO,7250
28-09-2026,ABRUZZO,TERAMO,067012,CASTELLI,909
28-09-2026,ABRUZZO,TERAMO,067013,CASTIGLIONE MESSER RAIMONDO,1974
28-09-2026,ABRUZZO,TERAMO,067014,CASTILENTI,1329
28-09-2026,ABRUZZO,TERAMO,067015,CELLINO ATTANASIO,2206
28-09-2026,ABRUZZO,TERAMO,067016,CERMIGNANO,1430
28-09-2026,ABRUZZO,TERAMO,067017,CIVITELLA DEL TRONTO,4543
28-09-2026,ABRUZZO,TERAMO,067018,COLLEDARA,2099
28-09-2026,ABRUZZO,TERAMO,067019,COLONNELLA,3757
28-09-2026,ABRUZZO,TERAMO,067020,CONTROGUERRA,2179
28-09-2026,ABRUZZO,TERAMO,067021,CORROPOLI,5175
28-09-2026,ABRUZZO,TERAMO,067022,CORTINO,525
28-09-2026,ABRUZZO,TERAMO,067023,CROGNALETO,1021
28-09-2026,ABRUZZO,TERAMO,067024,FANO ADRIANO,246
28-09-2026,ABRUZZO,TERAMO,067025,GIULIANOVA,23837
28-09-2026,ABRUZZO,TERAMO,067026,ISOLA DEL GRAN SASSO D'ITALIA,4391
28-09-2026,ABRUZZO,TERAMO,067047,MARTINSICURO,16638
28-09-2026,ABRUZZO,TERAMO,067027,MONTEFINO,887
28-09-2026,ABRUZZO,TERAMO,067028,MONTORIO AL VOMANO,7352
28-09-2026,ABRUZZO,TERAMO,067029,MORRO D'ORO,3562
28-09-2026,ABRUZZO,TERAMO,067030,MOSCIANO SANT'ANGELO,9259
28-09-2026,ABRUZZO,TERAMO,067031,NERETO,5541
28-09-2026,ABRUZZO,TERAMO,067032,NOTARESCO,6323
28-09-2026,ABRUZZO,TERAMO,067033,PENNA SANT'ANDREA,1620
28-09-2026,ABRUZZO,TERAMO,067034,PIETRACAMELA,190
28-09-2026,ABRUZZO,TERAMO,067035,PINETO,14866
28-09-2026,ABRUZZO,TERAMO,067036,ROCCA SANTA MARIA,434
28-09-2026,ABRUZZO,TERAMO,067037,ROSETO DEGLI ABRUZZI,26610
28-09-2026,ABRUZZO,TERAMO,067038,SANT'EGIDIO ALLA VIBRATA,10061
28-09-2026,ABRUZZO,TERAMO,067039,SANT'OMERO,5153
28-09-2026,ABRUZZO,TERAMO,067040,SILVI,15704
28-09-2026,ABRUZZO,TERAMO,067041,TERAMO,52385
28-09-2026,ABRUZZO,TERAMO,067042,TORANO NUOVO,1426
28-09-2026,ABRUZZO,TERAMO,067043,TORRICELLA SICURA,2367
28-09-2026,ABRUZZO,TERAMO,067044,TORTORETO,12391
28-09-2026,ABRUZZO,TERAMO,067045,TOSSICIA,1204
28-09-2026,ABRUZZO,TERAMO,067046,VALLE CASTELLANA,798
28-09-2026,BASILICATA,MATERA,077001,ACCETTURA,1563
28-09-2026,BASILICATA,MATERA,077002,ALIANO,798
28-09-2026,BASILICATA,MATERA,077003,BERNALDA,12159
28-09-2026,BASILICATA,MATERA,077004,CALCIANO,620
28-09-2026,BASILICATA,MATERA,077005,CIRIGLIANO,270
28-09-2026,BASILICATA,MATERA,077006,COLOBRARO,1014
28-09-2026,BASILICATA,MATERA,077007,CRACO,538
28-09-2026,BASILICATA,MATERA,077008,FERRANDINA,7826
28-09-2026,BASILICATA,MATERA,077009,GARAGUSO,882
28-09-2026,BASILICATA,MATERA,077010,GORGOGLIONE,819
28-09-2026,BASILICATA,MATERA,077011,GRASSANO,4500
28-09-2026,BASILICATA,MATERA,077012,GROTTOLE,1966
28-09-2026,BASILICATA,MATERA,077013,IRSINA,4216
28-09-2026,BASILICATA,MATERA,077014,MATERA,59678
28-09-2026,BASILICATA,MATERA,077015,MIGLIONICO,2333
28-09-2026,BASILICATA,MATERA,077016,MONTALBANO JONICO,6426
28-09-2026,BASILICATA,MATERA,077017,MONTESCAGLIOSO,9305
28-09-2026,BASILICATA,MATERA,077018,NOVA SIRI,6875
28-09-2026,BASILICATA,MATERA,077019,OLIVETO LUCANO,320
28-09-2026,BASILICATA,MATERA,077020,PISTICCI,16613
28-09-2026,BASILICATA,MATERA,077021,POLICORO,17736
28-09-2026,BASILICATA,MATERA,077022,POMARICO,3641
28-09-2026,BASILICATA,MATERA,077023,ROTONDELLA,2341
28-09-2026,BASILICATA,MATERA,077024,SALANDRA,2392
28-09-2026,BASILICATA,MATERA,077025,SAN GIORGIO LUCANO,999
28-09-2026,BASILICATA,MATERA,077026,SAN MAURO FORTE,1176
28-09-2026,BASILICATA,MATERA,077031,SCANZANO JONICO,7631
28-09-2026,BASILICATA,MATERA,077027,STIGLIANO,3331
28-09-2026,BASILICATA,MATERA,077028,TRICARICO,4601
28-09-2026,BASILICATA,MATERA,077029,TURSI,4708
28-09-2026,BASILICATA,MATERA,077030,VALSINNI,1300
28-09-2026,BASILICATA,POTENZA,076001,ABRIOLA,1175
28-09-2026,BASILICATA,POTENZA,076002,ACERENZA,2011
28-09-2026,BASILICATA,POTENZA,076003,ALBANO DI LUCANIA,1261
28-09-2026,BASILICATA,POTENZA,076004,ANZI,1429
28-09-2026,BASILICATA,POTENZA,076005,ARMENTO,517
28-09-2026,BASILICATA,POTENZA,076006,ATELLA,3587
28-09-2026,BASILICATA,POTENZA,076007,AVIGLIANO,10295
28-09-2026,BASILICATA,POTENZA,076008,BALVANO,1656
28-09-2026,BASILICATA,POTENZA,076009,BANZI,1127
28-09-2026,BASILICATA,POTENZA,076010,BARAGIANO,2482
28-09-2026,BASILICATA,POTENZA,076011,BARILE,2486
28-09-2026,BASILICATA,POTENZA,076012,BELLA,4498
28-09-2026,BASILICATA,POTENZA,076013,BRIENZA,3812
28-09-2026,BASILICATA,POTENZA,076014,BRINDISI MONTAGNA,745
28-09-2026,BASILICATA,POTENZA,076015,CALVELLO,1684
28-09-2026,BASILICATA,POTENZA,076016,CALVERA,349
28-09-2026,BASILICATA,POTENZA,076017,CAMPOMAGGIORE,690
28-09-2026,BASILICATA,POTENZA,076018,CANCELLARA,1053
28-09-2026,BASILICATA,POTENZA,076019,CARBONE,466
28-09-2026,BASILICATA,POTENZA,076021,CASTELGRANDE,770
28-09-2026,BASILICATA,POTENZA,076022,CASTELLUCCIO INFERIORE,1824
28-09-2026,BASILICATA,POTENZA,076023,CASTELLUCCIO SUPERIORE,698
28-09-2026,BASILICATA,POTENZA,076024,CASTELMEZZANO,687
28-09-2026,BASILICATA,POTENZA,076025,CASTELSARACENO,1102
28-09-2026,BASILICATA,POTENZA,076026,CASTRONUOVO DI SANT'ANDREA,830
28-09-2026,BASILICATA,POTENZA,076027,CERSOSIMO,490
28-09-2026,BASILICATA,POTENZA,076028,CHIAROMONTE,1694
28-09-2026,BASILICATA,POTENZA,076029,CORLETO PERTICARA,2352
28-09-2026,BASILICATA,POTENZA,076030,EPISCOPIA,1225
28-09-2026,BASILICATA,POTENZA,076031,FARDELLA,544
28-09-2026,BASILICATA,POTENZA,076032,FILIANO,2584
28-09-2026,BASILICATA,POTENZA,076033,FORENZA,1714
28-09-2026,BASILICATA,POTENZA,076034,FRANCAVILLA IN SINNI,3912
28-09-2026,BASILICATA,POTENZA,076035,GALLICCHIO,735
28-09-2026,BASILICATA,POTENZA,076036,GENZANO DI LUCANIA,5048
28-09-2026,BASILICATA,POTENZA,076099,GINESTRA,655
28-09-2026,BASILICATA,POTENZA,076037,GRUMENTO NOVA,1523
28-09-2026,BASILICATA,POTENZA,076038,GUARDIA PERTICARA,488
28-09-2026,BASILICATA,POTENZA,076039,LAGONEGRO,4865
28-09-2026,BASILICATA,POTENZA,076040,LATRONICO,3915
28-09-2026,BASILICATA,POTENZA,076041,LAURENZANA,1511
28-09-2026,BASILICATA,POTENZA,076042,LAURIA,11580
28-09-2026,BASILICATA,POTENZA,076043,LAVELLO,12829
28-09-2026,BASILICATA,POTENZA,076044,MARATEA,4542
28-09-2026,BASILICATA,POTENZA,076045,MARSICO NUOVO,3710
28-09-2026,BASILICATA,POTENZA,076046,MARSICOVETERE,5777
28-09-2026,BASILICATA,POTENZA,076047,MASCHITO,1402
28-09-2026,BASILICATA,POTENZA,076048,MELFI,16905
28-09-2026,BASILICATA,POTENZA,076049,MISSANELLO,469
28-09-2026,BASILICATA,POTENZA,076050,MOLITERNO,3445
28-09-2026,BASILICATA,POTENZA,076051,MONTEMILONE,1384
28-09-2026,BASILICATA,POTENZA,076052,MONTEMURRO,1021
28-09-2026,BASILICATA,POTENZA,076053,MURO LUCANO,4763
28-09-2026,BASILICATA,POTENZA,076054,NEMOLI,1354
28-09-2026,BASILICATA,POTENZA,076055,NOEPOLI,711
28-09-2026,BASILICATA,POTENZA,076056,OPPIDO LUCANO,3470
28-09-2026,BASILICATA,POTENZA,076057,PALAZZO SAN GERVASIO,4285
28-09-2026,BASILICATA,POTENZA,076100,PATERNO,2945
28-09-2026,BASILICATA,POTENZA,076058,PESCOPAGANO,1578
28-09-2026,BASILICATA,POTENZA,076059,PICERNO,5576
28-09-2026,BASILICATA,POTENZA,076060,PIETRAGALLA,3703
28-09-2026,BASILICATA,POTENZA,076061,PIETRAPERTOSA,837
28-09-2026,BASILICATA,POTENZA,076062,PIGNOLA,6702
28-09-2026,BASILICATA,POTENZA,076063,POTENZA,63583
28-09-2026,BASILICATA,POTENZA,076064,RAPOLLA,4100
28-09-2026,BASILICATA,POTENZA,076065,RAPONE,810
28-09-2026,BASILICATA,POTENZA,076066,RIONERO IN VULTURE,12444
28-09-2026,BASILICATA,POTENZA,076067,RIPACANDIDA,1538
28-09-2026,BASILICATA,POTENZA,076068,RIVELLO,2414
28-09-2026,BASILICATA,POTENZA,076069,ROCCANOVA,1253
28-09-2026,BASILICATA,POTENZA,076070,ROTONDA,3099
28-09-2026,BASILICATA,POTENZA,076071,RUOTI,3182
28-09-2026,BASILICATA,POTENZA,076072,RUVO DEL MONTE,934
28-09-2026,BASILICATA,POTENZA,076073,SAN CHIRICO NUOVO,1068
28-09-2026,BASILICATA,POTENZA,076074,SAN CHIRICO RAPARO,839
28-09-2026,BASILICATA,POTENZA,076075,SAN COSTANTINO ALBANESE,562
28-09-2026,BASILICATA,POTENZA,076076,SAN FELE,2477
28-09-2026,BASILICATA,POTENZA,076077,SAN MARTINO D'AGRI,614
28-09-2026,BASILICATA,POTENZA,076020,SAN PAOLO ALBANESE,191
28-09-2026,BASILICATA,POTENZA,076078,SAN SEVERINO LUCANO,1292
28-09-2026,BASILICATA,POTENZA,076079,SANT'ANGELO LE FRATTE,1344
28-09-2026,BASILICATA,POTENZA,076080,SANT'ARCANGELO,5969
28-09-2026,BASILICATA,POTENZA,076081,SARCONI,1461
28-09-2026,BASILICATA,POTENZA,076082,SASSO DI CASTALDA,711
28-09-2026,BASILICATA,POTENZA,076083,SATRIANO DI LUCANIA,2223
28-09-2026,BASILICATA,POTENZA,076084,SAVOIA DI LUCANIA,969
28-09-2026,BASILICATA,POTENZA,076085,SENISE,6405
28-09-2026,BASILICATA,POTENZA,076086,SPINOSO,1240
28-09-2026,BASILICATA,POTENZA,076087,TEANA,494
28-09-2026,BASILICATA,POTENZA,076088,TERRANOVA DI POLLINO,945
28-09-2026,BASILICATA,POTENZA,076089,TITO,6999
28-09-2026,BASILICATA,POTENZA,076090,TOLVE,2850
28-09-2026,BASILICATA,POTENZA,076091,TRAMUTOLA,2797
28-09-2026,BASILICATA,POTENZA,076092,TRECCHINA,2125
28-09-2026,BASILICATA,POTENZA,076093,TRIVIGNO,579
28-09-2026,BASILICATA,POTENZA,076094,VAGLIO BASILICATA,1748
28-09-2026,BASILICATA,POTENZA,076095,VENOSA,10593
28-09-2026,BASILICATA,POTENZA,076096,VIETRI DI POTENZA,2615
28-09-2026,BASILICATA,POTENZA,076097,VIGGIANELLO,2567
28-09-2026,BASILICATA,POTENZA,076098,VIGGIANO,3248
28-09-2026,CALABRIA,CATANZARO,079002,ALBI,733
28-09-2026,CALABRIA,CATANZARO,079003,AMARONI,1603
28-09-2026,CALABRIA,CATANZARO,079004,AMATO,762
28-09-2026,CALABRIA,CATANZARO,079005,ANDALI,571
28-09-2026,CALABRIA,CATANZARO,079007,ARGUSTO,395
28-09-2026,CALABRIA,CATANZARO,079008,BADOLATO,2809
28-09-2026,CALABRIA,CATANZARO,079009,BELCASTRO,1244
28-09-2026,CALABRIA,CATANZARO,079011,BORGIA,7227
28-09-2026,CALABRIA,CATANZARO,079012,BOTRICELLO,5126
28-09-2026,CALABRIA,CATANZARO,079017,CARAFFA DI CATANZARO,1700
28-09-2026,CALABRIA,CATANZARO,079018,CARDINALE,1746
28-09-2026,CALABRIA,CATANZARO,079020,CARLOPOLI,1309
28-09-2026,CALABRIA,CATANZARO,079023,CATANZARO,83017
28-09-2026,CALABRIA,CATANZARO,079024,CENADI,498
28-09-2026,CALABRIA,CATANZARO,079025,CENTRACHE,353
28-09-2026,CALABRIA,CATANZARO,079027,CERVA,1002
28-09-2026,CALABRIA,CATANZARO,079029,CHIARAVALLE CENTRALE,5056
28-09-2026,CALABRIA,CATANZARO,079030,CICALA,827
28-09-2026,CALABRIA,CATANZARO,079033,CONFLENTI,1360
28-09-2026,CALABRIA,CATANZARO,079034,CORTALE,1822
28-09-2026,CALABRIA,CATANZARO,079036,CROPANI,4983
28-09-2026,CALABRIA,CATANZARO,079039,CURINGA,6542
28-09-2026,CALABRIA,CATANZARO,079042,DAVOLI,5690
28-09-2026,CALABRIA,CATANZARO,079043,DECOLLATURA,2836
28-09-2026,CALABRIA,CATANZARO,079047,FALERNA,4221
28-09-2026,CALABRIA,CATANZARO,079048,FEROLETO ANTICO,1953
28-09-2026,CALABRIA,CATANZARO,079052,FOSSATO SERRALTA,517
28-09-2026,CALABRIA,CATANZARO,079055,GAGLIATO,410
28-09-2026,CALABRIA,CATANZARO,079056,GASPERINA,1857
28-09-2026,CALABRIA,CATANZARO,079058,GIMIGLIANO,2870
28-09-2026,CALABRIA,CATANZARO,079059,GIRIFALCO,5405
28-09-2026,CALABRIA,CATANZARO,079060,GIZZERIA,5634
28-09-2026,CALABRIA,CATANZARO,079061,GUARDAVALLE,4040
28-09-2026,CALABRIA,CATANZARO,079063,ISCA SULLO IONIO,1505
28-09-2026,CALABRIA,CATANZARO,079065,JACURSO,496
28-09-2026,CALABRIA,CATANZARO,079160,LAMEZIA TERME,68484
28-09-2026,CALABRIA,CATANZARO,079068,MAGISANO,1048
28-09-2026,CALABRIA,CATANZARO,079069,MAIDA,4622
28-09-2026,CALABRIA,CATANZARO,079071,MARCEDUSA,336
28-09-2026,CALABRIA,CATANZARO,079072,MARCELLINARA,2169
28-09-2026,CALABRIA,CATANZARO,079073,MARTIRANO,780
28-09-2026,CALABRIA,CATANZARO,079074,MARTIRANO LOMBARDO,912
28-09-2026,CALABRIA,CATANZARO,079077,MIGLIERINA,672
28-09-2026,CALABRIA,CATANZARO,079080,MONTAURO,1965
28-09-2026,CALABRIA,CATANZARO,079081,MONTEPAONE,6060
28-09-2026,CALABRIA,CATANZARO,079083,MOTTA SANTA LUCIA,806
28-09-2026,CALABRIA,CATANZARO,079087,NOCERA TERINESE,4880
28-09-2026,CALABRIA,CATANZARO,079088,OLIVADI,482
28-09-2026,CALABRIA,CATANZARO,079089,PALERMITI,1093
28-09-2026,CALABRIA,CATANZARO,079092,PENTONE,1766
28-09-2026,CALABRIA,CATANZARO,079094,PETRIZZI,1021
28-09-2026,CALABRIA,CATANZARO,079095,PETRONÀ,2298
28-09-2026,CALABRIA,CATANZARO,079096,PIANOPOLI,2551
28-09-2026,CALABRIA,CATANZARO,079099,PLATANIA,1974
28-09-2026,CALABRIA,CATANZARO,079108,SAN FLORO,679
28-09-2026,CALABRIA,CATANZARO,079110,SAN MANGO D'AQUINO,1364
28-09-2026,CALABRIA,CATANZARO,079114,SAN PIETRO A MAIDA,3873
28-09-2026,CALABRIA,CATANZARO,079115,SAN PIETRO APOSTOLO,1531
28-09-2026,CALABRIA,CATANZARO,079116,SAN SOSTENE,1425
28-09-2026,CALABRIA,CATANZARO,079122,SAN VITO SULLO IONIO,1555
28-09-2026,CALABRIA,CATANZARO,079118,SANT'ANDREA APOSTOLO DELLO IONIO,1732
28-09-2026,CALABRIA,CATANZARO,079117,SANTA CATERINA DELLO IONIO,1995
28-09-2026,CALABRIA,CATANZARO,079123,SATRIANO,3408
28-09-2026,CALABRIA,CATANZARO,079126,SELLIA,433
28-09-2026,CALABRIA,CATANZARO,079127,SELLIA MARINA,7922
28-09-2026,CALABRIA,CATANZARO,079129,SERRASTRETTA,2868
28-09-2026,CALABRIA,CATANZARO,079130,SERSALE,4162
28-09-2026,CALABRIA,CATANZARO,079131,SETTINGIANO,3310
28-09-2026,CALABRIA,CATANZARO,079133,SIMERI CRICHI,4795
28-09-2026,CALABRIA,CATANZARO,079134,SORBO SAN BASILE,711
28-09-2026,CALABRIA,CATANZARO,079137,SOVERATO,8579
28-09-2026,CALABRIA,CATANZARO,079138,SOVERIA MANNELLI,2727
28-09-2026,CALABRIA,CATANZARO,079139,SOVERIA SIMERI,1423
28-09-2026,CALABRIA,CATANZARO,079142,SQUILLACE,3687
28-09-2026,CALABRIA,CATANZARO,079143,STALETTÌ,2489
28-09-2026,CALABRIA,CATANZARO,079146,TAVERNA,2456
28-09-2026,CALABRIA,CATANZARO,079147,TIRIOLO,3491
28-09-2026,CALABRIA,CATANZARO,079148,TORRE DI RUGGIERO,926
28-09-2026,CALABRIA,CATANZARO,079151,VALLEFIORITA,1468
28-09-2026,CALABRIA,CATANZARO,079157,ZAGARISE,1310
28-09-2026,CALABRIA,COSENZA,078001,ACQUAFORMOSA,903
28-09-2026,CALABRIA,COSENZA,078002,ACQUAPPESA,1791
28-09-2026,CALABRIA,COSENZA,078003,ACRI,18235
28-09-2026,CALABRIA,COSENZA,078004,AIELLO CALABRO,1369
28-09-2026,CALABRIA,COSENZA,078005,AIETA,706
28-09-2026,CALABRIA,COSENZA,078006,ALBIDONA,1043
28-09-2026,CALABRIA,COSENZA,078007,ALESSANDRIA DEL CARRETTO,331
28-09-2026,CALABRIA,COSENZA,078008,ALTILIA,668
28-09-2026,CALABRIA,COSENZA,078009,ALTOMONTE,4007
28-09-2026,CALABRIA,COSENZA,078010,AMANTEA,14117
28-09-2026,CALABRIA,COSENZA,078011,AMENDOLARA,2593
28-09-2026,CALABRIA,COSENZA,078012,APRIGLIANO,2462
28-09-2026,CALABRIA,COSENZA,078013,BELMONTE CALABRO,1748
28-09-2026,CALABRIA,COSENZA,078014,BELSITO,890
28-09-2026,CALABRIA,COSENZA,078015,BELVEDERE MARITTIMO,9029
28-09-2026,CALABRIA,COSENZA,078016,BIANCHI,1135
28-09-2026,CALABRIA,COSENZA,078017,BISIGNANO,9687
28-09-2026,CALABRIA,COSENZA,078018,BOCCHIGLIERO,1059
28-09-2026,CALABRIA,COSENZA,078019,BONIFATI,2524
28-09-2026,CALABRIA,COSENZA,078020,BUONVICINO,1976
28-09-2026,CALABRIA,COSENZA,078021,CALOPEZZATI,1273
28-09-2026,CALABRIA,COSENZA,078022,CALOVETO,1042
28-09-2026,CALABRIA,COSENZA,078023,CAMPANA,1339
28-09-2026,CALABRIA,COSENZA,078024,CANNA,574
28-09-2026,CALABRIA,COSENZA,078025,CARIATI,7834
28-09-2026,CALABRIA,COSENZA,078026,CAROLEI,3001
28-09-2026,CALABRIA,COSENZA,078027,CARPANZANO,186
28-09-2026,CALABRIA,COSENZA,078156,CASALI DEL MANCO,9301
28-09-2026,CALABRIA,COSENZA,078029,CASSANO ALL'IONIO,16882
28-09-2026,CALABRIA,COSENZA,078030,CASTIGLIONE COSENTINO,2824
28-09-2026,CALABRIA,COSENZA,078031,CASTROLIBERO,9101
28-09-2026,CALABRIA,COSENZA,078032,CASTROREGIO,203
28-09-2026,CALABRIA,COSENZA,078033,CASTROVILLARI,20619
28-09-2026,CALABRIA,COSENZA,078034,CELICO,2579
28-09-2026,CALABRIA,COSENZA,078035,CELLARA,479
28-09-2026,CALABRIA,COSENZA,078036,CERCHIARA DI CALABRIA,2103
28-09-2026,CALABRIA,COSENZA,078037,CERISANO,2934
28-09-2026,CALABRIA,COSENZA,078038,CERVICATI,755
28-09-2026,CALABRIA,COSENZA,078039,CERZETO,1262
28-09-2026,CALABRIA,COSENZA,078040,CETRARO,9245
28-09-2026,CALABRIA,COSENZA,078041,CIVITA,774
28-09-2026,CALABRIA,COSENZA,078042,CLETO,1318
28-09-2026,CALABRIA,COSENZA,078043,COLOSIMI,1069
28-09-2026,CALABRIA,COSENZA,078157,CORIGLIANO-ROSSANO,77709
28-09-2026,CALABRIA,COSENZA,078045,COSENZA,65076
28-09-2026,CALABRIA,COSENZA,078046,CROPALATI,929
28-09-2026,CALABRIA,COSENZA,078047,CROSIA,9981
28-09-2026,CALABRIA,COSENZA,078048,DIAMANTE,5053
28-09-2026,CALABRIA,COSENZA,078049,DIPIGNANO,4087
28-09-2026,CALABRIA,COSENZA,078050,DOMANICO,919
28-09-2026,CALABRIA,COSENZA,078051,FAGNANO CASTELLO,3314
28-09-2026,CALABRIA,COSENZA,078052,FALCONARA ALBANESE,1562
28-09-2026,CALABRIA,COSENZA,078053,FIGLINE VEGLIATURO,1115
28-09-2026,CALABRIA,COSENZA,078054,FIRMO,1765
28-09-2026,CALABRIA,COSENZA,078055,FIUMEFREDDO BRUZIO,4031
28-09-2026,CALABRIA,COSENZA,078056,FRANCAVILLA MARITTIMA,2743
28-09-2026,CALABRIA,COSENZA,078057,FRASCINETO,1810
28-09-2026,CALABRIA,COSENZA,078058,FUSCALDO,8013
28-09-2026,CALABRIA,COSENZA,078059,GRIMALDI,1509
28-09-2026,CALABRIA,COSENZA,078060,GRISOLIA,2195
28-09-2026,CALABRIA,COSENZA,078061,GUARDIA PIEMONTESE,1831
28-09-2026,CALABRIA,COSENZA,078062,LAGO,2403
28-09-2026,CALABRIA,COSENZA,078063,LAINO BORGO,1627
28-09-2026,CALABRIA,COSENZA,078064,LAINO CASTELLO,737
28-09-2026,CALABRIA,COSENZA,078065,LAPPANO,854
28-09-2026,CALABRIA,COSENZA,078066,LATTARICO,3693
28-09-2026,CALABRIA,COSENZA,078067,LONGOBARDI,3340
28-09-2026,CALABRIA,COSENZA,078068,LONGOBUCCO,2404
28-09-2026,CALABRIA,COSENZA,078069,LUNGRO,2048
28-09-2026,CALABRIA,COSENZA,078070,LUZZI,8807
28-09-2026,CALABRIA,COSENZA,078071,MAIERÀ,1120
28-09-2026,CALABRIA,COSENZA,078072,MALITO,667
28-09-2026,CALABRIA,COSENZA,078073,MALVITO,1552
28-09-2026,CALABRIA,COSENZA,078074,MANDATORICCIO,2625
28-09-2026,CALABRIA,COSENZA,078075,MANGONE,1928
28-09-2026,CALABRIA,COSENZA,078076,MARANO MARCHESATO,3349
28-09-2026,CALABRIA,COSENZA,078077,MARANO PRINCIPATO,3009
28-09-2026,CALABRIA,COSENZA,078078,MARZI,925
28-09-2026,CALABRIA,COSENZA,078079,MENDICINO,8958
28-09-2026,CALABRIA,COSENZA,078080,MONGRASSANO,1450
28-09-2026,CALABRIA,COSENZA,078081,MONTALTO UFFUGO,20356
28-09-2026,CALABRIA,COSENZA,078082,MONTEGIORDANO,1517
28-09-2026,CALABRIA,COSENZA,078083,MORANO CALABRO,3843
28-09-2026,CALABRIA,COSENZA,078084,MORMANNO,2438
28-09-2026,CALABRIA,COSENZA,078085,MOTTAFOLLONE,1034
28-09-2026,CALABRIA,COSENZA,078086,NOCARA,276
28-09-2026,CALABRIA,COSENZA,078087,ORIOLO,1730
28-09-2026,CALABRIA,COSENZA,078088,ORSOMARSO,1044
28-09-2026,CALABRIA,COSENZA,078089,PALUDI,929
28-09-2026,CALABRIA,COSENZA,078090,PANETTIERI,302
28-09-2026,CALABRIA,COSENZA,078091,PAOLA,15159
28-09-2026,CALABRIA,COSENZA,078092,PAPASIDERO,570
28-09-2026,CALABRIA,COSENZA,078093,PARENTI,1901
28-09-2026,CALABRIA,COSENZA,078094,PATERNO CALABRO,1325
28-09-2026,CALABRIA,COSENZA,078096,PEDIVIGLIANO,725
28-09-2026,CALABRIA,COSENZA,078097,PIANE CRATI,1265
28-09-2026,CALABRIA,COSENZA,078098,PIETRAFITTA,1109
28-09-2026,CALABRIA,COSENZA,078099,PIETRAPAOLA,1018
28-09-2026,CALABRIA,COSENZA,078100,PLATACI,620
28-09-2026,CALABRIA,COSENZA,078101,PRAIA A MARE,6380
28-09-2026,CALABRIA,COSENZA,078102,RENDE,38148
28-09-2026,CALABRIA,COSENZA,078103,ROCCA IMPERIALE,3148
28-09-2026,CALABRIA,COSENZA,078104,ROGGIANO GRAVINA,6849
28-09-2026,CALABRIA,COSENZA,078105,ROGLIANO,5200
28-09-2026,CALABRIA,COSENZA,078106,ROSE,4171
28-09-2026,CALABRIA,COSENZA,078107,ROSETO CAPO SPULICO,1919
28-09-2026,CALABRIA,COSENZA,078109,ROTA GRECA,888
28-09-2026,CALABRIA,COSENZA,078110,ROVITO,2936
28-09-2026,CALABRIA,COSENZA,078111,SAN BASILE,877
28-09-2026,CALABRIA,COSENZA,078112,SAN BENEDETTO ULLANO,1384
28-09-2026,CALABRIA,COSENZA,078113,SAN COSMO ALBANESE,539
28-09-2026,CALABRIA,COSENZA,078114,SAN DEMETRIO CORONE,3066
28-09-2026,CALABRIA,COSENZA,078115,SAN DONATO DI NINEA,1037
28-09-2026,CALABRIA,COSENZA,078116,SAN FILI,2427
28-09-2026,CALABRIA,COSENZA,078118,SAN GIORGIO ALBANESE,1254
28-09-2026,CALABRIA,COSENZA,078119,SAN GIOVANNI IN FIORE,15403
28-09-2026,CALABRIA,COSENZA,078120,SAN LORENZO BELLIZZI,479
28-09-2026,CALABRIA,COSENZA,078121,SAN LORENZO DEL VALLO,3074
28-09-2026,CALABRIA,COSENZA,078122,SAN LUCIDO,8276
28-09-2026,CALABRIA,COSENZA,078123,SAN MARCO ARGENTANO,6892
28-09-2026,CALABRIA,COSENZA,078124,SAN MARTINO DI FINITA,908
28-09-2026,CALABRIA,COSENZA,078125,SAN NICOLA ARCELLA,2070
28-09-2026,CALABRIA,COSENZA,078126,SAN PIETRO IN AMANTEA,446
28-09-2026,CALABRIA,COSENZA,078127,SAN PIETRO IN GUARANO,3303
28-09-2026,CALABRIA,COSENZA,078128,SAN SOSTI,1909
28-09-2026,CALABRIA,COSENZA,078135,SAN VINCENZO LA COSTA,1980
28-09-2026,CALABRIA,COSENZA,078117,SANGINETO,1236
28-09-2026,CALABRIA,COSENZA,078131,SANT'AGATA DI ESARO,1743
28-09-2026,CALABRIA,COSENZA,078129,SANTA CATERINA ALBANESE,1121
28-09-2026,CALABRIA,COSENZA,078130,SANTA DOMENICA TALAO,1168
28-09-2026,CALABRIA,COSENZA,078132,SANTA MARIA DEL CEDRO,5270
28-09-2026,CALABRIA,COSENZA,078133,SANTA SOFIA D'EPIRO,2186
28-09-2026,CALABRIA,COSENZA,078134,SANTO STEFANO DI ROGLIANO,1731
28-09-2026,CALABRIA,COSENZA,078136,SARACENA,3240
28-09-2026,CALABRIA,COSENZA,078137,SCALA COELI,721
28-09-2026,CALABRIA,COSENZA,078138,SCALEA,12282
28-09-2026,CALABRIA,COSENZA,078139,SCIGLIANO,1091
28-09-2026,CALABRIA,COSENZA,078140,SERRA D'AIELLO,580
28-09-2026,CALABRIA,COSENZA,078142,SPEZZANO ALBANESE,6491
28-09-2026,CALABRIA,COSENZA,078143,SPEZZANO DELLA SILA,4343
28-09-2026,CALABRIA,COSENZA,078145,TARSIA,1829
28-09-2026,CALABRIA,COSENZA,078146,TERRANOVA DA SIBARI,4562
28-09-2026,CALABRIA,COSENZA,078147,TERRAVECCHIA,544
28-09-2026,CALABRIA,COSENZA,078148,TORANO CASTELLO,4297
28-09-2026,CALABRIA,COSENZA,078149,TORTORA,5962
28-09-2026,CALABRIA,COSENZA,078150,TREBISACCE,8643
28-09-2026,CALABRIA,COSENZA,078152,VACCARIZZO ALBANESE,1009
28-09-2026,CALABRIA,COSENZA,078153,VERBICARO,2515
28-09-2026,CALABRIA,COSENZA,078154,VILLAPIANA,5722
28-09-2026,CALABRIA,COSENZA,078155,ZUMPANO,2601
28-09-2026,CALABRIA,CROTONE,101001,BELVEDERE DI SPINELLO,1913
28-09-2026,CALABRIA,CROTONE,101002,CACCURI,1500
28-09-2026,CALABRIA,CROTONE,101003,CARFIZZI,541
28-09-2026,CALABRIA,CROTONE,101004,CASABONA,2151
28-09-2026,CALABRIA,CROTONE,101005,CASTELSILANO,865
28-09-2026,CALABRIA,CROTONE,101006,CERENZIA,983
28-09-2026,CALABRIA,CROTONE,101007,CIRÒ,2293
28-09-2026,CALABRIA,CROTONE,101008,CIRÒ MARINA,14546
28-09-2026,CALABRIA,CROTONE,101009,COTRONEI,5188
28-09-2026,CALABRIA,CROTONE,101010,CROTONE,58618
28-09-2026,CALABRIA,CROTONE,101011,CRUCOLI,2813
28-09-2026,CALABRIA,CROTONE,101012,CUTRO,9459
28-09-2026,CALABRIA,CROTONE,101013,ISOLA DI CAPO RIZZUTO,18672
28-09-2026,CALABRIA,CROTONE,101014,MELISSA,3371
28-09-2026,CALABRIA,CROTONE,101015,MESORACA,5742
28-09-2026,CALABRIA,CROTONE,101016,PALLAGORIO,865
28-09-2026,CALABRIA,CROTONE,101017,PETILIA POLICASTRO,8470
28-09-2026,CALABRIA,CROTONE,101019,ROCCA DI NETO,5357
28-09-2026,CALABRIA,CROTONE,101018,ROCCABERNARDA,3076
28-09-2026,CALABRIA,CROTONE,101020,SAN MAURO MARCHESATO,1878
28-09-2026,CALABRIA,CROTONE,101021,SAN NICOLA DELL'ALTO,627
28-09-2026,CALABRIA,CROTONE,101022,SANTA SEVERINA,1827
28-09-2026,CALABRIA,CROTONE,101023,SAVELLI,991
28-09-2026,CALABRIA,CROTONE,101024,SCANDALE,2860
28-09-2026,CALABRIA,CROTONE,101025,STRONGOLI,6290
28-09-2026,CALABRIA,CROTONE,101026,UMBRIATICO,680
28-09-2026,CALABRIA,CROTONE,101027,VERZINO,1509
28-09-2026,CALABRIA,REGGIO DI CALABRIA,080001,AFRICO,2662
28-09-2026,CALABRIA,REGGIO DI CALABRIA,080002,AGNANA CALABRA,440
28-09-2026,CALABRIA,REGGIO DI CALABRIA,080003,ANOIA,2010
28-09-2026,CALABRIA,REGGIO DI CALABRIA,080004,ANTONIMINA,1157
28-09-2026,CALABRIA,REGGIO DI CALABRIA,080005,ARDORE,4923
28-09-2026,CALABRIA,REGGIO DI CALABRIA,080006,BAGALADI,917
28-09-2026,CALABRIA,REGGIO DI CALABRIA,080007,BAGNARA CALABRA,9265
28-09-2026,CALABRIA,REGGIO DI CALABRIA,080008,BENESTARE,2537
28-09-2026,CALABRIA,REGGIO DI CALABRIA,080009,BIANCO,4369
28-09-2026,CALABRIA,REGGIO DI CALABRIA,080010,BIVONGI,1120
28-09-2026,CALABRIA,REGGIO DI CALABRIA,080011,BOVA,495
28-09-2026,CALABRIA,REGGIO DI CALABRIA,080013,BOVA MARINA,4072
28-09-2026,CALABRIA,REGGIO DI CALABRIA,080012,BOVALINO,8934
28-09-2026,CALABRIA,REGGIO DI CALABRIA,080014,BRANCALEONE,3240
28-09-2026,CALABRIA,REGGIO DI CALABRIA,080015,BRUZZANO ZEFFIRIO,1052
28-09-2026,CALABRIA,REGGIO DI CALABRIA,080016,CALANNA,707
28-09-2026,CALABRIA,REGGIO DI CALABRIA,080017,CAMINI,762
28-09-2026,CALABRIA,REGGIO DI CALABRIA,080018,CAMPO CALABRO,4541
28-09-2026,CALABRIA,REGGIO DI CALABRIA,080019,CANDIDONI,409
28-09-2026,CALABRIA,REGGIO DI CALABRIA,080020,CANOLO,680
28-09-2026,CALABRIA,REGGIO DI CALABRIA,080021,CARAFFA DEL BIANCO,424
28-09-2026,CALABRIA,REGGIO DI CALABRIA,080022,CARDETO,1211
28-09-2026,CALABRIA,REGGIO DI CALABRIA,080023,CARERI,2083
28-09-2026,CALABRIA,REGGIO DI CALABRIA,080024,CASIGNANA,671
28-09-2026,CALABRIA,REGGIO DI CALABRIA,080025,CAULONIA,6911
28-09-2026,CALABRIA,REGGIO DI CALABRIA,080026,CIMINÀ,501
28-09-2026,CALABRIA,REGGIO DI CALABRIA,080027,CINQUEFRONDI,6298
28-09-2026,CALABRIA,REGGIO DI CALABRIA,080028,CITTANOVA,9624
28-09-2026,CALABRIA,REGGIO DI CALABRIA,080029,CONDOFURI,4504
28-09-2026,CALABRIA,REGGIO DI CALABRIA,080030,COSOLETO,718
28-09-2026,CALABRIA,REGGIO DI CALABRIA,080031,DELIANUOVA,3033
28-09-2026,CALABRIA,REGGIO DI CALABRIA,080032,FEROLETO DELLA CHIESA,1496
28-09-2026,CALABRIA,REGGIO DI CALABRIA,080033,FERRUZZANO,678
28-09-2026,CALABRIA,REGGIO DI CALABRIA,080034,FIUMARA,744
28-09-2026,CALABRIA,REGGIO DI CALABRIA,080035,GALATRO,1410
28-09-2026,CALABRIA,REGGIO DI CALABRIA,080036,GERACE,2271
28-09-2026,CALABRIA,REGGIO DI CALABRIA,080037,GIFFONE,1581
28-09-2026,CALABRIA,REGGIO DI CALABRIA,080038,GIOIA TAURO,19785
28-09-2026,CALABRIA,REGGIO DI CALABRIA,080039,GIOIOSA IONICA,6989
28-09-2026,CALABRIA,REGGIO DI CALABRIA,080040,GROTTERIA,2933
28-09-2026,CALABRIA,REGGIO DI CALABRIA,080041,LAGANADI,315
28-09-2026,CALABRIA,REGGIO DI CALABRIA,080042,LAUREANA DI BORRELLO,4648
28-09-2026,CALABRIA,REGGIO DI CALABRIA,080043,LOCRI,12020
28-09-2026,CALABRIA,REGGIO DI CALABRIA,080044,MAMMOLA,2390
28-09-2026,CALABRIA,REGGIO DI CALABRIA,080045,MARINA DI GIOIOSA IONICA,6380
28-09-2026,CALABRIA,REGGIO DI CALABRIA,080046,MAROPATI,1302
28-09-2026,CALABRIA,REGGIO DI CALABRIA,080047,MARTONE,468
28-09-2026,CALABRIA,REGGIO DI CALABRIA,080049,MELICUCCO,4908
28-09-2026,CALABRIA,REGGIO DI CALABRIA,080048,MELICUCCÀ,765
28-09-2026,CALABRIA,REGGIO DI CALABRIA,080050,MELITO DI PORTO SALVO,10463
28-09-2026,CALABRIA,REGGIO DI CALABRIA,080051,MOLOCHIO,2154
28-09-2026,CALABRIA,REGGIO DI CALABRIA,080052,MONASTERACE,3420
28-09-2026,CALABRIA,REGGIO DI CALABRIA,080053,MONTEBELLO JONICO,5501
28-09-2026,CALABRIA,REGGIO DI CALABRIA,080054,MOTTA SAN GIOVANNI,5464
28-09-2026,CALABRIA,REGGIO DI CALABRIA,080055,OPPIDO MAMERTINA,4728
28-09-2026,CALABRIA,REGGIO DI CALABRIA,080056,PALIZZI,1794
28-09-2026,CALABRIA,REGGIO DI CALABRIA,080057,PALMI,18436
28-09-2026,CALABRIA,REGGIO DI CALABRIA,080058,PAZZANO,478
28-09-2026,CALABRIA,REGGIO DI CALABRIA,080059,PLACANICA,991
28-09-2026,CALABRIA,REGGIO DI CALABRIA,080060,PLATÌ,3666
28-09-2026,CALABRIA,REGGIO DI CALABRIA,080061,POLISTENA,9989
28-09-2026,CALABRIA,REGGIO DI CALABRIA,080062,PORTIGLIOLA,989
28-09-2026,CALABRIA,REGGIO DI CALABRIA,080063,REGGIO DI CALABRIA,170466
28-09-2026,CALABRIA,REGGIO DI CALABRIA,080064,RIACE,1842
28-09-2026,CALABRIA,REGGIO DI CALABRIA,080065,RIZZICONI,7771
28-09-2026,CALABRIA,REGGIO DI CALABRIA,080066,ROCCAFORTE DEL GRECO,288
28-09-2026,CALABRIA,REGGIO DI CALABRIA,080067,ROCCELLA IONICA,6156
28-09-2026,CALABRIA,REGGIO DI CALABRIA,080068,ROGHUDI,910
28-09-2026,CALABRIA,REGGIO DI CALABRIA,080069,ROSARNO,14547
28-09-2026,CALABRIA,REGGIO DI CALABRIA,080070,SAMO,678
28-09-2026,CALABRIA,REGGIO DI CALABRIA,080097,SAN FERDINANDO,4670
28-09-2026,CALABRIA,REGGIO DI CALABRIA,080071,SAN GIORGIO MORGETO,2952
28-09-2026,CALABRIA,REGGIO DI CALABRIA,080072,SAN GIOVANNI DI GERACE,398
28-09-2026,CALABRIA,REGGIO DI CALABRIA,080073,SAN LORENZO,2061
28-09-2026,CALABRIA,REGGIO DI CALABRIA,080074,SAN LUCA,3329
28-09-2026,CALABRIA,REGGIO DI CALABRIA,080075,SAN PIETRO DI CARIDÀ,922
28-09-2026,CALABRIA,REGGIO DI CALABRIA,080076,SAN PROCOPIO,464
28-09-2026,CALABRIA,REGGIO DI CALABRIA,080077,SAN ROBERTO,1495
28-09-2026,CALABRIA,REGGIO DI CALABRIA,080079,SANT'AGATA DEL BIANCO,520
28-09-2026,CALABRIA,REGGIO DI CALABRIA,080080,SANT'ALESSIO IN ASPROMONTE,306
28-09-2026,CALABRIA,REGGIO DI CALABRIA,080081,SANT'EUFEMIA D'ASPROMONTE,3642
28-09-2026,CALABRIA,REGGIO DI CALABRIA,080082,SANT'ILARIO DELLO IONIO,1356
28-09-2026,CALABRIA,REGGIO DI CALABRIA,080078,SANTA CRISTINA D'ASPROMONTE,688
28-09-2026,CALABRIA,REGGIO DI CALABRIA,080083,SANTO STEFANO IN ASPROMONTE,995
28-09-2026,CALABRIA,REGGIO DI CALABRIA,080084,SCIDO,783
28-09-2026,CALABRIA,REGGIO DI CALABRIA,080085,SCILLA,4451
28-09-2026,CALABRIA,REGGIO DI CALABRIA,080086,SEMINARA,2475
28-09-2026,CALABRIA,REGGIO DI CALABRIA,080087,SERRATA,786
28-09-2026,CALABRIA,REGGIO DI CALABRIA,080088,SIDERNO,18043
28-09-2026,CALABRIA,REGGIO DI CALABRIA,080089,SINOPOLI,1785
28-09-2026,CALABRIA,REGGIO DI CALABRIA,080090,STAITI,164
28-09-2026,CALABRIA,REGGIO DI CALABRIA,080091,STIGNANO,1169
28-09-2026,CALABRIA,REGGIO DI CALABRIA,080092,STILO,2317
28-09-2026,CALABRIA,REGGIO DI CALABRIA,080093,TAURIANOVA,14803
28-09-2026,CALABRIA,REGGIO DI CALABRIA,080094,TERRANOVA SAPPO MINULIO,401
28-09-2026,CALABRIA,REGGIO DI CALABRIA,080095,VARAPODIO,2057
28-09-2026,CALABRIA,REGGIO DI CALABRIA,080096,VILLA SAN GIOVANNI,12879
28-09-2026,CALABRIA,VIBO VALENTIA,102001,ACQUARO,1804
28-09-2026,CALABRIA,VIBO VALENTIA,102002,ARENA,1164
28-09-2026,CALABRIA,VIBO VALENTIA,102003,BRIATICO,3700
28-09-2026,CALABRIA,VIBO VALENTIA,102004,BROGNATURO,675
28-09-2026,CALABRIA,VIBO VALENTIA,102005,CAPISTRANO,934
28-09-2026,CALABRIA,VIBO VALENTIA,102006,CESSANITI,2878
28-09-2026,CALABRIA,VIBO VALENTIA,102007,DASÀ,1053
28-09-2026,CALABRIA,VIBO VALENTIA,102008,DINAMI,1690
28-09-2026,CALABRIA,VIBO VALENTIA,102009,DRAPIA,2121
28-09-2026,CALABRIA,VIBO VALENTIA,102010,FABRIZIA,1914
28-09-2026,CALABRIA,VIBO VALENTIA,102011,FILADELFIA,4969
28-09-2026,CALABRIA,VIBO VALENTIA,102012,FILANDARI,1741
28-09-2026,CALABRIA,VIBO VALENTIA,102013,FILOGASO,1332
28-09-2026,CALABRIA,VIBO VALENTIA,102014,FRANCAVILLA ANGITOLA,1838
28-09-2026,CALABRIA,VIBO VALENTIA,102015,FRANCICA,1637
28-09-2026,CALABRIA,VIBO VALENTIA,102016,GEROCARNE,1845
28-09-2026,CALABRIA,VIBO VALENTIA,102017,JONADI,4820
28-09-2026,CALABRIA,VIBO VALENTIA,102018,JOPPOLO,1810
28-09-2026,CALABRIA,VIBO VALENTIA,102019,LIMBADI,3287
28-09-2026,CALABRIA,VIBO VALENTIA,102020,MAIERATO,2143
28-09-2026,CALABRIA,VIBO VALENTIA,102021,MILETO,6258
28-09-2026,CALABRIA,VIBO VALENTIA,102022,MONGIANA,586
28-09-2026,CALABRIA,VIBO VALENTIA,102023,MONTEROSSO CALABRO,1455
28-09-2026,CALABRIA,VIBO VALENTIA,102024,NARDODIPACE,1022
28-09-2026,CALABRIA,VIBO VALENTIA,102025,NICOTERA,7137
28-09-2026,CALABRIA,VIBO VALENTIA,102026,PARGHELIA,1284
28-09-2026,CALABRIA,VIBO VALENTIA,102027,PIZZO,9023
28-09-2026,CALABRIA,VIBO VALENTIA,102028,PIZZONI,899
28-09-2026,CALABRIA,VIBO VALENTIA,102029,POLIA,771
28-09-2026,CALABRIA,VIBO VALENTIA,102030,RICADI,5241
28-09-2026,CALABRIA,VIBO VALENTIA,102031,ROMBIOLO,4184
28-09-2026,CALABRIA,VIBO VALENTIA,102032,SAN CALOGERO,3742
28-09-2026,CALABRIA,VIBO VALENTIA,102033,SAN COSTANTINO CALABRO,2052
28-09-2026,CALABRIA,VIBO VALENTIA,102034,SAN GREGORIO D'IPPONA,2633
28-09-2026,CALABRIA,VIBO VALENTIA,102035,SAN NICOLA DA CRISSA,1168
28-09-2026,CALABRIA,VIBO VALENTIA,102036,SANT'ONOFRIO,2699
28-09-2026,CALABRIA,VIBO VALENTIA,102037,SERRA SAN BRUNO,6292
28-09-2026,CALABRIA,VIBO VALENTIA,102038,SIMBARIO,887
28-09-2026,CALABRIA,VIBO VALENTIA,102039,SORIANELLO,1065
28-09-2026,CALABRIA,VIBO VALENTIA,102040,SORIANO CALABRO,2849
28-09-2026,CALABRIA,VIBO VALENTIA,102041,SPADOLA,808
28-09-2026,CALABRIA,VIBO VALENTIA,102042,SPILINGA,1409
28-09-2026,CALABRIA,VIBO VALENTIA,102043,STEFANACONI,2249
28-09-2026,CALABRIA,VIBO VALENTIA,102044,TROPEA,5725
28-09-2026,CALABRIA,VIBO VALENTIA,102045,VALLELONGA,813
28-09-2026,CALABRIA,VIBO VALENTIA,102046,VAZZANO,910
28-09-2026,CALABRIA,VIBO VALENTIA,102047,VIBO VALENTIA,31358
28-09-2026,CALABRIA,VIBO VALENTIA,102048,ZACCANOPOLI,644
28-09-2026,CALABRIA,VIBO VALENTIA,102049,ZAMBRONE,1775
28-09-2026,CALABRIA,VIBO VALENTIA,102050,ZUNGRI,1812
28-09-2026,CAMPANIA,AVELLINO,064001,AIELLO DEL SABATO,4079
28-09-2026,CAMPANIA,AVELLINO,064002,ALTAVILLA IRPINA,3857
28-09-2026,CAMPANIA,AVELLINO,064003,ANDRETTA,1625
28-09-2026,CAMPANIA,AVELLINO,064004,AQUILONIA,1367
28-09-2026,CAMPANIA,AVELLINO,064005,ARIANO IRPINO,20764
28-09-2026,CAMPANIA,AVELLINO,064006,ATRIPALDA,10237
28-09-2026,CAMPANIA,AVELLINO,064007,AVELLA,7489
28-09-2026,CAMPANIA,AVELLINO,064008,AVELLINO,52375
28-09-2026,CAMPANIA,AVELLINO,064009,BAGNOLI IRPINO,2961
28-09-2026,CAMPANIA,AVELLINO,064010,BAIANO,4430
28-09-2026,CAMPANIA,AVELLINO,064011,BISACCIA,3447
28-09-2026,CAMPANIA,AVELLINO,064012,BONITO,2171
28-09-2026,CAMPANIA,AVELLINO,064013,CAIRANO,269
28-09-2026,CAMPANIA,AVELLINO,064014,CALABRITTO,2162
28-09-2026,CAMPANIA,AVELLINO,064015,CALITRI,4085
28-09-2026,CAMPANIA,AVELLINO,064016,CANDIDA,1082
28-09-2026,CAMPANIA,AVELLINO,064017,CAPOSELE,3187
28-09-2026,CAMPANIA,AVELLINO,064018,CAPRIGLIA IRPINA,2214
28-09-2026,CAMPANIA,AVELLINO,064019,CARIFE,1252
28-09-2026,CAMPANIA,AVELLINO,064020,CASALBORE,1493
28-09-2026,CAMPANIA,AVELLINO,064021,CASSANO IRPINO,953
28-09-2026,CAMPANIA,AVELLINO,064022,CASTEL BARONIA,1052
28-09-2026,CAMPANIA,AVELLINO,064023,CASTELFRANCI,1682
28-09-2026,CAMPANIA,AVELLINO,064024,CASTELVETERE SUL CALORE,1485
28-09-2026,CAMPANIA,AVELLINO,064025,CERVINARA,8840
28-09-2026,CAMPANIA,AVELLINO,064026,CESINALI,2530
28-09-2026,CAMPANIA,AVELLINO,064027,CHIANCHE,449
28-09-2026,CAMPANIA,AVELLINO,064028,CHIUSANO DI SAN DOMENICO,2059
28-09-2026,CAMPANIA,AVELLINO,064029,CONTRADA,3141
28-09-2026,CAMPANIA,AVELLINO,064030,CONZA DELLA CAMPANIA,1278
28-09-2026,CAMPANIA,AVELLINO,064031,DOMICELLA,1814
28-09-2026,CAMPANIA,AVELLINO,064032,FLUMERI,2577
28-09-2026,CAMPANIA,AVELLINO,064033,FONTANAROSA,2885
28-09-2026,CAMPANIA,AVELLINO,064034,FORINO,5216
28-09-2026,CAMPANIA,AVELLINO,064035,FRIGENTO,3410
28-09-2026,CAMPANIA,AVELLINO,064036,GESUALDO,3190
28-09-2026,CAMPANIA,AVELLINO,064037,GRECI,577
28-09-2026,CAMPANIA,AVELLINO,064038,GROTTAMINARDA,7555
28-09-2026,CAMPANIA,AVELLINO,064039,GROTTOLELLA,1800
28-09-2026,CAMPANIA,AVELLINO,064040,GUARDIA LOMBARDI,1438
28-09-2026,CAMPANIA,AVELLINO,064041,LACEDONIA,2016
28-09-2026,CAMPANIA,AVELLINO,064042,LAPIO,1415
28-09-2026,CAMPANIA,AVELLINO,064043,LAURO,3251
28-09-2026,CAMPANIA,AVELLINO,064044,LIONI,5891
28-09-2026,CAMPANIA,AVELLINO,064045,LUOGOSANO,1059
28-09-2026,CAMPANIA,AVELLINO,064046,MANOCALZATI,2954
28-09-2026,CAMPANIA,AVELLINO,064047,MARZANO DI NOLA,1634
28-09-2026,CAMPANIA,AVELLINO,064048,MELITO IRPINO,1763
28-09-2026,CAMPANIA,AVELLINO,064049,MERCOGLIANO,11568
28-09-2026,CAMPANIA,AVELLINO,064050,MIRABELLA ECLANO,7075
28-09-2026,CAMPANIA,AVELLINO,064051,MONTAGUTO,325
28-09-2026,CAMPANIA,AVELLINO,064052,MONTECALVO IRPINO,3220
28-09-2026,CAMPANIA,AVELLINO,064053,MONTEFALCIONE,3043
28-09-2026,CAMPANIA,AVELLINO,064054,MONTEFORTE IRPINO,11380
28-09-2026,CAMPANIA,AVELLINO,064055,MONTEFREDANE,2189
28-09-2026,CAMPANIA,AVELLINO,064056,MONTEFUSCO,1197
28-09-2026,CAMPANIA,AVELLINO,064057,MONTELLA,7159
28-09-2026,CAMPANIA,AVELLINO,064058,MONTEMARANO,2525
28-09-2026,CAMPANIA,AVELLINO,064059,MONTEMILETTO,5033
28-09-2026,CAMPANIA,AVELLINO,064060,MONTEVERDE,649
28-09-2026,CAMPANIA,AVELLINO,064121,MONTORO,19618
28-09-2026,CAMPANIA,AVELLINO,064063,MORRA DE SANCTIS,1085
28-09-2026,CAMPANIA,AVELLINO,064064,MOSCHIANO,1538
28-09-2026,CAMPANIA,AVELLINO,064065,MUGNANO DEL CARDINALE,5159
28-09-2026,CAMPANIA,AVELLINO,064066,NUSCO,3783
28-09-2026,CAMPANIA,AVELLINO,064067,OSPEDALETTO D'ALPINOLO,1980
28-09-2026,CAMPANIA,AVELLINO,064068,PAGO DEL VALLO DI LAURO,1728
28-09-2026,CAMPANIA,AVELLINO,064069,PAROLISE,618
28-09-2026,CAMPANIA,AVELLINO,064070,PATERNOPOLI,2102
28-09-2026,CAMPANIA,AVELLINO,064071,PETRURO IRPINO,287
28-09-2026,CAMPANIA,AVELLINO,064072,PIETRADEFUSI,2038
28-09-2026,CAMPANIA,AVELLINO,064073,PIETRASTORNINA,1466
28-09-2026,CAMPANIA,AVELLINO,064074,PRATA DI PRINCIPATO ULTRA,2714
28-09-2026,CAMPANIA,AVELLINO,064075,PRATOLA SERRA,3585
28-09-2026,CAMPANIA,AVELLINO,064076,QUADRELLE,1889
28-09-2026,CAMPANIA,AVELLINO,064077,QUINDICI,1803
28-09-2026,CAMPANIA,AVELLINO,064079,ROCCA SAN FELICE,759
28-09-2026,CAMPANIA,AVELLINO,064078,ROCCABASCERANA,2361
28-09-2026,CAMPANIA,AVELLINO,064080,ROTONDI,3371
28-09-2026,CAMPANIA,AVELLINO,064081,SALZA IRPINA,706
28-09-2026,CAMPANIA,AVELLINO,064082,SAN MANGO SUL CALORE,1109
28-09-2026,CAMPANIA,AVELLINO,064083,SAN MARTINO VALLE CAUDINA,4812
28-09-2026,CAMPANIA,AVELLINO,064084,SAN MICHELE DI SERINO,2418
28-09-2026,CAMPANIA,AVELLINO,064085,SAN NICOLA BARONIA,746
28-09-2026,CAMPANIA,AVELLINO,064086,SAN POTITO ULTRA,1470
28-09-2026,CAMPANIA,AVELLINO,064087,SAN SOSSIO BARONIA,1448
28-09-2026,CAMPANIA,AVELLINO,064089,SANT'ANDREA DI CONZA,1351
28-09-2026,CAMPANIA,AVELLINO,064091,SANT'ANGELO A SCALA,664
28-09-2026,CAMPANIA,AVELLINO,064090,SANT'ANGELO ALL'ESCA,699
28-09-2026,CAMPANIA,AVELLINO,064092,SANT'ANGELO DEI LOMBARDI,3838
28-09-2026,CAMPANIA,AVELLINO,064088,SANTA LUCIA DI SERINO,1337
28-09-2026,CAMPANIA,AVELLINO,064093,SANTA PAOLINA,1128
28-09-2026,CAMPANIA,AVELLINO,064095,SANTO STEFANO DEL SOLE,2079
28-09-2026,CAMPANIA,AVELLINO,064096,SAVIGNANO IRPINO,1011
28-09-2026,CAMPANIA,AVELLINO,064097,SCAMPITELLA,979
28-09-2026,CAMPANIA,AVELLINO,064098,SENERCHIA,700
28-09-2026,CAMPANIA,AVELLINO,064099,SERINO,6596
28-09-2026,CAMPANIA,AVELLINO,064100,SIRIGNANO,2956
28-09-2026,CAMPANIA,AVELLINO,064101,SOLOFRA,12041
28-09-2026,CAMPANIA,AVELLINO,064102,SORBO SERPICO,521
28-09-2026,CAMPANIA,AVELLINO,064103,SPERONE,3642
28-09-2026,CAMPANIA,AVELLINO,064104,STURNO,2747
28-09-2026,CAMPANIA,AVELLINO,064105,SUMMONTE,1511
28-09-2026,CAMPANIA,AVELLINO,064106,TAURANO,1409
28-09-2026,CAMPANIA,AVELLINO,064107,TAURASI,2067
28-09-2026,CAMPANIA,AVELLINO,064108,TEORA,1432
28-09-2026,CAMPANIA,AVELLINO,064109,TORELLA DEI LOMBARDI,1930
28-09-2026,CAMPANIA,AVELLINO,064110,TORRE LE NOCELLE,1223
28-09-2026,CAMPANIA,AVELLINO,064111,TORRIONI,467
28-09-2026,CAMPANIA,AVELLINO,064112,TREVICO,783
28-09-2026,CAMPANIA,AVELLINO,064113,TUFO,781
28-09-2026,CAMPANIA,AVELLINO,064114,VALLATA,2399
28-09-2026,CAMPANIA,AVELLINO,064115,VALLESACCARDA,1194
28-09-2026,CAMPANIA,AVELLINO,064116,VENTICANO,2277
28-09-2026,CAMPANIA,AVELLINO,064117,VILLAMAINA,895
28-09-2026,CAMPANIA,AVELLINO,064118,VILLANOVA DEL BATTISTA,1465
28-09-2026,CAMPANIA,AVELLINO,064119,VOLTURARA IRPINA,2896
28-09-2026,CAMPANIA,AVELLINO,064120,ZUNGOLI,890
28-09-2026,CAMPANIA,BENEVENTO,062001,AIROLA,8254
28-09-2026,CAMPANIA,BENEVENTO,062002,AMOROSI,2655
28-09-2026,CAMPANIA,BENEVENTO,062003,APICE,5159
28-09-2026,CAMPANIA,BENEVENTO,062004,APOLLOSA,2415
28-09-2026,CAMPANIA,BENEVENTO,062005,ARPAIA,1990
28-09-2026,CAMPANIA,BENEVENTO,062006,ARPAISE,717
28-09-2026,CAMPANIA,BENEVENTO,062007,BASELICE,2000
28-09-2026,CAMPANIA,BENEVENTO,062008,BENEVENTO,55597
28-09-2026,CAMPANIA,BENEVENTO,062009,BONEA,1400
28-09-2026,CAMPANIA,BENEVENTO,062010,BUCCIANO,1964
28-09-2026,CAMPANIA,BENEVENTO,062011,BUONALBERGO,1476
28-09-2026,CAMPANIA,BENEVENTO,062012,CALVI,2482
28-09-2026,CAMPANIA,BENEVENTO,062013,CAMPOLATTARO,951
28-09-2026,CAMPANIA,BENEVENTO,062014,CAMPOLI DEL MONTE TABURNO,1659
28-09-2026,CAMPANIA,BENEVENTO,062015,CASALDUNI,1185
28-09-2026,CAMPANIA,BENEVENTO,062016,CASTELFRANCO IN MISCANO,752
28-09-2026,CAMPANIA,BENEVENTO,062017,CASTELPAGANO,1313
28-09-2026,CAMPANIA,BENEVENTO,062018,CASTELPOTO,1077
28-09-2026,CAMPANIA,BENEVENTO,062019,CASTELVENERE,2417
28-09-2026,CAMPANIA,BENEVENTO,062020,CASTELVETERE IN VAL FORTORE,886
28-09-2026,CAMPANIA,BENEVENTO,062021,CAUTANO,1886
28-09-2026,CAMPANIA,BENEVENTO,062022,CEPPALONI,3236
28-09-2026,CAMPANIA,BENEVENTO,062023,CERRETO SANNITA,3531
28-09-2026,CAMPANIA,BENEVENTO,062024,CIRCELLO,2068
28-09-2026,CAMPANIA,BENEVENTO,062025,COLLE SANNITA,2176
28-09-2026,CAMPANIA,BENEVENTO,062026,CUSANO MUTRI,3715
28-09-2026,CAMPANIA,BENEVENTO,062027,DUGENTA,2641
28-09-2026,CAMPANIA,BENEVENTO,062028,DURAZZANO,2047
28-09-2026,CAMPANIA,BENEVENTO,062029,FAICCHIO,3178
28-09-2026,CAMPANIA,BENEVENTO,062030,FOGLIANISE,3108
28-09-2026,CAMPANIA,BENEVENTO,062031,FOIANO DI VAL FORTORE,1304
28-09-2026,CAMPANIA,BENEVENTO,062032,FORCHIA,1175
28-09-2026,CAMPANIA,BENEVENTO,062033,FRAGNETO L'ABATE,887
28-09-2026,CAMPANIA,BENEVENTO,062034,FRAGNETO MONFORTE,1647
28-09-2026,CAMPANIA,BENEVENTO,062035,FRASSO TELESINO,1936
28-09-2026,CAMPANIA,BENEVENTO,062036,GINESTRA DEGLI SCHIAVONI,375
28-09-2026,CAMPANIA,BENEVENTO,062037,GUARDIA SANFRAMONDI,4421
28-09-2026,CAMPANIA,BENEVENTO,062038,LIMATOLA,4251
28-09-2026,CAMPANIA,BENEVENTO,062039,MELIZZANO,1646
28-09-2026,CAMPANIA,BENEVENTO,062040,MOIANO,4006
28-09-2026,CAMPANIA,BENEVENTO,062041,MOLINARA,1404
28-09-2026,CAMPANIA,BENEVENTO,062042,MONTEFALCONE DI VAL FORTORE,1243
28-09-2026,CAMPANIA,BENEVENTO,062043,MONTESARCHIO,13007
28-09-2026,CAMPANIA,BENEVENTO,062044,MORCONE,4454
28-09-2026,CAMPANIA,BENEVENTO,062045,PADULI,3533
28-09-2026,CAMPANIA,BENEVENTO,062046,PAGO VEIANO,2169
28-09-2026,CAMPANIA,BENEVENTO,062047,PANNARANO,1986
28-09-2026,CAMPANIA,BENEVENTO,062048,PAOLISI,1969
28-09-2026,CAMPANIA,BENEVENTO,062049,PAUPISI,1392
28-09-2026,CAMPANIA,BENEVENTO,062050,PESCO SANNITA,1803
28-09-2026,CAMPANIA,BENEVENTO,062051,PIETRAROJA,483
28-09-2026,CAMPANIA,BENEVENTO,062052,PIETRELCINA,2874
28-09-2026,CAMPANIA,BENEVENTO,062053,PONTE,2374
28-09-2026,CAMPANIA,BENEVENTO,062054,PONTELANDOLFO,1938
28-09-2026,CAMPANIA,BENEVENTO,062055,PUGLIANELLO,1275
28-09-2026,CAMPANIA,BENEVENTO,062056,REINO,1049
28-09-2026,CAMPANIA,BENEVENTO,062057,SAN BARTOLOMEO IN GALDO,4142
28-09-2026,CAMPANIA,BENEVENTO,062058,SAN GIORGIO DEL SANNIO,9614
28-09-2026,CAMPANIA,BENEVENTO,062059,SAN GIORGIO LA MOLARA,2658
28-09-2026,CAMPANIA,BENEVENTO,062060,SAN LEUCIO DEL SANNIO,2853
28-09-2026,CAMPANIA,BENEVENTO,062061,SAN LORENZELLO,2060
28-09-2026,CAMPANIA,BENEVENTO,062062,SAN LORENZO MAGGIORE,1836
28-09-2026,CAMPANIA,BENEVENTO,062063,SAN LUPO,657
28-09-2026,CAMPANIA,BENEVENTO,062064,SAN MARCO DEI CAVOTI,2924
28-09-2026,CAMPANIA,BENEVENTO,062065,SAN MARTINO SANNITA,1141
28-09-2026,CAMPANIA,BENEVENTO,062066,SAN NAZZARO,812
28-09-2026,CAMPANIA,BENEVENTO,062067,SAN NICOLA MANFREDI,3403
28-09-2026,CAMPANIA,BENEVENTO,062068,SAN SALVATORE TELESINO,3914
28-09-2026,CAMPANIA,BENEVENTO,062070,SANT'AGATA DE' GOTI,10163
28-09-2026,CAMPANIA,BENEVENTO,062071,SANT'ANGELO A CUPOLO,4040
28-09-2026,CAMPANIA,BENEVENTO,062078,SANT'ARCANGELO TRIMONTE,455
28-09-2026,CAMPANIA,BENEVENTO,062069,SANTA CROCE DEL SANNIO,850
28-09-2026,CAMPANIA,BENEVENTO,062072,SASSINORO,637
28-09-2026,CAMPANIA,BENEVENTO,062073,SOLOPACA,3379
28-09-2026,CAMPANIA,BENEVENTO,062074,TELESE TERME,7726
28-09-2026,CAMPANIA,BENEVENTO,062075,TOCCO CAUDIO,1465
28-09-2026,CAMPANIA,BENEVENTO,062076,TORRECUSO,3207
28-09-2026,CAMPANIA,BENEVENTO,062077,VITULANO,2652
28-09-2026,CAMPANIA,CASERTA,061001,AILANO,1125
28-09-2026,CAMPANIA,CASERTA,061002,ALIFE,7315
28-09-2026,CAMPANIA,CASERTA,061003,ALVIGNANO,4439
28-09-2026,CAMPANIA,CASERTA,061004,ARIENZO,5452
28-09-2026,CAMPANIA,CASERTA,061005,AVERSA,49480
28-09-2026,CAMPANIA,CASERTA,061006,BAIA E LATINA,1981
28-09-2026,CAMPANIA,CASERTA,061007,BELLONA,6183
28-09-2026,CAMPANIA,CASERTA,061008,CAIANELLO,1772
28-09-2026,CAMPANIA,CASERTA,061009,CAIAZZO,5152
28-09-2026,CAMPANIA,CASERTA,061010,CALVI RISORTA,5432
28-09-2026,CAMPANIA,CASERTA,061011,CAMIGLIANO,2011
28-09-2026,CAMPANIA,CASERTA,061012,CANCELLO ED ARNONE,6006
28-09-2026,CAMPANIA,CASERTA,061013,CAPODRISE,10124
28-09-2026,CAMPANIA,CASERTA,061014,CAPRIATI A VOLTURNO,1375
28-09-2026,CAMPANIA,CASERTA,061015,CAPUA,18410
28-09-2026,CAMPANIA,CASERTA,061016,CARINARO,7226
28-09-2026,CAMPANIA,CASERTA,061017,CARINOLA,7116
28-09-2026,CAMPANIA,CASERTA,061018,CASAGIOVE,12943
28-09-2026,CAMPANIA,CASERTA,061019,CASAL DI PRINCIPE,22306
28-09-2026,CAMPANIA,CASERTA,061020,CASALUCE,9427
28-09-2026,CAMPANIA,CASERTA,061103,CASAPESENNA,7401
28-09-2026,CAMPANIA,CASERTA,061021,CASAPULLA,8342
28-09-2026,CAMPANIA,CASERTA,061022,CASERTA,74071
28-09-2026,CAMPANIA,CASERTA,061023,CASTEL CAMPAGNANO,1415
28-09-2026,CAMPANIA,CASERTA,061024,CASTEL DI SASSO,1012
28-09-2026,CAMPANIA,CASERTA,061026,CASTEL MORRONE,3614
28-09-2026,CAMPANIA,CASERTA,061027,CASTEL VOLTURNO,32292
28-09-2026,CAMPANIA,CASERTA,061025,CASTELLO DEL MATESE,1357
28-09-2026,CAMPANIA,CASERTA,061102,CELLOLE,8453
28-09-2026,CAMPANIA,CASERTA,061028,CERVINO,4734
28-09-2026,CAMPANIA,CASERTA,061029,CESA,9960
28-09-2026,CAMPANIA,CASERTA,061030,CIORLANO,349
28-09-2026,CAMPANIA,CASERTA,061031,CONCA DELLA CAMPANIA,1114
28-09-2026,CAMPANIA,CASERTA,061032,CURTI,6637
28-09-2026,CAMPANIA,CASERTA,061033,DRAGONI,1891
28-09-2026,CAMPANIA,CASERTA,061101,FALCIANO DEL MASSICO,3573
28-09-2026,CAMPANIA,CASERTA,061034,FONTEGRECA,737
28-09-2026,CAMPANIA,CASERTA,061035,FORMICOLA,1352
28-09-2026,CAMPANIA,CASERTA,061036,FRANCOLISE,4694
28-09-2026,CAMPANIA,CASERTA,061037,FRIGNANO,9047
28-09-2026,CAMPANIA,CASERTA,061038,GALLO MATESE,436
28-09-2026,CAMPANIA,CASERTA,061039,GALLUCCIO,1959
28-09-2026,CAMPANIA,CASERTA,061040,GIANO VETUSTO,676
28-09-2026,CAMPANIA,CASERTA,061041,GIOIA SANNITICA,3235
28-09-2026,CAMPANIA,CASERTA,061042,GRAZZANISE,6880
28-09-2026,CAMPANIA,CASERTA,061043,GRICIGNANO DI AVERSA,13421
28-09-2026,CAMPANIA,CASERTA,061044,LETINO,606
28-09-2026,CAMPANIA,CASERTA,061045,LIBERI,1012
28-09-2026,CAMPANIA,CASERTA,061046,LUSCIANO,16629
28-09-2026,CAMPANIA,CASERTA,061047,MACERATA CAMPANIA,10145
28-09-2026,CAMPANIA,CASERTA,061048,MADDALONI,36730
28-09-2026,CAMPANIA,CASERTA,061049,MARCIANISE,38386
28-09-2026,CAMPANIA,CASERTA,061050,MARZANO APPIO,1923
28-09-2026,CAMPANIA,CASERTA,061051,MIGNANO MONTE LUNGO,2979
28-09-2026,CAMPANIA,CASERTA,061052,MONDRAGONE,29582
28-09-2026,CAMPANIA,CASERTA,061053,ORTA DI ATELLA,27674
28-09-2026,CAMPANIA,CASERTA,061054,PARETE,13637
28-09-2026,CAMPANIA,CASERTA,061055,PASTORANO,2874
28-09-2026,CAMPANIA,CASERTA,061056,PIANA DI MONTE VERNA,2040
28-09-2026,CAMPANIA,CASERTA,061057,PIEDIMONTE MATESE,10067
28-09-2026,CAMPANIA,CASERTA,061058,PIETRAMELARA,4536
28-09-2026,CAMPANIA,CASERTA,061059,PIETRAVAIRANO,2797
28-09-2026,CAMPANIA,CASERTA,061060,PIGNATARO MAGGIORE,5842
28-09-2026,CAMPANIA,CASERTA,061061,PONTELATONE,1526
28-09-2026,CAMPANIA,CASERTA,061062,PORTICO DI CASERTA,7748
28-09-2026,CAMPANIA,CASERTA,061063,PRATA SANNITA,1331
28-09-2026,CAMPANIA,CASERTA,061064,PRATELLA,1334
28-09-2026,CAMPANIA,CASERTA,061065,PRESENZANO,1629
28-09-2026,CAMPANIA,CASERTA,061066,RAVISCANINA,1174
28-09-2026,CAMPANIA,CASERTA,061067,RECALE,7747
28-09-2026,CAMPANIA,CASERTA,061068,RIARDO,2177
28-09-2026,CAMPANIA,CASERTA,061069,ROCCA D'EVANDRO,2932
28-09-2026,CAMPANIA,CASERTA,061070,ROCCAMONFINA,3138
28-09-2026,CAMPANIA,CASERTA,061071,ROCCAROMANA,844
28-09-2026,CAMPANIA,CASERTA,061072,ROCCHETTA E CROCE,444
28-09-2026,CAMPANIA,CASERTA,061073,RUVIANO,1637
28-09-2026,CAMPANIA,CASERTA,061074,SAN CIPRIANO D'AVERSA,13870
28-09-2026,CAMPANIA,CASERTA,061075,SAN FELICE A CANCELLO,16932
28-09-2026,CAMPANIA,CASERTA,061076,SAN GREGORIO MATESE,828
28-09-2026,CAMPANIA,CASERTA,061077,SAN MARCELLINO,14919
28-09-2026,CAMPANIA,CASERTA,061104,SAN MARCO EVANGELISTA,6491
28-09-2026,CAMPANIA,CASERTA,061078,SAN NICOLA LA STRADA,22030
28-09-2026,CAMPANIA,CASERTA,061079,SAN PIETRO INFINE,768
28-09-2026,CAMPANIA,CASERTA,061080,SAN POTITO SANNITICO,1978
28-09-2026,CAMPANIA,CASERTA,061081,SAN PRISCO,12127
28-09-2026,CAMPANIA,CASERTA,061085,SAN TAMMARO,5853
28-09-2026,CAMPANIA,CASERTA,061086,SANT'ANGELO D'ALIFE,2086
28-09-2026,CAMPANIA,CASERTA,061087,SANT'ARPINO,15760
28-09-2026,CAMPANIA,CASERTA,061082,SANTA MARIA A VICO,14603
28-09-2026,CAMPANIA,CASERTA,061083,SANTA MARIA CAPUA VETERE,32452
28-09-2026,CAMPANIA,CASERTA,061084,SANTA MARIA LA FOSSA,2513
28-09-2026,CAMPANIA,CASERTA,061088,SESSA AURUNCA,20323
28-09-2026,CAMPANIA,CASERTA,061089,SPARANISE,7336
28-09-2026,CAMPANIA,CASERTA,061090,SUCCIVO,9058
28-09-2026,CAMPANIA,CASERTA,061091,TEANO,11158
28-09-2026,CAMPANIA,CASERTA,061092,TEVEROLA,15219
28-09-2026,CAMPANIA,CASERTA,061093,TORA E PICCILLI,732
28-09-2026,CAMPANIA,CASERTA,061094,TRENTOLA DUCENTA,21220
28-09-2026,CAMPANIA,CASERTA,061095,VAIRANO PATENORA,6482
28-09-2026,CAMPANIA,CASERTA,061096,VALLE AGRICOLA,709
28-09-2026,CAMPANIA,CASERTA,061097,VALLE DI MADDALONI,2567
28-09-2026,CAMPANIA,CASERTA,061098,VILLA DI BRIANO,7692
28-09-2026,CAMPANIA,CASERTA,061099,VILLA LITERNO,13446
28-09-2026,CAMPANIA,CASERTA,061100,VITULAZIO,7838
28-09-2026,CAMPANIA,NAPOLI,063001,ACERRA,59395
28-09-2026,CAMPANIA,NAPOLI,063002,AFRAGOLA,62536
28-09-2026,CAMPANIA,NAPOLI,063003,AGEROLA,8006
28-09-2026,CAMPANIA,NAPOLI,063004,ANACAPRI,6831
28-09-2026,CAMPANIA,NAPOLI,063005,ARZANO,31663
28-09-2026,CAMPANIA,NAPOLI,063006,BACOLI,24990
28-09-2026,CAMPANIA,NAPOLI,063007,BARANO D'ISCHIA,10104
28-09-2026,CAMPANIA,NAPOLI,063008,BOSCOREALE,25785
28-09-2026,CAMPANIA,NAPOLI,063009,BOSCOTRECASE,10003
28-09-2026,CAMPANIA,NAPOLI,063010,BRUSCIANO,16322
28-09-2026,CAMPANIA,NAPOLI,063011,CAIVANO,36376
28-09-2026,CAMPANIA,NAPOLI,063012,CALVIZZANO,12979
28-09-2026,CAMPANIA,NAPOLI,063013,CAMPOSANO,5076
28-09-2026,CAMPANIA,NAPOLI,063014,CAPRI,6787
28-09-2026,CAMPANIA,NAPOLI,063015,CARBONARA DI NOLA,2474
28-09-2026,CAMPANIA,NAPOLI,063016,CARDITO,21671
28-09-2026,CAMPANIA,NAPOLI,063017,CASALNUOVO DI NAPOLI,46961
28-09-2026,CAMPANIA,NAPOLI,063018,CASAMARCIANO,3012
28-09-2026,CAMPANIA,NAPOLI,063019,CASAMICCIOLA TERME,7372
28-09-2026,CAMPANIA,NAPOLI,063020,CASANDRINO,13246
28-09-2026,CAMPANIA,NAPOLI,063021,CASAVATORE,18425
28-09-2026,CAMPANIA,NAPOLI,063022,CASOLA DI NAPOLI,3614
28-09-2026,CAMPANIA,NAPOLI,063023,CASORIA,73954
28-09-2026,CAMPANIA,NAPOLI,063024,CASTELLAMMARE DI STABIA,62468
28-09-2026,CAMPANIA,NAPOLI,063025,CASTELLO DI CISTERNA,7852
28-09-2026,CAMPANIA,NAPOLI,063026,CERCOLA,16737
28-09-2026,CAMPANIA,NAPOLI,063027,CICCIANO,12694
28-09-2026,CAMPANIA,NAPOLI,063028,CIMITILE,6942
28-09-2026,CAMPANIA,NAPOLI,063029,COMIZIANO,1674
28-09-2026,CAMPANIA,NAPOLI,063030,CRISPANO,11635
28-09-2026,CAMPANIA,NAPOLI,063064,ERCOLANO,49520
28-09-2026,CAMPANIA,NAPOLI,063031,FORIO,18027
28-09-2026,CAMPANIA,NAPOLI,063032,FRATTAMAGGIORE,28981
28-09-2026,CAMPANIA,NAPOLI,063033,FRATTAMINORE,15659
28-09-2026,CAMPANIA,NAPOLI,063034,GIUGLIANO IN CAMPANIA,128104
28-09-2026,CAMPANIA,NAPOLI,063035,GRAGNANO,27419
28-09-2026,CAMPANIA,NAPOLI,063036,GRUMO NEVANO,17320
28-09-2026,CAMPANIA,NAPOLI,063037,ISCHIA,19767
28-09-2026,CAMPANIA,NAPOLI,063038,LACCO AMENO,4601
28-09-2026,CAMPANIA,NAPOLI,063039,LETTERE,6074
28-09-2026,CAMPANIA,NAPOLI,063040,LIVERI,1491
28-09-2026,CAMPANIA,NAPOLI,063041,MARANO DI NAPOLI,58401
28-09-2026,CAMPANIA,NAPOLI,063042,MARIGLIANELLA,8171
28-09-2026,CAMPANIA,NAPOLI,063043,MARIGLIANO,29910
28-09-2026,CAMPANIA,NAPOLI,063092,MASSA DI SOMMA,4952
28-09-2026,CAMPANIA,NAPOLI,063044,MASSA LUBRENSE,14295
28-09-2026,CAMPANIA,NAPOLI,063045,MELITO DI NAPOLI,36640
28-09-2026,CAMPANIA,NAPOLI,063046,META,7845
28-09-2026,CAMPANIA,NAPOLI,063047,MONTE DI PROCIDA,12008
28-09-2026,CAMPANIA,NAPOLI,063048,MUGNANO DI NAPOLI,35800
28-09-2026,CAMPANIA,NAPOLI,063049,NAPOLI,922344
28-09-2026,CAMPANIA,NAPOLI,063050,NOLA,34750
28-09-2026,CAMPANIA,NAPOLI,063051,OTTAVIANO,23658
28-09-2026,CAMPANIA,NAPOLI,063052,PALMA CAMPANIA,16401
28-09-2026,CAMPANIA,NAPOLI,063053,PIANO DI SORRENTO,12143
28-09-2026,CAMPANIA,NAPOLI,063054,PIMONTE,5941
28-09-2026,CAMPANIA,NAPOLI,063055,POGGIOMARINO,23157
28-09-2026,CAMPANIA,NAPOLI,063056,POLLENA TROCCHIA,12708
28-09-2026,CAMPANIA,NAPOLI,063057,POMIGLIANO D'ARCO,40059
28-09-2026,CAMPANIA,NAPOLI,063058,POMPEI,23671
28-09-2026,CAMPANIA,NAPOLI,063059,PORTICI,51479
28-09-2026,CAMPANIA,NAPOLI,063060,POZZUOLI,74713
28-09-2026,CAMPANIA,NAPOLI,063061,PROCIDA,10129
28-09-2026,CAMPANIA,NAPOLI,063062,QUALIANO,25067
28-09-2026,CAMPANIA,NAPOLI,063063,QUARTO,41915
28-09-2026,CAMPANIA,NAPOLI,063065,ROCCARAINOLA,6602
28-09-2026,CAMPANIA,NAPOLI,063066,SAN GENNARO VESUVIANO,12244
28-09-2026,CAMPANIA,NAPOLI,063067,SAN GIORGIO A CREMANO,41757
28-09-2026,CAMPANIA,NAPOLI,063068,SAN GIUSEPPE VESUVIANO,30950
28-09-2026,CAMPANIA,NAPOLI,063069,SAN PAOLO BEL SITO,3360
28-09-2026,CAMPANIA,NAPOLI,063070,SAN SEBASTIANO AL VESUVIO,8592
28-09-2026,CAMPANIA,NAPOLI,063075,SAN VITALIANO,6680
28-09-2026,CAMPANIA,NAPOLI,063071,SANT'AGNELLO,8444
28-09-2026,CAMPANIA,NAPOLI,063072,SANT'ANASTASIA,26053
28-09-2026,CAMPANIA,NAPOLI,063073,SANT'ANTIMO,32987
28-09-2026,CAMPANIA,NAPOLI,063074,SANT'ANTONIO ABATE,18821
28-09-2026,CAMPANIA,NAPOLI,063090,SANTA MARIA LA CARITÀ,11993
28-09-2026,CAMPANIA,NAPOLI,063076,SAVIANO,16360
28-09-2026,CAMPANIA,NAPOLI,063077,SCISCIANO,6480
28-09-2026,CAMPANIA,NAPOLI,063078,SERRARA FONTANA,3092
28-09-2026,CAMPANIA,NAPOLI,063079,SOMMA VESUVIANA,33720
28-09-2026,CAMPANIA,NAPOLI,063080,SORRENTO,14947
28-09-2026,CAMPANIA,NAPOLI,063081,STRIANO,9519
28-09-2026,CAMPANIA,NAPOLI,063082,TERZIGNO,17771
28-09-2026,CAMPANIA,NAPOLI,063083,TORRE ANNUNZIATA,39816
28-09-2026,CAMPANIA,NAPOLI,063084,TORRE DEL GRECO,79406
28-09-2026,CAMPANIA,NAPOLI,063091,TRECASE,8520
28-09-2026,CAMPANIA,NAPOLI,063085,TUFINO,3406
28-09-2026,CAMPANIA,NAPOLI,063086,VICO EQUENSE,20199
28-09-2026,CAMPANIA,NAPOLI,063087,VILLARICCA,31930
28-09-2026,CAMPANIA,NAPOLI,063088,VISCIANO,4141
28-09-2026,CAMPANIA,NAPOLI,063089,VOLLA,26162
28-09-2026,CAMPANIA,SALERNO,065001,ACERNO,2434
28-09-2026,CAMPANIA,SALERNO,065002,AGROPOLI,21830
28-09-2026,CAMPANIA,SALERNO,065003,ALBANELLA,6387
28-09-2026,CAMPANIA,SALERNO,065004,ALFANO,888
28-09-2026,CAMPANIA,SALERNO,065005,ALTAVILLA SILENTINA,7155
28-09-2026,CAMPANIA,SALERNO,065006,AMALFI,4550
28-09-2026,CAMPANIA,SALERNO,065007,ANGRI,34675
28-09-2026,CAMPANIA,SALERNO,065008,AQUARA,1238
28-09-2026,CAMPANIA,SALERNO,065009,ASCEA,5922
28-09-2026,CAMPANIA,SALERNO,065010,ATENA LUCANA,2445
28-09-2026,CAMPANIA,SALERNO,065011,ATRANI,746
28-09-2026,CAMPANIA,SALERNO,065012,AULETTA,2114
28-09-2026,CAMPANIA,SALERNO,065013,BARONISSI,16920
28-09-2026,CAMPANIA,SALERNO,065014,BATTIPAGLIA,49957
28-09-2026,CAMPANIA,SALERNO,065158,BELLIZZI,13526
28-09-2026,CAMPANIA,SALERNO,065015,BELLOSGUARDO,618
28-09-2026,CAMPANIA,SALERNO,065016,BRACIGLIANO,5460
28-09-2026,CAMPANIA,SALERNO,065017,BUCCINO,4480
28-09-2026,CAMPANIA,SALERNO,065018,BUONABITACOLO,2489
28-09-2026,CAMPANIA,SALERNO,065019,CAGGIANO,2477
28-09-2026,CAMPANIA,SALERNO,065020,CALVANICO,1427
28-09-2026,CAMPANIA,SALERNO,065021,CAMEROTA,6998
28-09-2026,CAMPANIA,SALERNO,065022,CAMPAGNA,17536
28-09-2026,CAMPANIA,SALERNO,065023,CAMPORA,288
28-09-2026,CAMPANIA,SALERNO,065024,CANNALONGA,941
28-09-2026,CAMPANIA,SALERNO,065025,CAPACCIO PAESTUM,23074
28-09-2026,CAMPANIA,SALERNO,065028,CASAL VELINO,5550
28-09-2026,CAMPANIA,SALERNO,065026,CASALBUONO,1047
28-09-2026,CAMPANIA,SALERNO,065027,CASALETTO SPARTANO,1224
28-09-2026,CAMPANIA,SALERNO,065029,CASELLE IN PITTARI,1873
28-09-2026,CAMPANIA,SALERNO,065034,CASTEL SAN GIORGIO,13812
28-09-2026,CAMPANIA,SALERNO,065035,CASTEL SAN LORENZO,2222
28-09-2026,CAMPANIA,SALERNO,065030,CASTELCIVITA,1383
28-09-2026,CAMPANIA,SALERNO,065031,CASTELLABATE,9068
28-09-2026,CAMPANIA,SALERNO,065032,CASTELNUOVO CILENTO,2889
28-09-2026,CAMPANIA,SALERNO,065033,CASTELNUOVO DI CONZA,539
28-09-2026,CAMPANIA,SALERNO,065036,CASTIGLIONE DEL GENOVESI,1285
28-09-2026,CAMPANIA,SALERNO,065037,CAVA DE' TIRRENI,49609
28-09-2026,CAMPANIA,SALERNO,065038,CELLE DI BULGHERIA,1676
28-09-2026,CAMPANIA,SALERNO,065039,CENTOLA,5101
28-09-2026,CAMPANIA,SALERNO,065040,CERASO,2214
28-09-2026,CAMPANIA,SALERNO,065041,CETARA,1887
28-09-2026,CAMPANIA,SALERNO,065042,CICERALE,1181
28-09-2026,CAMPANIA,SALERNO,065043,COLLIANO,3403
28-09-2026,CAMPANIA,SALERNO,065044,CONCA DEI MARINI,642
28-09-2026,CAMPANIA,SALERNO,065045,CONTRONE,765
28-09-2026,CAMPANIA,SALERNO,065046,CONTURSI TERME,3169
28-09-2026,CAMPANIA,SALERNO,065047,CORBARA,2522
28-09-2026,CAMPANIA,SALERNO,065048,CORLETO MONFORTE,449
28-09-2026,CAMPANIA,SALERNO,065049,CUCCARO VETERE,504
28-09-2026,CAMPANIA,SALERNO,065050,EBOLI,39148
28-09-2026,CAMPANIA,SALERNO,065051,FELITTO,1158
28-09-2026,CAMPANIA,SALERNO,065052,FISCIANO,14427
28-09-2026,CAMPANIA,SALERNO,065053,FURORE,670
28-09-2026,CAMPANIA,SALERNO,065054,FUTANI,1056
28-09-2026,CAMPANIA,SALERNO,065055,GIFFONI SEI CASALI,4947
28-09-2026,CAMPANIA,SALERNO,065056,GIFFONI VALLE PIANA,11655
28-09-2026,CAMPANIA,SALERNO,065057,GIOI,1077
28-09-2026,CAMPANIA,SALERNO,065058,GIUNGANO,1326
28-09-2026,CAMPANIA,SALERNO,065059,ISPANI,966
28-09-2026,CAMPANIA,SALERNO,065060,LAUREANA CILENTO,1240
28-09-2026,CAMPANIA,SALERNO,065061,LAURINO,1225
28-09-2026,CAMPANIA,SALERNO,065062,LAURITO,635
28-09-2026,CAMPANIA,SALERNO,065063,LAVIANO,1256
28-09-2026,CAMPANIA,SALERNO,065064,LUSTRA,1026
28-09-2026,CAMPANIA,SALERNO,065065,MAGLIANO VETERE,573
28-09-2026,CAMPANIA,SALERNO,065066,MAIORI,5273
28-09-2026,CAMPANIA,SALERNO,065067,MERCATO SAN SEVERINO,21433
28-09-2026,CAMPANIA,SALERNO,065068,MINORI,2539
28-09-2026,CAMPANIA,SALERNO,065069,MOIO DELLA CIVITELLA,1809
28-09-2026,CAMPANIA,SALERNO,065070,MONTANO ANTILIA,1692
28-09-2026,CAMPANIA,SALERNO,065075,MONTE SAN GIACOMO,1376
28-09-2026,CAMPANIA,SALERNO,065071,MONTECORICE,2666
28-09-2026,CAMPANIA,SALERNO,065072,MONTECORVINO PUGLIANO,11361
28-09-2026,CAMPANIA,SALERNO,065073,MONTECORVINO ROVELLA,12383
28-09-2026,CAMPANIA,SALERNO,065074,MONTEFORTE CILENTO,530
28-09-2026,CAMPANIA,SALERNO,065076,MONTESANO SULLA MARCELLANA,6366
28-09-2026,CAMPANIA,SALERNO,065077,MORIGERATI,578
28-09-2026,CAMPANIA,SALERNO,065078,NOCERA INFERIORE,43569
28-09-2026,CAMPANIA,SALERNO,065079,NOCERA SUPERIORE,23438
28-09-2026,CAMPANIA,SALERNO,065080,NOVI VELIA,2338
28-09-2026,CAMPANIA,SALERNO,065081,OGLIASTRO CILENTO,2354
28-09-2026,CAMPANIA,SALERNO,065082,OLEVANO SUL TUSCIANO,6655
28-09-2026,CAMPANIA,SALERNO,065083,OLIVETO CITRA,3645
28-09-2026,CAMPANIA,SALERNO,065084,OMIGNANO,1612
28-09-2026,CAMPANIA,SALERNO,065085,ORRIA,892
28-09-2026,CAMPANIA,SALERNO,065086,OTTATI,577
28-09-2026,CAMPANIA,SALERNO,065087,PADULA,4837
28-09-2026,CAMPANIA,SALERNO,065088,PAGANI,35330
28-09-2026,CAMPANIA,SALERNO,065089,PALOMONTE,3813
28-09-2026,CAMPANIA,SALERNO,065090,PELLEZZANO,10911
28-09-2026,CAMPANIA,SALERNO,065091,PERDIFUMO,1857
28-09-2026,CAMPANIA,SALERNO,065092,PERITO,750
28-09-2026,CAMPANIA,SALERNO,065093,PERTOSA,623
28-09-2026,CAMPANIA,SALERNO,065094,PETINA,963
28-09-2026,CAMPANIA,SALERNO,065095,PIAGGINE,1031
28-09-2026,CAMPANIA,SALERNO,065096,PISCIOTTA,2525
28-09-2026,CAMPANIA,SALERNO,065097,POLLA,5108
28-09-2026,CAMPANIA,SALERNO,065098,POLLICA,2056
28-09-2026,CAMPANIA,SALERNO,065099,PONTECAGNANO FAIANO,26772
28-09-2026,CAMPANIA,SALERNO,065100,POSITANO,3660
28-09-2026,CAMPANIA,SALERNO,065101,POSTIGLIONE,2056
28-09-2026,CAMPANIA,SALERNO,065102,PRAIANO,1936
28-09-2026,CAMPANIA,SALERNO,065103,PRIGNANO CILENTO,1130
28-09-2026,CAMPANIA,SALERNO,065104,RAVELLO,2358
28-09-2026,CAMPANIA,SALERNO,065105,RICIGLIANO,1038
28-09-2026,CAMPANIA,SALERNO,065106,ROCCADASPIDE,6943
28-09-2026,CAMPANIA,SALERNO,065107,ROCCAGLORIOSA,1553
28-09-2026,CAMPANIA,SALERNO,065108,ROCCAPIEMONTE,8717
28-09-2026,CAMPANIA,SALERNO,065109,ROFRANO,1328
28-09-2026,CAMPANIA,SALERNO,065110,ROMAGNANO AL MONTE,375
28-09-2026,CAMPANIA,SALERNO,065111,ROSCIGNO,578
28-09-2026,CAMPANIA,SALERNO,065112,RUTINO,755
28-09-2026,CAMPANIA,SALERNO,065113,SACCO,393
28-09-2026,CAMPANIA,SALERNO,065114,SALA CONSILINA,12408
28-09-2026,CAMPANIA,SALERNO,065115,SALENTO,1732
28-09-2026,CAMPANIA,SALERNO,065116,SALERNO,126880
28-09-2026,CAMPANIA,SALERNO,065117,SALVITELLE,458
28-09-2026,CAMPANIA,SALERNO,065118,SAN CIPRIANO PICENTINO,6788
28-09-2026,CAMPANIA,SALERNO,065119,SAN GIOVANNI A PIRO,3629
28-09-2026,CAMPANIA,SALERNO,065120,SAN GREGORIO MAGNO,3782
28-09-2026,CAMPANIA,SALERNO,065121,SAN MANGO PIEMONTE,2641
28-09-2026,CAMPANIA,SALERNO,065122,SAN MARZANO SUL SARNO,10301
28-09-2026,CAMPANIA,SALERNO,065123,SAN MAURO CILENTO,807
28-09-2026,CAMPANIA,SALERNO,065124,SAN MAURO LA BRUCA,487
28-09-2026,CAMPANIA,SALERNO,065125,SAN PIETRO AL TANAGRO,1713
28-09-2026,CAMPANIA,SALERNO,065126,SAN RUFO,1589
28-09-2026,CAMPANIA,SALERNO,065132,SAN VALENTINO TORIO,11189
28-09-2026,CAMPANIA,SALERNO,065128,SANT'ANGELO A FASANELLA,503
28-09-2026,CAMPANIA,SALERNO,065129,SANT'ARSENIO,2671
28-09-2026,CAMPANIA,SALERNO,065130,SANT'EGIDIO DEL MONTE ALBINO,7727
28-09-2026,CAMPANIA,SALERNO,065127,SANTA MARINA,3282
28-09-2026,CAMPANIA,SALERNO,065131,SANTOMENNA,360
28-09-2026,CAMPANIA,SALERNO,065133,SANZA,2319
28-09-2026,CAMPANIA,SALERNO,065134,SAPRI,6263
28-09-2026,CAMPANIA,SALERNO,065135,SARNO,31293
28-09-2026,CAMPANIA,SALERNO,065136,SASSANO,4838
28-09-2026,CAMPANIA,SALERNO,065137,SCAFATI,48166
28-09-2026,CAMPANIA,SALERNO,065138,SCALA,1521
28-09-2026,CAMPANIA,SALERNO,065139,SERRAMEZZANA,273
28-09-2026,CAMPANIA,SALERNO,065140,SERRE,3724
28-09-2026,CAMPANIA,SALERNO,065141,SESSA CILENTO,1122
28-09-2026,CAMPANIA,SALERNO,065142,SIANO,9303
28-09-2026,CAMPANIA,SALERNO,065143,SICIGNANO DEGLI ALBURNI,3082
28-09-2026,CAMPANIA,SALERNO,065144,STELLA CILENTO,614
28-09-2026,CAMPANIA,SALERNO,065145,STIO,752
28-09-2026,CAMPANIA,SALERNO,065146,TEGGIANO,7156
28-09-2026,CAMPANIA,SALERNO,065147,TORCHIARA,1958
28-09-2026,CAMPANIA,SALERNO,065148,TORRACA,1219
28-09-2026,CAMPANIA,SALERNO,065149,TORRE ORSAIA,1954
28-09-2026,CAMPANIA,SALERNO,065150,TORTORELLA,456
28-09-2026,CAMPANIA,SALERNO,065151,TRAMONTI,4246
28-09-2026,CAMPANIA,SALERNO,065152,TRENTINARA,1589
28-09-2026,CAMPANIA,SALERNO,065153,VALLE DELL'ANGELO,208
28-09-2026,CAMPANIA,SALERNO,065154,VALLO DELLA LUCANIA,7906
28-09-2026,CAMPANIA,SALERNO,065155,VALVA,1552
28-09-2026,CAMPANIA,SALERNO,065156,VIBONATI,3301
28-09-2026,CAMPANIA,SALERNO,065157,VIETRI SUL MARE,6861
28-09-2026,EMILIA ROMAGNA,BOLOGNA,037062,ALTO RENO TERME,7297
28-09-2026,EMILIA ROMAGNA,BOLOGNA,037001,ANZOLA DELL'EMILIA,12449
28-09-2026,EMILIA ROMAGNA,BOLOGNA,037002,ARGELATO,9569
28-09-2026,EMILIA ROMAGNA,BOLOGNA,037003,BARICELLA,7316
28-09-2026,EMILIA ROMAGNA,BOLOGNA,037005,BENTIVOGLIO,5835
28-09-2026,EMILIA ROMAGNA,BOLOGNA,037006,BOLOGNA,395148
28-09-2026,EMILIA ROMAGNA,BOLOGNA,037007,BORGO TOSSIGNANO,3189
28-09-2026,EMILIA ROMAGNA,BOLOGNA,037008,BUDRIO,18565
28-09-2026,EMILIA ROMAGNA,BOLOGNA,037009,CALDERARA DI RENO,13913
28-09-2026,EMILIA ROMAGNA,BOLOGNA,037010,CAMUGNANO,1922
28-09-2026,EMILIA ROMAGNA,BOLOGNA,037011,CASALECCHIO DI RENO,35382
28-09-2026,EMILIA ROMAGNA,BOLOGNA,037012,CASALFIUMANESE,3378
28-09-2026,EMILIA ROMAGNA,BOLOGNA,037013,CASTEL D'AIANO,2037
28-09-2026,EMILIA ROMAGNA,BOLOGNA,037014,CASTEL DEL RIO,1220
28-09-2026,EMILIA ROMAGNA,BOLOGNA,037015,CASTEL DI CASIO,3386
28-09-2026,EMILIA ROMAGNA,BOLOGNA,037016,CASTEL GUELFO DI BOLOGNA,4538
28-09-2026,EMILIA ROMAGNA,BOLOGNA,037019,CASTEL MAGGIORE,18515
28-09-2026,EMILIA ROMAGNA,BOLOGNA,037020,CASTEL SAN PIETRO TERME,20825
28-09-2026,EMILIA ROMAGNA,BOLOGNA,037017,CASTELLO D'ARGILE,6720
28-09-2026,EMILIA ROMAGNA,BOLOGNA,037021,CASTENASO,16788
28-09-2026,EMILIA ROMAGNA,BOLOGNA,037022,CASTIGLIONE DEI PEPOLI,5561
28-09-2026,EMILIA ROMAGNA,BOLOGNA,037024,CREVALCORE,14291
28-09-2026,EMILIA ROMAGNA,BOLOGNA,037025,DOZZA,6556
28-09-2026,EMILIA ROMAGNA,BOLOGNA,037026,FONTANELICE,1939
28-09-2026,EMILIA ROMAGNA,BOLOGNA,037027,GAGGIO MONTANO,4942
28-09-2026,EMILIA ROMAGNA,BOLOGNA,037028,GALLIERA,5930
28-09-2026,EMILIA ROMAGNA,BOLOGNA,037030,GRANAROLO DELL'EMILIA,13260
28-09-2026,EMILIA ROMAGNA,BOLOGNA,037031,GRIZZANA MORANDI,4012
28-09-2026,EMILIA ROMAGNA,BOLOGNA,037032,IMOLA,69741
28-09-2026,EMILIA ROMAGNA,BOLOGNA,037033,LIZZANO IN BELVEDERE,2275
28-09-2026,EMILIA ROMAGNA,BOLOGNA,037034,LOIANO,4629
28-09-2026,EMILIA ROMAGNA,BOLOGNA,037035,MALALBERGO,9529
28-09-2026,EMILIA ROMAGNA,BOLOGNA,037036,MARZABOTTO,7000
28-09-2026,EMILIA ROMAGNA,BOLOGNA,037037,MEDICINA,16857
28-09-2026,EMILIA ROMAGNA,BOLOGNA,037038,MINERBIO,8978
28-09-2026,EMILIA ROMAGNA,BOLOGNA,037039,MOLINELLA,15991
28-09-2026,EMILIA ROMAGNA,BOLOGNA,037040,MONGHIDORO,4026
28-09-2026,EMILIA ROMAGNA,BOLOGNA,037042,MONTE SAN PIETRO,10829
28-09-2026,EMILIA ROMAGNA,BOLOGNA,037041,MONTERENZIO,6151
28-09-2026,EMILIA ROMAGNA,BOLOGNA,037044,MONZUNO,6421
28-09-2026,EMILIA ROMAGNA,BOLOGNA,037045,MORDANO,4616
28-09-2026,EMILIA ROMAGNA,BOLOGNA,037046,OZZANO DELL'EMILIA,14483
28-09-2026,EMILIA ROMAGNA,BOLOGNA,037047,PIANORO,18025
28-09-2026,EMILIA ROMAGNA,BOLOGNA,037048,PIEVE DI CENTO,7447
28-09-2026,EMILIA ROMAGNA,BOLOGNA,037050,SALA BOLOGNESE,8406
28-09-2026,EMILIA ROMAGNA,BOLOGNA,037051,SAN BENEDETTO VAL DI SAMBRO,4331
28-09-2026,EMILIA ROMAGNA,BOLOGNA,037052,SAN GIORGIO DI PIANO,9969
28-09-2026,EMILIA ROMAGNA,BOLOGNA,037053,SAN GIOVANNI IN PERSICETO,28342
28-09-2026,EMILIA ROMAGNA,BOLOGNA,037054,SAN LAZZARO DI SAVENA,32870
28-09-2026,EMILIA ROMAGNA,BOLOGNA,037055,SAN PIETRO IN CASALE,13365
28-09-2026,EMILIA ROMAGNA,BOLOGNA,037056,SANT'AGATA BOLOGNESE,7442
28-09-2026,EMILIA ROMAGNA,BOLOGNA,037057,SASSO MARCONI,14878
28-09-2026,EMILIA ROMAGNA,BOLOGNA,037061,VALSAMOGGIA,32282
28-09-2026,EMILIA ROMAGNA,BOLOGNA,037059,VERGATO,8081
28-09-2026,EMILIA ROMAGNA,BOLOGNA,037060,ZOLA PREDOSA,19518
28-09-2026,EMILIA ROMAGNA,FERRARA,038001,ARGENTA,21501
28-09-2026,EMILIA ROMAGNA,FERRARA,038003,BONDENO,14380
28-09-2026,EMILIA ROMAGNA,FERRARA,038004,CENTO,35870
28-09-2026,EMILIA ROMAGNA,FERRARA,038005,CODIGORO,10991
28-09-2026,EMILIA ROMAGNA,FERRARA,038006,COMACCHIO,22079
28-09-2026,EMILIA ROMAGNA,FERRARA,038007,COPPARO,15748
28-09-2026,EMILIA ROMAGNA,FERRARA,038008,FERRARA,129341
28-09-2026,EMILIA ROMAGNA,FERRARA,038027,FISCAGLIA,8564
28-09-2026,EMILIA ROMAGNA,FERRARA,038025,GORO,3334
28-09-2026,EMILIA ROMAGNA,FERRARA,038010,JOLANDA DI SAVOIA,2604
28-09-2026,EMILIA ROMAGNA,FERRARA,038011,LAGOSANTO,4667
28-09-2026,EMILIA ROMAGNA,FERRARA,038012,MASI TORELLO,2277
28-09-2026,EMILIA ROMAGNA,FERRARA,038014,MESOLA,6250
28-09-2026,EMILIA ROMAGNA,FERRARA,038017,OSTELLATO,5638
28-09-2026,EMILIA ROMAGNA,FERRARA,038018,POGGIO RENATICO,9800
28-09-2026,EMILIA ROMAGNA,FERRARA,038019,PORTOMAGGIORE,12532
28-09-2026,EMILIA ROMAGNA,FERRARA,038029,RIVA DEL PO,7447
28-09-2026,EMILIA ROMAGNA,FERRARA,038028,TERRE DEL RENO,10591
28-09-2026,EMILIA ROMAGNA,FERRARA,038030,TRESIGNANA,6884
28-09-2026,EMILIA ROMAGNA,FERRARA,038022,VIGARANO MAINARDA,7665
28-09-2026,EMILIA ROMAGNA,FERRARA,038023,VOGHIERA,3565
28-09-2026,EMILIA ROMAGNA,FORLI'-CESENA,040001,BAGNO DI ROMAGNA,5570
28-09-2026,EMILIA ROMAGNA,FORLI'-CESENA,040003,BERTINORO,11235
28-09-2026,EMILIA ROMAGNA,FORLI'-CESENA,040004,BORGHI,2916
28-09-2026,EMILIA ROMAGNA,FORLI'-CESENA,040005,CASTROCARO TERME E TERRA DEL SOLE,6546
28-09-2026,EMILIA ROMAGNA,FORLI'-CESENA,040007,CESENA,95723
28-09-2026,EMILIA ROMAGNA,FORLI'-CESENA,040008,CESENATICO,26018
28-09-2026,EMILIA ROMAGNA,FORLI'-CESENA,040009,CIVITELLA DI ROMAGNA,3621
28-09-2026,EMILIA ROMAGNA,FORLI'-CESENA,040011,DOVADOLA,1636
28-09-2026,EMILIA ROMAGNA,FORLI'-CESENA,040013,FORLIMPOPOLI,13174
28-09-2026,EMILIA ROMAGNA,FORLI'-CESENA,040012,FORLÌ,118349
28-09-2026,EMILIA ROMAGNA,FORLI'-CESENA,040014,GALEATA,2610
28-09-2026,EMILIA ROMAGNA,FORLI'-CESENA,040015,GAMBETTOLA,10945
28-09-2026,EMILIA ROMAGNA,FORLI'-CESENA,040016,GATTEO,9495
28-09-2026,EMILIA ROMAGNA,FORLI'-CESENA,040018,LONGIANO,7147
28-09-2026,EMILIA ROMAGNA,FORLI'-CESENA,040019,MELDOLA,10021
28-09-2026,EMILIA ROMAGNA,FORLI'-CESENA,040020,MERCATO SARACENO,6833
28-09-2026,EMILIA ROMAGNA,FORLI'-CESENA,040022,MODIGLIANA,4297
28-09-2026,EMILIA ROMAGNA,FORLI'-CESENA,040028,MONTIANO,1694
28-09-2026,EMILIA ROMAGNA,FORLI'-CESENA,040031,PORTICO E SAN BENEDETTO,707
28-09-2026,EMILIA ROMAGNA,FORLI'-CESENA,040032,PREDAPPIO,6397
28-09-2026,EMILIA ROMAGNA,FORLI'-CESENA,040033,PREMILCUORE,673
28-09-2026,EMILIA ROMAGNA,FORLI'-CESENA,040036,ROCCA SAN CASCIANO,1848
28-09-2026,EMILIA ROMAGNA,FORLI'-CESENA,040037,RONCOFREDDO,3581
28-09-2026,EMILIA ROMAGNA,FORLI'-CESENA,040041,SAN MAURO PASCOLI,12472
28-09-2026,EMILIA ROMAGNA,FORLI'-CESENA,040043,SANTA SOFIA,4041
28-09-2026,EMILIA ROMAGNA,FORLI'-CESENA,040044,SARSINA,3292
28-09-2026,EMILIA ROMAGNA,FORLI'-CESENA,040045,SAVIGNANO SUL RUBICONE,18105
28-09-2026,EMILIA ROMAGNA,FORLI'-CESENA,040046,SOGLIANO AL RUBICONE,3171
28-09-2026,EMILIA ROMAGNA,FORLI'-CESENA,040049,TREDOZIO,1087
28-09-2026,EMILIA ROMAGNA,FORLI'-CESENA,040050,VERGHERETO,1734
28-09-2026,EMILIA ROMAGNA,MODENA,036001,BASTIGLIA,4328
28-09-2026,EMILIA ROMAGNA,MODENA,036002,BOMPORTO,10509
28-09-2026,EMILIA ROMAGNA,MODENA,036003,CAMPOGALLIANO,8537
28-09-2026,EMILIA ROMAGNA,MODENA,036004,CAMPOSANTO,3370
28-09-2026,EMILIA ROMAGNA,MODENA,036005,CARPI,75512
28-09-2026,EMILIA ROMAGNA,MODENA,036006,CASTELFRANCO EMILIA,33763
28-09-2026,EMILIA ROMAGNA,MODENA,036007,CASTELNUOVO RANGONE,15239
28-09-2026,EMILIA ROMAGNA,MODENA,036008,CASTELVETRO DI MODENA,10941
28-09-2026,EMILIA ROMAGNA,MODENA,036009,CAVEZZO,7274
28-09-2026,EMILIA ROMAGNA,MODENA,036010,CONCORDIA SULLA SECCHIA,8662
28-09-2026,EMILIA ROMAGNA,MODENA,036011,FANANO,2991
28-09-2026,EMILIA ROMAGNA,MODENA,036012,FINALE EMILIA,15827
28-09-2026,EMILIA ROMAGNA,MODENA,036013,FIORANO MODENESE,16571
28-09-2026,EMILIA ROMAGNA,MODENA,036014,FIUMALBO,1180
28-09-2026,EMILIA ROMAGNA,MODENA,036015,FORMIGINE,34483
28-09-2026,EMILIA ROMAGNA,MODENA,036016,FRASSINORO,1706
28-09-2026,EMILIA ROMAGNA,MODENA,036017,GUIGLIA,4424
28-09-2026,EMILIA ROMAGNA,MODENA,036018,LAMA MOCOGNO,2721
28-09-2026,EMILIA ROMAGNA,MODENA,036019,MARANELLO,17401
28-09-2026,EMILIA ROMAGNA,MODENA,036020,MARANO SUL PANARO,5401
28-09-2026,EMILIA ROMAGNA,MODENA,036021,MEDOLLA,6586
28-09-2026,EMILIA ROMAGNA,MODENA,036022,MIRANDOLA,25098
28-09-2026,EMILIA ROMAGNA,MODENA,036023,MODENA,183547
28-09-2026,EMILIA ROMAGNA,MODENA,036024,MONTECRETO,951
28-09-2026,EMILIA ROMAGNA,MODENA,036025,MONTEFIORINO,2120
28-09-2026,EMILIA ROMAGNA,MODENA,036026,MONTESE,3405
28-09-2026,EMILIA ROMAGNA,MODENA,036027,NONANTOLA,16467
28-09-2026,EMILIA ROMAGNA,MODENA,036028,NOVI DI MODENA,10653
28-09-2026,EMILIA ROMAGNA,MODENA,036029,PALAGANO,2021
28-09-2026,EMILIA ROMAGNA,MODENA,036030,PAVULLO NEL FRIGNANO,18507
28-09-2026,EMILIA ROMAGNA,MODENA,036031,PIEVEPELAGO,2189
28-09-2026,EMILIA ROMAGNA,MODENA,036032,POLINAGO,1594
28-09-2026,EMILIA ROMAGNA,MODENA,036033,PRIGNANO SULLA SECCHIA,3920
28-09-2026,EMILIA ROMAGNA,MODENA,036034,RAVARINO,6429
28-09-2026,EMILIA ROMAGNA,MODENA,036035,RIOLUNATO,658
28-09-2026,EMILIA ROMAGNA,MODENA,036036,SAN CESARIO SUL PANARO,6729
28-09-2026,EMILIA ROMAGNA,MODENA,036037,SAN FELICE SUL PANARO,11199
28-09-2026,EMILIA ROMAGNA,MODENA,036038,SAN POSSIDONIO,3646
28-09-2026,EMILIA ROMAGNA,MODENA,036039,SAN PROSPERO,6282
28-09-2026,EMILIA ROMAGNA,MODENA,036040,SASSUOLO,41385
28-09-2026,EMILIA ROMAGNA,MODENA,036041,SAVIGNANO SUL PANARO,9589
28-09-2026,EMILIA ROMAGNA,MODENA,036042,SERRAMAZZONI,9070
28-09-2026,EMILIA ROMAGNA,MODENA,036043,SESTOLA,2389
28-09-2026,EMILIA ROMAGNA,MODENA,036044,SOLIERA,15550
28-09-2026,EMILIA ROMAGNA,MODENA,036045,SPILAMBERTO,13045
28-09-2026,EMILIA ROMAGNA,MODENA,036046,VIGNOLA,26384
28-09-2026,EMILIA ROMAGNA,MODENA,036047,ZOCCA,5008
28-09-2026,EMILIA ROMAGNA,PARMA,034001,ALBARETO,2069
28-09-2026,EMILIA ROMAGNA,PARMA,034002,BARDI,1965
28-09-2026,EMILIA ROMAGNA,PARMA,034003,BEDONIA,3154
28-09-2026,EMILIA ROMAGNA,PARMA,034004,BERCETO,1938
28-09-2026,EMILIA ROMAGNA,PARMA,034005,BORE,621
28-09-2026,EMILIA ROMAGNA,PARMA,034006,BORGO VAL DI TARO,6764
28-09-2026,EMILIA ROMAGNA,PARMA,034007,BUSSETO,6946
28-09-2026,EMILIA ROMAGNA,PARMA,034008,CALESTANO,2193
28-09-2026,EMILIA ROMAGNA,PARMA,034009,COLLECCHIO,14842
28-09-2026,EMILIA ROMAGNA,PARMA,034010,COLORNO,9168
28-09-2026,EMILIA ROMAGNA,PARMA,034011,COMPIANO,1044
28-09-2026,EMILIA ROMAGNA,PARMA,034012,CORNIGLIO,1774
28-09-2026,EMILIA ROMAGNA,PARMA,034013,FELINO,9292
28-09-2026,EMILIA ROMAGNA,PARMA,034014,FIDENZA,27740
28-09-2026,EMILIA ROMAGNA,PARMA,034015,FONTANELLATO,7187
28-09-2026,EMILIA ROMAGNA,PARMA,034016,FONTEVIVO,5572
28-09-2026,EMILIA ROMAGNA,PARMA,034017,FORNOVO DI TARO,6176
28-09-2026,EMILIA ROMAGNA,PARMA,034018,LANGHIRANO,11153
28-09-2026,EMILIA ROMAGNA,PARMA,034019,LESIGNANO DE' BAGNI,5147
28-09-2026,EMILIA ROMAGNA,PARMA,034020,MEDESANO,10789
28-09-2026,EMILIA ROMAGNA,PARMA,034022,MONCHIO DELLE CORTI,813
28-09-2026,EMILIA ROMAGNA,PARMA,034023,MONTECHIARUGOLO,11515
28-09-2026,EMILIA ROMAGNA,PARMA,034024,NEVIANO DEGLI ARDUINI,3483
28-09-2026,EMILIA ROMAGNA,PARMA,034025,NOCETO,13487
28-09-2026,EMILIA ROMAGNA,PARMA,034026,PALANZANO,1024
28-09-2026,EMILIA ROMAGNA,PARMA,034027,PARMA,203307
28-09-2026,EMILIA ROMAGNA,PARMA,034028,PELLEGRINO PARMENSE,963
28-09-2026,EMILIA ROMAGNA,PARMA,034050,POLESINE ZIBELLO,3182
28-09-2026,EMILIA ROMAGNA,PARMA,034030,ROCCABIANCA,2950
28-09-2026,EMILIA ROMAGNA,PARMA,034031,SALA BAGANZA,6084
28-09-2026,EMILIA ROMAGNA,PARMA,034032,SALSOMAGGIORE TERME,20933
28-09-2026,EMILIA ROMAGNA,PARMA,034033,SAN SECONDO PARMENSE,5932
28-09-2026,EMILIA ROMAGNA,PARMA,034049,SISSA TRECASALI,8033
28-09-2026,EMILIA ROMAGNA,PARMA,034035,SOLIGNANO,1668
28-09-2026,EMILIA ROMAGNA,PARMA,034036,SORAGNA,4829
28-09-2026,EMILIA ROMAGNA,PARMA,034051,SORBOLO MEZZANI,13255
28-09-2026,EMILIA ROMAGNA,PARMA,034038,TERENZO,1147
28-09-2026,EMILIA ROMAGNA,PARMA,034039,TIZZANO VAL PARMA,2248
28-09-2026,EMILIA ROMAGNA,PARMA,034040,TORNOLO,852
28-09-2026,EMILIA ROMAGNA,PARMA,034041,TORRILE,7756
28-09-2026,EMILIA ROMAGNA,PARMA,034042,TRAVERSETOLO,9789
28-09-2026,EMILIA ROMAGNA,PARMA,034044,VALMOZZOLA,505
28-09-2026,EMILIA ROMAGNA,PARMA,034045,VARANO DE' MELEGARI,2591
28-09-2026,EMILIA ROMAGNA,PARMA,034046,VARSI,1154
28-09-2026,EMILIA ROMAGNA,PIACENZA,033001,AGAZZANO,2084
28-09-2026,EMILIA ROMAGNA,PIACENZA,033002,ALSENO,4801
28-09-2026,EMILIA ROMAGNA,PIACENZA,033049,ALTA VAL TIDONE,2902
28-09-2026,EMILIA ROMAGNA,PIACENZA,033003,BESENZONE,936
28-09-2026,EMILIA ROMAGNA,PIACENZA,033004,BETTOLA,2633
28-09-2026,EMILIA ROMAGNA,PIACENZA,033005,BOBBIO,3380
28-09-2026,EMILIA ROMAGNA,PIACENZA,033006,BORGONOVO VAL TIDONE,8427
28-09-2026,EMILIA ROMAGNA,PIACENZA,033007,CADEO,6174
28-09-2026,EMILIA ROMAGNA,PIACENZA,033008,CALENDASCO,2482
28-09-2026,EMILIA ROMAGNA,PIACENZA,033010,CAORSO,4814
28-09-2026,EMILIA ROMAGNA,PIACENZA,033011,CARPANETO PIACENTINO,7836
28-09-2026,EMILIA ROMAGNA,PIACENZA,033013,CASTEL SAN GIOVANNI,14466
28-09-2026,EMILIA ROMAGNA,PIACENZA,033012,CASTELL'ARQUATO,4724
28-09-2026,EMILIA ROMAGNA,PIACENZA,033014,CASTELVETRO PIACENTINO,5446
28-09-2026,EMILIA ROMAGNA,PIACENZA,033015,CERIGNALE,110
28-09-2026,EMILIA ROMAGNA,PIACENZA,033016,COLI,868
28-09-2026,EMILIA ROMAGNA,PIACENZA,033017,CORTE BRUGNATELLA,479
28-09-2026,EMILIA ROMAGNA,PIACENZA,033018,CORTEMAGGIORE,4847
28-09-2026,EMILIA ROMAGNA,PIACENZA,033019,FARINI,1040
28-09-2026,EMILIA ROMAGNA,PIACENZA,033020,FERRIERE,1082
28-09-2026,EMILIA ROMAGNA,PIACENZA,033021,FIORENZUOLA D'ARDA,15077
28-09-2026,EMILIA ROMAGNA,PIACENZA,033022,GAZZOLA,2216
28-09-2026,EMILIA ROMAGNA,PIACENZA,033023,GOSSOLENGO,5722
28-09-2026,EMILIA ROMAGNA,PIACENZA,033024,GRAGNANO TREBBIENSE,4498
28-09-2026,EMILIA ROMAGNA,PIACENZA,033025,GROPPARELLO,2234
28-09-2026,EMILIA ROMAGNA,PIACENZA,033026,LUGAGNANO VAL D'ARDA,3950
28-09-2026,EMILIA ROMAGNA,PIACENZA,033027,MONTICELLI D'ONGINA,5215
28-09-2026,EMILIA ROMAGNA,PIACENZA,033028,MORFASSO,862
28-09-2026,EMILIA ROMAGNA,PIACENZA,033030,OTTONE,392
28-09-2026,EMILIA ROMAGNA,PIACENZA,033032,PIACENZA,104744
28-09-2026,EMILIA ROMAGNA,PIACENZA,033033,PIANELLO VAL TIDONE,2211
28-09-2026,EMILIA ROMAGNA,PIACENZA,033034,PIOZZANO,584
28-09-2026,EMILIA ROMAGNA,PIACENZA,033035,PODENZANO,9037
28-09-2026,EMILIA ROMAGNA,PIACENZA,033036,PONTE DELL'OLIO,4699
28-09-2026,EMILIA ROMAGNA,PIACENZA,033037,PONTENURE,6769
28-09-2026,EMILIA ROMAGNA,PIACENZA,033038,RIVERGARO,7200
28-09-2026,EMILIA ROMAGNA,PIACENZA,033039,ROTTOFRENO,12446
28-09-2026,EMILIA ROMAGNA,PIACENZA,033040,SAN GIORGIO PIACENTINO,5585
28-09-2026,EMILIA ROMAGNA,PIACENZA,033041,SAN PIETRO IN CERRO,745
28-09-2026,EMILIA ROMAGNA,PIACENZA,033042,SARMATO,3119
28-09-2026,EMILIA ROMAGNA,PIACENZA,033043,TRAVO,2203
28-09-2026,EMILIA ROMAGNA,PIACENZA,033044,VERNASCA,2057
28-09-2026,EMILIA ROMAGNA,PIACENZA,033045,VIGOLZONE,4322
28-09-2026,EMILIA ROMAGNA,PIACENZA,033046,VILLANOVA SULL'ARDA,1637
28-09-2026,EMILIA ROMAGNA,PIACENZA,033047,ZERBA,64
28-09-2026,EMILIA ROMAGNA,PIACENZA,033048,ZIANO PIACENTINO,2564
28-09-2026,EMILIA ROMAGNA,RAVENNA,039001,ALFONSINE,11695
28-09-2026,EMILIA ROMAGNA,RAVENNA,039002,BAGNACAVALLO,16526
28-09-2026,EMILIA ROMAGNA,RAVENNA,039003,BAGNARA DI ROMAGNA,2315
28-09-2026,EMILIA ROMAGNA,RAVENNA,039004,BRISIGHELLA,7207
28-09-2026,EMILIA ROMAGNA,RAVENNA,039005,CASOLA VALSENIO,2468
28-09-2026,EMILIA ROMAGNA,RAVENNA,039006,CASTEL BOLOGNESE,9526
28-09-2026,EMILIA ROMAGNA,RAVENNA,039007,CERVIA,28954
28-09-2026,EMILIA ROMAGNA,RAVENNA,039008,CONSELICE,9856
28-09-2026,EMILIA ROMAGNA,RAVENNA,039009,COTIGNOLA,7302
28-09-2026,EMILIA ROMAGNA,RAVENNA,039010,FAENZA,58640
28-09-2026,EMILIA ROMAGNA,RAVENNA,039011,FUSIGNANO,8275
28-09-2026,EMILIA ROMAGNA,RAVENNA,039012,LUGO,32493
28-09-2026,EMILIA ROMAGNA,RAVENNA,039013,MASSA LOMBARDA,10850
28-09-2026,EMILIA ROMAGNA,RAVENNA,039014,RAVENNA,156954
28-09-2026,EMILIA ROMAGNA,RAVENNA,039015,RIOLO TERME,5753
28-09-2026,EMILIA ROMAGNA,RAVENNA,039016,RUSSI,12349
28-09-2026,EMILIA ROMAGNA,RAVENNA,039017,SANT'AGATA SUL SANTERNO,2835
28-09-2026,EMILIA ROMAGNA,RAVENNA,039018,SOLAROLO,4483
28-09-2026,EMILIA ROMAGNA,REGGIO NELL'EMILIA,035001,ALBINEA,8990
28-09-2026,EMILIA ROMAGNA,REGGIO NELL'EMILIA,035002,BAGNOLO IN PIANO,9671
28-09-2026,EMILIA ROMAGNA,REGGIO NELL'EMILIA,035003,BAISO,3301
28-09-2026,EMILIA ROMAGNA,REGGIO NELL'EMILIA,035004,BIBBIANO,10292
28-09-2026,EMILIA ROMAGNA,REGGIO NELL'EMILIA,035005,BORETTO,5540
28-09-2026,EMILIA ROMAGNA,REGGIO NELL'EMILIA,035006,BRESCELLO,5595
28-09-2026,EMILIA ROMAGNA,REGGIO NELL'EMILIA,035008,CADELBOSCO DI SOPRA,10812
28-09-2026,EMILIA ROMAGNA,REGGIO NELL'EMILIA,035009,CAMPAGNOLA EMILIA,5621
28-09-2026,EMILIA ROMAGNA,REGGIO NELL'EMILIA,035010,CAMPEGINE,5532
28-09-2026,EMILIA ROMAGNA,REGGIO NELL'EMILIA,035018,CANOSSA,3828
28-09-2026,EMILIA ROMAGNA,REGGIO NELL'EMILIA,035011,CARPINETI,3912
28-09-2026,EMILIA ROMAGNA,REGGIO NELL'EMILIA,035012,CASALGRANDE,19040
28-09-2026,EMILIA ROMAGNA,REGGIO NELL'EMILIA,035013,CASINA,4651
28-09-2026,EMILIA ROMAGNA,REGGIO NELL'EMILIA,035014,CASTELLARANO,15129
28-09-2026,EMILIA ROMAGNA,REGGIO NELL'EMILIA,035015,CASTELNOVO DI SOTTO,8883
28-09-2026,EMILIA ROMAGNA,REGGIO NELL'EMILIA,035016,CASTELNOVO NE' MONTI,10366
28-09-2026,EMILIA ROMAGNA,REGGIO NELL'EMILIA,035017,CAVRIAGO,10011
28-09-2026,EMILIA ROMAGNA,REGGIO NELL'EMILIA,035020,CORREGGIO,25265
28-09-2026,EMILIA ROMAGNA,REGGIO NELL'EMILIA,035021,FABBRICO,7026
28-09-2026,EMILIA ROMAGNA,REGGIO NELL'EMILIA,035022,GATTATICO,5860
28-09-2026,EMILIA ROMAGNA,REGGIO NELL'EMILIA,035023,GUALTIERI,6389
28-09-2026,EMILIA ROMAGNA,REGGIO NELL'EMILIA,035024,GUASTALLA,14645
28-09-2026,EMILIA ROMAGNA,REGGIO NELL'EMILIA,035026,LUZZARA,8687
28-09-2026,EMILIA ROMAGNA,REGGIO NELL'EMILIA,035027,MONTECCHIO EMILIA,10469
28-09-2026,EMILIA ROMAGNA,REGGIO NELL'EMILIA,035028,NOVELLARA,13434
28-09-2026,EMILIA ROMAGNA,REGGIO NELL'EMILIA,035029,POVIGLIO,7304
28-09-2026,EMILIA ROMAGNA,REGGIO NELL'EMILIA,035030,QUATTRO CASTELLA,13213
28-09-2026,EMILIA ROMAGNA,REGGIO NELL'EMILIA,035033,REGGIO NELL'EMILIA,172360
28-09-2026,EMILIA ROMAGNA,REGGIO NELL'EMILIA,035032,REGGIOLO,9392
28-09-2026,EMILIA ROMAGNA,REGGIO NELL'EMILIA,035034,RIO SALICETO,6133
28-09-2026,EMILIA ROMAGNA,REGGIO NELL'EMILIA,035035,ROLO,4088
28-09-2026,EMILIA ROMAGNA,REGGIO NELL'EMILIA,035036,RUBIERA,14562
28-09-2026,EMILIA ROMAGNA,REGGIO NELL'EMILIA,035037,SAN MARTINO IN RIO,8281
28-09-2026,EMILIA ROMAGNA,REGGIO NELL'EMILIA,035038,SAN POLO D'ENZA,6170
28-09-2026,EMILIA ROMAGNA,REGGIO NELL'EMILIA,035039,SANT'ILARIO D'ENZA,11423
28-09-2026,EMILIA ROMAGNA,REGGIO NELL'EMILIA,035040,SCANDIANO,26091
28-09-2026,EMILIA ROMAGNA,REGGIO NELL'EMILIA,035041,TOANO,4247
28-09-2026,EMILIA ROMAGNA,REGGIO NELL'EMILIA,035046,VENTASSO,3847
28-09-2026,EMILIA ROMAGNA,REGGIO NELL'EMILIA,035042,VETTO,1811
28-09-2026,EMILIA ROMAGNA,REGGIO NELL'EMILIA,035043,VEZZANO SUL CROSTOLO,4452
28-09-2026,EMILIA ROMAGNA,REGGIO NELL'EMILIA,035044,VIANO,3470
28-09-2026,EMILIA ROMAGNA,REGGIO NELL'EMILIA,035045,VILLA MINOZZO,3566
28-09-2026,EMILIA ROMAGNA,RIMINI,099001,BELLARIA-IGEA MARINA,19526
28-09-2026,EMILIA ROMAGNA,RIMINI,099021,CASTELDELCI,352
28-09-2026,EMILIA ROMAGNA,RIMINI,099002,CATTOLICA,16749
28-09-2026,EMILIA ROMAGNA,RIMINI,099003,CORIANO,10478
28-09-2026,EMILIA ROMAGNA,RIMINI,099004,GEMMANO,1183
28-09-2026,EMILIA ROMAGNA,RIMINI,099022,MAIOLO,780
28-09-2026,EMILIA ROMAGNA,RIMINI,099005,MISANO ADRIATICO,14192
28-09-2026,EMILIA ROMAGNA,RIMINI,099006,MONDAINO,1378
28-09-2026,EMILIA ROMAGNA,RIMINI,099030,MONTECOPIOLO,1036
28-09-2026,EMILIA ROMAGNA,RIMINI,099008,MONTEFIORE CONCA,2332
28-09-2026,EMILIA ROMAGNA,RIMINI,099009,MONTEGRIDOLFO,1038
28-09-2026,EMILIA ROMAGNA,RIMINI,099029,MONTESCUDO-MONTE COLOMBO,7095
28-09-2026,EMILIA ROMAGNA,RIMINI,099011,MORCIANO DI ROMAGNA,7299
28-09-2026,EMILIA ROMAGNA,RIMINI,099023,NOVAFELTRIA,7113
28-09-2026,EMILIA ROMAGNA,RIMINI,099024,PENNABILLI,2716
28-09-2026,EMILIA ROMAGNA,RIMINI,099028,POGGIO TORRIANA,5091
28-09-2026,EMILIA ROMAGNA,RIMINI,099013,RICCIONE,34196
28-09-2026,EMILIA ROMAGNA,RIMINI,099014,RIMINI,150914
28-09-2026,EMILIA ROMAGNA,RIMINI,099015,SALUDECIO,3313
28-09-2026,EMILIA ROMAGNA,RIMINI,099016,SAN CLEMENTE,5800
28-09-2026,EMILIA ROMAGNA,RIMINI,099017,SAN GIOVANNI IN MARIGNANO,9397
28-09-2026,EMILIA ROMAGNA,RIMINI,099025,SAN LEO,2936
28-09-2026,EMILIA ROMAGNA,RIMINI,099026,SANT'AGATA FELTRIA,1966
28-09-2026,EMILIA ROMAGNA,RIMINI,099018,SANTARCANGELO DI ROMAGNA,22378
28-09-2026,EMILIA ROMAGNA,RIMINI,099031,SASSOFELTRIO,1397
28-09-2026,EMILIA ROMAGNA,RIMINI,099027,TALAMELLO,1079
28-09-2026,EMILIA ROMAGNA,RIMINI,099020,VERUCCHIO,10064
28-09-2026,FRIULI VENEZIA GIULIA,GORIZIA,031001,CAPRIVA DEL FRIULI,1576
28-09-2026,FRIULI VENEZIA GIULIA,GORIZIA,031002,CORMONS,6934
28-09-2026,FRIULI VENEZIA GIULIA,GORIZIA,031003,DOBERDÒ DEL LAGO-DOBERDOB,1278
28-09-2026,FRIULI VENEZIA GIULIA,GORIZIA,031004,DOLEGNA DEL COLLIO,284
28-09-2026,FRIULI VENEZIA GIULIA,GORIZIA,031005,FARRA D'ISONZO,1649
28-09-2026,FRIULI VENEZIA GIULIA,GORIZIA,031006,FOGLIANO REDIPUGLIA,2980
28-09-2026,FRIULI VENEZIA GIULIA,GORIZIA,031007,GORIZIA,33613
28-09-2026,FRIULI VENEZIA GIULIA,GORIZIA,031008,GRADISCA D'ISONZO,6504
28-09-2026,FRIULI VENEZIA GIULIA,GORIZIA,031009,GRADO,7482
28-09-2026,FRIULI VENEZIA GIULIA,GORIZIA,031010,MARIANO DEL FRIULI,1483
28-09-2026,FRIULI VENEZIA GIULIA,GORIZIA,031011,MEDEA,958
28-09-2026,FRIULI VENEZIA GIULIA,GORIZIA,031012,MONFALCONE,31386
28-09-2026,FRIULI VENEZIA GIULIA,GORIZIA,031013,MORARO,712
28-09-2026,FRIULI VENEZIA GIULIA,GORIZIA,031014,MOSSA,1503
28-09-2026,FRIULI VENEZIA GIULIA,GORIZIA,031015,ROMANS D'ISONZO,3523
28-09-2026,FRIULI VENEZIA GIULIA,GORIZIA,031016,RONCHI DEI LEGIONARI,11894
28-09-2026,FRIULI VENEZIA GIULIA,GORIZIA,031017,SAGRADO,2131
28-09-2026,FRIULI VENEZIA GIULIA,GORIZIA,031018,SAN CANZIAN D'ISONZO,6042
28-09-2026,FRIULI VENEZIA GIULIA,GORIZIA,031019,SAN FLORIANO DEL COLLIO-¿TEVERJAN,708
28-09-2026,FRIULI VENEZIA GIULIA,GORIZIA,031020,SAN LORENZO ISONTINO,1501
28-09-2026,FRIULI VENEZIA GIULIA,GORIZIA,031021,SAN PIER D'ISONZO,1884
28-09-2026,FRIULI VENEZIA GIULIA,GORIZIA,031022,SAVOGNA D'ISONZO-SOVODNJE OB SO¿I,1646
28-09-2026,FRIULI VENEZIA GIULIA,GORIZIA,031023,STARANZANO,7139
28-09-2026,FRIULI VENEZIA GIULIA,GORIZIA,031024,TURRIACO,2790
28-09-2026,FRIULI VENEZIA GIULIA,GORIZIA,031025,VILLESSE,1658
28-09-2026,FRIULI VENEZIA GIULIA,PORDENONE,093001,ANDREIS,246
28-09-2026,FRIULI VENEZIA GIULIA,PORDENONE,093002,ARBA,1358
28-09-2026,FRIULI VENEZIA GIULIA,PORDENONE,093004,AVIANO,8986
28-09-2026,FRIULI VENEZIA GIULIA,PORDENONE,093005,AZZANO DECIMO,15801
28-09-2026,FRIULI VENEZIA GIULIA,PORDENONE,093006,BARCIS,224
28-09-2026,FRIULI VENEZIA GIULIA,PORDENONE,093007,BRUGNERA,9303
28-09-2026,FRIULI VENEZIA GIULIA,PORDENONE,093008,BUDOIA,2599
28-09-2026,FRIULI VENEZIA GIULIA,PORDENONE,093009,CANEVA,6213
28-09-2026,FRIULI VENEZIA GIULIA,PORDENONE,093010,CASARSA DELLA DELIZIA,8333
28-09-2026,FRIULI VENEZIA GIULIA,PORDENONE,093011,CASTELNOVO DEL FRIULI,809
28-09-2026,FRIULI VENEZIA GIULIA,PORDENONE,093012,CAVASSO NUOVO,1516
28-09-2026,FRIULI VENEZIA GIULIA,PORDENONE,093013,CHIONS,5009
28-09-2026,FRIULI VENEZIA GIULIA,PORDENONE,093014,CIMOLAIS,338
28-09-2026,FRIULI VENEZIA GIULIA,PORDENONE,093015,CLAUT,844
28-09-2026,FRIULI VENEZIA GIULIA,PORDENONE,093016,CLAUZETTO,394
28-09-2026,FRIULI VENEZIA GIULIA,PORDENONE,093017,CORDENONS,17652
28-09-2026,FRIULI VENEZIA GIULIA,PORDENONE,093018,CORDOVADO,2665
28-09-2026,FRIULI VENEZIA GIULIA,PORDENONE,093019,ERTO E CASSO,368
28-09-2026,FRIULI VENEZIA GIULIA,PORDENONE,093020,FANNA,1508
28-09-2026,FRIULI VENEZIA GIULIA,PORDENONE,093021,FIUME VENETO,11855
28-09-2026,FRIULI VENEZIA GIULIA,PORDENONE,093022,FONTANAFREDDA,12963
28-09-2026,FRIULI VENEZIA GIULIA,PORDENONE,093024,FRISANCO,610
28-09-2026,FRIULI VENEZIA GIULIA,PORDENONE,093025,MANIAGO,11494
28-09-2026,FRIULI VENEZIA GIULIA,PORDENONE,093026,MEDUNO,1499
28-09-2026,FRIULI VENEZIA GIULIA,PORDENONE,093027,MONTEREALE VALCELLINA,4191
28-09-2026,FRIULI VENEZIA GIULIA,PORDENONE,093028,MORSANO AL TAGLIAMENTO,2741
28-09-2026,FRIULI VENEZIA GIULIA,PORDENONE,093029,PASIANO DI PORDENONE,7971
28-09-2026,FRIULI VENEZIA GIULIA,PORDENONE,093030,PINZANO AL TAGLIAMENTO,1514
28-09-2026,FRIULI VENEZIA GIULIA,PORDENONE,093031,POLCENIGO,3112
28-09-2026,FRIULI VENEZIA GIULIA,PORDENONE,093032,PORCIA,14865
28-09-2026,FRIULI VENEZIA GIULIA,PORDENONE,093033,PORDENONE,52798
28-09-2026,FRIULI VENEZIA GIULIA,PORDENONE,093034,PRATA DI PORDENONE,8335
28-09-2026,FRIULI VENEZIA GIULIA,PORDENONE,093035,PRAVISDOMINI,3481
28-09-2026,FRIULI VENEZIA GIULIA,PORDENONE,093036,ROVEREDO IN PIANO,5790
28-09-2026,FRIULI VENEZIA GIULIA,PORDENONE,093037,SACILE,20010
28-09-2026,FRIULI VENEZIA GIULIA,PORDENONE,093038,SAN GIORGIO DELLA RICHINVELDA,4544
28-09-2026,FRIULI VENEZIA GIULIA,PORDENONE,093039,SAN MARTINO AL TAGLIAMENTO,1449
28-09-2026,FRIULI VENEZIA GIULIA,PORDENONE,093040,SAN QUIRINO,4335
28-09-2026,FRIULI VENEZIA GIULIA,PORDENONE,093041,SAN VITO AL TAGLIAMENTO,15306
28-09-2026,FRIULI VENEZIA GIULIA,PORDENONE,093042,SEQUALS,2235
28-09-2026,FRIULI VENEZIA GIULIA,PORDENONE,093043,SESTO AL REGHENA,6295
28-09-2026,FRIULI VENEZIA GIULIA,PORDENONE,093044,SPILIMBERGO,11854
28-09-2026,FRIULI VENEZIA GIULIA,PORDENONE,093045,TRAMONTI DI SOPRA,266
28-09-2026,FRIULI VENEZIA GIULIA,PORDENONE,093046,TRAMONTI DI SOTTO,325
28-09-2026,FRIULI VENEZIA GIULIA,PORDENONE,093047,TRAVESIO,1826
28-09-2026,FRIULI VENEZIA GIULIA,PORDENONE,093052,VAJONT,1616
28-09-2026,FRIULI VENEZIA GIULIA,PORDENONE,093053,VALVASONE ARZENE,4003
28-09-2026,FRIULI VENEZIA GIULIA,PORDENONE,093049,VITO D'ASIO,711
28-09-2026,FRIULI VENEZIA GIULIA,PORDENONE,093050,VIVARO,1345
28-09-2026,FRIULI VENEZIA GIULIA,PORDENONE,093051,ZOPPOLA,8436
28-09-2026,FRIULI VENEZIA GIULIA,TRIESTE,032001,DUINO AURISINA-DEVIN NABRE¿INA,8153
28-09-2026,FRIULI VENEZIA GIULIA,TRIESTE,032002,MONRUPINO-REPENTABOR,834
28-09-2026,FRIULI VENEZIA GIULIA,TRIESTE,032003,MUGGIA,12644
28-09-2026,FRIULI VENEZIA GIULIA,TRIESTE,032004,SAN DORLIGO DELLA VALLE-DOLINA,5601
28-09-2026,FRIULI VENEZIA GIULIA,TRIESTE,032005,SGONICO-ZGONIK,1956
28-09-2026,FRIULI VENEZIA GIULIA,TRIESTE,032006,TRIESTE,200215
28-09-2026,FRIULI VENEZIA GIULIA,UDINE,030001,AIELLO DEL FRIULI,2093
28-09-2026,FRIULI VENEZIA GIULIA,UDINE,030002,AMARO,858
28-09-2026,FRIULI VENEZIA GIULIA,UDINE,030003,AMPEZZO,873
28-09-2026,FRIULI VENEZIA GIULIA,UDINE,030004,AQUILEIA,3100
28-09-2026,FRIULI VENEZIA GIULIA,UDINE,030005,ARTA TERME,1985
28-09-2026,FRIULI VENEZIA GIULIA,UDINE,030006,ARTEGNA,2880
28-09-2026,FRIULI VENEZIA GIULIA,UDINE,030007,ATTIMIS,1673
28-09-2026,FRIULI VENEZIA GIULIA,UDINE,030008,BAGNARIA ARSA,3409
28-09-2026,FRIULI VENEZIA GIULIA,UDINE,030009,BASILIANO,5128
28-09-2026,FRIULI VENEZIA GIULIA,UDINE,030010,BERTIOLO,2336
28-09-2026,FRIULI VENEZIA GIULIA,UDINE,030011,BICINICCO,1744
28-09-2026,FRIULI VENEZIA GIULIA,UDINE,030012,BORDANO,687
28-09-2026,FRIULI VENEZIA GIULIA,UDINE,030013,BUJA,6300
28-09-2026,FRIULI VENEZIA GIULIA,UDINE,030014,BUTTRIO,3899
28-09-2026,FRIULI VENEZIA GIULIA,UDINE,030015,CAMINO AL TAGLIAMENTO,1511
28-09-2026,FRIULI VENEZIA GIULIA,UDINE,030016,CAMPOFORMIDO,7845
28-09-2026,FRIULI VENEZIA GIULIA,UDINE,030138,CAMPOLONGO TAPOGLIANO,1077
28-09-2026,FRIULI VENEZIA GIULIA,UDINE,030018,CARLINO,2587
28-09-2026,FRIULI VENEZIA GIULIA,UDINE,030019,CASSACCO,2790
28-09-2026,FRIULI VENEZIA GIULIA,UDINE,030020,CASTIONS DI STRADA,3663
28-09-2026,FRIULI VENEZIA GIULIA,UDINE,030021,CAVAZZO CARNICO,966
28-09-2026,FRIULI VENEZIA GIULIA,UDINE,030022,CERCIVENTO,603
28-09-2026,FRIULI VENEZIA GIULIA,UDINE,030023,CERVIGNANO DEL FRIULI,13827
28-09-2026,FRIULI VENEZIA GIULIA,UDINE,030024,CHIOPRIS-VISCONE,710
28-09-2026,FRIULI VENEZIA GIULIA,UDINE,030025,CHIUSAFORTE,582
28-09-2026,FRIULI VENEZIA GIULIA,UDINE,030026,CIVIDALE DEL FRIULI,10752
28-09-2026,FRIULI VENEZIA GIULIA,UDINE,030027,CODROIPO,15712
28-09-2026,FRIULI VENEZIA GIULIA,UDINE,030028,COLLOREDO DI MONTE ALBANO,2180
28-09-2026,FRIULI VENEZIA GIULIA,UDINE,030029,COMEGLIANS,422
28-09-2026,FRIULI VENEZIA GIULIA,UDINE,030030,CORNO DI ROSAZZO,3082
28-09-2026,FRIULI VENEZIA GIULIA,UDINE,030031,COSEANO,1945
28-09-2026,FRIULI VENEZIA GIULIA,UDINE,030032,DIGNANO,2212
28-09-2026,FRIULI VENEZIA GIULIA,UDINE,030033,DOGNA,143
28-09-2026,FRIULI VENEZIA GIULIA,UDINE,030034,DRENCHIA,87
28-09-2026,FRIULI VENEZIA GIULIA,UDINE,030035,ENEMONZO,1237
28-09-2026,FRIULI VENEZIA GIULIA,UDINE,030036,FAEDIS,2742
28-09-2026,FRIULI VENEZIA GIULIA,UDINE,030037,FAGAGNA,6096
28-09-2026,FRIULI VENEZIA GIULIA,UDINE,030190,FIUMICELLO VILLA VICENTINA,6227
28-09-2026,FRIULI VENEZIA GIULIA,UDINE,030039,FLAIBANO,1127
28-09-2026,FRIULI VENEZIA GIULIA,UDINE,030137,FORGARIA NEL FRIULI,1671
28-09-2026,FRIULI VENEZIA GIULIA,UDINE,030040,FORNI AVOLTRI,500
28-09-2026,FRIULI VENEZIA GIULIA,UDINE,030041,FORNI DI SOPRA,878
28-09-2026,FRIULI VENEZIA GIULIA,UDINE,030042,FORNI DI SOTTO,518
28-09-2026,FRIULI VENEZIA GIULIA,UDINE,030043,GEMONA DEL FRIULI,10414
28-09-2026,FRIULI VENEZIA GIULIA,UDINE,030044,GONARS,4590
28-09-2026,FRIULI VENEZIA GIULIA,UDINE,030045,GRIMACCO,295
28-09-2026,FRIULI VENEZIA GIULIA,UDINE,030046,LATISANA,13212
28-09-2026,FRIULI VENEZIA GIULIA,UDINE,030047,LAUCO,611
28-09-2026,FRIULI VENEZIA GIULIA,UDINE,030048,LESTIZZA,3552
28-09-2026,FRIULI VENEZIA GIULIA,UDINE,030049,LIGNANO SABBIADORO,7062
28-09-2026,FRIULI VENEZIA GIULIA,UDINE,030051,LUSEVERA,607
28-09-2026,FRIULI VENEZIA GIULIA,UDINE,030052,MAGNANO IN RIVIERA,2260
28-09-2026,FRIULI VENEZIA GIULIA,UDINE,030053,MAJANO,5745
28-09-2026,FRIULI VENEZIA GIULIA,UDINE,030054,MALBORGHETTO VALBRUNA,888
28-09-2026,FRIULI VENEZIA GIULIA,UDINE,030055,MANZANO,6225
28-09-2026,FRIULI VENEZIA GIULIA,UDINE,030056,MARANO LAGUNARE,1657
28-09-2026,FRIULI VENEZIA GIULIA,UDINE,030057,MARTIGNACCO,6887
28-09-2026,FRIULI VENEZIA GIULIA,UDINE,030058,MERETO DI TOMBA,2481
28-09-2026,FRIULI VENEZIA GIULIA,UDINE,030059,MOGGIO UDINESE,1586
28-09-2026,FRIULI VENEZIA GIULIA,UDINE,030060,MOIMACCO,1550
28-09-2026,FRIULI VENEZIA GIULIA,UDINE,030061,MONTENARS,511
28-09-2026,FRIULI VENEZIA GIULIA,UDINE,030062,MORTEGLIANO,4828
28-09-2026,FRIULI VENEZIA GIULIA,UDINE,030063,MORUZZO,2365
28-09-2026,FRIULI VENEZIA GIULIA,UDINE,030064,MUZZANA DEL TURGNANO,2313
28-09-2026,FRIULI VENEZIA GIULIA,UDINE,030065,NIMIS,2657
28-09-2026,FRIULI VENEZIA GIULIA,UDINE,030066,OSOPPO,2832
28-09-2026,FRIULI VENEZIA GIULIA,UDINE,030067,OVARO,1701
28-09-2026,FRIULI VENEZIA GIULIA,UDINE,030068,PAGNACCO,5059
28-09-2026,FRIULI VENEZIA GIULIA,UDINE,030069,PALAZZOLO DELLO STELLA,2888
28-09-2026,FRIULI VENEZIA GIULIA,UDINE,030070,PALMANOVA,5287
28-09-2026,FRIULI VENEZIA GIULIA,UDINE,030071,PALUZZA,1898
28-09-2026,FRIULI VENEZIA GIULIA,UDINE,030072,PASIAN DI PRATO,9266
28-09-2026,FRIULI VENEZIA GIULIA,UDINE,030073,PAULARO,2248
28-09-2026,FRIULI VENEZIA GIULIA,UDINE,030074,PAVIA DI UDINE,5403
28-09-2026,FRIULI VENEZIA GIULIA,UDINE,030075,POCENIA,2302
28-09-2026,FRIULI VENEZIA GIULIA,UDINE,030076,PONTEBBA,1279
28-09-2026,FRIULI VENEZIA GIULIA,UDINE,030077,PORPETTO,2403
28-09-2026,FRIULI VENEZIA GIULIA,UDINE,030078,POVOLETTO,5366
28-09-2026,FRIULI VENEZIA GIULIA,UDINE,030079,POZZUOLO DEL FRIULI,6887
28-09-2026,FRIULI VENEZIA GIULIA,UDINE,030080,PRADAMANO,3570
28-09-2026,FRIULI VENEZIA GIULIA,UDINE,030081,PRATO CARNICO,774
28-09-2026,FRIULI VENEZIA GIULIA,UDINE,030082,PRECENICCO,1443
28-09-2026,FRIULI VENEZIA GIULIA,UDINE,030083,PREMARIACCO,3903
28-09-2026,FRIULI VENEZIA GIULIA,UDINE,030084,PREONE,240
28-09-2026,FRIULI VENEZIA GIULIA,UDINE,030085,PREPOTTO,680
28-09-2026,FRIULI VENEZIA GIULIA,UDINE,030086,PULFERO,829
28-09-2026,FRIULI VENEZIA GIULIA,UDINE,030087,RAGOGNA,2853
28-09-2026,FRIULI VENEZIA GIULIA,UDINE,030088,RAVASCLETTO,500
28-09-2026,FRIULI VENEZIA GIULIA,UDINE,030089,RAVEO,426
28-09-2026,FRIULI VENEZIA GIULIA,UDINE,030090,REANA DEL ROJALE,4741
28-09-2026,FRIULI VENEZIA GIULIA,UDINE,030091,REMANZACCO,5887
28-09-2026,FRIULI VENEZIA GIULIA,UDINE,030092,RESIA,899
28-09-2026,FRIULI VENEZIA GIULIA,UDINE,030093,RESIUTTA,267
28-09-2026,FRIULI VENEZIA GIULIA,UDINE,030094,RIGOLATO,344
28-09-2026,FRIULI VENEZIA GIULIA,UDINE,030095,RIVE D'ARCANO,2418
28-09-2026,FRIULI VENEZIA GIULIA,UDINE,030188,RIVIGNANO TEOR,6300
28-09-2026,FRIULI VENEZIA GIULIA,UDINE,030097,RONCHIS,1967
28-09-2026,FRIULI VENEZIA GIULIA,UDINE,030098,RUDA,2793
28-09-2026,FRIULI VENEZIA GIULIA,UDINE,030099,SAN DANIELE DEL FRIULI,7957
28-09-2026,FRIULI VENEZIA GIULIA,UDINE,030100,SAN GIORGIO DI NOGARO,7296
28-09-2026,FRIULI VENEZIA GIULIA,UDINE,030101,SAN GIOVANNI AL NATISONE,6005
28-09-2026,FRIULI VENEZIA GIULIA,UDINE,030102,SAN LEONARDO,1001
28-09-2026,FRIULI VENEZIA GIULIA,UDINE,030103,SAN PIETRO AL NATISONE,2045
28-09-2026,FRIULI VENEZIA GIULIA,UDINE,030105,SAN VITO AL TORRE,1237
28-09-2026,FRIULI VENEZIA GIULIA,UDINE,030106,SAN VITO DI FAGAGNA,1665
28-09-2026,FRIULI VENEZIA GIULIA,UDINE,030104,SANTA MARIA LA LONGA,2295
28-09-2026,FRIULI VENEZIA GIULIA,UDINE,030189,SAPPADA,1296
28-09-2026,FRIULI VENEZIA GIULIA,UDINE,030107,SAURIS,370
28-09-2026,FRIULI VENEZIA GIULIA,UDINE,030108,SAVOGNA,340
28-09-2026,FRIULI VENEZIA GIULIA,UDINE,030109,SEDEGLIANO,3706
28-09-2026,FRIULI VENEZIA GIULIA,UDINE,030110,SOCCHIEVE,833
28-09-2026,FRIULI VENEZIA GIULIA,UDINE,030111,STREGNA,292
28-09-2026,FRIULI VENEZIA GIULIA,UDINE,030112,SUTRIO,1180
28-09-2026,FRIULI VENEZIA GIULIA,UDINE,030113,TAIPANA,538
28-09-2026,FRIULI VENEZIA GIULIA,UDINE,030114,TALMASSONS,3812
28-09-2026,FRIULI VENEZIA GIULIA,UDINE,030116,TARCENTO,8899
28-09-2026,FRIULI VENEZIA GIULIA,UDINE,030117,TARVISIO,3838
28-09-2026,FRIULI VENEZIA GIULIA,UDINE,030118,TAVAGNACCO,14593
28-09-2026,FRIULI VENEZIA GIULIA,UDINE,030120,TERZO D'AQUILEIA,2713
28-09-2026,FRIULI VENEZIA GIULIA,UDINE,030121,TOLMEZZO,9649
28-09-2026,FRIULI VENEZIA GIULIA,UDINE,030122,TORREANO,2034
28-09-2026,FRIULI VENEZIA GIULIA,UDINE,030123,TORVISCOSA,2524
28-09-2026,FRIULI VENEZIA GIULIA,UDINE,030124,TRASAGHIS,2056
28-09-2026,FRIULI VENEZIA GIULIA,UDINE,030126,TREPPO GRANDE,1749
28-09-2026,FRIULI VENEZIA GIULIA,UDINE,030191,TREPPO LIGOSULLO,643
28-09-2026,FRIULI VENEZIA GIULIA,UDINE,030127,TRICESIMO,7612
28-09-2026,FRIULI VENEZIA GIULIA,UDINE,030128,TRIVIGNANO UDINESE,1511
28-09-2026,FRIULI VENEZIA GIULIA,UDINE,030129,UDINE,99127
28-09-2026,FRIULI VENEZIA GIULIA,UDINE,030130,VARMO,2589
28-09-2026,FRIULI VENEZIA GIULIA,UDINE,030131,VENZONE,1943
28-09-2026,FRIULI VENEZIA GIULIA,UDINE,030132,VERZEGNIS,827
28-09-2026,FRIULI VENEZIA GIULIA,UDINE,030133,VILLA SANTINA,2128
28-09-2026,FRIULI VENEZIA GIULIA,UDINE,030135,VISCO,853
28-09-2026,FRIULI VENEZIA GIULIA,UDINE,030136,ZUGLIO,539
28-09-2026,LAZIO,FROSINONE,060001,ACQUAFONDATA,250
28-09-2026,LAZIO,FROSINONE,060002,ACUTO,1769
28-09-2026,LAZIO,FROSINONE,060003,ALATRI,27593
28-09-2026,LAZIO,FROSINONE,060004,ALVITO,2423
28-09-2026,LAZIO,FROSINONE,060005,AMASENO,4045
28-09-2026,LAZIO,FROSINONE,060006,ANAGNI,20628
28-09-2026,LAZIO,FROSINONE,060007,AQUINO,4894
28-09-2026,LAZIO,FROSINONE,060008,ARCE,5294
28-09-2026,LAZIO,FROSINONE,060009,ARNARA,2165
28-09-2026,LAZIO,FROSINONE,060010,ARPINO,6530
28-09-2026,LAZIO,FROSINONE,060011,ATINA,4151
28-09-2026,LAZIO,FROSINONE,060012,AUSONIA,2422
28-09-2026,LAZIO,FROSINONE,060013,BELMONTE CASTELLO,654
28-09-2026,LAZIO,FROSINONE,060014,BOVILLE ERNICA,8286
28-09-2026,LAZIO,FROSINONE,060015,BROCCOSTELLA,2593
28-09-2026,LAZIO,FROSINONE,060016,CAMPOLI APPENNINO,1588
28-09-2026,LAZIO,FROSINONE,060017,CASALATTICO,511
28-09-2026,LAZIO,FROSINONE,060018,CASALVIERI,2475
28-09-2026,LAZIO,FROSINONE,060019,CASSINO,35332
28-09-2026,LAZIO,FROSINONE,060020,CASTELLIRI,3096
28-09-2026,LAZIO,FROSINONE,060021,CASTELNUOVO PARANO,824
28-09-2026,LAZIO,FROSINONE,060023,CASTRO DEI VOLSCI,4371
28-09-2026,LAZIO,FROSINONE,060022,CASTROCIELO,3752
28-09-2026,LAZIO,FROSINONE,060024,CECCANO,22065
28-09-2026,LAZIO,FROSINONE,060025,CEPRANO,8082
28-09-2026,LAZIO,FROSINONE,060026,CERVARO,7844
28-09-2026,LAZIO,FROSINONE,060027,COLFELICE,1765
28-09-2026,LAZIO,FROSINONE,060029,COLLE SAN MAGNO,594
28-09-2026,LAZIO,FROSINONE,060028,COLLEPARDO,854
28-09-2026,LAZIO,FROSINONE,060030,CORENO AUSONIO,1488
28-09-2026,LAZIO,FROSINONE,060031,ESPERIA,3552
28-09-2026,LAZIO,FROSINONE,060032,FALVATERRA,500
28-09-2026,LAZIO,FROSINONE,060033,FERENTINO,20151
28-09-2026,LAZIO,FROSINONE,060034,FILETTINO,538
28-09-2026,LAZIO,FROSINONE,060035,FIUGGI,10492
28-09-2026,LAZIO,FROSINONE,060036,FONTANA LIRI,2598
28-09-2026,LAZIO,FROSINONE,060037,FONTECHIARI,1211
28-09-2026,LAZIO,FROSINONE,060038,FROSINONE,43614
28-09-2026,LAZIO,FROSINONE,060039,FUMONE,1936
28-09-2026,LAZIO,FROSINONE,060040,GALLINARO,1181
28-09-2026,LAZIO,FROSINONE,060041,GIULIANO DI ROMA,2295
28-09-2026,LAZIO,FROSINONE,060042,GUARCINO,1513
28-09-2026,LAZIO,FROSINONE,060043,ISOLA DEL LIRI,10525
28-09-2026,LAZIO,FROSINONE,060044,MONTE SAN GIOVANNI CAMPANO,11807
28-09-2026,LAZIO,FROSINONE,060045,MOROLO,3119
28-09-2026,LAZIO,FROSINONE,060046,PALIANO,7905
28-09-2026,LAZIO,FROSINONE,060047,PASTENA,1251
28-09-2026,LAZIO,FROSINONE,060048,PATRICA,3089
28-09-2026,LAZIO,FROSINONE,060049,PESCOSOLIDO,1373
28-09-2026,LAZIO,FROSINONE,060050,PICINISCO,1133
28-09-2026,LAZIO,FROSINONE,060051,PICO,2540
28-09-2026,LAZIO,FROSINONE,060052,PIEDIMONTE SAN GERMANO,6425
28-09-2026,LAZIO,FROSINONE,060053,PIGLIO,4242
28-09-2026,LAZIO,FROSINONE,060054,PIGNATARO INTERAMNA,2392
28-09-2026,LAZIO,FROSINONE,060055,POFI,3849
28-09-2026,LAZIO,FROSINONE,060056,PONTECORVO,12176
28-09-2026,LAZIO,FROSINONE,060057,POSTA FIBRENO,1045
28-09-2026,LAZIO,FROSINONE,060058,RIPI,5002
28-09-2026,LAZIO,FROSINONE,060059,ROCCA D'ARCE,823
28-09-2026,LAZIO,FROSINONE,060060,ROCCASECCA,6738
28-09-2026,LAZIO,FROSINONE,060061,SAN BIAGIO SARACINISCO,291
28-09-2026,LAZIO,FROSINONE,060062,SAN DONATO VAL DI COMINO,1881
28-09-2026,LAZIO,FROSINONE,060063,SAN GIORGIO A LIRI,2935
28-09-2026,LAZIO,FROSINONE,060064,SAN GIOVANNI INCARICO,2955
28-09-2026,LAZIO,FROSINONE,060070,SAN VITTORE DEL LAZIO,2353
28-09-2026,LAZIO,FROSINONE,060065,SANT'AMBROGIO SUL GARIGLIANO,866
28-09-2026,LAZIO,FROSINONE,060066,SANT'ANDREA DEL GARIGLIANO,1248
28-09-2026,LAZIO,FROSINONE,060067,SANT'APOLLINARE,1753
28-09-2026,LAZIO,FROSINONE,060068,SANT'ELIA FIUMERAPIDO,5528
28-09-2026,LAZIO,FROSINONE,060069,SANTOPADRE,1164
28-09-2026,LAZIO,FROSINONE,060071,SERRONE,2938
28-09-2026,LAZIO,FROSINONE,060072,SETTEFRATI,697
28-09-2026,LAZIO,FROSINONE,060073,SGURGOLA,2445
28-09-2026,LAZIO,FROSINONE,060074,SORA,25006
28-09-2026,LAZIO,FROSINONE,060075,STRANGOLAGALLI,2261
28-09-2026,LAZIO,FROSINONE,060076,SUPINO,4633
28-09-2026,LAZIO,FROSINONE,060077,TERELLE,257
28-09-2026,LAZIO,FROSINONE,060078,TORRE CAJETANI,1325
28-09-2026,LAZIO,FROSINONE,060079,TORRICE,4710
28-09-2026,LAZIO,FROSINONE,060080,TREVI NEL LAZIO,1690
28-09-2026,LAZIO,FROSINONE,060081,TRIVIGLIANO,1594
28-09-2026,LAZIO,FROSINONE,060082,VALLECORSA,2289
28-09-2026,LAZIO,FROSINONE,060083,VALLEMAIO,880
28-09-2026,LAZIO,FROSINONE,060084,VALLEROTONDA,1408
28-09-2026,LAZIO,FROSINONE,060085,VEROLI,19572
28-09-2026,LAZIO,FROSINONE,060086,VICALVI,693
28-09-2026,LAZIO,FROSINONE,060087,VICO NEL LAZIO,2055
28-09-2026,LAZIO,FROSINONE,060088,VILLA LATINA,1171
28-09-2026,LAZIO,FROSINONE,060089,VILLA SANTA LUCIA,2434
28-09-2026,LAZIO,FROSINONE,060090,VILLA SANTO STEFANO,1574
28-09-2026,LAZIO,FROSINONE,060091,VITICUSO,278
28-09-2026,LAZIO,LATINA,059001,APRILIA,76254
28-09-2026,LAZIO,LATINA,059002,BASSIANO,1436
28-09-2026,LAZIO,LATINA,059003,CAMPODIMELE,534
28-09-2026,LAZIO,LATINA,059004,CASTELFORTE,4041
28-09-2026,LAZIO,LATINA,059005,CISTERNA DI LATINA,36625
28-09-2026,LAZIO,LATINA,059006,CORI,10460
28-09-2026,LAZIO,LATINA,059007,FONDI,40753
28-09-2026,LAZIO,LATINA,059008,FORMIA,36904
28-09-2026,LAZIO,LATINA,059009,GAETA,18915
28-09-2026,LAZIO,LATINA,059010,ITRI,10683
28-09-2026,LAZIO,LATINA,059011,LATINA,132059
28-09-2026,LAZIO,LATINA,059012,LENOLA,4096
28-09-2026,LAZIO,LATINA,059013,MAENZA,2983
28-09-2026,LAZIO,LATINA,059014,MINTURNO,21259
28-09-2026,LAZIO,LATINA,059015,MONTE SAN BIAGIO,6024
28-09-2026,LAZIO,LATINA,059016,NORMA,3706
28-09-2026,LAZIO,LATINA,059017,PONTINIA,15300
28-09-2026,LAZIO,LATINA,059018,PONZA,3453
28-09-2026,LAZIO,LATINA,059019,PRIVERNO,13775
28-09-2026,LAZIO,LATINA,059020,PROSSEDI,1101
28-09-2026,LAZIO,LATINA,059022,ROCCA MASSIMA,1133
28-09-2026,LAZIO,LATINA,059021,ROCCAGORGA,4160
28-09-2026,LAZIO,LATINA,059023,ROCCASECCA DEI VOLSCI,1054
28-09-2026,LAZIO,LATINA,059024,SABAUDIA,19679
28-09-2026,LAZIO,LATINA,059025,SAN FELICE CIRCEO,10232
28-09-2026,LAZIO,LATINA,059026,SANTI COSMA E DAMIANO,6968
28-09-2026,LAZIO,LATINA,059027,SERMONETA,10121
28-09-2026,LAZIO,LATINA,059028,SEZZE,24454
28-09-2026,LAZIO,LATINA,059029,SONNINO,7567
28-09-2026,LAZIO,LATINA,059030,SPERLONGA,3045
28-09-2026,LAZIO,LATINA,059031,SPIGNO SATURNIA,2881
28-09-2026,LAZIO,LATINA,059032,TERRACINA,46236
28-09-2026,LAZIO,LATINA,059033,VENTOTENE,701
28-09-2026,LAZIO,RIETI,057001,ACCUMOLI,483
28-09-2026,LAZIO,RIETI,057002,AMATRICE,2114
28-09-2026,LAZIO,RIETI,057003,ANTRODOCO,2244
28-09-2026,LAZIO,RIETI,057004,ASCREA,196
28-09-2026,LAZIO,RIETI,057005,BELMONTE IN SABINA,649
28-09-2026,LAZIO,RIETI,057006,BORBONA,563
28-09-2026,LAZIO,RIETI,057008,BORGO VELINO,902
28-09-2026,LAZIO,RIETI,057007,BORGOROSE,4201
28-09-2026,LAZIO,RIETI,057009,CANTALICE,2382
28-09-2026,LAZIO,RIETI,057010,CANTALUPO IN SABINA,1664
28-09-2026,LAZIO,RIETI,057011,CASAPROTA,677
28-09-2026,LAZIO,RIETI,057012,CASPERIA,1224
28-09-2026,LAZIO,RIETI,057013,CASTEL DI TORA,264
28-09-2026,LAZIO,RIETI,057015,CASTEL SANT'ANGELO,1169
28-09-2026,LAZIO,RIETI,057014,CASTELNUOVO DI FARFA,970
28-09-2026,LAZIO,RIETI,057016,CITTADUCALE,6435
28-09-2026,LAZIO,RIETI,057017,CITTAREALE,371
28-09-2026,LAZIO,RIETI,057018,COLLALTO SABINO,359
28-09-2026,LAZIO,RIETI,057019,COLLE DI TORA,361
28-09-2026,LAZIO,RIETI,057020,COLLEGIOVE,134
28-09-2026,LAZIO,RIETI,057021,COLLEVECCHIO,1575
28-09-2026,LAZIO,RIETI,057022,COLLI SUL VELINO,473
28-09-2026,LAZIO,RIETI,057023,CONCERVIANO,274
28-09-2026,LAZIO,RIETI,057024,CONFIGNI,550
28-09-2026,LAZIO,RIETI,057025,CONTIGLIANO,3702
28-09-2026,LAZIO,RIETI,057026,COTTANELLO,509
28-09-2026,LAZIO,RIETI,057027,FARA IN SABINA,14227
28-09-2026,LAZIO,RIETI,057028,FIAMIGNANO,1164
28-09-2026,LAZIO,RIETI,057029,FORANO,3357
28-09-2026,LAZIO,RIETI,057030,FRASSO SABINO,713
28-09-2026,LAZIO,RIETI,057031,GRECCIO,1450
28-09-2026,LAZIO,RIETI,057032,LABRO,349
28-09-2026,LAZIO,RIETI,057033,LEONESSA,2021
28-09-2026,LAZIO,RIETI,057034,LONGONE SABINO,515
28-09-2026,LAZIO,RIETI,057035,MAGLIANO SABINA,3467
28-09-2026,LAZIO,RIETI,057036,MARCETELLI,57
28-09-2026,LAZIO,RIETI,057037,MICIGLIANO,111
28-09-2026,LAZIO,RIETI,057038,MOMPEO,502
28-09-2026,LAZIO,RIETI,057039,MONTASOLA,402
28-09-2026,LAZIO,RIETI,057043,MONTE SAN GIOVANNI IN SABINA,657
28-09-2026,LAZIO,RIETI,057040,MONTEBUONO,848
28-09-2026,LAZIO,RIETI,057041,MONTELEONE SABINO,1123
28-09-2026,LAZIO,RIETI,057042,MONTENERO SABINO,262
28-09-2026,LAZIO,RIETI,057044,MONTOPOLI DI SABINA,4149
28-09-2026,LAZIO,RIETI,057045,MORRO REATINO,317
28-09-2026,LAZIO,RIETI,057046,NESPOLO,204
28-09-2026,LAZIO,RIETI,057047,ORVINIO,389
28-09-2026,LAZIO,RIETI,057048,PAGANICO SABINO,160
28-09-2026,LAZIO,RIETI,057049,PESCOROCCHIANO,1771
28-09-2026,LAZIO,RIETI,057050,PETRELLA SALTO,1024
28-09-2026,LAZIO,RIETI,057051,POGGIO BUSTONE,1946
28-09-2026,LAZIO,RIETI,057052,POGGIO CATINO,1295
28-09-2026,LAZIO,RIETI,057053,POGGIO MIRTETO,6132
28-09-2026,LAZIO,RIETI,057054,POGGIO MOIANO,2861
28-09-2026,LAZIO,RIETI,057055,POGGIO NATIVO,2603
28-09-2026,LAZIO,RIETI,057056,POGGIO SAN LORENZO,562
28-09-2026,LAZIO,RIETI,057057,POSTA,512
28-09-2026,LAZIO,RIETI,057058,POZZAGLIA SABINA,297
28-09-2026,LAZIO,RIETI,057059,RIETI,45375
28-09-2026,LAZIO,RIETI,057060,RIVODUTRI,1107
28-09-2026,LAZIO,RIETI,057062,ROCCA SINIBALDA,810
28-09-2026,LAZIO,RIETI,057061,ROCCANTICA,543
28-09-2026,LAZIO,RIETI,057063,SALISANO,455
28-09-2026,LAZIO,RIETI,057064,SCANDRIGLIA,3416
28-09-2026,LAZIO,RIETI,057065,SELCI,1109
28-09-2026,LAZIO,RIETI,057066,STIMIGLIANO,2285
28-09-2026,LAZIO,RIETI,057067,TARANO,1391
28-09-2026,LAZIO,RIETI,057068,TOFFIA,1068
28-09-2026,LAZIO,RIETI,057070,TORRI IN SABINA,1244
28-09-2026,LAZIO,RIETI,057069,TORRICELLA IN SABINA,1305
28-09-2026,LAZIO,RIETI,057071,TURANIA,234
28-09-2026,LAZIO,RIETI,057072,VACONE,214
28-09-2026,LAZIO,RIETI,057073,VARCO SABINO,149
28-09-2026,LAZIO,ROMA,058001,AFFILE,1401
28-09-2026,LAZIO,ROMA,058002,AGOSTA,1684
28-09-2026,LAZIO,ROMA,058003,ALBANO LAZIALE,40486
28-09-2026,LAZIO,ROMA,058004,ALLUMIERE,3743
28-09-2026,LAZIO,ROMA,058005,ANGUILLARA SABAZIA,19396
28-09-2026,LAZIO,ROMA,058006,ANTICOLI CORRADO,844
28-09-2026,LAZIO,ROMA,058007,ANZIO,63220
28-09-2026,LAZIO,ROMA,058008,ARCINAZZO ROMANO,1290
28-09-2026,LAZIO,ROMA,058117,ARDEA,53447
28-09-2026,LAZIO,ROMA,058009,ARICCIA,18064
28-09-2026,LAZIO,ROMA,058010,ARSOLI,1345
28-09-2026,LAZIO,ROMA,058011,ARTENA,13772
28-09-2026,LAZIO,ROMA,058012,BELLEGRA,2601
28-09-2026,LAZIO,ROMA,058013,BRACCIANO,18411
28-09-2026,LAZIO,ROMA,058014,CAMERATA NUOVA,420
28-09-2026,LAZIO,ROMA,058015,CAMPAGNANO DI ROMA,11363
28-09-2026,LAZIO,ROMA,058016,CANALE MONTERANO,4238
28-09-2026,LAZIO,ROMA,058017,CANTERANO,330
28-09-2026,LAZIO,ROMA,058018,CAPENA,11324
28-09-2026,LAZIO,ROMA,058019,CAPRANICA PRENESTINA,317
28-09-2026,LAZIO,ROMA,058020,CARPINETO ROMANO,3887
28-09-2026,LAZIO,ROMA,058021,CASAPE,623
28-09-2026,LAZIO,ROMA,058022,CASTEL GANDOLFO,8628
28-09-2026,LAZIO,ROMA,058023,CASTEL MADAMA,7130
28-09-2026,LAZIO,ROMA,058025,CASTEL SAN PIETRO ROMANO,836
28-09-2026,LAZIO,ROMA,058024,CASTELNUOVO DI PORTO,8751
28-09-2026,LAZIO,ROMA,058026,CAVE,11115
28-09-2026,LAZIO,ROMA,058027,CERRETO LAZIALE,1081
28-09-2026,LAZIO,ROMA,058028,CERVARA DI ROMA,410
28-09-2026,LAZIO,ROMA,058029,CERVETERI,38853
28-09-2026,LAZIO,ROMA,058118,CIAMPINO,39473
28-09-2026,LAZIO,ROMA,058030,CICILIANO,1278
28-09-2026,LAZIO,ROMA,058031,CINETO ROMANO,568
28-09-2026,LAZIO,ROMA,058032,CIVITAVECCHIA,51408
28-09-2026,LAZIO,ROMA,058033,CIVITELLA SAN PAOLO,2132
28-09-2026,LAZIO,ROMA,058034,COLLEFERRO,20621
28-09-2026,LAZIO,ROMA,058035,COLONNA,4340
28-09-2026,LAZIO,ROMA,058036,FIANO ROMANO,17205
28-09-2026,LAZIO,ROMA,058037,FILACCIANO,481
28-09-2026,LAZIO,ROMA,058120,FIUMICINO,85624
28-09-2026,LAZIO,ROMA,058122,FONTE NUOVA,34310
28-09-2026,LAZIO,ROMA,058038,FORMELLO,14230
28-09-2026,LAZIO,ROMA,058039,FRASCATI,23270
28-09-2026,LAZIO,ROMA,058040,GALLICANO NEL LAZIO,6741
28-09-2026,LAZIO,ROMA,058041,GAVIGNANO,1866
28-09-2026,LAZIO,ROMA,058042,GENAZZANO,5788
28-09-2026,LAZIO,ROMA,058043,GENZANO DI ROMA,22418
28-09-2026,LAZIO,ROMA,058044,GERANO,1096
28-09-2026,LAZIO,ROMA,058045,GORGA,642
28-09-2026,LAZIO,ROMA,058046,GROTTAFERRATA,20588
28-09-2026,LAZIO,ROMA,058047,GUIDONIA MONTECELIO,91897
28-09-2026,LAZIO,ROMA,058048,JENNE,333
28-09-2026,LAZIO,ROMA,058049,LABICO,6500
28-09-2026,LAZIO,ROMA,058116,LADISPOLI,42316
28-09-2026,LAZIO,ROMA,058050,LANUVIO,13051
28-09-2026,LAZIO,ROMA,058115,LARIANO,13374
28-09-2026,LAZIO,ROMA,058051,LICENZA,984
28-09-2026,LAZIO,ROMA,058052,MAGLIANO ROMANO,1404
28-09-2026,LAZIO,ROMA,058053,MANDELA,940
28-09-2026,LAZIO,ROMA,058054,MANZIANA,7864
28-09-2026,LAZIO,ROMA,058055,MARANO EQUO,759
28-09-2026,LAZIO,ROMA,058056,MARCELLINA,7237
28-09-2026,LAZIO,ROMA,058057,MARINO,47568
28-09-2026,LAZIO,ROMA,058058,MAZZANO ROMANO,2990
28-09-2026,LAZIO,ROMA,058059,MENTANA,23084
28-09-2026,LAZIO,ROMA,058060,MONTE COMPATRI,11658
28-09-2026,LAZIO,ROMA,058064,MONTE PORZIO CATONE,8581
28-09-2026,LAZIO,ROMA,058061,MONTEFLAVIO,1158
28-09-2026,LAZIO,ROMA,058062,MONTELANICO,2028
28-09-2026,LAZIO,ROMA,058063,MONTELIBRETTI,5221
28-09-2026,LAZIO,ROMA,058065,MONTEROTONDO,41937
28-09-2026,LAZIO,ROMA,058066,MONTORIO ROMANO,1995
28-09-2026,LAZIO,ROMA,058067,MORICONE,2397
28-09-2026,LAZIO,ROMA,058068,MORLUPO,8680
28-09-2026,LAZIO,ROMA,058069,NAZZANO,1313
28-09-2026,LAZIO,ROMA,058070,NEMI,1888
28-09-2026,LAZIO,ROMA,058071,NEROLA,2001
28-09-2026,LAZIO,ROMA,058072,NETTUNO,49708
28-09-2026,LAZIO,ROMA,058073,OLEVANO ROMANO,6375
28-09-2026,LAZIO,ROMA,058074,PALESTRINA,22702
28-09-2026,LAZIO,ROMA,058075,PALOMBARA SABINA,13337
28-09-2026,LAZIO,ROMA,058076,PERCILE,211
28-09-2026,LAZIO,ROMA,058077,PISONIANO,723
28-09-2026,LAZIO,ROMA,058078,POLI,2244
28-09-2026,LAZIO,ROMA,058079,POMEZIA,65992
28-09-2026,LAZIO,ROMA,058080,PONZANO ROMANO,1283
28-09-2026,LAZIO,ROMA,058081,RIANO,10848
28-09-2026,LAZIO,ROMA,058082,RIGNANO FLAMINIO,10306
28-09-2026,LAZIO,ROMA,058083,RIOFREDDO,746
28-09-2026,LAZIO,ROMA,058084,ROCCA CANTERANO,170
28-09-2026,LAZIO,ROMA,058085,ROCCA DI CAVE,375
28-09-2026,LAZIO,ROMA,058086,ROCCA DI PAPA,18307
28-09-2026,LAZIO,ROMA,058088,ROCCA PRIORA,12357
28-09-2026,LAZIO,ROMA,058089,ROCCA SANTO STEFANO,915
28-09-2026,LAZIO,ROMA,058087,ROCCAGIOVINE,245
28-09-2026,LAZIO,ROMA,058090,ROIATE,639
28-09-2026,LAZIO,ROMA,058091,ROMA,2802950
28-09-2026,LAZIO,ROMA,058092,ROVIANO,1215
28-09-2026,LAZIO,ROMA,058093,SACROFANO,7957
28-09-2026,LAZIO,ROMA,058094,SAMBUCI,837
28-09-2026,LAZIO,ROMA,058119,SAN CESAREO,16971
28-09-2026,LAZIO,ROMA,058095,SAN GREGORIO DA SASSOLA,1430
28-09-2026,LAZIO,ROMA,058096,SAN POLO DEI CAVALIERI,2862
28-09-2026,LAZIO,ROMA,058100,SAN VITO ROMANO,3015
28-09-2026,LAZIO,ROMA,058098,SANT'ANGELO ROMANO,5300
28-09-2026,LAZIO,ROMA,058099,SANT'ORESTE,3497
28-09-2026,LAZIO,ROMA,058097,SANTA MARINELLA,18790
28-09-2026,LAZIO,ROMA,058101,SARACINESCO,188
28-09-2026,LAZIO,ROMA,058102,SEGNI,9071
28-09-2026,LAZIO,ROMA,058103,SUBIACO,8674
28-09-2026,LAZIO,ROMA,058104,TIVOLI,56807
28-09-2026,LAZIO,ROMA,058105,TOLFA,4702
28-09-2026,LAZIO,ROMA,058106,TORRITA TIBERINA,1125
28-09-2026,LAZIO,ROMA,058107,TREVIGNANO ROMANO,5906
28-09-2026,LAZIO,ROMA,058108,VALLEPIETRA,234
28-09-2026,LAZIO,ROMA,058109,VALLINFREDA,258
28-09-2026,LAZIO,ROMA,058110,VALMONTONE,16020
28-09-2026,LAZIO,ROMA,058111,VELLETRI,53860
28-09-2026,LAZIO,ROMA,058112,VICOVARO,3552
28-09-2026,LAZIO,ROMA,058113,VIVARO ROMANO,146
28-09-2026,LAZIO,ROMA,058114,ZAGAROLO,19406
28-09-2026,LAZIO,VITERBO,056001,ACQUAPENDENTE,5177
28-09-2026,LAZIO,VITERBO,056002,ARLENA DI CASTRO,801
28-09-2026,LAZIO,VITERBO,056003,BAGNOREGIO,3258
28-09-2026,LAZIO,VITERBO,056004,BARBARANO ROMANO,995
28-09-2026,LAZIO,VITERBO,056006,BASSANO IN TEVERINA,1310
28-09-2026,LAZIO,VITERBO,056005,BASSANO ROMANO,4754
28-09-2026,LAZIO,VITERBO,056007,BLERA,2925
28-09-2026,LAZIO,VITERBO,056008,BOLSENA,3691
28-09-2026,LAZIO,VITERBO,056009,BOMARZO,1726
28-09-2026,LAZIO,VITERBO,056010,CALCATA,912
28-09-2026,LAZIO,VITERBO,056011,CANEPINA,2925
28-09-2026,LAZIO,VITERBO,056012,CANINO,5042
28-09-2026,LAZIO,VITERBO,056013,CAPODIMONTE,1673
28-09-2026,LAZIO,VITERBO,056014,CAPRANICA,6478
28-09-2026,LAZIO,VITERBO,056015,CAPRAROLA,5177
28-09-2026,LAZIO,VITERBO,056016,CARBOGNANO,1942
28-09-2026,LAZIO,VITERBO,056017,CASTEL SANT'ELIA,2438
28-09-2026,LAZIO,VITERBO,056018,CASTIGLIONE IN TEVERINA,2322
28-09-2026,LAZIO,VITERBO,056019,CELLENO,1352
28-09-2026,LAZIO,VITERBO,056020,CELLERE,1068
28-09-2026,LAZIO,VITERBO,056021,CIVITA CASTELLANA,15248
28-09-2026,LAZIO,VITERBO,056022,CIVITELLA D'AGLIANO,1436
28-09-2026,LAZIO,VITERBO,056023,CORCHIANO,3568
28-09-2026,LAZIO,VITERBO,056024,FABRICA DI ROMA,8226
28-09-2026,LAZIO,VITERBO,056025,FALERIA,2042
28-09-2026,LAZIO,VITERBO,056026,FARNESE,1344
28-09-2026,LAZIO,VITERBO,056027,GALLESE,2612
28-09-2026,LAZIO,VITERBO,056028,GRADOLI,1220
28-09-2026,LAZIO,VITERBO,056029,GRAFFIGNANO,2101
28-09-2026,LAZIO,VITERBO,056030,GROTTE DI CASTRO,2334
28-09-2026,LAZIO,VITERBO,056031,ISCHIA DI CASTRO,2105
28-09-2026,LAZIO,VITERBO,056032,LATERA,767
28-09-2026,LAZIO,VITERBO,056033,LUBRIANO,845
28-09-2026,LAZIO,VITERBO,056034,MARTA,3203
28-09-2026,LAZIO,VITERBO,056035,MONTALTO DI CASTRO,8751
28-09-2026,LAZIO,VITERBO,056037,MONTE ROMANO,1828
28-09-2026,LAZIO,VITERBO,056036,MONTEFIASCONE,13043
28-09-2026,LAZIO,VITERBO,056038,MONTEROSI,4894
28-09-2026,LAZIO,VITERBO,056039,NEPI,9623
28-09-2026,LAZIO,VITERBO,056040,ONANO,860
28-09-2026,LAZIO,VITERBO,056041,ORIOLO ROMANO,3660
28-09-2026,LAZIO,VITERBO,056042,ORTE,9540
28-09-2026,LAZIO,VITERBO,056043,PIANSANO,2070
28-09-2026,LAZIO,VITERBO,056044,PROCENO,529
28-09-2026,LAZIO,VITERBO,056045,RONCIGLIONE,8622
28-09-2026,LAZIO,VITERBO,056047,SAN LORENZO NUOVO,2055
28-09-2026,LAZIO,VITERBO,056048,SORIANO NEL CIMINO,7920
28-09-2026,LAZIO,VITERBO,056049,SUTRI,6876
28-09-2026,LAZIO,VITERBO,056050,TARQUINIA,16050
28-09-2026,LAZIO,VITERBO,056051,TESSENNANO,287
28-09-2026,LAZIO,VITERBO,056052,TUSCANIA,8274
28-09-2026,LAZIO,VITERBO,056053,VALENTANO,2853
28-09-2026,LAZIO,VITERBO,056054,VALLERANO,2371
28-09-2026,LAZIO,VITERBO,056055,VASANELLO,3987
28-09-2026,LAZIO,VITERBO,056056,VEJANO,2176
28-09-2026,LAZIO,VITERBO,056057,VETRALLA,13485
28-09-2026,LAZIO,VITERBO,056058,VIGNANELLO,4279
28-09-2026,LAZIO,VITERBO,056046,VILLA SAN GIOVANNI IN TUSCIA,1195
28-09-2026,LAZIO,VITERBO,056059,VITERBO,67949
28-09-2026,LAZIO,VITERBO,056060,VITORCHIANO,5234
28-09-2026,LIGURIA,GENOVA,010001,ARENZANO,11163
28-09-2026,LIGURIA,GENOVA,010002,AVEGNO,2547
28-09-2026,LIGURIA,GENOVA,010003,BARGAGLI,2486
28-09-2026,LIGURIA,GENOVA,010004,BOGLIASCO,4267
28-09-2026,LIGURIA,GENOVA,010005,BORZONASCA,1865
28-09-2026,LIGURIA,GENOVA,010006,BUSALLA,5168
28-09-2026,LIGURIA,GENOVA,010007,CAMOGLI,4835
28-09-2026,LIGURIA,GENOVA,010008,CAMPO LIGURE,2816
28-09-2026,LIGURIA,GENOVA,010009,CAMPOMORONE,6443
28-09-2026,LIGURIA,GENOVA,010010,CARASCO,3763
28-09-2026,LIGURIA,GENOVA,010011,CASARZA LIGURE,6743
28-09-2026,LIGURIA,GENOVA,010012,CASELLA,3053
28-09-2026,LIGURIA,GENOVA,010013,CASTIGLIONE CHIAVARESE,1526
28-09-2026,LIGURIA,GENOVA,010014,CERANESI,3564
28-09-2026,LIGURIA,GENOVA,010015,CHIAVARI,27500
28-09-2026,LIGURIA,GENOVA,010016,CICAGNA,2350
28-09-2026,LIGURIA,GENOVA,010017,COGOLETO,8255
28-09-2026,LIGURIA,GENOVA,010018,COGORNO,5681
28-09-2026,LIGURIA,GENOVA,010019,COREGLIA LIGURE,236
28-09-2026,LIGURIA,GENOVA,010020,CROCEFIESCHI,541
28-09-2026,LIGURIA,GENOVA,010021,DAVAGNA,1769
28-09-2026,LIGURIA,GENOVA,010022,FASCIA,64
28-09-2026,LIGURIA,GENOVA,010023,FAVALE DI MALVARO,419
28-09-2026,LIGURIA,GENOVA,010024,FONTANIGORDA,214
28-09-2026,LIGURIA,GENOVA,010025,GENOVA,568108
28-09-2026,LIGURIA,GENOVA,010026,GORRETO,89
28-09-2026,LIGURIA,GENOVA,010027,ISOLA DEL CANTONE,1463
28-09-2026,LIGURIA,GENOVA,010028,LAVAGNA,12572
28-09-2026,LIGURIA,GENOVA,010029,LEIVI,2455
28-09-2026,LIGURIA,GENOVA,010030,LORSICA,369
28-09-2026,LIGURIA,GENOVA,010031,LUMARZO,1425
28-09-2026,LIGURIA,GENOVA,010032,MASONE,3301
28-09-2026,LIGURIA,GENOVA,010033,MELE,2497
28-09-2026,LIGURIA,GENOVA,010034,MEZZANEGO,1574
28-09-2026,LIGURIA,GENOVA,010035,MIGNANEGO,3542
28-09-2026,LIGURIA,GENOVA,010036,MOCONESI,2443
28-09-2026,LIGURIA,GENOVA,010037,MONEGLIA,2487
28-09-2026,LIGURIA,GENOVA,010038,MONTEBRUNO,190
28-09-2026,LIGURIA,GENOVA,010039,MONTOGGIO,2027
28-09-2026,LIGURIA,GENOVA,010040,NE,2120
28-09-2026,LIGURIA,GENOVA,010041,NEIRONE,881
28-09-2026,LIGURIA,GENOVA,010042,ORERO,494
28-09-2026,LIGURIA,GENOVA,010043,PIEVE LIGURE,2346
28-09-2026,LIGURIA,GENOVA,010044,PORTOFINO,359
28-09-2026,LIGURIA,GENOVA,010045,PROPATA,119
28-09-2026,LIGURIA,GENOVA,010046,RAPALLO,29902
28-09-2026,LIGURIA,GENOVA,010047,RECCO,9310
28-09-2026,LIGURIA,GENOVA,010048,REZZOAGLIO,860
28-09-2026,LIGURIA,GENOVA,010049,RONCO SCRIVIA,4273
28-09-2026,LIGURIA,GENOVA,010050,RONDANINA,58
28-09-2026,LIGURIA,GENOVA,010051,ROSSIGLIONE,2536
28-09-2026,LIGURIA,GENOVA,010052,ROVEGNO,482
28-09-2026,LIGURIA,GENOVA,010053,SAN COLOMBANO CERTENOLI,2684
28-09-2026,LIGURIA,GENOVA,010055,SANT'OLCESE,5597
28-09-2026,LIGURIA,GENOVA,010054,SANTA MARGHERITA LIGURE,8239
28-09-2026,LIGURIA,GENOVA,010056,SANTO STEFANO D'AVETO,968
28-09-2026,LIGURIA,GENOVA,010057,SAVIGNONE,2982
28-09-2026,LIGURIA,GENOVA,010058,SERRA RICCÒ,7607
28-09-2026,LIGURIA,GENOVA,010059,SESTRI LEVANTE,17021
28-09-2026,LIGURIA,GENOVA,010060,SORI,3896
28-09-2026,LIGURIA,GENOVA,010061,TIGLIETO,490
28-09-2026,LIGURIA,GENOVA,010062,TORRIGLIA,2238
28-09-2026,LIGURIA,GENOVA,010063,TRIBOGNA,600
28-09-2026,LIGURIA,GENOVA,010064,USCIO,2167
28-09-2026,LIGURIA,GENOVA,010065,VALBREVENNA,767
28-09-2026,LIGURIA,GENOVA,010066,VOBBIA,380
28-09-2026,LIGURIA,GENOVA,010067,ZOAGLI,2322
28-09-2026,LIGURIA,IMPERIA,008001,AIROLE,373
28-09-2026,LIGURIA,IMPERIA,008002,APRICALE,561
28-09-2026,LIGURIA,IMPERIA,008003,AQUILA D'ARROSCIA,140
28-09-2026,LIGURIA,IMPERIA,008004,ARMO,111
28-09-2026,LIGURIA,IMPERIA,008005,AURIGO,334
28-09-2026,LIGURIA,IMPERIA,008006,BADALUCCO,1075
28-09-2026,LIGURIA,IMPERIA,008007,BAJARDO,343
28-09-2026,LIGURIA,IMPERIA,008008,BORDIGHERA,10664
28-09-2026,LIGURIA,IMPERIA,008009,BORGHETTO D'ARROSCIA,391
28-09-2026,LIGURIA,IMPERIA,008010,BORGOMARO,814
28-09-2026,LIGURIA,IMPERIA,008011,CAMPOROSSO,5798
28-09-2026,LIGURIA,IMPERIA,008012,CARAVONICA,247
28-09-2026,LIGURIA,IMPERIA,008015,CASTEL VITTORIO,246
28-09-2026,LIGURIA,IMPERIA,008014,CASTELLARO,1229
28-09-2026,LIGURIA,IMPERIA,008016,CERIANA,1137
28-09-2026,LIGURIA,IMPERIA,008017,CERVO,1096
28-09-2026,LIGURIA,IMPERIA,008018,CESIO,253
28-09-2026,LIGURIA,IMPERIA,008019,CHIUSANICO,590
28-09-2026,LIGURIA,IMPERIA,008020,CHIUSAVECCHIA,526
28-09-2026,LIGURIA,IMPERIA,008021,CIPRESSA,1185
28-09-2026,LIGURIA,IMPERIA,008022,CIVEZZA,624
28-09-2026,LIGURIA,IMPERIA,008023,COSIO D'ARROSCIA,170
28-09-2026,LIGURIA,IMPERIA,008024,COSTARAINERA,765
28-09-2026,LIGURIA,IMPERIA,008025,DIANO ARENTINO,713
28-09-2026,LIGURIA,IMPERIA,008026,DIANO CASTELLO,2313
28-09-2026,LIGURIA,IMPERIA,008027,DIANO MARINA,5483
28-09-2026,LIGURIA,IMPERIA,008028,DIANO SAN PIETRO,1143
28-09-2026,LIGURIA,IMPERIA,008029,DOLCEACQUA,2237
28-09-2026,LIGURIA,IMPERIA,008030,DOLCEDO,1255
28-09-2026,LIGURIA,IMPERIA,008031,IMPERIA,43005
28-09-2026,LIGURIA,IMPERIA,008032,ISOLABONA,692
28-09-2026,LIGURIA,IMPERIA,008033,LUCINASCO,301
28-09-2026,LIGURIA,IMPERIA,008034,MENDATICA,163
28-09-2026,LIGURIA,IMPERIA,008035,MOLINI DI TRIORA,584
28-09-2026,LIGURIA,IMPERIA,008068,MONTALTO CARPASIO,478
28-09-2026,LIGURIA,IMPERIA,008037,MONTEGROSSO PIAN LATTE,113
28-09-2026,LIGURIA,IMPERIA,008038,OLIVETTA SAN MICHELE,188
28-09-2026,LIGURIA,IMPERIA,008039,OSPEDALETTI,3239
28-09-2026,LIGURIA,IMPERIA,008040,PERINALDO,771
28-09-2026,LIGURIA,IMPERIA,008041,PIETRABRUNA,402
28-09-2026,LIGURIA,IMPERIA,008042,PIEVE DI TECO,1354
28-09-2026,LIGURIA,IMPERIA,008043,PIGNA,769
28-09-2026,LIGURIA,IMPERIA,008044,POMPEIANA,851
28-09-2026,LIGURIA,IMPERIA,008045,PONTEDASSIO,2419
28-09-2026,LIGURIA,IMPERIA,008046,PORNASSIO,686
28-09-2026,LIGURIA,IMPERIA,008047,PRELÀ,500
28-09-2026,LIGURIA,IMPERIA,008048,RANZO,590
28-09-2026,LIGURIA,IMPERIA,008049,REZZO,310
28-09-2026,LIGURIA,IMPERIA,008050,RIVA LIGURE,2713
28-09-2026,LIGURIA,IMPERIA,008051,ROCCHETTA NERVINA,288
28-09-2026,LIGURIA,IMPERIA,008052,SAN BARTOLOMEO AL MARE,2988
28-09-2026,LIGURIA,IMPERIA,008053,SAN BIAGIO DELLA CIMA,1316
28-09-2026,LIGURIA,IMPERIA,008054,SAN LORENZO AL MARE,1217
28-09-2026,LIGURIA,IMPERIA,008055,SANREMO,54215
28-09-2026,LIGURIA,IMPERIA,008056,SANTO STEFANO AL MARE,1991
28-09-2026,LIGURIA,IMPERIA,008057,SEBORGA,291
28-09-2026,LIGURIA,IMPERIA,008058,SOLDANO,988
28-09-2026,LIGURIA,IMPERIA,008059,TAGGIA,14073
28-09-2026,LIGURIA,IMPERIA,008060,TERZORIO,211
28-09-2026,LIGURIA,IMPERIA,008061,TRIORA,401
28-09-2026,LIGURIA,IMPERIA,008062,VALLEBONA,1233
28-09-2026,LIGURIA,IMPERIA,008063,VALLECROSIA AL MARE,6949
28-09-2026,LIGURIA,IMPERIA,008064,VASIA,346
28-09-2026,LIGURIA,IMPERIA,008065,VENTIMIGLIA,23785
28-09-2026,LIGURIA,IMPERIA,008066,VESSALICO,288
28-09-2026,LIGURIA,IMPERIA,008067,VILLA FARALDI,448
28-09-2026,LIGURIA,LA SPEZIA,011001,AMEGLIA,4310
28-09-2026,LIGURIA,LA SPEZIA,011002,ARCOLA,10322
28-09-2026,LIGURIA,LA SPEZIA,011003,BEVERINO,2299
28-09-2026,LIGURIA,LA SPEZIA,011004,BOLANO,7506
28-09-2026,LIGURIA,LA SPEZIA,011005,BONASSOLA,753
28-09-2026,LIGURIA,LA SPEZIA,011006,BORGHETTO DI VARA,926
28-09-2026,LIGURIA,LA SPEZIA,011007,BRUGNATO,1297
28-09-2026,LIGURIA,LA SPEZIA,011008,CALICE AL CORNOVIGLIO,1034
28-09-2026,LIGURIA,LA SPEZIA,011009,CARRO,487
28-09-2026,LIGURIA,LA SPEZIA,011010,CARRODANO,450
28-09-2026,LIGURIA,LA SPEZIA,011011,CASTELNUOVO MAGRA,8238
28-09-2026,LIGURIA,LA SPEZIA,011012,DEIVA MARINA,1288
28-09-2026,LIGURIA,LA SPEZIA,011013,FOLLO,6335
28-09-2026,LIGURIA,LA SPEZIA,011014,FRAMURA,573
28-09-2026,LIGURIA,LA SPEZIA,011015,LA SPEZIA,93355
28-09-2026,LIGURIA,LA SPEZIA,011016,LERICI,9260
28-09-2026,LIGURIA,LA SPEZIA,011017,LEVANTO,4987
28-09-2026,LIGURIA,LA SPEZIA,011020,LUNI,8120
28-09-2026,LIGURIA,LA SPEZIA,011018,MAISSANA,574
28-09-2026,LIGURIA,LA SPEZIA,011019,MONTEROSSO AL MARE,1303
28-09-2026,LIGURIA,LA SPEZIA,011021,PIGNONE,531
28-09-2026,LIGURIA,LA SPEZIA,011022,PORTOVENERE,3147
28-09-2026,LIGURIA,LA SPEZIA,011023,RICCÒ DEL GOLFO DI SPEZIA,3676
28-09-2026,LIGURIA,LA SPEZIA,011024,RIOMAGGIORE,1244
28-09-2026,LIGURIA,LA SPEZIA,011025,ROCCHETTA DI VARA,659
28-09-2026,LIGURIA,LA SPEZIA,011026,SANTO STEFANO DI MAGRA,10079
28-09-2026,LIGURIA,LA SPEZIA,011027,SARZANA,21963
28-09-2026,LIGURIA,LA SPEZIA,011028,SESTA GODANO,1279
28-09-2026,LIGURIA,LA SPEZIA,011029,VARESE LIGURE,1711
28-09-2026,LIGURIA,LA SPEZIA,011030,VERNAZZA,668
28-09-2026,LIGURIA,LA SPEZIA,011031,VEZZANO LIGURE,7239
28-09-2026,LIGURIA,LA SPEZIA,011032,ZIGNAGO,456
28-09-2026,LIGURIA,SAVONA,009001,ALASSIO,9941
28-09-2026,LIGURIA,SAVONA,009002,ALBENGA,23836
28-09-2026,LIGURIA,SAVONA,009004,ALBISOLA SUPERIORE,9414
28-09-2026,LIGURIA,SAVONA,009003,ALBISSOLA MARINA,5123
28-09-2026,LIGURIA,SAVONA,009005,ALTARE,1993
28-09-2026,LIGURIA,SAVONA,009006,ANDORA,7336
28-09-2026,LIGURIA,SAVONA,009007,ARNASCO,527
28-09-2026,LIGURIA,SAVONA,009008,BALESTRINO,520
28-09-2026,LIGURIA,SAVONA,009009,BARDINETO,772
28-09-2026,LIGURIA,SAVONA,009010,BERGEGGI,1032
28-09-2026,LIGURIA,SAVONA,009011,BOISSANO,2642
28-09-2026,LIGURIA,SAVONA,009012,BORGHETTO SANTO SPIRITO,4563
28-09-2026,LIGURIA,SAVONA,009013,BORGIO VEREZZI,2079
28-09-2026,LIGURIA,SAVONA,009014,BORMIDA,301
28-09-2026,LIGURIA,SAVONA,009015,CAIRO MONTENOTTE,13003
28-09-2026,LIGURIA,SAVONA,009016,CALICE LIGURE,1686
28-09-2026,LIGURIA,SAVONA,009017,CALIZZANO,1501
28-09-2026,LIGURIA,SAVONA,009018,CARCARE,5310
28-09-2026,LIGURIA,SAVONA,009019,CASANOVA LERRONE,734
28-09-2026,LIGURIA,SAVONA,009020,CASTELBIANCO,305
28-09-2026,LIGURIA,SAVONA,009021,CASTELVECCHIO DI ROCCA BARBENA,138
28-09-2026,LIGURIA,SAVONA,009022,CELLE LIGURE,4818
28-09-2026,LIGURIA,SAVONA,009023,CENGIO,3513
28-09-2026,LIGURIA,SAVONA,009024,CERIALE,5408
28-09-2026,LIGURIA,SAVONA,009025,CISANO SUL NEVA,2159
28-09-2026,LIGURIA,SAVONA,009026,COSSERIA,1044
28-09-2026,LIGURIA,SAVONA,009027,DEGO,1837
28-09-2026,LIGURIA,SAVONA,009028,ERLI,262
28-09-2026,LIGURIA,SAVONA,009029,FINALE LIGURE,10879
28-09-2026,LIGURIA,SAVONA,009030,GARLENDA,1389
28-09-2026,LIGURIA,SAVONA,009031,GIUSTENICE,986
28-09-2026,LIGURIA,SAVONA,009032,GIUSVALLA,387
28-09-2026,LIGURIA,SAVONA,009033,LAIGUEGLIA,1668
28-09-2026,LIGURIA,SAVONA,009034,LOANO,10751
28-09-2026,LIGURIA,SAVONA,009035,MAGLIOLO,978
28-09-2026,LIGURIA,SAVONA,009036,MALLARE,1016
28-09-2026,LIGURIA,SAVONA,009037,MASSIMINO,106
28-09-2026,LIGURIA,SAVONA,009038,MILLESIMO,3341
28-09-2026,LIGURIA,SAVONA,009039,MIOGLIA,502
28-09-2026,LIGURIA,SAVONA,009040,MURIALDO,716
28-09-2026,LIGURIA,SAVONA,009041,NASINO,148
28-09-2026,LIGURIA,SAVONA,009042,NOLI,2321
28-09-2026,LIGURIA,SAVONA,009043,ONZO,212
28-09-2026,LIGURIA,SAVONA,009044,ORCO FEGLINO,922
28-09-2026,LIGURIA,SAVONA,009045,ORTOVERO,1749
28-09-2026,LIGURIA,SAVONA,009046,OSIGLIA,417
28-09-2026,LIGURIA,SAVONA,009047,PALLARE,889
28-09-2026,LIGURIA,SAVONA,009048,PIANA CRIXIA,747
28-09-2026,LIGURIA,SAVONA,009049,PIETRA LIGURE,8158
28-09-2026,LIGURIA,SAVONA,009050,PLODIO,603
28-09-2026,LIGURIA,SAVONA,009051,PONTINVREA,817
28-09-2026,LIGURIA,SAVONA,009052,QUILIANO,6806
28-09-2026,LIGURIA,SAVONA,009053,RIALTO,529
28-09-2026,LIGURIA,SAVONA,009054,ROCCAVIGNALE,761
28-09-2026,LIGURIA,SAVONA,009055,SASSELLO,1748
28-09-2026,LIGURIA,SAVONA,009056,SAVONA,58680
28-09-2026,LIGURIA,SAVONA,009057,SPOTORNO,3333
28-09-2026,LIGURIA,SAVONA,009058,STELLA,2965
28-09-2026,LIGURIA,SAVONA,009059,STELLANELLO,827
28-09-2026,LIGURIA,SAVONA,009060,TESTICO,174
28-09-2026,LIGURIA,SAVONA,009061,TOIRANO,2722
28-09-2026,LIGURIA,SAVONA,009062,TOVO SAN GIACOMO,2542
28-09-2026,LIGURIA,SAVONA,009063,URBE,673
28-09-2026,LIGURIA,SAVONA,009064,VADO LIGURE,7952
28-09-2026,LIGURIA,SAVONA,009065,VARAZZE,12347
28-09-2026,LIGURIA,SAVONA,009066,VENDONE,334
28-09-2026,LIGURIA,SAVONA,009067,VEZZI PORTIO,782
28-09-2026,LIGURIA,SAVONA,009068,VILLANOVA D'ALBENGA,2888
28-09-2026,LIGURIA,SAVONA,009069,ZUCCARELLO,292
28-09-2026,LOMBARDIA,BERGAMO,016001,ADRARA SAN MARTINO,2227
28-09-2026,LOMBARDIA,BERGAMO,016002,ADRARA SAN ROCCO,832
28-09-2026,LOMBARDIA,BERGAMO,016003,ALBANO SANT'ALESSANDRO,8400
28-09-2026,LOMBARDIA,BERGAMO,016004,ALBINO,17734
28-09-2026,LOMBARDIA,BERGAMO,016248,ALGUA,687
28-09-2026,LOMBARDIA,BERGAMO,016006,ALMENNO SAN BARTOLOMEO,6606
28-09-2026,LOMBARDIA,BERGAMO,016007,ALMENNO SAN SALVATORE,5508
28-09-2026,LOMBARDIA,BERGAMO,016005,ALMÈ,5441
28-09-2026,LOMBARDIA,BERGAMO,016008,ALZANO LOMBARDO,13471
28-09-2026,LOMBARDIA,BERGAMO,016009,AMBIVERE,2339
28-09-2026,LOMBARDIA,BERGAMO,016010,ANTEGNATE,3492
28-09-2026,LOMBARDIA,BERGAMO,016011,ARCENE,5170
28-09-2026,LOMBARDIA,BERGAMO,016012,ARDESIO,3221
28-09-2026,LOMBARDIA,BERGAMO,016013,ARZAGO D'ADDA,2735
28-09-2026,LOMBARDIA,BERGAMO,016014,AVERARA,173
28-09-2026,LOMBARDIA,BERGAMO,016015,AVIATICO,585
28-09-2026,LOMBARDIA,BERGAMO,016016,AZZANO SAN PAOLO,7773
28-09-2026,LOMBARDIA,BERGAMO,016017,AZZONE,351
28-09-2026,LOMBARDIA,BERGAMO,016018,BAGNATICA,4484
28-09-2026,LOMBARDIA,BERGAMO,016019,BARBATA,702
28-09-2026,LOMBARDIA,BERGAMO,016020,BARIANO,4381
28-09-2026,LOMBARDIA,BERGAMO,016021,BARZANA,2042
28-09-2026,LOMBARDIA,BERGAMO,016022,BEDULITA,717
28-09-2026,LOMBARDIA,BERGAMO,016023,BERBENNO,2523
28-09-2026,LOMBARDIA,BERGAMO,016024,BERGAMO,122761
28-09-2026,LOMBARDIA,BERGAMO,016025,BERZO SAN FERMO,1462
28-09-2026,LOMBARDIA,BERGAMO,016026,BIANZANO,631
28-09-2026,LOMBARDIA,BERGAMO,016027,BLELLO,70
28-09-2026,LOMBARDIA,BERGAMO,016028,BOLGARE,6798
28-09-2026,LOMBARDIA,BERGAMO,016029,BOLTIERE,6242
28-09-2026,LOMBARDIA,BERGAMO,016030,BONATE SOPRA,10643
28-09-2026,LOMBARDIA,BERGAMO,016031,BONATE SOTTO,6658
28-09-2026,LOMBARDIA,BERGAMO,016032,BORGO DI TERZO,1219
28-09-2026,LOMBARDIA,BERGAMO,016033,BOSSICO,964
28-09-2026,LOMBARDIA,BERGAMO,016034,BOTTANUCO,5133
28-09-2026,LOMBARDIA,BERGAMO,016035,BRACCA,711
28-09-2026,LOMBARDIA,BERGAMO,016036,BRANZI,617
28-09-2026,LOMBARDIA,BERGAMO,016037,BREMBATE,8794
28-09-2026,LOMBARDIA,BERGAMO,016038,BREMBATE DI SOPRA,8116
28-09-2026,LOMBARDIA,BERGAMO,016040,BRIGNANO GERA D'ADDA,6331
28-09-2026,LOMBARDIA,BERGAMO,016041,BRUMANO,127
28-09-2026,LOMBARDIA,BERGAMO,016042,BRUSAPORTO,5676
28-09-2026,LOMBARDIA,BERGAMO,016043,CALCINATE,6312
28-09-2026,LOMBARDIA,BERGAMO,016044,CALCIO,5632
28-09-2026,LOMBARDIA,BERGAMO,016046,CALUSCO D'ADDA,8526
28-09-2026,LOMBARDIA,BERGAMO,016047,CALVENZANO,4561
28-09-2026,LOMBARDIA,BERGAMO,016048,CAMERATA CORNELLO,549
28-09-2026,LOMBARDIA,BERGAMO,016049,CANONICA D'ADDA,4362
28-09-2026,LOMBARDIA,BERGAMO,016050,CAPIZZONE,1259
28-09-2026,LOMBARDIA,BERGAMO,016051,CAPRIATE SAN GERVASIO,8339
28-09-2026,LOMBARDIA,BERGAMO,016052,CAPRINO BERGAMASCO,3086
28-09-2026,LOMBARDIA,BERGAMO,016053,CARAVAGGIO,16674
28-09-2026,LOMBARDIA,BERGAMO,016055,CAROBBIO DEGLI ANGELI,4921
28-09-2026,LOMBARDIA,BERGAMO,016056,CARONA,283
28-09-2026,LOMBARDIA,BERGAMO,016057,CARVICO,4731
28-09-2026,LOMBARDIA,BERGAMO,016058,CASAZZA,3899
28-09-2026,LOMBARDIA,BERGAMO,016059,CASIRATE D'ADDA,4213
28-09-2026,LOMBARDIA,BERGAMO,016060,CASNIGO,2991
28-09-2026,LOMBARDIA,BERGAMO,016061,CASSIGLIO,106
28-09-2026,LOMBARDIA,BERGAMO,016063,CASTEL ROZZONE,2876
28-09-2026,LOMBARDIA,BERGAMO,016062,CASTELLI CALEPIO,10537
28-09-2026,LOMBARDIA,BERGAMO,016064,CASTIONE DELLA PRESOLANA,3351
28-09-2026,LOMBARDIA,BERGAMO,016065,CASTRO,1204
28-09-2026,LOMBARDIA,BERGAMO,016066,CAVERNAGO,3035
28-09-2026,LOMBARDIA,BERGAMO,016067,CAZZANO SANT'ANDREA,1695
28-09-2026,LOMBARDIA,BERGAMO,016068,CENATE SOPRA,2556
28-09-2026,LOMBARDIA,BERGAMO,016069,CENATE SOTTO,4052
28-09-2026,LOMBARDIA,BERGAMO,016070,CENE,4115
28-09-2026,LOMBARDIA,BERGAMO,016071,CERETE,1656
28-09-2026,LOMBARDIA,BERGAMO,016072,CHIGNOLO D'ISOLA,3390
28-09-2026,LOMBARDIA,BERGAMO,016073,CHIUDUNO,6337
28-09-2026,LOMBARDIA,BERGAMO,016074,CISANO BERGAMASCO,6232
28-09-2026,LOMBARDIA,BERGAMO,016075,CISERANO,5909
28-09-2026,LOMBARDIA,BERGAMO,016076,CIVIDATE AL PIANO,5115
28-09-2026,LOMBARDIA,BERGAMO,016077,CLUSONE,8707
28-09-2026,LOMBARDIA,BERGAMO,016078,COLERE,1068
28-09-2026,LOMBARDIA,BERGAMO,016079,COLOGNO AL SERIO,11437
28-09-2026,LOMBARDIA,BERGAMO,016080,COLZATE,1651
28-09-2026,LOMBARDIA,BERGAMO,016081,COMUN NUOVO,4506
28-09-2026,LOMBARDIA,BERGAMO,016082,CORNA IMAGNA,913
28-09-2026,LOMBARDIA,BERGAMO,016249,CORNALBA,306
28-09-2026,LOMBARDIA,BERGAMO,016083,CORTENUOVA,2016
28-09-2026,LOMBARDIA,BERGAMO,016084,COSTA DI MEZZATE,3451
28-09-2026,LOMBARDIA,BERGAMO,016247,COSTA SERINA,923
28-09-2026,LOMBARDIA,BERGAMO,016085,COSTA VALLE IMAGNA,558
28-09-2026,LOMBARDIA,BERGAMO,016086,COSTA VOLPINO,8830
28-09-2026,LOMBARDIA,BERGAMO,016087,COVO,4391
28-09-2026,LOMBARDIA,BERGAMO,016088,CREDARO,3627
28-09-2026,LOMBARDIA,BERGAMO,016089,CURNO,7622
28-09-2026,LOMBARDIA,BERGAMO,016090,CUSIO,199
28-09-2026,LOMBARDIA,BERGAMO,016091,DALMINE,23906
28-09-2026,LOMBARDIA,BERGAMO,016092,DOSSENA,874
28-09-2026,LOMBARDIA,BERGAMO,016093,ENDINE GAIANO,3491
28-09-2026,LOMBARDIA,BERGAMO,016094,ENTRATICO,2037
28-09-2026,LOMBARDIA,BERGAMO,016096,FARA GERA D'ADDA,8154
28-09-2026,LOMBARDIA,BERGAMO,016097,FARA OLIVANA CON SOLA,1360
28-09-2026,LOMBARDIA,BERGAMO,016098,FILAGO,3139
28-09-2026,LOMBARDIA,BERGAMO,016099,FINO DEL MONTE,1142
28-09-2026,LOMBARDIA,BERGAMO,016100,FIORANO AL SERIO,2925
28-09-2026,LOMBARDIA,BERGAMO,016101,FONTANELLA,4985
28-09-2026,LOMBARDIA,BERGAMO,016102,FONTENO,548
28-09-2026,LOMBARDIA,BERGAMO,016103,FOPPOLO,148
28-09-2026,LOMBARDIA,BERGAMO,016104,FORESTO SPARSO,3131
28-09-2026,LOMBARDIA,BERGAMO,016105,FORNOVO SAN GIOVANNI,3426
28-09-2026,LOMBARDIA,BERGAMO,016106,FUIPIANO VALLE IMAGNA,204
28-09-2026,LOMBARDIA,BERGAMO,016107,GANDELLINO,935
28-09-2026,LOMBARDIA,BERGAMO,016108,GANDINO,5163
28-09-2026,LOMBARDIA,BERGAMO,016109,GANDOSSO,1461
28-09-2026,LOMBARDIA,BERGAMO,016110,GAVERINA TERME,900
28-09-2026,LOMBARDIA,BERGAMO,016111,GAZZANIGA,5030
28-09-2026,LOMBARDIA,BERGAMO,016113,GHISALBA,6355
28-09-2026,LOMBARDIA,BERGAMO,016114,GORLAGO,5235
28-09-2026,LOMBARDIA,BERGAMO,016115,GORLE,6613
28-09-2026,LOMBARDIA,BERGAMO,016116,GORNO,1438
28-09-2026,LOMBARDIA,BERGAMO,016117,GRASSOBBIO,6591
28-09-2026,LOMBARDIA,BERGAMO,016118,GROMO,1144
28-09-2026,LOMBARDIA,BERGAMO,016119,GRONE,925
28-09-2026,LOMBARDIA,BERGAMO,016120,GRUMELLO DEL MONTE,7669
28-09-2026,LOMBARDIA,BERGAMO,016121,ISOLA DI FONDRA,172
28-09-2026,LOMBARDIA,BERGAMO,016122,ISSO,633
28-09-2026,LOMBARDIA,BERGAMO,016123,LALLIO,4242
28-09-2026,LOMBARDIA,BERGAMO,016124,LEFFE,4386
28-09-2026,LOMBARDIA,BERGAMO,016125,LENNA,549
28-09-2026,LOMBARDIA,BERGAMO,016126,LEVATE,3745
28-09-2026,LOMBARDIA,BERGAMO,016127,LOCATELLO,816
28-09-2026,LOMBARDIA,BERGAMO,016128,LOVERE,4945
28-09-2026,LOMBARDIA,BERGAMO,016129,LURANO,2942
28-09-2026,LOMBARDIA,BERGAMO,016130,LUZZANA,907
28-09-2026,LOMBARDIA,BERGAMO,016131,MADONE,4226
28-09-2026,LOMBARDIA,BERGAMO,016132,MAPELLO,7077
28-09-2026,LOMBARDIA,BERGAMO,016133,MARTINENGO,11322
28-09-2026,LOMBARDIA,BERGAMO,016250,MEDOLAGO,2393
28-09-2026,LOMBARDIA,BERGAMO,016134,MEZZOLDO,174
28-09-2026,LOMBARDIA,BERGAMO,016135,MISANO DI GERA D'ADDA,3063
28-09-2026,LOMBARDIA,BERGAMO,016136,MOIO DE' CALVI,202
28-09-2026,LOMBARDIA,BERGAMO,016137,MONASTEROLO DEL CASTELLO,1146
28-09-2026,LOMBARDIA,BERGAMO,016139,MONTELLO,3264
28-09-2026,LOMBARDIA,BERGAMO,016140,MORENGO,2476
28-09-2026,LOMBARDIA,BERGAMO,016141,MORNICO AL SERIO,3077
28-09-2026,LOMBARDIA,BERGAMO,016142,MOZZANICA,4451
28-09-2026,LOMBARDIA,BERGAMO,016143,MOZZO,7291
28-09-2026,LOMBARDIA,BERGAMO,016144,NEMBRO,11296
28-09-2026,LOMBARDIA,BERGAMO,016145,OLMO AL BREMBO,454
28-09-2026,LOMBARDIA,BERGAMO,016146,OLTRE IL COLLE,907
28-09-2026,LOMBARDIA,BERGAMO,016147,OLTRESSENDA ALTA,133
28-09-2026,LOMBARDIA,BERGAMO,016148,ONETA,591
28-09-2026,LOMBARDIA,BERGAMO,016149,ONORE,986
28-09-2026,LOMBARDIA,BERGAMO,016150,ORIO AL SERIO,1577
28-09-2026,LOMBARDIA,BERGAMO,016151,ORNICA,116
28-09-2026,LOMBARDIA,BERGAMO,016152,OSIO SOPRA,5191
28-09-2026,LOMBARDIA,BERGAMO,016153,OSIO SOTTO,12965
28-09-2026,LOMBARDIA,BERGAMO,016154,PAGAZZANO,2252
28-09-2026,LOMBARDIA,BERGAMO,016155,PALADINA,3991
28-09-2026,LOMBARDIA,BERGAMO,016156,PALAZZAGO,4573
28-09-2026,LOMBARDIA,BERGAMO,016157,PALOSCO,5747
28-09-2026,LOMBARDIA,BERGAMO,016158,PARRE,2643
28-09-2026,LOMBARDIA,BERGAMO,016159,PARZANICA,348
28-09-2026,LOMBARDIA,BERGAMO,016160,PEDRENGO,5927
28-09-2026,LOMBARDIA,BERGAMO,016161,PEIA,1647
28-09-2026,LOMBARDIA,BERGAMO,016162,PIANICO,1468
28-09-2026,LOMBARDIA,BERGAMO,016163,PIARIO,983
28-09-2026,LOMBARDIA,BERGAMO,016164,PIAZZA BREMBANA,1192
28-09-2026,LOMBARDIA,BERGAMO,016165,PIAZZATORRE,393
28-09-2026,LOMBARDIA,BERGAMO,016166,PIAZZOLO,91
28-09-2026,LOMBARDIA,BERGAMO,016167,POGNANO,1604
28-09-2026,LOMBARDIA,BERGAMO,016168,PONTE NOSSA,1820
28-09-2026,LOMBARDIA,BERGAMO,016170,PONTE SAN PIETRO,12170
28-09-2026,LOMBARDIA,BERGAMO,016169,PONTERANICA,6724
28-09-2026,LOMBARDIA,BERGAMO,016171,PONTIDA,3333
28-09-2026,LOMBARDIA,BERGAMO,016172,PONTIROLO NUOVO,5025
28-09-2026,LOMBARDIA,BERGAMO,016173,PRADALUNGA,4520
28-09-2026,LOMBARDIA,BERGAMO,016174,PREDORE,1862
28-09-2026,LOMBARDIA,BERGAMO,016175,PREMOLO,1077
28-09-2026,LOMBARDIA,BERGAMO,016176,PRESEZZO,4810
28-09-2026,LOMBARDIA,BERGAMO,016177,PUMENENGO,1747
28-09-2026,LOMBARDIA,BERGAMO,016178,RANICA,5813
28-09-2026,LOMBARDIA,BERGAMO,016179,RANZANICO,1232
28-09-2026,LOMBARDIA,BERGAMO,016180,RIVA DI SOLTO,835
28-09-2026,LOMBARDIA,BERGAMO,016182,ROGNO,3844
28-09-2026,LOMBARDIA,BERGAMO,016183,ROMANO DI LOMBARDIA,21370
28-09-2026,LOMBARDIA,BERGAMO,016184,RONCOBELLO,421
28-09-2026,LOMBARDIA,BERGAMO,016185,RONCOLA,933
28-09-2026,LOMBARDIA,BERGAMO,016186,ROTA D'IMAGNA,969
28-09-2026,LOMBARDIA,BERGAMO,016187,ROVETTA,4188
28-09-2026,LOMBARDIA,BERGAMO,016188,SAN GIOVANNI BIANCO,4558
28-09-2026,LOMBARDIA,BERGAMO,016189,SAN PAOLO D'ARGON,5943
28-09-2026,LOMBARDIA,BERGAMO,016190,SAN PELLEGRINO TERME,4611
28-09-2026,LOMBARDIA,BERGAMO,016252,SANT'OMOBONO TERME,4003
28-09-2026,LOMBARDIA,BERGAMO,016191,SANTA BRIGIDA,522
28-09-2026,LOMBARDIA,BERGAMO,016193,SARNICO,6886
28-09-2026,LOMBARDIA,BERGAMO,016194,SCANZOROSCIATE,10168
28-09-2026,LOMBARDIA,BERGAMO,016195,SCHILPARIO,1137
28-09-2026,LOMBARDIA,BERGAMO,016196,SEDRINA,2368
28-09-2026,LOMBARDIA,BERGAMO,016197,SELVINO,1962
28-09-2026,LOMBARDIA,BERGAMO,016198,SERIATE,25935
28-09-2026,LOMBARDIA,BERGAMO,016199,SERINA,2107
28-09-2026,LOMBARDIA,BERGAMO,016200,SOLTO COLLINA,1834
28-09-2026,LOMBARDIA,BERGAMO,016251,SOLZA,2016
28-09-2026,LOMBARDIA,BERGAMO,016201,SONGAVAZZO,742
28-09-2026,LOMBARDIA,BERGAMO,016202,SORISOLE,8738
28-09-2026,LOMBARDIA,BERGAMO,016203,SOTTO IL MONTE GIOVANNI XXIII,4430
28-09-2026,LOMBARDIA,BERGAMO,016204,SOVERE,5333
28-09-2026,LOMBARDIA,BERGAMO,016205,SPINONE AL LAGO,1016
28-09-2026,LOMBARDIA,BERGAMO,016206,SPIRANO,5807
28-09-2026,LOMBARDIA,BERGAMO,016207,STEZZANO,13944
28-09-2026,LOMBARDIA,BERGAMO,016208,STROZZA,1094
28-09-2026,LOMBARDIA,BERGAMO,016209,SUISIO,3832
28-09-2026,LOMBARDIA,BERGAMO,016210,TALEGGIO,557
28-09-2026,LOMBARDIA,BERGAMO,016211,TAVERNOLA BERGAMASCA,1928
28-09-2026,LOMBARDIA,BERGAMO,016212,TELGATE,5089
28-09-2026,LOMBARDIA,BERGAMO,016213,TERNO D'ISOLA,7981
28-09-2026,LOMBARDIA,BERGAMO,016214,TORRE BOLDONE,8801
28-09-2026,LOMBARDIA,BERGAMO,016215,TORRE DE' BUSI,2308
28-09-2026,LOMBARDIA,BERGAMO,016216,TORRE DE' ROVERI,2652
28-09-2026,LOMBARDIA,BERGAMO,016217,TORRE PALLAVICINA,1152
28-09-2026,LOMBARDIA,BERGAMO,016218,TRESCORE BALNEARIO,9908
28-09-2026,LOMBARDIA,BERGAMO,016219,TREVIGLIO,31706
28-09-2026,LOMBARDIA,BERGAMO,016220,TREVIOLO,10913
28-09-2026,LOMBARDIA,BERGAMO,016221,UBIALE CLANEZZO,1312
28-09-2026,LOMBARDIA,BERGAMO,016222,URGNANO,10269
28-09-2026,LOMBARDIA,BERGAMO,016253,VAL BREMBILLA,4150
28-09-2026,LOMBARDIA,BERGAMO,016223,VALBONDIONE,925
28-09-2026,LOMBARDIA,BERGAMO,016224,VALBREMBO,4266
28-09-2026,LOMBARDIA,BERGAMO,016225,VALGOGLIO,555
28-09-2026,LOMBARDIA,BERGAMO,016226,VALLEVE,127
28-09-2026,LOMBARDIA,BERGAMO,016227,VALNEGRA,200
28-09-2026,LOMBARDIA,BERGAMO,016229,VALTORTA,234
28-09-2026,LOMBARDIA,BERGAMO,016230,VEDESETA,204
28-09-2026,LOMBARDIA,BERGAMO,016232,VERDELLINO,8003
28-09-2026,LOMBARDIA,BERGAMO,016233,VERDELLO,8283
28-09-2026,LOMBARDIA,BERGAMO,016234,VERTOVA,4470
28-09-2026,LOMBARDIA,BERGAMO,016235,VIADANICA,1127
28-09-2026,LOMBARDIA,BERGAMO,016236,VIGANO SAN MARTINO,1425
28-09-2026,LOMBARDIA,BERGAMO,016237,VIGOLO,584
28-09-2026,LOMBARDIA,BERGAMO,016238,VILLA D'ADDA,4583
28-09-2026,LOMBARDIA,BERGAMO,016239,VILLA D'ALMÈ,6394
28-09-2026,LOMBARDIA,BERGAMO,016241,VILLA D'OGNA,1777
28-09-2026,LOMBARDIA,BERGAMO,016240,VILLA DI SERIO,6492
28-09-2026,LOMBARDIA,BERGAMO,016242,VILLONGO,8199
28-09-2026,LOMBARDIA,BERGAMO,016243,VILMINORE DI SCALVE,1453
28-09-2026,LOMBARDIA,BERGAMO,016244,ZANDOBBIO,2782
28-09-2026,LOMBARDIA,BERGAMO,016245,ZANICA,8902
28-09-2026,LOMBARDIA,BERGAMO,016246,ZOGNO,8609
28-09-2026,LOMBARDIA,BRESCIA,017001,ACQUAFREDDA,1562
28-09-2026,LOMBARDIA,BRESCIA,017002,ADRO,7188
28-09-2026,LOMBARDIA,BRESCIA,017003,AGNOSINE,1660
28-09-2026,LOMBARDIA,BRESCIA,017004,ALFIANELLO,2299
28-09-2026,LOMBARDIA,BRESCIA,017005,ANFO,431
28-09-2026,LOMBARDIA,BRESCIA,017006,ANGOLO TERME,2310
28-09-2026,LOMBARDIA,BRESCIA,017007,ARTOGNE,3729
28-09-2026,LOMBARDIA,BRESCIA,017008,AZZANO MELLA,3520
28-09-2026,LOMBARDIA,BRESCIA,017009,BAGNOLO MELLA,12673
28-09-2026,LOMBARDIA,BRESCIA,017010,BAGOLINO,3733
28-09-2026,LOMBARDIA,BRESCIA,017011,BARBARIGA,2302
28-09-2026,LOMBARDIA,BRESCIA,017012,BARGHE,1136
28-09-2026,LOMBARDIA,BRESCIA,017013,BASSANO BRESCIANO,2376
28-09-2026,LOMBARDIA,BRESCIA,017014,BEDIZZOLE,12308
28-09-2026,LOMBARDIA,BRESCIA,017015,BERLINGO,2779
28-09-2026,LOMBARDIA,BRESCIA,017016,BERZO DEMO,1438
28-09-2026,LOMBARDIA,BRESCIA,017017,BERZO INFERIORE,2521
28-09-2026,LOMBARDIA,BRESCIA,017018,BIENNO,3779
28-09-2026,LOMBARDIA,BRESCIA,017019,BIONE,1319
28-09-2026,LOMBARDIA,BRESCIA,017020,BORGO SAN GIACOMO,5661
28-09-2026,LOMBARDIA,BRESCIA,017021,BORGOSATOLLO,9148
28-09-2026,LOMBARDIA,BRESCIA,017022,BORNO,2423
28-09-2026,LOMBARDIA,BRESCIA,017023,BOTTICINO,10977
28-09-2026,LOMBARDIA,BRESCIA,017024,BOVEGNO,2027
28-09-2026,LOMBARDIA,BRESCIA,017025,BOVEZZO,7351
28-09-2026,LOMBARDIA,BRESCIA,017026,BRANDICO,1759
28-09-2026,LOMBARDIA,BRESCIA,017027,BRAONE,680
28-09-2026,LOMBARDIA,BRESCIA,017028,BRENO,4724
28-09-2026,LOMBARDIA,BRESCIA,017029,BRESCIA,203842
28-09-2026,LOMBARDIA,BRESCIA,017030,BRIONE,765
28-09-2026,LOMBARDIA,BRESCIA,017031,CAINO,2197
28-09-2026,LOMBARDIA,BRESCIA,017032,CALCINATO,13109
28-09-2026,LOMBARDIA,BRESCIA,017033,CALVAGESE DELLA RIVIERA,3669
28-09-2026,LOMBARDIA,BRESCIA,017034,CALVISANO,8545
28-09-2026,LOMBARDIA,BRESCIA,017035,CAPO DI PONTE,2291
28-09-2026,LOMBARDIA,BRESCIA,017036,CAPOVALLE,332
28-09-2026,LOMBARDIA,BRESCIA,017037,CAPRIANO DEL COLLE,4899
28-09-2026,LOMBARDIA,BRESCIA,017038,CAPRIOLO,9500
28-09-2026,LOMBARDIA,BRESCIA,017039,CARPENEDOLO,13091
28-09-2026,LOMBARDIA,BRESCIA,017040,CASTEGNATO,8460
28-09-2026,LOMBARDIA,BRESCIA,017042,CASTEL MELLA,10939
28-09-2026,LOMBARDIA,BRESCIA,017041,CASTELCOVATI,7101
28-09-2026,LOMBARDIA,BRESCIA,017043,CASTENEDOLO,11640
28-09-2026,LOMBARDIA,BRESCIA,017044,CASTO,1603
28-09-2026,LOMBARDIA,BRESCIA,017045,CASTREZZATO,8108
28-09-2026,LOMBARDIA,BRESCIA,017046,CAZZAGO SAN MARTINO,10826
28-09-2026,LOMBARDIA,BRESCIA,017047,CEDEGOLO,1122
28-09-2026,LOMBARDIA,BRESCIA,017048,CELLATICA,4834
28-09-2026,LOMBARDIA,BRESCIA,017049,CERVENO,686
28-09-2026,LOMBARDIA,BRESCIA,017050,CETO,1778
28-09-2026,LOMBARDIA,BRESCIA,017051,CEVO,757
28-09-2026,LOMBARDIA,BRESCIA,017052,CHIARI,19712
28-09-2026,LOMBARDIA,BRESCIA,017053,CIGOLE,1503
28-09-2026,LOMBARDIA,BRESCIA,017054,CIMBERGO,522
28-09-2026,LOMBARDIA,BRESCIA,017055,CIVIDATE CAMUNO,2691
28-09-2026,LOMBARDIA,BRESCIA,017056,COCCAGLIO,9082
28-09-2026,LOMBARDIA,BRESCIA,017057,COLLEBEATO,4463
28-09-2026,LOMBARDIA,BRESCIA,017058,COLLIO,1933
28-09-2026,LOMBARDIA,BRESCIA,017059,COLOGNE,7648
28-09-2026,LOMBARDIA,BRESCIA,017060,COMEZZANO-CIZZAGO,4198
28-09-2026,LOMBARDIA,BRESCIA,017061,CONCESIO,15853
28-09-2026,LOMBARDIA,BRESCIA,017062,CORTE FRANCA,7177
28-09-2026,LOMBARDIA,BRESCIA,017063,CORTENO GOLGI,1887
28-09-2026,LOMBARDIA,BRESCIA,017064,CORZANO,1557
28-09-2026,LOMBARDIA,BRESCIA,017065,DARFO BOARIO TERME,16075
28-09-2026,LOMBARDIA,BRESCIA,017066,DELLO,5735
28-09-2026,LOMBARDIA,BRESCIA,017067,DESENZANO DEL GARDA,30070
28-09-2026,LOMBARDIA,BRESCIA,017068,EDOLO,4471
28-09-2026,LOMBARDIA,BRESCIA,017069,ERBUSCO,8853
28-09-2026,LOMBARDIA,BRESCIA,017070,ESINE,5072
28-09-2026,LOMBARDIA,BRESCIA,017071,FIESSE,2093
28-09-2026,LOMBARDIA,BRESCIA,017072,FLERO,8837
28-09-2026,LOMBARDIA,BRESCIA,017073,GAMBARA,4754
28-09-2026,LOMBARDIA,BRESCIA,017074,GARDONE RIVIERA,2581
28-09-2026,LOMBARDIA,BRESCIA,017075,GARDONE VAL TROMPIA,11758
28-09-2026,LOMBARDIA,BRESCIA,017076,GARGNANO,2615
28-09-2026,LOMBARDIA,BRESCIA,017077,GAVARDO,12592
28-09-2026,LOMBARDIA,BRESCIA,017078,GHEDI,18602
28-09-2026,LOMBARDIA,BRESCIA,017079,GIANICO,2043
28-09-2026,LOMBARDIA,BRESCIA,017080,GOTTOLENGO,5084
28-09-2026,LOMBARDIA,BRESCIA,017081,GUSSAGO,16693
28-09-2026,LOMBARDIA,BRESCIA,017082,IDRO,1894
28-09-2026,LOMBARDIA,BRESCIA,017083,INCUDINE,351
28-09-2026,LOMBARDIA,BRESCIA,017084,IRMA,138
28-09-2026,LOMBARDIA,BRESCIA,017085,ISEO,9028
28-09-2026,LOMBARDIA,BRESCIA,017086,ISORELLA,4138
28-09-2026,LOMBARDIA,BRESCIA,017087,LAVENONE,509
28-09-2026,LOMBARDIA,BRESCIA,017088,LENO,14625
28-09-2026,LOMBARDIA,BRESCIA,017089,LIMONE SUL GARDA,1071
28-09-2026,LOMBARDIA,BRESCIA,017090,LODRINO,1648
28-09-2026,LOMBARDIA,BRESCIA,017091,LOGRATO,3860
28-09-2026,LOMBARDIA,BRESCIA,017092,LONATO DEL GARDA,17361
28-09-2026,LOMBARDIA,BRESCIA,017093,LONGHENA,566
28-09-2026,LOMBARDIA,BRESCIA,017094,LOSINE,655
28-09-2026,LOMBARDIA,BRESCIA,017095,LOZIO,358
28-09-2026,LOMBARDIA,BRESCIA,017096,LUMEZZANE,21993
28-09-2026,LOMBARDIA,BRESCIA,017097,MACLODIO,1493
28-09-2026,LOMBARDIA,BRESCIA,017098,MAGASA,100
28-09-2026,LOMBARDIA,BRESCIA,017099,MAIRANO,3512
28-09-2026,LOMBARDIA,BRESCIA,017100,MALEGNO,1931
28-09-2026,LOMBARDIA,BRESCIA,017101,MALONNO,2985
28-09-2026,LOMBARDIA,BRESCIA,017102,MANERBA DEL GARDA,5510
28-09-2026,LOMBARDIA,BRESCIA,017103,MANERBIO,13618
28-09-2026,LOMBARDIA,BRESCIA,017104,MARCHENO,4146
28-09-2026,LOMBARDIA,BRESCIA,017105,MARMENTINO,648
28-09-2026,LOMBARDIA,BRESCIA,017106,MARONE,3091
28-09-2026,LOMBARDIA,BRESCIA,017107,MAZZANO,12810
28-09-2026,LOMBARDIA,BRESCIA,017108,MILZANO,1723
28-09-2026,LOMBARDIA,BRESCIA,017109,MONIGA DEL GARDA,2667
28-09-2026,LOMBARDIA,BRESCIA,017110,MONNO,523
28-09-2026,LOMBARDIA,BRESCIA,017111,MONTE ISOLA,1573
28-09-2026,LOMBARDIA,BRESCIA,017112,MONTICELLI BRUSATI,4561
28-09-2026,LOMBARDIA,BRESCIA,017113,MONTICHIARI,26654
28-09-2026,LOMBARDIA,BRESCIA,017114,MONTIRONE,5177
28-09-2026,LOMBARDIA,BRESCIA,017115,MURA,773
28-09-2026,LOMBARDIA,BRESCIA,017116,MUSCOLINE,2741
28-09-2026,LOMBARDIA,BRESCIA,017117,NAVE,10639
28-09-2026,LOMBARDIA,BRESCIA,017118,NIARDO,1955
28-09-2026,LOMBARDIA,BRESCIA,017119,NUVOLENTO,3995
28-09-2026,LOMBARDIA,BRESCIA,017120,NUVOLERA,4813
28-09-2026,LOMBARDIA,BRESCIA,017121,ODOLO,1911
28-09-2026,LOMBARDIA,BRESCIA,017122,OFFLAGA,4142
28-09-2026,LOMBARDIA,BRESCIA,017123,OME,3114
28-09-2026,LOMBARDIA,BRESCIA,017124,ONO SAN PIETRO,982
28-09-2026,LOMBARDIA,BRESCIA,017125,ORZINUOVI,12614
28-09-2026,LOMBARDIA,BRESCIA,017126,ORZIVECCHI,2526
28-09-2026,LOMBARDIA,BRESCIA,017127,OSPITALETTO,15018
28-09-2026,LOMBARDIA,BRESCIA,017128,OSSIMO,1431
28-09-2026,LOMBARDIA,BRESCIA,017129,PADENGHE SUL GARDA,5015
28-09-2026,LOMBARDIA,BRESCIA,017130,PADERNO FRANCIACORTA,3654
28-09-2026,LOMBARDIA,BRESCIA,017131,PAISCO LOVENO,162
28-09-2026,LOMBARDIA,BRESCIA,017132,PAITONE,2283
28-09-2026,LOMBARDIA,BRESCIA,017133,PALAZZOLO SULL'OGLIO,20848
28-09-2026,LOMBARDIA,BRESCIA,017134,PARATICO,5047
28-09-2026,LOMBARDIA,BRESCIA,017135,PASPARDO,574
28-09-2026,LOMBARDIA,BRESCIA,017136,PASSIRANO,6876
28-09-2026,LOMBARDIA,BRESCIA,017137,PAVONE DEL MELLA,2711
28-09-2026,LOMBARDIA,BRESCIA,017139,PERTICA ALTA,544
28-09-2026,LOMBARDIA,BRESCIA,017140,PERTICA BASSA,538
28-09-2026,LOMBARDIA,BRESCIA,017141,PEZZAZE,1441
28-09-2026,LOMBARDIA,BRESCIA,017142,PIAN CAMUNO,4872
28-09-2026,LOMBARDIA,BRESCIA,017206,PIANCOGNO,4808
28-09-2026,LOMBARDIA,BRESCIA,017143,PISOGNE,7897
28-09-2026,LOMBARDIA,BRESCIA,017144,POLAVENO,2516
28-09-2026,LOMBARDIA,BRESCIA,017145,POLPENAZZE DEL GARDA,2753
28-09-2026,LOMBARDIA,BRESCIA,017146,POMPIANO,3769
28-09-2026,LOMBARDIA,BRESCIA,017147,PONCARALE,5212
28-09-2026,LOMBARDIA,BRESCIA,017148,PONTE DI LEGNO,1761
28-09-2026,LOMBARDIA,BRESCIA,017149,PONTEVICO,7165
28-09-2026,LOMBARDIA,BRESCIA,017150,PONTOGLIO,7040
28-09-2026,LOMBARDIA,BRESCIA,017151,POZZOLENGO,3642
28-09-2026,LOMBARDIA,BRESCIA,017152,PRALBOINO,2910
28-09-2026,LOMBARDIA,BRESCIA,017153,PRESEGLIE,1470
28-09-2026,LOMBARDIA,BRESCIA,017155,PREVALLE,6959
28-09-2026,LOMBARDIA,BRESCIA,017156,PROVAGLIO D'ISEO,7089
28-09-2026,LOMBARDIA,BRESCIA,017157,PROVAGLIO VAL SABBIA,850
28-09-2026,LOMBARDIA,BRESCIA,017158,PUEGNAGO DEL GARDA,3511
28-09-2026,LOMBARDIA,BRESCIA,017159,QUINZANO D'OGLIO,6461
28-09-2026,LOMBARDIA,BRESCIA,017160,REMEDELLO,3487
28-09-2026,LOMBARDIA,BRESCIA,017161,REZZATO,13716
28-09-2026,LOMBARDIA,BRESCIA,017162,ROCCAFRANCA,4990
28-09-2026,LOMBARDIA,BRESCIA,017163,RODENGO SAIANO,9878
28-09-2026,LOMBARDIA,BRESCIA,017165,RONCADELLE,9364
28-09-2026,LOMBARDIA,BRESCIA,017166,ROVATO,19957
28-09-2026,LOMBARDIA,BRESCIA,017164,ROÈ VOLCIANO,4339
28-09-2026,LOMBARDIA,BRESCIA,017167,RUDIANO,5881
28-09-2026,LOMBARDIA,BRESCIA,017168,SABBIO CHIESE,4089
28-09-2026,LOMBARDIA,BRESCIA,017169,SALE MARASINO,3244
28-09-2026,LOMBARDIA,BRESCIA,017170,SALÒ,10300
28-09-2026,LOMBARDIA,BRESCIA,017171,SAN FELICE DEL BENACO,3480
28-09-2026,LOMBARDIA,BRESCIA,017172,SAN GERVASIO BRESCIANO,2729
28-09-2026,LOMBARDIA,BRESCIA,017138,SAN PAOLO,4537
28-09-2026,LOMBARDIA,BRESCIA,017173,SAN ZENO NAVIGLIO,4729
28-09-2026,LOMBARDIA,BRESCIA,017174,SAREZZO,13326
28-09-2026,LOMBARDIA,BRESCIA,017175,SAVIORE DELL'ADAMELLO,766
28-09-2026,LOMBARDIA,BRESCIA,017176,SELLERO,1358
28-09-2026,LOMBARDIA,BRESCIA,017177,SENIGA,1457
28-09-2026,LOMBARDIA,BRESCIA,017178,SERLE,3159
28-09-2026,LOMBARDIA,BRESCIA,017179,SIRMIONE,8544
28-09-2026,LOMBARDIA,BRESCIA,017180,SOIANO DEL LAGO,1957
28-09-2026,LOMBARDIA,BRESCIA,017181,SONICO,1179
28-09-2026,LOMBARDIA,BRESCIA,017182,SULZANO,1951
28-09-2026,LOMBARDIA,BRESCIA,017183,TAVERNOLE SUL MELLA,1197
28-09-2026,LOMBARDIA,BRESCIA,017184,TEMÙ,1165
28-09-2026,LOMBARDIA,BRESCIA,017185,TIGNALE,1156
28-09-2026,LOMBARDIA,BRESCIA,017186,TORBOLE CASAGLIA,6490
28-09-2026,LOMBARDIA,BRESCIA,017187,TOSCOLANO-MADERNO,7694
28-09-2026,LOMBARDIA,BRESCIA,017188,TRAVAGLIATO,14005
28-09-2026,LOMBARDIA,BRESCIA,017189,TREMOSINE SUL GARDA,2159
28-09-2026,LOMBARDIA,BRESCIA,017190,TRENZANO,5581
28-09-2026,LOMBARDIA,BRESCIA,017191,TREVISO BRESCIANO,523
28-09-2026,LOMBARDIA,BRESCIA,017192,URAGO D'OGLIO,3870
28-09-2026,LOMBARDIA,BRESCIA,017193,VALLIO TERME,1444
28-09-2026,LOMBARDIA,BRESCIA,017194,VALVESTINO,166
28-09-2026,LOMBARDIA,BRESCIA,017195,VEROLANUOVA,8295
28-09-2026,LOMBARDIA,BRESCIA,017196,VEROLAVECCHIA,3967
28-09-2026,LOMBARDIA,BRESCIA,017197,VESTONE,4191
28-09-2026,LOMBARDIA,BRESCIA,017198,VEZZA D'OGLIO,1437
28-09-2026,LOMBARDIA,BRESCIA,017199,VILLA CARCINA,10774
28-09-2026,LOMBARDIA,BRESCIA,017200,VILLACHIARA,1359
28-09-2026,LOMBARDIA,BRESCIA,017201,VILLANUOVA SUL CLISI,5933
28-09-2026,LOMBARDIA,BRESCIA,017202,VIONE,624
28-09-2026,LOMBARDIA,BRESCIA,017203,VISANO,2024
28-09-2026,LOMBARDIA,BRESCIA,017204,VOBARNO,8597
28-09-2026,LOMBARDIA,BRESCIA,017205,ZONE,1046
28-09-2026,LOMBARDIA,COMO,013003,ALBAVILLA,6297
28-09-2026,LOMBARDIA,COMO,013004,ALBESE CON CASSANO,4318
28-09-2026,LOMBARDIA,COMO,013005,ALBIOLO,2788
28-09-2026,LOMBARDIA,COMO,013006,ALSERIO,1461
28-09-2026,LOMBARDIA,COMO,013253,ALTA VALLE INTELVI,3311
28-09-2026,LOMBARDIA,COMO,013007,ALZATE BRIANZA,4857
28-09-2026,LOMBARDIA,COMO,013009,ANZANO DEL PARCO,1688
28-09-2026,LOMBARDIA,COMO,013010,APPIANO GENTILE,7839
28-09-2026,LOMBARDIA,COMO,013011,ARGEGNO,671
28-09-2026,LOMBARDIA,COMO,013012,AROSIO,5284
28-09-2026,LOMBARDIA,COMO,013013,ASSO,3588
28-09-2026,LOMBARDIA,COMO,013015,BARNI,612
28-09-2026,LOMBARDIA,COMO,013250,BELLAGIO,3519
28-09-2026,LOMBARDIA,COMO,013021,BENE LARIO,367
28-09-2026,LOMBARDIA,COMO,013022,BEREGAZZO CON FIGLIARO,2861
28-09-2026,LOMBARDIA,COMO,013023,BINAGO,4825
28-09-2026,LOMBARDIA,COMO,013024,BIZZARONE,1850
28-09-2026,LOMBARDIA,COMO,013025,BLESSAGNO,310
28-09-2026,LOMBARDIA,COMO,013026,BLEVIO,1026
28-09-2026,LOMBARDIA,COMO,013028,BREGNANO,6453
28-09-2026,LOMBARDIA,COMO,013029,BRENNA,2172
28-09-2026,LOMBARDIA,COMO,013030,BRIENNO,315
28-09-2026,LOMBARDIA,COMO,013032,BRUNATE,1556
28-09-2026,LOMBARDIA,COMO,013034,BULGAROGRASSO,4003
28-09-2026,LOMBARDIA,COMO,013035,CABIATE,7455
28-09-2026,LOMBARDIA,COMO,013036,CADORAGO,8060
28-09-2026,LOMBARDIA,COMO,013037,CAGLIO,477
28-09-2026,LOMBARDIA,COMO,013040,CAMPIONE D'ITALIA,1901
28-09-2026,LOMBARDIA,COMO,013041,CANTÙ,40777
28-09-2026,LOMBARDIA,COMO,013042,CANZO,5226
28-09-2026,LOMBARDIA,COMO,013043,CAPIAGO INTIMIANO,5451
28-09-2026,LOMBARDIA,COMO,013044,CARATE URIO,1084
28-09-2026,LOMBARDIA,COMO,013045,CARBONATE,3011
28-09-2026,LOMBARDIA,COMO,013046,CARIMATE,4388
28-09-2026,LOMBARDIA,COMO,013047,CARLAZZO,3198
28-09-2026,LOMBARDIA,COMO,013048,CARUGO,6774
28-09-2026,LOMBARDIA,COMO,013052,CASLINO D'ERBA,1682
28-09-2026,LOMBARDIA,COMO,013053,CASNATE CON BERNATE,5028
28-09-2026,LOMBARDIA,COMO,013055,CASSINA RIZZARDI,3278
28-09-2026,LOMBARDIA,COMO,013058,CASTELMARTE,1273
28-09-2026,LOMBARDIA,COMO,013059,CASTELNUOVO BOZZENTE,919
28-09-2026,LOMBARDIA,COMO,013062,CAVARGNA,173
28-09-2026,LOMBARDIA,COMO,013254,CENTRO VALLE INTELVI,3837
28-09-2026,LOMBARDIA,COMO,013063,CERANO D'INTELVI,583
28-09-2026,LOMBARDIA,COMO,013064,CERMENATE,9524
28-09-2026,LOMBARDIA,COMO,013065,CERNOBBIO,6159
28-09-2026,LOMBARDIA,COMO,013068,CIRIMIDO,2228
28-09-2026,LOMBARDIA,COMO,013071,CLAINO CON OSTENO,551
28-09-2026,LOMBARDIA,COMO,013074,COLONNO,436
28-09-2026,LOMBARDIA,COMO,013251,COLVERDE,5562
28-09-2026,LOMBARDIA,COMO,013075,COMO,84300
28-09-2026,LOMBARDIA,COMO,013077,CORRIDO,836
28-09-2026,LOMBARDIA,COMO,013083,CREMIA,679
28-09-2026,LOMBARDIA,COMO,013084,CUCCIAGO,3402
28-09-2026,LOMBARDIA,COMO,013085,CUSINO,252
28-09-2026,LOMBARDIA,COMO,013087,DIZZASCO,647
28-09-2026,LOMBARDIA,COMO,013089,DOMASO,1397
28-09-2026,LOMBARDIA,COMO,013090,DONGO,3161
28-09-2026,LOMBARDIA,COMO,013092,DOSSO DEL LIRO,231
28-09-2026,LOMBARDIA,COMO,013095,ERBA,16332
28-09-2026,LOMBARDIA,COMO,013097,EUPILIO,2546
28-09-2026,LOMBARDIA,COMO,013098,FAGGETO LARIO,1070
28-09-2026,LOMBARDIA,COMO,013099,FALOPPIO,4907
28-09-2026,LOMBARDIA,COMO,013100,FENEGRÒ,3317
28-09-2026,LOMBARDIA,COMO,013101,FIGINO SERENZA,4953
28-09-2026,LOMBARDIA,COMO,013102,FINO MORNASCO,10171
28-09-2026,LOMBARDIA,COMO,013106,GARZENO,653
28-09-2026,LOMBARDIA,COMO,013107,GERA LARIO,1083
28-09-2026,LOMBARDIA,COMO,013110,GRANDATE,2805
28-09-2026,LOMBARDIA,COMO,013111,GRANDOLA ED UNITI,1297
28-09-2026,LOMBARDIA,COMO,013249,GRAVEDONA ED UNITI,4026
28-09-2026,LOMBARDIA,COMO,013113,GRIANTE,565
28-09-2026,LOMBARDIA,COMO,013114,GUANZATE,5849
28-09-2026,LOMBARDIA,COMO,013118,INVERIGO,9178
28-09-2026,LOMBARDIA,COMO,013119,LAGLIO,818
28-09-2026,LOMBARDIA,COMO,013120,LAINO,569
28-09-2026,LOMBARDIA,COMO,013121,LAMBRUGO,2578
28-09-2026,LOMBARDIA,COMO,013123,LASNIGO,433
28-09-2026,LOMBARDIA,COMO,013126,LEZZENO,1851
28-09-2026,LOMBARDIA,COMO,013128,LIMIDO COMASCO,3990
28-09-2026,LOMBARDIA,COMO,013129,LIPOMO,5815
28-09-2026,LOMBARDIA,COMO,013130,LIVO,157
28-09-2026,LOMBARDIA,COMO,013131,LOCATE VARESINO,4322
28-09-2026,LOMBARDIA,COMO,013133,LOMAZZO,10121
28-09-2026,LOMBARDIA,COMO,013134,LONGONE AL SEGRINO,1985
28-09-2026,LOMBARDIA,COMO,013135,LUISAGO,2853
28-09-2026,LOMBARDIA,COMO,013136,LURAGO D'ERBA,5600
28-09-2026,LOMBARDIA,COMO,013137,LURAGO MARINONE,2611
28-09-2026,LOMBARDIA,COMO,013138,LURATE CACCIVIO,9655
28-09-2026,LOMBARDIA,COMO,013139,MAGREGLIO,670
28-09-2026,LOMBARDIA,COMO,013143,MARIANO COMENSE,25646
28-09-2026,LOMBARDIA,COMO,013144,MASLIANICO,3142
28-09-2026,LOMBARDIA,COMO,013145,MENAGGIO,2970
28-09-2026,LOMBARDIA,COMO,013147,MERONE,4008
28-09-2026,LOMBARDIA,COMO,013152,MOLTRASIO,1468
28-09-2026,LOMBARDIA,COMO,013153,MONGUZZO,2394
28-09-2026,LOMBARDIA,COMO,013154,MONTANO LUCINO,5516
28-09-2026,LOMBARDIA,COMO,013155,MONTEMEZZO,205
28-09-2026,LOMBARDIA,COMO,013157,MONTORFANO,2496
28-09-2026,LOMBARDIA,COMO,013159,MOZZATE,8852
28-09-2026,LOMBARDIA,COMO,013160,MUSSO,939
28-09-2026,LOMBARDIA,COMO,013161,NESSO,1068
28-09-2026,LOMBARDIA,COMO,013163,NOVEDRATE,2902
28-09-2026,LOMBARDIA,COMO,013165,OLGIATE COMASCO,12233
28-09-2026,LOMBARDIA,COMO,013169,OLTRONA DI SAN MAMETTE,2380
28-09-2026,LOMBARDIA,COMO,013170,ORSENIGO,2620
28-09-2026,LOMBARDIA,COMO,013178,PEGLIO,202
28-09-2026,LOMBARDIA,COMO,013183,PIANELLO DEL LARIO,1067
28-09-2026,LOMBARDIA,COMO,013184,PIGRA,226
28-09-2026,LOMBARDIA,COMO,013185,PLESIO,804
28-09-2026,LOMBARDIA,COMO,013186,POGNANA LARIO,647
28-09-2026,LOMBARDIA,COMO,013187,PONNA,225
28-09-2026,LOMBARDIA,COMO,013188,PONTE LAMBRO,4231
28-09-2026,LOMBARDIA,COMO,013189,PORLEZZA,4916
28-09-2026,LOMBARDIA,COMO,013192,PROSERPIO,958
28-09-2026,LOMBARDIA,COMO,013193,PUSIANO,1302
28-09-2026,LOMBARDIA,COMO,013195,REZZAGO,313
28-09-2026,LOMBARDIA,COMO,013197,RODERO,1317
28-09-2026,LOMBARDIA,COMO,013201,ROVELLASCA,8127
28-09-2026,LOMBARDIA,COMO,013202,ROVELLO PORRO,6490
28-09-2026,LOMBARDIA,COMO,013203,SALA COMACINA,450
28-09-2026,LOMBARDIA,COMO,013204,SAN BARTOLOMEO VAL CAVARGNA,913
28-09-2026,LOMBARDIA,COMO,013206,SAN FERMO DELLA BATTAGLIA,7789
28-09-2026,LOMBARDIA,COMO,013207,SAN NAZZARO VAL CAVARGNA,254
28-09-2026,LOMBARDIA,COMO,013248,SAN SIRO,1682
28-09-2026,LOMBARDIA,COMO,013211,SCHIGNANO,862
28-09-2026,LOMBARDIA,COMO,013212,SENNA COMASCO,3167
28-09-2026,LOMBARDIA,COMO,013255,SOLBIATE CON CAGNO,4659
28-09-2026,LOMBARDIA,COMO,013216,SORICO,1244
28-09-2026,LOMBARDIA,COMO,013217,SORMANO,691
28-09-2026,LOMBARDIA,COMO,013218,STAZZONA,596
28-09-2026,LOMBARDIA,COMO,013222,TAVERNERIO,5592
28-09-2026,LOMBARDIA,COMO,013223,TORNO,1004
28-09-2026,LOMBARDIA,COMO,013252,TREMEZZINA,4923
28-09-2026,LOMBARDIA,COMO,013226,TREZZONE,229
28-09-2026,LOMBARDIA,COMO,013227,TURATE,9984
28-09-2026,LOMBARDIA,COMO,013256,UGGIATE CON RONAGO,6926
28-09-2026,LOMBARDIA,COMO,013233,VAL REZZO,170
28-09-2026,LOMBARDIA,COMO,013229,VALBRONA,2634
28-09-2026,LOMBARDIA,COMO,013232,VALMOREA,2630
28-09-2026,LOMBARDIA,COMO,013234,VALSOLDA,1445
28-09-2026,LOMBARDIA,COMO,013236,VELESO,201
28-09-2026,LOMBARDIA,COMO,013238,VENIANO,3134
28-09-2026,LOMBARDIA,COMO,013239,VERCANA,751
28-09-2026,LOMBARDIA,COMO,013242,VERTEMATE CON MINOPRIO,4214
28-09-2026,LOMBARDIA,COMO,013245,VILLA GUARDIA,7961
28-09-2026,LOMBARDIA,COMO,013246,ZELBIO,180
28-09-2026,LOMBARDIA,CREMONA,019001,ACQUANEGRA CREMONESE,1157
28-09-2026,LOMBARDIA,CREMONA,019002,AGNADELLO,3972
28-09-2026,LOMBARDIA,CREMONA,019003,ANNICCO,2041
28-09-2026,LOMBARDIA,CREMONA,019004,AZZANELLO,633
28-09-2026,LOMBARDIA,CREMONA,019005,BAGNOLO CREMASCO,5100
28-09-2026,LOMBARDIA,CREMONA,019006,BONEMERSE,1424
28-09-2026,LOMBARDIA,CREMONA,019007,BORDOLANO,601
28-09-2026,LOMBARDIA,CREMONA,019009,CALVATONE,1156
28-09-2026,LOMBARDIA,CREMONA,019010,CAMISANO,1265
28-09-2026,LOMBARDIA,CREMONA,019011,CAMPAGNOLA CREMASCA,650
28-09-2026,LOMBARDIA,CREMONA,019012,CAPERGNANICA,2131
28-09-2026,LOMBARDIA,CREMONA,019013,CAPPELLA CANTONE,535
28-09-2026,LOMBARDIA,CREMONA,019014,CAPPELLA DE' PICENARDI,444
28-09-2026,LOMBARDIA,CREMONA,019015,CAPRALBA,2275
28-09-2026,LOMBARDIA,CREMONA,019016,CASALBUTTANO ED UNITI,3791
28-09-2026,LOMBARDIA,CREMONA,019017,CASALE CREMASCO-VIDOLASCO,1842
28-09-2026,LOMBARDIA,CREMONA,019018,CASALETTO CEREDANO,1178
28-09-2026,LOMBARDIA,CREMONA,019019,CASALETTO DI SOPRA,519
28-09-2026,LOMBARDIA,CREMONA,019020,CASALETTO VAPRIO,1781
28-09-2026,LOMBARDIA,CREMONA,019021,CASALMAGGIORE,15334
28-09-2026,LOMBARDIA,CREMONA,019022,CASALMORANO,1750
28-09-2026,LOMBARDIA,CREMONA,019024,CASTEL GABBIANO,540
28-09-2026,LOMBARDIA,CREMONA,019023,CASTELDIDONE,558
28-09-2026,LOMBARDIA,CREMONA,019025,CASTELLEONE,9425
28-09-2026,LOMBARDIA,CREMONA,019026,CASTELVERDE,5709
28-09-2026,LOMBARDIA,CREMONA,019027,CASTELVISCONTI,318
28-09-2026,LOMBARDIA,CREMONA,019028,CELLA DATI,515
28-09-2026,LOMBARDIA,CREMONA,019029,CHIEVE,2295
28-09-2026,LOMBARDIA,CREMONA,019030,CICOGNOLO,955
28-09-2026,LOMBARDIA,CREMONA,019031,CINGIA DE' BOTTI,1197
28-09-2026,LOMBARDIA,CREMONA,019032,CORTE DE' CORTESI CON CIGNONE,1074
28-09-2026,LOMBARDIA,CREMONA,019033,CORTE DE' FRATI,1328
28-09-2026,LOMBARDIA,CREMONA,019034,CREDERA RUBBIANO,1506
28-09-2026,LOMBARDIA,CREMONA,019035,CREMA,34300
28-09-2026,LOMBARDIA,CREMONA,019036,CREMONA,71497
28-09-2026,LOMBARDIA,CREMONA,019037,CREMOSANO,1747
28-09-2026,LOMBARDIA,CREMONA,019038,CROTTA D'ADDA,639
28-09-2026,LOMBARDIA,CREMONA,019039,CUMIGNANO SUL NAVIGLIO,405
28-09-2026,LOMBARDIA,CREMONA,019040,DEROVERE,289
28-09-2026,LOMBARDIA,CREMONA,019041,DOVERA,3715
28-09-2026,LOMBARDIA,CREMONA,019043,FIESCO,1229
28-09-2026,LOMBARDIA,CREMONA,019044,FORMIGARA,1038
28-09-2026,LOMBARDIA,CREMONA,019045,GABBIONETA-BINANUOVA,863
28-09-2026,LOMBARDIA,CREMONA,019046,GADESCO-PIEVE DELMONA,1893
28-09-2026,LOMBARDIA,CREMONA,019047,GENIVOLTA,1104
28-09-2026,LOMBARDIA,CREMONA,019048,GERRE DE' CAPRIOLI,1318
28-09-2026,LOMBARDIA,CREMONA,019049,GOMBITO,628
28-09-2026,LOMBARDIA,CREMONA,019050,GRONTARDO,1508
28-09-2026,LOMBARDIA,CREMONA,019051,GRUMELLO CREMONESE ED UNITI,1740
28-09-2026,LOMBARDIA,CREMONA,019052,GUSSOLA,2714
28-09-2026,LOMBARDIA,CREMONA,019053,ISOLA DOVARESE,1084
28-09-2026,LOMBARDIA,CREMONA,019054,IZANO,1949
28-09-2026,LOMBARDIA,CREMONA,019055,MADIGNANO,2774
28-09-2026,LOMBARDIA,CREMONA,019056,MALAGNINO,1701
28-09-2026,LOMBARDIA,CREMONA,019057,MARTIGNANA DI PO,2005
28-09-2026,LOMBARDIA,CREMONA,019058,MONTE CREMASCO,2277
28-09-2026,LOMBARDIA,CREMONA,019059,MONTODINE,2384
28-09-2026,LOMBARDIA,CREMONA,019060,MOSCAZZANO,710
28-09-2026,LOMBARDIA,CREMONA,019061,MOTTA BALUFFI,780
28-09-2026,LOMBARDIA,CREMONA,019062,OFFANENGO,5978
28-09-2026,LOMBARDIA,CREMONA,019063,OLMENETA,946
28-09-2026,LOMBARDIA,CREMONA,019064,OSTIANO,2847
28-09-2026,LOMBARDIA,CREMONA,019065,PADERNO PONCHIELLI,1276
28-09-2026,LOMBARDIA,CREMONA,019066,PALAZZO PIGNANO,3807
28-09-2026,LOMBARDIA,CREMONA,019067,PANDINO,9039
28-09-2026,LOMBARDIA,CREMONA,019068,PERSICO DOSIMO,3224
28-09-2026,LOMBARDIA,CREMONA,019069,PESCAROLO ED UNITI,1543
28-09-2026,LOMBARDIA,CREMONA,019070,PESSINA CREMONESE,578
28-09-2026,LOMBARDIA,CREMONA,019116,PIADENA DRIZZONA,4134
28-09-2026,LOMBARDIA,CREMONA,019072,PIANENGO,2592
28-09-2026,LOMBARDIA,CREMONA,019073,PIERANICA,1111
28-09-2026,LOMBARDIA,CREMONA,019074,PIEVE D'OLMI,1230
28-09-2026,LOMBARDIA,CREMONA,019075,PIEVE SAN GIACOMO,1578
28-09-2026,LOMBARDIA,CREMONA,019076,PIZZIGHETTONE,6250
28-09-2026,LOMBARDIA,CREMONA,019077,POZZAGLIO ED UNITI,1416
28-09-2026,LOMBARDIA,CREMONA,019078,QUINTANO,932
28-09-2026,LOMBARDIA,CREMONA,019079,RICENGO,1749
28-09-2026,LOMBARDIA,CREMONA,019080,RIPALTA ARPINA,1094
28-09-2026,LOMBARDIA,CREMONA,019081,RIPALTA CREMASCA,3464
28-09-2026,LOMBARDIA,CREMONA,019082,RIPALTA GUERINA,526
28-09-2026,LOMBARDIA,CREMONA,019083,RIVAROLO DEL RE ED UNITI,1888
28-09-2026,LOMBARDIA,CREMONA,019084,RIVOLTA D'ADDA,8426
28-09-2026,LOMBARDIA,CREMONA,019085,ROBECCO D'OGLIO,2268
28-09-2026,LOMBARDIA,CREMONA,019086,ROMANENGO,3268
28-09-2026,LOMBARDIA,CREMONA,019087,SALVIROLA,1150
28-09-2026,LOMBARDIA,CREMONA,019088,SAN BASSANO,2066
28-09-2026,LOMBARDIA,CREMONA,019089,SAN DANIELE PO,1303
28-09-2026,LOMBARDIA,CREMONA,019090,SAN GIOVANNI IN CROCE,1975
28-09-2026,LOMBARDIA,CREMONA,019091,SAN MARTINO DEL LAGO,383
28-09-2026,LOMBARDIA,CREMONA,019092,SCANDOLARA RAVARA,1241
28-09-2026,LOMBARDIA,CREMONA,019093,SCANDOLARA RIPA D'OGLIO,514
28-09-2026,LOMBARDIA,CREMONA,019094,SERGNANO,3517
28-09-2026,LOMBARDIA,CREMONA,019095,SESTO ED UNITI,3302
28-09-2026,LOMBARDIA,CREMONA,019096,SOLAROLO RAINERIO,915
28-09-2026,LOMBARDIA,CREMONA,019097,SONCINO,7557
28-09-2026,LOMBARDIA,CREMONA,019098,SORESINA,9566
28-09-2026,LOMBARDIA,CREMONA,019099,SOSPIRO,3053
28-09-2026,LOMBARDIA,CREMONA,019100,SPINADESCO,1504
28-09-2026,LOMBARDIA,CREMONA,019101,SPINEDA,607
28-09-2026,LOMBARDIA,CREMONA,019102,SPINO D'ADDA,7047
28-09-2026,LOMBARDIA,CREMONA,019103,STAGNO LOMBARDO,1396
28-09-2026,LOMBARDIA,CREMONA,019104,TICENGO,454
28-09-2026,LOMBARDIA,CREMONA,019105,TORLINO VIMERCATI,472
28-09-2026,LOMBARDIA,CREMONA,019106,TORNATA,412
28-09-2026,LOMBARDIA,CREMONA,019107,TORRE DE' PICENARDI,2196
28-09-2026,LOMBARDIA,CREMONA,019108,TORRICELLA DEL PIZZO,564
28-09-2026,LOMBARDIA,CREMONA,019109,TRESCORE CREMASCO,2912
28-09-2026,LOMBARDIA,CREMONA,019110,TRIGOLO,1677
28-09-2026,LOMBARDIA,CREMONA,019111,VAIANO CREMASCO,3620
28-09-2026,LOMBARDIA,CREMONA,019112,VAILATE,4731
28-09-2026,LOMBARDIA,CREMONA,019113,VESCOVATO,4033
28-09-2026,LOMBARDIA,CREMONA,019114,VOLONGO,465
28-09-2026,LOMBARDIA,CREMONA,019115,VOLTIDO,333
28-09-2026,LOMBARDIA,LECCO,097001,ABBADIA LARIANA,3111
28-09-2026,LOMBARDIA,LECCO,097002,AIRUNO,2882
28-09-2026,LOMBARDIA,LECCO,097003,ANNONE DI BRIANZA,2300
28-09-2026,LOMBARDIA,LECCO,097004,BALLABIO,4203
28-09-2026,LOMBARDIA,LECCO,097005,BARZAGO,2397
28-09-2026,LOMBARDIA,LECCO,097006,BARZANÒ,5052
28-09-2026,LOMBARDIA,LECCO,097007,BARZIO,1283
28-09-2026,LOMBARDIA,LECCO,097008,BELLANO,3383
28-09-2026,LOMBARDIA,LECCO,097009,BOSISIO PARINI,3259
28-09-2026,LOMBARDIA,LECCO,097010,BRIVIO,4346
28-09-2026,LOMBARDIA,LECCO,097011,BULCIAGO,2947
28-09-2026,LOMBARDIA,LECCO,097012,CALCO,5527
28-09-2026,LOMBARDIA,LECCO,097013,CALOLZIOCORTE,13706
28-09-2026,LOMBARDIA,LECCO,097014,CARENNO,1394
28-09-2026,LOMBARDIA,LECCO,097015,CASARGO,834
28-09-2026,LOMBARDIA,LECCO,097016,CASATENOVO,13261
28-09-2026,LOMBARDIA,LECCO,097017,CASSAGO BRIANZA,4382
28-09-2026,LOMBARDIA,LECCO,097018,CASSINA VALSASSINA,553
28-09-2026,LOMBARDIA,LECCO,097019,CASTELLO DI BRIANZA,2638
28-09-2026,LOMBARDIA,LECCO,097020,CERNUSCO LOMBARDONE,3830
28-09-2026,LOMBARDIA,LECCO,097021,CESANA BRIANZA,2279
28-09-2026,LOMBARDIA,LECCO,097022,CIVATE,3682
28-09-2026,LOMBARDIA,LECCO,097023,COLICO,8255
28-09-2026,LOMBARDIA,LECCO,097024,COLLE BRIANZA,1882
28-09-2026,LOMBARDIA,LECCO,097025,CORTENOVA,1191
28-09-2026,LOMBARDIA,LECCO,097026,COSTA MASNAGA,4777
28-09-2026,LOMBARDIA,LECCO,097027,CRANDOLA VALSASSINA,261
28-09-2026,LOMBARDIA,LECCO,097028,CREMELLA,1704
28-09-2026,LOMBARDIA,LECCO,097029,CREMENO,1797
28-09-2026,LOMBARDIA,LECCO,097030,DERVIO,2535
28-09-2026,LOMBARDIA,LECCO,097031,DOLZAGO,2549
28-09-2026,LOMBARDIA,LECCO,097032,DORIO,323
28-09-2026,LOMBARDIA,LECCO,097033,ELLO,1195
28-09-2026,LOMBARDIA,LECCO,097034,ERVE,653
28-09-2026,LOMBARDIA,LECCO,097035,ESINO LARIO,743
28-09-2026,LOMBARDIA,LECCO,097036,GALBIATE,8462
28-09-2026,LOMBARDIA,LECCO,097037,GARBAGNATE MONASTERO,2519
28-09-2026,LOMBARDIA,LECCO,097038,GARLATE,2694
28-09-2026,LOMBARDIA,LECCO,097039,IMBERSAGO,2602
28-09-2026,LOMBARDIA,LECCO,097040,INTROBIO,1969
28-09-2026,LOMBARDIA,LECCO,097092,LA VALLETTA BRIANZA,4691
28-09-2026,LOMBARDIA,LECCO,097042,LECCO,47761
28-09-2026,LOMBARDIA,LECCO,097043,LIERNA,2111
28-09-2026,LOMBARDIA,LECCO,097044,LOMAGNA,5154
28-09-2026,LOMBARDIA,LECCO,097045,MALGRATE,4159
28-09-2026,LOMBARDIA,LECCO,097046,MANDELLO DEL LARIO,9875
28-09-2026,LOMBARDIA,LECCO,097047,MARGNO,427
28-09-2026,LOMBARDIA,LECCO,097048,MERATE,15095
28-09-2026,LOMBARDIA,LECCO,097049,MISSAGLIA,8971
28-09-2026,LOMBARDIA,LECCO,097050,MOGGIO,476
28-09-2026,LOMBARDIA,LECCO,097051,MOLTENO,3588
28-09-2026,LOMBARDIA,LECCO,097052,MONTE MARENZO,1780
28-09-2026,LOMBARDIA,LECCO,097053,MONTEVECCHIA,2684
28-09-2026,LOMBARDIA,LECCO,097054,MONTICELLO BRIANZA,4200
28-09-2026,LOMBARDIA,LECCO,097055,MORTERONE,31
28-09-2026,LOMBARDIA,LECCO,097056,NIBIONNO,3596
28-09-2026,LOMBARDIA,LECCO,097057,OGGIONO,9295
28-09-2026,LOMBARDIA,LECCO,097058,OLGIATE MOLGORA,6423
28-09-2026,LOMBARDIA,LECCO,097059,OLGINATE,6963
28-09-2026,LOMBARDIA,LECCO,097060,OLIVETO LARIO,1161
28-09-2026,LOMBARDIA,LECCO,097061,OSNAGO,4770
28-09-2026,LOMBARDIA,LECCO,097062,PADERNO D'ADDA,3908
28-09-2026,LOMBARDIA,LECCO,097063,PAGNONA,310
28-09-2026,LOMBARDIA,LECCO,097064,PARLASCO,132
28-09-2026,LOMBARDIA,LECCO,097065,PASTURO,1984
28-09-2026,LOMBARDIA,LECCO,097067,PERLEDO,827
28-09-2026,LOMBARDIA,LECCO,097068,PESCATE,2117
28-09-2026,LOMBARDIA,LECCO,097069,PREMANA,2128
28-09-2026,LOMBARDIA,LECCO,097070,PRIMALUNA,2277
28-09-2026,LOMBARDIA,LECCO,097071,ROBBIATE,6486
28-09-2026,LOMBARDIA,LECCO,097072,ROGENO,3059
28-09-2026,LOMBARDIA,LECCO,097074,SANTA MARIA HOÈ,2108
28-09-2026,LOMBARDIA,LECCO,097075,SIRONE,2355
28-09-2026,LOMBARDIA,LECCO,097076,SIRTORI,2798
28-09-2026,LOMBARDIA,LECCO,097077,SUEGLIO,150
28-09-2026,LOMBARDIA,LECCO,097078,SUELLO,1685
28-09-2026,LOMBARDIA,LECCO,097079,TACENO,603
28-09-2026,LOMBARDIA,LECCO,097082,VALGREGHENTINO,3377
28-09-2026,LOMBARDIA,LECCO,097083,VALMADRERA,11234
28-09-2026,LOMBARDIA,LECCO,097093,VALVARRONE,525
28-09-2026,LOMBARDIA,LECCO,097084,VARENNA,643
28-09-2026,LOMBARDIA,LECCO,097086,VERCURAGO,2674
28-09-2026,LOMBARDIA,LECCO,097091,VERDERIO,5473
28-09-2026,LOMBARDIA,LECCO,097090,VIGANÒ,2136
28-09-2026,LOMBARDIA,LODI,098001,ABBADIA CERRETO,285
28-09-2026,LOMBARDIA,LODI,098002,BERTONICO,1103
28-09-2026,LOMBARDIA,LODI,098003,BOFFALORA D'ADDA,1729
28-09-2026,LOMBARDIA,LODI,098004,BORGHETTO LODIGIANO,4468
28-09-2026,LOMBARDIA,LODI,098005,BORGO SAN GIOVANNI,2488
28-09-2026,LOMBARDIA,LODI,098006,BREMBIO,2866
28-09-2026,LOMBARDIA,LODI,098008,CASALETTO LODIGIANO,3028
28-09-2026,LOMBARDIA,LODI,098009,CASALMAIOCCO,3263
28-09-2026,LOMBARDIA,LODI,098010,CASALPUSTERLENGO,16253
28-09-2026,LOMBARDIA,LODI,098011,CASELLE LANDI,1443
28-09-2026,LOMBARDIA,LODI,098012,CASELLE LURANI,3137
28-09-2026,LOMBARDIA,LODI,098062,CASTELGERUNDO,1457
28-09-2026,LOMBARDIA,LODI,098013,CASTELNUOVO BOCCA D'ADDA,1545
28-09-2026,LOMBARDIA,LODI,098014,CASTIGLIONE D'ADDA,4562
28-09-2026,LOMBARDIA,LODI,098015,CASTIRAGA VIDARDO,3068
28-09-2026,LOMBARDIA,LODI,098017,CAVENAGO D'ADDA,2163
28-09-2026,LOMBARDIA,LODI,098018,CERVIGNANO D'ADDA,2264
28-09-2026,LOMBARDIA,LODI,098019,CODOGNO,15847
28-09-2026,LOMBARDIA,LODI,098020,COMAZZO,2442
28-09-2026,LOMBARDIA,LODI,098021,CORNEGLIANO LAUDENSE,2852
28-09-2026,LOMBARDIA,LODI,098022,CORNO GIOVINE,1129
28-09-2026,LOMBARDIA,LODI,098023,CORNOVECCHIO,207
28-09-2026,LOMBARDIA,LODI,098024,CORTE PALASIO,1533
28-09-2026,LOMBARDIA,LODI,098025,CRESPIATICA,2219
28-09-2026,LOMBARDIA,LODI,098026,FOMBIO,2268
28-09-2026,LOMBARDIA,LODI,098027,GALGAGNANO,1318
28-09-2026,LOMBARDIA,LODI,098028,GRAFFIGNANA,2639
28-09-2026,LOMBARDIA,LODI,098029,GUARDAMIGLIO,2692
28-09-2026,LOMBARDIA,LODI,098030,LIVRAGA,2591
28-09-2026,LOMBARDIA,LODI,098031,LODI,46283
28-09-2026,LOMBARDIA,LODI,098032,LODI VECCHIO,7697
28-09-2026,LOMBARDIA,LODI,098033,MACCASTORNA,67
28-09-2026,LOMBARDIA,LODI,098034,MAIRAGO,1379
28-09-2026,LOMBARDIA,LODI,098035,MALEO,3098
28-09-2026,LOMBARDIA,LODI,098036,MARUDO,1788
28-09-2026,LOMBARDIA,LODI,098037,MASSALENGO,4482
28-09-2026,LOMBARDIA,LODI,098038,MELETI,458
28-09-2026,LOMBARDIA,LODI,098039,MERLINO,1652
28-09-2026,LOMBARDIA,LODI,098040,MONTANASO LOMBARDO,2250
28-09-2026,LOMBARDIA,LODI,098041,MULAZZANO,5851
28-09-2026,LOMBARDIA,LODI,098042,ORIO LITTA,2113
28-09-2026,LOMBARDIA,LODI,098043,OSPEDALETTO LODIGIANO,1966
28-09-2026,LOMBARDIA,LODI,098044,OSSAGO LODIGIANO,1431
28-09-2026,LOMBARDIA,LODI,098045,PIEVE FISSIRAGA,1760
28-09-2026,LOMBARDIA,LODI,098046,SALERANO SUL LAMBRO,2693
28-09-2026,LOMBARDIA,LODI,098047,SAN FIORANO,1924
28-09-2026,LOMBARDIA,LODI,098048,SAN MARTINO IN STRADA,3785
28-09-2026,LOMBARDIA,LODI,098049,SAN ROCCO AL PORTO,3461
28-09-2026,LOMBARDIA,LODI,098050,SANT'ANGELO LODIGIANO,13781
28-09-2026,LOMBARDIA,LODI,098051,SANTO STEFANO LODIGIANO,1867
28-09-2026,LOMBARDIA,LODI,098052,SECUGNAGO,1977
28-09-2026,LOMBARDIA,LODI,098053,SENNA LODIGIANA,1848
28-09-2026,LOMBARDIA,LODI,098054,SOMAGLIA,3930
28-09-2026,LOMBARDIA,LODI,098055,SORDIO,3436
28-09-2026,LOMBARDIA,LODI,098056,TAVAZZANO CON VILLAVESCO,6060
28-09-2026,LOMBARDIA,LODI,098057,TERRANOVA DEI PASSERINI,957
28-09-2026,LOMBARDIA,LODI,098058,TURANO LODIGIANO,1590
28-09-2026,LOMBARDIA,LODI,098059,VALERA FRATTA,1703
28-09-2026,LOMBARDIA,LODI,098060,VILLANOVA DEL SILLARO,1863
28-09-2026,LOMBARDIA,LODI,098061,ZELO BUON PERSICO,7445
28-09-2026,LOMBARDIA,MANTOVA,020001,ACQUANEGRA SUL CHIESE,2749
28-09-2026,LOMBARDIA,MANTOVA,020002,ASOLA,9973
28-09-2026,LOMBARDIA,MANTOVA,020003,BAGNOLO SAN VITO,5946
28-09-2026,LOMBARDIA,MANTOVA,020072,BORGO MANTOVANO,5371
28-09-2026,LOMBARDIA,MANTOVA,020071,BORGO VIRGILIO,15258
28-09-2026,LOMBARDIA,MANTOVA,020073,BORGOCARBONARA,1880
28-09-2026,LOMBARDIA,MANTOVA,020007,BOZZOLO,4034
28-09-2026,LOMBARDIA,MANTOVA,020008,CANNETO SULL'OGLIO,4472
28-09-2026,LOMBARDIA,MANTOVA,020010,CASALMORO,2270
28-09-2026,LOMBARDIA,MANTOVA,020011,CASALOLDO,2620
28-09-2026,LOMBARDIA,MANTOVA,020012,CASALROMANO,1510
28-09-2026,LOMBARDIA,MANTOVA,020014,CASTEL D'ARIO,4742
28-09-2026,LOMBARDIA,MANTOVA,020015,CASTEL GOFFREDO,12891
28-09-2026,LOMBARDIA,MANTOVA,020013,CASTELBELFORTE,3412
28-09-2026,LOMBARDIA,MANTOVA,020016,CASTELLUCCHIO,5193
28-09-2026,LOMBARDIA,MANTOVA,020017,CASTIGLIONE DELLE STIVIERE,23971
28-09-2026,LOMBARDIA,MANTOVA,020018,CAVRIANA,3646
28-09-2026,LOMBARDIA,MANTOVA,020019,CERESARA,2503
28-09-2026,LOMBARDIA,MANTOVA,020020,COMMESSAGGIO,1031
28-09-2026,LOMBARDIA,MANTOVA,020021,CURTATONE,14761
28-09-2026,LOMBARDIA,MANTOVA,020022,DOSOLO,3247
28-09-2026,LOMBARDIA,MANTOVA,020024,GAZOLDO DEGLI IPPOLITI,3037
28-09-2026,LOMBARDIA,MANTOVA,020025,GAZZUOLO,2025
28-09-2026,LOMBARDIA,MANTOVA,020026,GOITO,10154
28-09-2026,LOMBARDIA,MANTOVA,020027,GONZAGA,8651
28-09-2026,LOMBARDIA,MANTOVA,020028,GUIDIZZOLO,6162
28-09-2026,LOMBARDIA,MANTOVA,020029,MAGNACAVALLO,1435
28-09-2026,LOMBARDIA,MANTOVA,020030,MANTOVA,50983
28-09-2026,LOMBARDIA,MANTOVA,020031,MARCARIA,6360
28-09-2026,LOMBARDIA,MANTOVA,020032,MARIANA MANTOVANA,796
28-09-2026,LOMBARDIA,MANTOVA,020033,MARMIROLO,7706
28-09-2026,LOMBARDIA,MANTOVA,020034,MEDOLE,4227
28-09-2026,LOMBARDIA,MANTOVA,020035,MOGLIA,5487
28-09-2026,LOMBARDIA,MANTOVA,020036,MONZAMBANO,4870
28-09-2026,LOMBARDIA,MANTOVA,020037,MOTTEGGIANA,2437
28-09-2026,LOMBARDIA,MANTOVA,020038,OSTIGLIA,6910
28-09-2026,LOMBARDIA,MANTOVA,020039,PEGOGNAGA,7042
28-09-2026,LOMBARDIA,MANTOVA,020041,PIUBEGA,1759
28-09-2026,LOMBARDIA,MANTOVA,020042,POGGIO RUSCO,6665
28-09-2026,LOMBARDIA,MANTOVA,020043,POMPONESCO,1787
28-09-2026,LOMBARDIA,MANTOVA,020044,PONTI SUL MINCIO,2286
28-09-2026,LOMBARDIA,MANTOVA,020045,PORTO MANTOVANO,16877
28-09-2026,LOMBARDIA,MANTOVA,020046,QUINGENTOLE,1049
28-09-2026,LOMBARDIA,MANTOVA,020047,QUISTELLO,5265
28-09-2026,LOMBARDIA,MANTOVA,020048,REDONDESCO,1205
28-09-2026,LOMBARDIA,MANTOVA,020050,RIVAROLO MANTOVANO,2326
28-09-2026,LOMBARDIA,MANTOVA,020051,RODIGO,5207
28-09-2026,LOMBARDIA,MANTOVA,020052,RONCOFERRARO,6911
28-09-2026,LOMBARDIA,MANTOVA,020053,ROVERBELLA,8770
28-09-2026,LOMBARDIA,MANTOVA,020054,SABBIONETA,4114
28-09-2026,LOMBARDIA,MANTOVA,020055,SAN BENEDETTO PO,6835
28-09-2026,LOMBARDIA,MANTOVA,020056,SAN GIACOMO DELLE SEGNATE,1528
28-09-2026,LOMBARDIA,MANTOVA,020057,SAN GIORGIO BIGARELLO,12058
28-09-2026,LOMBARDIA,MANTOVA,020058,SAN GIOVANNI DEL DOSSO,1232
28-09-2026,LOMBARDIA,MANTOVA,020059,SAN MARTINO DALL'ARGINE,1626
28-09-2026,LOMBARDIA,MANTOVA,020060,SCHIVENOGLIA,1154
28-09-2026,LOMBARDIA,MANTOVA,020061,SERMIDE E FELONICA,7092
28-09-2026,LOMBARDIA,MANTOVA,020062,SERRAVALLE A PO,1496
28-09-2026,LOMBARDIA,MANTOVA,020063,SOLFERINO,2677
28-09-2026,LOMBARDIA,MANTOVA,020064,SUSTINENTE,2096
28-09-2026,LOMBARDIA,MANTOVA,020065,SUZZARA,21547
28-09-2026,LOMBARDIA,MANTOVA,020066,VIADANA,19805
28-09-2026,LOMBARDIA,MANTOVA,020068,VILLIMPENTA,2172
28-09-2026,LOMBARDIA,MANTOVA,020070,VOLTA MANTOVANA,7294
28-09-2026,LOMBARDIA,MILANO,015002,ABBIATEGRASSO,33364
28-09-2026,LOMBARDIA,MILANO,015005,ALBAIRATE,4716
28-09-2026,LOMBARDIA,MILANO,015007,ARCONATE,6884
28-09-2026,LOMBARDIA,MILANO,015009,ARESE,19533
28-09-2026,LOMBARDIA,MILANO,015010,ARLUNO,12674
28-09-2026,LOMBARDIA,MILANO,015011,ASSAGO,9399
28-09-2026,LOMBARDIA,MILANO,015250,BARANZATE,12863
28-09-2026,LOMBARDIA,MILANO,015012,BAREGGIO,17301
28-09-2026,LOMBARDIA,MILANO,015014,BASIANO,3692
28-09-2026,LOMBARDIA,MILANO,015015,BASIGLIO,8057
28-09-2026,LOMBARDIA,MILANO,015016,BELLINZAGO LOMBARDO,3774
28-09-2026,LOMBARDIA,MILANO,015019,BERNATE TICINO,2902
28-09-2026,LOMBARDIA,MILANO,015022,BESATE,2024
28-09-2026,LOMBARDIA,MILANO,015024,BINASCO,7034
28-09-2026,LOMBARDIA,MILANO,015026,BOFFALORA SOPRA TICINO,4122
28-09-2026,LOMBARDIA,MILANO,015027,BOLLATE,37168
28-09-2026,LOMBARDIA,MILANO,015032,BRESSO,26721
28-09-2026,LOMBARDIA,MILANO,015035,BUBBIANO,2450
28-09-2026,LOMBARDIA,MILANO,015036,BUCCINASCO,26350
28-09-2026,LOMBARDIA,MILANO,015038,BUSCATE,4773
28-09-2026,LOMBARDIA,MILANO,015040,BUSSERO,8426
28-09-2026,LOMBARDIA,MILANO,015041,BUSTO GAROLFO,14221
28-09-2026,LOMBARDIA,MILANO,015042,CALVIGNASCO,1187
28-09-2026,LOMBARDIA,MILANO,015044,CAMBIAGO,7432
28-09-2026,LOMBARDIA,MILANO,015046,CANEGRATE,13040
28-09-2026,LOMBARDIA,MILANO,015050,CARPIANO,4139
28-09-2026,LOMBARDIA,MILANO,015051,CARUGATE,15814
28-09-2026,LOMBARDIA,MILANO,015055,CASARILE,3899
28-09-2026,LOMBARDIA,MILANO,015058,CASOREZZO,5694
28-09-2026,LOMBARDIA,MILANO,015059,CASSANO D'ADDA,20105
28-09-2026,LOMBARDIA,MILANO,015060,CASSINA DE' PECCHI,14145
28-09-2026,LOMBARDIA,MILANO,015061,CASSINETTA DI LUGAGNANO,1960
28-09-2026,LOMBARDIA,MILANO,015062,CASTANO PRIMO,11023
28-09-2026,LOMBARDIA,MILANO,015070,CERNUSCO SUL NAVIGLIO,34879
28-09-2026,LOMBARDIA,MILANO,015071,CERRO AL LAMBRO,5373
28-09-2026,LOMBARDIA,MILANO,015072,CERRO MAGGIORE,15269
28-09-2026,LOMBARDIA,MILANO,015074,CESANO BOSCONE,23231
28-09-2026,LOMBARDIA,MILANO,015076,CESATE,14363
28-09-2026,LOMBARDIA,MILANO,015077,CINISELLO BALSAMO,76030
28-09-2026,LOMBARDIA,MILANO,015078,CISLIANO,5268
28-09-2026,LOMBARDIA,MILANO,015081,COLOGNO MONZESE,47738
28-09-2026,LOMBARDIA,MILANO,015082,COLTURANO,2065
28-09-2026,LOMBARDIA,MILANO,015085,CORBETTA,19147
28-09-2026,LOMBARDIA,MILANO,015086,CORMANO,21178
28-09-2026,LOMBARDIA,MILANO,015087,CORNAREDO,20825
28-09-2026,LOMBARDIA,MILANO,015093,CORSICO,34906
28-09-2026,LOMBARDIA,MILANO,015096,CUGGIONO,8273
28-09-2026,LOMBARDIA,MILANO,015097,CUSAGO,5049
28-09-2026,LOMBARDIA,MILANO,015098,CUSANO MILANINO,19122
28-09-2026,LOMBARDIA,MILANO,015099,DAIRAGO,6397
28-09-2026,LOMBARDIA,MILANO,015101,DRESANO,3062
28-09-2026,LOMBARDIA,MILANO,015103,GAGGIANO,9659
28-09-2026,LOMBARDIA,MILANO,015105,GARBAGNATE MILANESE,27169
28-09-2026,LOMBARDIA,MILANO,015106,GESSATE,9256
28-09-2026,LOMBARDIA,MILANO,015108,GORGONZOLA,21542
28-09-2026,LOMBARDIA,MILANO,015110,GREZZAGO,3228
28-09-2026,LOMBARDIA,MILANO,015112,GUDO VISCONTI,1633
28-09-2026,LOMBARDIA,MILANO,015113,INVERUNO,8667
28-09-2026,LOMBARDIA,MILANO,015114,INZAGO,11558
28-09-2026,LOMBARDIA,MILANO,015115,LACCHIARELLA,9182
28-09-2026,LOMBARDIA,MILANO,015116,LAINATE,26595
28-09-2026,LOMBARDIA,MILANO,015118,LEGNANO,61524
28-09-2026,LOMBARDIA,MILANO,015122,LISCATE,3961
28-09-2026,LOMBARDIA,MILANO,015125,LOCATE DI TRIULZI,10422
28-09-2026,LOMBARDIA,MILANO,015130,MAGENTA,25500
28-09-2026,LOMBARDIA,MILANO,015131,MAGNAGO,9660
28-09-2026,LOMBARDIA,MILANO,015134,MARCALLO CON CASONE,6450
28-09-2026,LOMBARDIA,MILANO,015136,MASATE,3968
28-09-2026,LOMBARDIA,MILANO,015139,MEDIGLIA,12392
28-09-2026,LOMBARDIA,MILANO,015140,MELEGNANO,18419
28-09-2026,LOMBARDIA,MILANO,015142,MELZO,18756
28-09-2026,LOMBARDIA,MILANO,015144,MESERO,4181
28-09-2026,LOMBARDIA,MILANO,015146,MILANO,1397897
28-09-2026,LOMBARDIA,MILANO,015150,MORIMONDO,996
28-09-2026,LOMBARDIA,MILANO,015151,MOTTA VISCONTI,8329
28-09-2026,LOMBARDIA,MILANO,015154,NERVIANO,17113
28-09-2026,LOMBARDIA,MILANO,015155,NOSATE,626
28-09-2026,LOMBARDIA,MILANO,015157,NOVATE MILANESE,20578
28-09-2026,LOMBARDIA,MILANO,015158,NOVIGLIO,4566
28-09-2026,LOMBARDIA,MILANO,015159,OPERA,14533
28-09-2026,LOMBARDIA,MILANO,015164,OSSONA,4465
28-09-2026,LOMBARDIA,MILANO,015165,OZZERO,1374
28-09-2026,LOMBARDIA,MILANO,015166,PADERNO DUGNANO,48492
28-09-2026,LOMBARDIA,MILANO,015167,PANTIGLIATE,5908
28-09-2026,LOMBARDIA,MILANO,015168,PARABIAGO,28653
28-09-2026,LOMBARDIA,MILANO,015169,PAULLO,11237
28-09-2026,LOMBARDIA,MILANO,015170,PERO,11952
28-09-2026,LOMBARDIA,MILANO,015171,PESCHIERA BORROMEO,24522
28-09-2026,LOMBARDIA,MILANO,015172,PESSANO CON BORNAGO,9091
28-09-2026,LOMBARDIA,MILANO,015173,PIEVE EMANUELE,15848
28-09-2026,LOMBARDIA,MILANO,015175,PIOLTELLO,37993
28-09-2026,LOMBARDIA,MILANO,015176,POGLIANO MILANESE,8476
28-09-2026,LOMBARDIA,MILANO,015177,POZZO D'ADDA,6985
28-09-2026,LOMBARDIA,MILANO,015178,POZZUOLO MARTESANA,8951
28-09-2026,LOMBARDIA,MILANO,015179,PREGNANA MILANESE,7362
28-09-2026,LOMBARDIA,MILANO,015181,RESCALDINA,14564
28-09-2026,LOMBARDIA,MILANO,015182,RHO,51616
28-09-2026,LOMBARDIA,MILANO,015183,ROBECCHETTO CON INDUNO,4842
28-09-2026,LOMBARDIA,MILANO,015184,ROBECCO SUL NAVIGLIO,6747
28-09-2026,LOMBARDIA,MILANO,015185,RODANO,4745
28-09-2026,LOMBARDIA,MILANO,015188,ROSATE,5661
28-09-2026,LOMBARDIA,MILANO,015189,ROZZANO,42095
28-09-2026,LOMBARDIA,MILANO,015191,SAN COLOMBANO AL LAMBRO,7674
28-09-2026,LOMBARDIA,MILANO,015192,SAN DONATO MILANESE,32080
28-09-2026,LOMBARDIA,MILANO,015194,SAN GIORGIO SU LEGNANO,6917
28-09-2026,LOMBARDIA,MILANO,015195,SAN GIULIANO MILANESE,40286
28-09-2026,LOMBARDIA,MILANO,015201,SAN VITTORE OLONA,8606
28-09-2026,LOMBARDIA,MILANO,015202,SAN ZENONE AL LAMBRO,4547
28-09-2026,LOMBARDIA,MILANO,015200,SANTO STEFANO TICINO,4984
28-09-2026,LOMBARDIA,MILANO,015204,SEDRIANO,13159
28-09-2026,LOMBARDIA,MILANO,015205,SEGRATE,37521
28-09-2026,LOMBARDIA,MILANO,015206,SENAGO,21834
28-09-2026,LOMBARDIA,MILANO,015209,SESTO SAN GIOVANNI,80229
28-09-2026,LOMBARDIA,MILANO,015210,SETTALA,7452
28-09-2026,LOMBARDIA,MILANO,015211,SETTIMO MILANESE,20102
28-09-2026,LOMBARDIA,MILANO,015213,SOLARO,14339
28-09-2026,LOMBARDIA,MILANO,015219,TREZZANO ROSA,5499
28-09-2026,LOMBARDIA,MILANO,015220,TREZZANO SUL NAVIGLIO,22101
28-09-2026,LOMBARDIA,MILANO,015221,TREZZO SULL'ADDA,12518
28-09-2026,LOMBARDIA,MILANO,015222,TRIBIANO,3958
28-09-2026,LOMBARDIA,MILANO,015224,TRUCCAZZANO,5865
28-09-2026,LOMBARDIA,MILANO,015226,TURBIGO,7410
28-09-2026,LOMBARDIA,MILANO,015249,VANZAGHELLO,5442
28-09-2026,LOMBARDIA,MILANO,015229,VANZAGO,9387
28-09-2026,LOMBARDIA,MILANO,015230,VAPRIO D'ADDA,9818
28-09-2026,LOMBARDIA,MILANO,015251,VERMEZZO CON ZELO,6044
28-09-2026,LOMBARDIA,MILANO,015236,VERNATE,3485
28-09-2026,LOMBARDIA,MILANO,015237,VIGNATE,9407
28-09-2026,LOMBARDIA,MILANO,015248,VILLA CORTESE,6381
28-09-2026,LOMBARDIA,MILANO,015242,VIMODRONE,17135
28-09-2026,LOMBARDIA,MILANO,015243,VITTUONE,9350
28-09-2026,LOMBARDIA,MILANO,015244,VIZZOLO PREDABISSI,3859
28-09-2026,LOMBARDIA,MILANO,015247,ZIBIDO SAN GIACOMO,6714
28-09-2026,LOMBARDIA,MONZA E DELLA BRIANZA,108001,AGRATE BRIANZA,15982
28-09-2026,LOMBARDIA,MONZA E DELLA BRIANZA,108002,AICURZIO,2062
28-09-2026,LOMBARDIA,MONZA E DELLA BRIANZA,108003,ALBIATE,6799
28-09-2026,LOMBARDIA,MONZA E DELLA BRIANZA,108004,ARCORE,17978
28-09-2026,LOMBARDIA,MONZA E DELLA BRIANZA,108005,BARLASSINA,7074
28-09-2026,LOMBARDIA,MONZA E DELLA BRIANZA,108006,BELLUSCO,7548
28-09-2026,LOMBARDIA,MONZA E DELLA BRIANZA,108007,BERNAREGGIO,11830
28-09-2026,LOMBARDIA,MONZA E DELLA BRIANZA,108008,BESANA IN BRIANZA,15485
28-09-2026,LOMBARDIA,MONZA E DELLA BRIANZA,108009,BIASSONO,12396
28-09-2026,LOMBARDIA,MONZA E DELLA BRIANZA,108010,BOVISIO-MASCIAGO,17016
28-09-2026,LOMBARDIA,MONZA E DELLA BRIANZA,108011,BRIOSCO,6193
28-09-2026,LOMBARDIA,MONZA E DELLA BRIANZA,108012,BRUGHERIO,35810
28-09-2026,LOMBARDIA,MONZA E DELLA BRIANZA,108013,BURAGO DI MOLGORA,4403
28-09-2026,LOMBARDIA,MONZA E DELLA BRIANZA,108051,BUSNAGO,6918
28-09-2026,LOMBARDIA,MONZA E DELLA BRIANZA,108014,CAMPARADA,2291
28-09-2026,LOMBARDIA,MONZA E DELLA BRIANZA,108052,CAPONAGO,5102
28-09-2026,LOMBARDIA,MONZA E DELLA BRIANZA,108015,CARATE BRIANZA,18167
28-09-2026,LOMBARDIA,MONZA E DELLA BRIANZA,108016,CARNATE,8001
28-09-2026,LOMBARDIA,MONZA E DELLA BRIANZA,108017,CAVENAGO DI BRIANZA,7623
28-09-2026,LOMBARDIA,MONZA E DELLA BRIANZA,108018,CERIANO LAGHETTO,6710
28-09-2026,LOMBARDIA,MONZA E DELLA BRIANZA,108019,CESANO MADERNO,40986
28-09-2026,LOMBARDIA,MONZA E DELLA BRIANZA,108020,COGLIATE,8484
28-09-2026,LOMBARDIA,MONZA E DELLA BRIANZA,108021,CONCOREZZO,16190
28-09-2026,LOMBARDIA,MONZA E DELLA BRIANZA,108053,CORNATE D'ADDA,11284
28-09-2026,LOMBARDIA,MONZA E DELLA BRIANZA,108022,CORREZZANA,3325
28-09-2026,LOMBARDIA,MONZA E DELLA BRIANZA,108023,DESIO,41949
28-09-2026,LOMBARDIA,MONZA E DELLA BRIANZA,108024,GIUSSANO,26799
28-09-2026,LOMBARDIA,MONZA E DELLA BRIANZA,108025,LAZZATE,7702
28-09-2026,LOMBARDIA,MONZA E DELLA BRIANZA,108054,LENTATE SUL SEVESO,16230
28-09-2026,LOMBARDIA,MONZA E DELLA BRIANZA,108026,LESMO,8391
28-09-2026,LOMBARDIA,MONZA E DELLA BRIANZA,108027,LIMBIATE,36225
28-09-2026,LOMBARDIA,MONZA E DELLA BRIANZA,108028,LISSONE,46940
28-09-2026,LOMBARDIA,MONZA E DELLA BRIANZA,108029,MACHERIO,7690
28-09-2026,LOMBARDIA,MONZA E DELLA BRIANZA,108030,MEDA,23950
28-09-2026,LOMBARDIA,MONZA E DELLA BRIANZA,108031,MEZZAGO,4510
28-09-2026,LOMBARDIA,MONZA E DELLA BRIANZA,108032,MISINTO,5810
28-09-2026,LOMBARDIA,MONZA E DELLA BRIANZA,108033,MONZA,124680
28-09-2026,LOMBARDIA,MONZA E DELLA BRIANZA,108034,MUGGIÒ,23646
28-09-2026,LOMBARDIA,MONZA E DELLA BRIANZA,108035,NOVA MILANESE,23287
28-09-2026,LOMBARDIA,MONZA E DELLA BRIANZA,108036,ORNAGO,5519
28-09-2026,LOMBARDIA,MONZA E DELLA BRIANZA,108037,RENATE,3956
28-09-2026,LOMBARDIA,MONZA E DELLA BRIANZA,108055,RONCELLO,4753
28-09-2026,LOMBARDIA,MONZA E DELLA BRIANZA,108038,RONCO BRIANTINO,3801
28-09-2026,LOMBARDIA,MONZA E DELLA BRIANZA,108039,SEREGNO,45447
28-09-2026,LOMBARDIA,MONZA E DELLA BRIANZA,108040,SEVESO,24210
28-09-2026,LOMBARDIA,MONZA E DELLA BRIANZA,108041,SOVICO,8370
28-09-2026,LOMBARDIA,MONZA E DELLA BRIANZA,108042,SULBIATE,4563
28-09-2026,LOMBARDIA,MONZA E DELLA BRIANZA,108043,TRIUGGIO,8795
28-09-2026,LOMBARDIA,MONZA E DELLA BRIANZA,108044,USMATE VELATE,10823
28-09-2026,LOMBARDIA,MONZA E DELLA BRIANZA,108045,VAREDO,14121
28-09-2026,LOMBARDIA,MONZA E DELLA BRIANZA,108046,VEDANO AL LAMBRO,7387
28-09-2026,LOMBARDIA,MONZA E DELLA BRIANZA,108047,VEDUGGIO CON COLZANO,4155
28-09-2026,LOMBARDIA,MONZA E DELLA BRIANZA,108048,VERANO BRIANZA,9154
28-09-2026,LOMBARDIA,MONZA E DELLA BRIANZA,108049,VILLASANTA,14324
28-09-2026,LOMBARDIA,MONZA E DELLA BRIANZA,108050,VIMERCATE,26594
28-09-2026,LOMBARDIA,PAVIA,018001,ALAGNA,812
28-09-2026,LOMBARDIA,PAVIA,018003,ALBONESE,581
28-09-2026,LOMBARDIA,PAVIA,018004,ALBUZZANO,3735
28-09-2026,LOMBARDIA,PAVIA,018005,ARENA PO,1552
28-09-2026,LOMBARDIA,PAVIA,018006,BADIA PAVESE,411
28-09-2026,LOMBARDIA,PAVIA,018007,BAGNARIA,631
28-09-2026,LOMBARDIA,PAVIA,018008,BARBIANELLO,884
28-09-2026,LOMBARDIA,PAVIA,018009,BASCAPÈ,1850
28-09-2026,LOMBARDIA,PAVIA,018011,BASTIDA PANCARANA,924
28-09-2026,LOMBARDIA,PAVIA,018012,BATTUDA,650
28-09-2026,LOMBARDIA,PAVIA,018013,BELGIOIOSO,6559
28-09-2026,LOMBARDIA,PAVIA,018014,BEREGUARDO,2926
28-09-2026,LOMBARDIA,PAVIA,018015,BORGARELLO,2874
28-09-2026,LOMBARDIA,PAVIA,018016,BORGO PRIOLO,1227
28-09-2026,LOMBARDIA,PAVIA,018018,BORGO SAN SIRO,957
28-09-2026,LOMBARDIA,PAVIA,018017,BORGORATTO MORMOROLO,399
28-09-2026,LOMBARDIA,PAVIA,018019,BORNASCO,2634
28-09-2026,LOMBARDIA,PAVIA,018020,BOSNASCO,632
28-09-2026,LOMBARDIA,PAVIA,018021,BRALLO DI PREGOLA,465
28-09-2026,LOMBARDIA,PAVIA,018022,BREME,750
28-09-2026,LOMBARDIA,PAVIA,018023,BRESSANA BOTTARONE,3515
28-09-2026,LOMBARDIA,PAVIA,018024,BRONI,10466
28-09-2026,LOMBARDIA,PAVIA,018025,CALVIGNANO,106
28-09-2026,LOMBARDIA,PAVIA,018026,CAMPOSPINOSO ALBAREDO,1325
28-09-2026,LOMBARDIA,PAVIA,018027,CANDIA LOMELLINA,1579
28-09-2026,LOMBARDIA,PAVIA,018029,CANNETO PAVESE,1271
28-09-2026,LOMBARDIA,PAVIA,018030,CARBONARA AL TICINO,1417
28-09-2026,LOMBARDIA,PAVIA,018031,CASANOVA LONATI,455
28-09-2026,LOMBARDIA,PAVIA,018032,CASATISMA,851
28-09-2026,LOMBARDIA,PAVIA,018033,CASEI GEROLA,2345
28-09-2026,LOMBARDIA,PAVIA,018034,CASORATE PRIMO,9327
28-09-2026,LOMBARDIA,PAVIA,018035,CASSOLNOVO,6798
28-09-2026,LOMBARDIA,PAVIA,018036,CASTANA,697
28-09-2026,LOMBARDIA,PAVIA,018037,CASTEGGIO,6416
28-09-2026,LOMBARDIA,PAVIA,018038,CASTELLETTO DI BRANDUZZO,1062
28-09-2026,LOMBARDIA,PAVIA,018039,CASTELLO D'AGOGNA,1084
28-09-2026,LOMBARDIA,PAVIA,018040,CASTELNOVETTO,547
28-09-2026,LOMBARDIA,PAVIA,018041,CAVA MANARA,6719
28-09-2026,LOMBARDIA,PAVIA,018042,CECIMA,254
28-09-2026,LOMBARDIA,PAVIA,018043,CERANOVA,2459
28-09-2026,LOMBARDIA,PAVIA,018044,CERETTO LOMELLINA,177
28-09-2026,LOMBARDIA,PAVIA,018045,CERGNAGO,639
28-09-2026,LOMBARDIA,PAVIA,018046,CERTOSA DI PAVIA,5695
28-09-2026,LOMBARDIA,PAVIA,018047,CERVESINA,1107
28-09-2026,LOMBARDIA,PAVIA,018048,CHIGNOLO PO,4136
28-09-2026,LOMBARDIA,PAVIA,018049,CIGOGNOLA,1328
28-09-2026,LOMBARDIA,PAVIA,018050,CILAVEGNA,5575
28-09-2026,LOMBARDIA,PAVIA,018051,CODEVILLA,902
28-09-2026,LOMBARDIA,PAVIA,018193,COLLI VERDI,966
28-09-2026,LOMBARDIA,PAVIA,018052,CONFIENZA,1570
28-09-2026,LOMBARDIA,PAVIA,018053,COPIANO,1798
28-09-2026,LOMBARDIA,PAVIA,018054,CORANA,739
28-09-2026,LOMBARDIA,PAVIA,018191,CORNALE E BASTIDA,804
28-09-2026,LOMBARDIA,PAVIA,018192,CORTEOLONA E GENZONE,2605
28-09-2026,LOMBARDIA,PAVIA,018057,CORVINO SAN QUIRICO,966
28-09-2026,LOMBARDIA,PAVIA,018058,COSTA DE' NOBILI,374
28-09-2026,LOMBARDIA,PAVIA,018059,COZZO,367
28-09-2026,LOMBARDIA,PAVIA,018060,CURA CARPIGNANO,5071
28-09-2026,LOMBARDIA,PAVIA,018061,DORNO,4647
28-09-2026,LOMBARDIA,PAVIA,018062,FERRERA ERBOGNONE,1138
28-09-2026,LOMBARDIA,PAVIA,018063,FILIGHERA,843
28-09-2026,LOMBARDIA,PAVIA,018064,FORTUNAGO,380
28-09-2026,LOMBARDIA,PAVIA,018065,FRASCAROLO,1087
28-09-2026,LOMBARDIA,PAVIA,018066,GALLIAVOLA,175
28-09-2026,LOMBARDIA,PAVIA,018067,GAMBARANA,174
28-09-2026,LOMBARDIA,PAVIA,018068,GAMBOLÒ,9882
28-09-2026,LOMBARDIA,PAVIA,018069,GARLASCO,9803
28-09-2026,LOMBARDIA,PAVIA,018071,GERENZAGO,1519
28-09-2026,LOMBARDIA,PAVIA,018072,GIUSSAGO,5435
28-09-2026,LOMBARDIA,PAVIA,018073,GODIASCO SALICE TERME,3315
28-09-2026,LOMBARDIA,PAVIA,018074,GOLFERENZO,158
28-09-2026,LOMBARDIA,PAVIA,018075,GRAVELLONA LOMELLINA,2717
28-09-2026,LOMBARDIA,PAVIA,018076,GROPELLO CAIROLI,4408
28-09-2026,LOMBARDIA,PAVIA,018077,INVERNO E MONTELEONE,1524
28-09-2026,LOMBARDIA,PAVIA,018078,LANDRIANO,6540
28-09-2026,LOMBARDIA,PAVIA,018079,LANGOSCO,360
28-09-2026,LOMBARDIA,PAVIA,018080,LARDIRAGO,1187
28-09-2026,LOMBARDIA,PAVIA,018081,LINAROLO,2793
28-09-2026,LOMBARDIA,PAVIA,018083,LOMELLO,1986
28-09-2026,LOMBARDIA,PAVIA,018084,LUNGAVILLA,2438
28-09-2026,LOMBARDIA,PAVIA,018085,MAGHERNO,1859
28-09-2026,LOMBARDIA,PAVIA,018086,MARCIGNAGO,2449
28-09-2026,LOMBARDIA,PAVIA,018087,MARZANO,1853
28-09-2026,LOMBARDIA,PAVIA,018088,MEDE,6133
28-09-2026,LOMBARDIA,PAVIA,018089,MENCONICO,316
28-09-2026,LOMBARDIA,PAVIA,018090,MEZZANA BIGLI,1059
28-09-2026,LOMBARDIA,PAVIA,018091,MEZZANA RABATTONE,450
28-09-2026,LOMBARDIA,PAVIA,018092,MEZZANINO,1402
28-09-2026,LOMBARDIA,PAVIA,018093,MIRADOLO TERME,3977
28-09-2026,LOMBARDIA,PAVIA,018094,MONTALTO PAVESE,944
28-09-2026,LOMBARDIA,PAVIA,018095,MONTEBELLO DELLA BATTAGLIA,1445
28-09-2026,LOMBARDIA,PAVIA,018096,MONTECALVO VERSIGGIA,477
28-09-2026,LOMBARDIA,PAVIA,018097,MONTESCANO,438
28-09-2026,LOMBARDIA,PAVIA,018098,MONTESEGALE,238
28-09-2026,LOMBARDIA,PAVIA,018099,MONTICELLI PAVESE,668
28-09-2026,LOMBARDIA,PAVIA,018100,MONTÙ BECCARIA,1670
28-09-2026,LOMBARDIA,PAVIA,018101,MORNICO LOSANA,593
28-09-2026,LOMBARDIA,PAVIA,018102,MORTARA,16170
28-09-2026,LOMBARDIA,PAVIA,018103,NICORVO,285
28-09-2026,LOMBARDIA,PAVIA,018104,OLEVANO DI LOMELLINA,729
28-09-2026,LOMBARDIA,PAVIA,018105,OLIVA GESSI,157
28-09-2026,LOMBARDIA,PAVIA,018106,OTTOBIANO,1076
28-09-2026,LOMBARDIA,PAVIA,018107,PALESTRO,1958
28-09-2026,LOMBARDIA,PAVIA,018108,PANCARANA,333
28-09-2026,LOMBARDIA,PAVIA,018109,PARONA,1853
28-09-2026,LOMBARDIA,PAVIA,018110,PAVIA,73699
28-09-2026,LOMBARDIA,PAVIA,018111,PIETRA DE' GIORGI,791
28-09-2026,LOMBARDIA,PAVIA,018112,PIEVE ALBIGNOLA,799
28-09-2026,LOMBARDIA,PAVIA,018113,PIEVE DEL CAIRO,1797
28-09-2026,LOMBARDIA,PAVIA,018114,PIEVE PORTO MORONE,2801
28-09-2026,LOMBARDIA,PAVIA,018115,PINAROLO PO,1689
28-09-2026,LOMBARDIA,PAVIA,018116,PIZZALE,663
28-09-2026,LOMBARDIA,PAVIA,018117,PONTE NIZZA,762
28-09-2026,LOMBARDIA,PAVIA,018118,PORTALBERA,1485
28-09-2026,LOMBARDIA,PAVIA,018119,REA,415
28-09-2026,LOMBARDIA,PAVIA,018120,REDAVALLE,1061
28-09-2026,LOMBARDIA,PAVIA,018121,RETORBIDO,1525
28-09-2026,LOMBARDIA,PAVIA,018122,RIVANAZZANO TERME,5202
28-09-2026,LOMBARDIA,PAVIA,018123,ROBBIO,6046
28-09-2026,LOMBARDIA,PAVIA,018124,ROBECCO PAVESE,509
28-09-2026,LOMBARDIA,PAVIA,018125,ROCCA DE' GIORGI,37
28-09-2026,LOMBARDIA,PAVIA,018126,ROCCA SUSELLA,244
28-09-2026,LOMBARDIA,PAVIA,018127,ROGNANO,715
28-09-2026,LOMBARDIA,PAVIA,018128,ROMAGNESE,522
28-09-2026,LOMBARDIA,PAVIA,018129,RONCARO,1533
28-09-2026,LOMBARDIA,PAVIA,018130,ROSASCO,580
28-09-2026,LOMBARDIA,PAVIA,018131,ROVESCALA,800
28-09-2026,LOMBARDIA,PAVIA,018133,SAN CIPRIANO PO,478
28-09-2026,LOMBARDIA,PAVIA,018134,SAN DAMIANO AL COLLE,592
28-09-2026,LOMBARDIA,PAVIA,018135,SAN GENESIO ED UNITI,4108
28-09-2026,LOMBARDIA,PAVIA,018136,SAN GIORGIO DI LOMELLINA,995
28-09-2026,LOMBARDIA,PAVIA,018137,SAN MARTINO SICCOMARIO,6625
28-09-2026,LOMBARDIA,PAVIA,018145,SAN ZENONE AL PO,569
28-09-2026,LOMBARDIA,PAVIA,018138,SANNAZZARO DE' BURGONDI,5345
28-09-2026,LOMBARDIA,PAVIA,018141,SANT'ALESSIO CON VIALONE,1047
28-09-2026,LOMBARDIA,PAVIA,018144,SANT'ANGELO LOMELLINA,800
28-09-2026,LOMBARDIA,PAVIA,018139,SANTA CRISTINA E BISSONE,1846
28-09-2026,LOMBARDIA,PAVIA,018140,SANTA GIULETTA,1580
28-09-2026,LOMBARDIA,PAVIA,018142,SANTA MARGHERITA DI STAFFORA,422
28-09-2026,LOMBARDIA,PAVIA,018143,SANTA MARIA DELLA VERSA,2286
28-09-2026,LOMBARDIA,PAVIA,018146,SARTIRANA LOMELLINA,1523
28-09-2026,LOMBARDIA,PAVIA,018147,SCALDASOLE,866
28-09-2026,LOMBARDIA,PAVIA,018148,SEMIANA,193
28-09-2026,LOMBARDIA,PAVIA,018149,SILVANO PIETRA,613
28-09-2026,LOMBARDIA,PAVIA,018150,SIZIANO,7011
28-09-2026,LOMBARDIA,PAVIA,018151,SOMMO,1117
28-09-2026,LOMBARDIA,PAVIA,018152,SPESSA,578
28-09-2026,LOMBARDIA,PAVIA,018153,STRADELLA,11850
28-09-2026,LOMBARDIA,PAVIA,018154,SUARDI,585
28-09-2026,LOMBARDIA,PAVIA,018155,TORRAZZA COSTE,1588
28-09-2026,LOMBARDIA,PAVIA,018156,TORRE BERETTI E CASTELLARO,493
28-09-2026,LOMBARDIA,PAVIA,018157,TORRE D'ARESE,967
28-09-2026,LOMBARDIA,PAVIA,018159,TORRE D'ISOLA,2511
28-09-2026,LOMBARDIA,PAVIA,018158,TORRE DE' NEGRI,336
28-09-2026,LOMBARDIA,PAVIA,018160,TORREVECCHIA PIA,3530
28-09-2026,LOMBARDIA,PAVIA,018161,TORRICELLA VERZATE,795
28-09-2026,LOMBARDIA,PAVIA,018162,TRAVACÒ SICCOMARIO,4417
28-09-2026,LOMBARDIA,PAVIA,018163,TRIVOLZIO,2540
28-09-2026,LOMBARDIA,PAVIA,018164,TROMELLO,3769
28-09-2026,LOMBARDIA,PAVIA,018165,TROVO,999
28-09-2026,LOMBARDIA,PAVIA,018166,VAL DI NIZZA,555
28-09-2026,LOMBARDIA,PAVIA,018167,VALEGGIO,182
28-09-2026,LOMBARDIA,PAVIA,018168,VALLE LOMELLINA,2298
28-09-2026,LOMBARDIA,PAVIA,018169,VALLE SALIMBENE,1437
28-09-2026,LOMBARDIA,PAVIA,018171,VARZI,3030
28-09-2026,LOMBARDIA,PAVIA,018172,VELEZZO LOMELLINA,78
28-09-2026,LOMBARDIA,PAVIA,018173,VELLEZZO BELLINI,3509
28-09-2026,LOMBARDIA,PAVIA,018174,VERRETTO,374
28-09-2026,LOMBARDIA,PAVIA,018175,VERRUA PO,1212
28-09-2026,LOMBARDIA,PAVIA,018176,VIDIGULFO,6905
28-09-2026,LOMBARDIA,PAVIA,018177,VIGEVANO,64800
28-09-2026,LOMBARDIA,PAVIA,018178,VILLA BISCOSSI,70
28-09-2026,LOMBARDIA,PAVIA,018179,VILLANOVA D'ARDENGHI,769
28-09-2026,LOMBARDIA,PAVIA,018180,VILLANTERIO,3526
28-09-2026,LOMBARDIA,PAVIA,018181,VISTARINO,1610
28-09-2026,LOMBARDIA,PAVIA,018182,VOGHERA,41025
28-09-2026,LOMBARDIA,PAVIA,018183,VOLPARA,130
28-09-2026,LOMBARDIA,PAVIA,018184,ZAVATTARELLO,884
28-09-2026,LOMBARDIA,PAVIA,018185,ZECCONE,1724
28-09-2026,LOMBARDIA,PAVIA,018186,ZEME,972
28-09-2026,LOMBARDIA,PAVIA,018187,ZENEVREDO,481
28-09-2026,LOMBARDIA,PAVIA,018188,ZERBO,410
28-09-2026,LOMBARDIA,PAVIA,018189,ZERBOLÒ,1746
28-09-2026,LOMBARDIA,PAVIA,018190,ZINASCO,3246
28-09-2026,LOMBARDIA,SONDRIO,014001,ALBAREDO PER SAN MARCO,276
28-09-2026,LOMBARDIA,SONDRIO,014002,ALBOSAGGIA,3036
28-09-2026,LOMBARDIA,SONDRIO,014003,ANDALO VALTELLINO,593
28-09-2026,LOMBARDIA,SONDRIO,014004,APRICA,1432
28-09-2026,LOMBARDIA,SONDRIO,014005,ARDENNO,3279
28-09-2026,LOMBARDIA,SONDRIO,014006,BEMA,112
28-09-2026,LOMBARDIA,SONDRIO,014007,BERBENNO DI VALTELLINA,4036
28-09-2026,LOMBARDIA,SONDRIO,014008,BIANZONE,1265
28-09-2026,LOMBARDIA,SONDRIO,014009,BORMIO,3874
28-09-2026,LOMBARDIA,SONDRIO,014010,BUGLIO IN MONTE,2077
28-09-2026,LOMBARDIA,SONDRIO,014011,CAIOLO,1061
28-09-2026,LOMBARDIA,SONDRIO,014012,CAMPODOLCINO,916
28-09-2026,LOMBARDIA,SONDRIO,014013,CASPOGGIO,1322
28-09-2026,LOMBARDIA,SONDRIO,014014,CASTELLO DELL'ACQUA,608
28-09-2026,LOMBARDIA,SONDRIO,014015,CASTIONE ANDEVENNO,1567
28-09-2026,LOMBARDIA,SONDRIO,014016,CEDRASCO,413
28-09-2026,LOMBARDIA,SONDRIO,014017,CERCINO,824
28-09-2026,LOMBARDIA,SONDRIO,014018,CHIAVENNA,7376
28-09-2026,LOMBARDIA,SONDRIO,014019,CHIESA IN VALMALENCO,2204
28-09-2026,LOMBARDIA,SONDRIO,014020,CHIURO,2428
28-09-2026,LOMBARDIA,SONDRIO,014021,CINO,346
28-09-2026,LOMBARDIA,SONDRIO,014022,CIVO,1138
28-09-2026,LOMBARDIA,SONDRIO,014023,COLORINA,1339
28-09-2026,LOMBARDIA,SONDRIO,014024,COSIO VALTELLINO,5639
28-09-2026,LOMBARDIA,SONDRIO,014025,DAZIO,530
28-09-2026,LOMBARDIA,SONDRIO,014026,DELEBIO,3361
28-09-2026,LOMBARDIA,SONDRIO,014027,DUBINO,3890
28-09-2026,LOMBARDIA,SONDRIO,014028,FAEDO VALTELLINO,505
28-09-2026,LOMBARDIA,SONDRIO,014029,FORCOLA,760
28-09-2026,LOMBARDIA,SONDRIO,014030,FUSINE,545
28-09-2026,LOMBARDIA,SONDRIO,014031,GEROLA ALTA,151
28-09-2026,LOMBARDIA,SONDRIO,014032,GORDONA,1972
28-09-2026,LOMBARDIA,SONDRIO,014033,GROSIO,4242
28-09-2026,LOMBARDIA,SONDRIO,014034,GROSOTTO,1646
28-09-2026,LOMBARDIA,SONDRIO,014036,LANZADA,1221
28-09-2026,LOMBARDIA,SONDRIO,014037,LIVIGNO,6668
28-09-2026,LOMBARDIA,SONDRIO,014038,LOVERO,605
28-09-2026,LOMBARDIA,SONDRIO,014035,MADESIMO,510
28-09-2026,LOMBARDIA,SONDRIO,014039,MANTELLO,748
28-09-2026,LOMBARDIA,SONDRIO,014040,MAZZO DI VALTELLINA,1025
28-09-2026,LOMBARDIA,SONDRIO,014041,MELLO,953
28-09-2026,LOMBARDIA,SONDRIO,014043,MESE,1887
28-09-2026,LOMBARDIA,SONDRIO,014044,MONTAGNA IN VALTELLINA,2952
28-09-2026,LOMBARDIA,SONDRIO,014045,MORBEGNO,12477
28-09-2026,LOMBARDIA,SONDRIO,014046,NOVATE MEZZOLA,1938
28-09-2026,LOMBARDIA,SONDRIO,014047,PEDESINA,37
28-09-2026,LOMBARDIA,SONDRIO,014048,PIANTEDO,1424
28-09-2026,LOMBARDIA,SONDRIO,014049,PIATEDA,2070
28-09-2026,LOMBARDIA,SONDRIO,014050,PIURO,1928
28-09-2026,LOMBARDIA,SONDRIO,014051,POGGIRIDENTI,1828
28-09-2026,LOMBARDIA,SONDRIO,014052,PONTE IN VALTELLINA,2207
28-09-2026,LOMBARDIA,SONDRIO,014053,POSTALESIO,650
28-09-2026,LOMBARDIA,SONDRIO,014054,PRATA CAMPORTACCIO,2945
28-09-2026,LOMBARDIA,SONDRIO,014055,RASURA,278
28-09-2026,LOMBARDIA,SONDRIO,014056,ROGOLO,589
28-09-2026,LOMBARDIA,SONDRIO,014057,SAMOLACO,2869
28-09-2026,LOMBARDIA,SONDRIO,014058,SAN GIACOMO FILIPPO,373
28-09-2026,LOMBARDIA,SONDRIO,014059,SERNIO,490
28-09-2026,LOMBARDIA,SONDRIO,014060,SONDALO,3880
28-09-2026,LOMBARDIA,SONDRIO,014061,SONDRIO,21609
28-09-2026,LOMBARDIA,SONDRIO,014062,SPRIANA,88
28-09-2026,LOMBARDIA,SONDRIO,014063,TALAMONA,4608
28-09-2026,LOMBARDIA,SONDRIO,014064,TARTANO,196
28-09-2026,LOMBARDIA,SONDRIO,014065,TEGLIO,4776
28-09-2026,LOMBARDIA,SONDRIO,014066,TIRANO,8897
28-09-2026,LOMBARDIA,SONDRIO,014067,TORRE DI SANTA MARIA,706
28-09-2026,LOMBARDIA,SONDRIO,014068,TOVO DI SANT'AGATA,602
28-09-2026,LOMBARDIA,SONDRIO,014069,TRAONA,2886
28-09-2026,LOMBARDIA,SONDRIO,014070,TRESIVIO,2062
28-09-2026,LOMBARDIA,SONDRIO,014074,VAL MASINO,821
28-09-2026,LOMBARDIA,SONDRIO,014071,VALDIDENTRO,4092
28-09-2026,LOMBARDIA,SONDRIO,014072,VALDISOTTO,3531
28-09-2026,LOMBARDIA,SONDRIO,014073,VALFURVA,2433
28-09-2026,LOMBARDIA,SONDRIO,014075,VERCEIA,1101
28-09-2026,LOMBARDIA,SONDRIO,014076,VERVIO,205
28-09-2026,LOMBARDIA,SONDRIO,014077,VILLA DI CHIAVENNA,987
28-09-2026,LOMBARDIA,SONDRIO,014078,VILLA DI TIRANO,3034
28-09-2026,LOMBARDIA,VARESE,012001,AGRA,378
28-09-2026,LOMBARDIA,VARESE,012002,ALBIZZATE,5212
28-09-2026,LOMBARDIA,VARESE,012003,ANGERA,5358
28-09-2026,LOMBARDIA,VARESE,012004,ARCISATE,9936
28-09-2026,LOMBARDIA,VARESE,012005,ARSAGO SEPRIO,4720
28-09-2026,LOMBARDIA,VARESE,012006,AZZATE,4669
28-09-2026,LOMBARDIA,VARESE,012007,AZZIO,760
28-09-2026,LOMBARDIA,VARESE,012008,BARASSO,1682
28-09-2026,LOMBARDIA,VARESE,012144,BARDELLO CON MALGESSO E BREGANO,3664
28-09-2026,LOMBARDIA,VARESE,012010,BEDERO VALCUVIA,682
28-09-2026,LOMBARDIA,VARESE,012011,BESANO,2513
28-09-2026,LOMBARDIA,VARESE,012012,BESNATE,5448
28-09-2026,LOMBARDIA,VARESE,012013,BESOZZO,8781
28-09-2026,LOMBARDIA,VARESE,012014,BIANDRONNO,3187
28-09-2026,LOMBARDIA,VARESE,012015,BISUSCHIO,4309
28-09-2026,LOMBARDIA,VARESE,012016,BODIO LOMNAGO,2266
28-09-2026,LOMBARDIA,VARESE,012017,BREBBIA,3155
28-09-2026,LOMBARDIA,VARESE,012019,BRENTA,1717
28-09-2026,LOMBARDIA,VARESE,012020,BREZZO DI BEDERO,1224
28-09-2026,LOMBARDIA,VARESE,012021,BRINZIO,767
28-09-2026,LOMBARDIA,VARESE,012022,BRISSAGO-VALTRAVAGLIA,1315
28-09-2026,LOMBARDIA,VARESE,012023,BRUNELLO,890
28-09-2026,LOMBARDIA,VARESE,012024,BRUSIMPIANO,1179
28-09-2026,LOMBARDIA,VARESE,012025,BUGUGGIATE,3116
28-09-2026,LOMBARDIA,VARESE,012026,BUSTO ARSIZIO,85243
28-09-2026,LOMBARDIA,VARESE,012027,CADEGLIANO-VICONAGO,2167
28-09-2026,LOMBARDIA,VARESE,012143,CADREZZATE CON OSMATE,2817
28-09-2026,LOMBARDIA,VARESE,012029,CAIRATE,7893
28-09-2026,LOMBARDIA,VARESE,012030,CANTELLO,4945
28-09-2026,LOMBARDIA,VARESE,012031,CARAVATE,2536
28-09-2026,LOMBARDIA,VARESE,012032,CARDANO AL CAMPO,14759
28-09-2026,LOMBARDIA,VARESE,012033,CARNAGO,6602
28-09-2026,LOMBARDIA,VARESE,012034,CARONNO PERTUSELLA,18689
28-09-2026,LOMBARDIA,VARESE,012035,CARONNO VARESINO,4879
28-09-2026,LOMBARDIA,VARESE,012036,CASALE LITTA,2777
28-09-2026,LOMBARDIA,VARESE,012037,CASALZUIGNO,1410
28-09-2026,LOMBARDIA,VARESE,012038,CASCIAGO,3554
28-09-2026,LOMBARDIA,VARESE,012039,CASORATE SEMPIONE,5676
28-09-2026,LOMBARDIA,VARESE,012040,CASSANO MAGNAGO,21475
28-09-2026,LOMBARDIA,VARESE,012041,CASSANO VALCUVIA,656
28-09-2026,LOMBARDIA,VARESE,012042,CASTELLANZA,13937
28-09-2026,LOMBARDIA,VARESE,012043,CASTELLO CABIAGLIO,559
28-09-2026,LOMBARDIA,VARESE,012044,CASTELSEPRIO,1332
28-09-2026,LOMBARDIA,VARESE,012045,CASTELVECCANA,1860
28-09-2026,LOMBARDIA,VARESE,012046,CASTIGLIONE OLONA,7485
28-09-2026,LOMBARDIA,VARESE,012047,CASTRONNO,5080
28-09-2026,LOMBARDIA,VARESE,012048,CAVARIA CON PREMEZZO,5768
28-09-2026,LOMBARDIA,VARESE,012049,CAZZAGO BRABBIA,771
28-09-2026,LOMBARDIA,VARESE,012050,CISLAGO,10590
28-09-2026,LOMBARDIA,VARESE,012051,CITTIGLIO,3856
28-09-2026,LOMBARDIA,VARESE,012052,CLIVIO,2041
28-09-2026,LOMBARDIA,VARESE,012053,COCQUIO-TREVISAGO,4636
28-09-2026,LOMBARDIA,VARESE,012054,COMABBIO,1187
28-09-2026,LOMBARDIA,VARESE,012055,COMERIO,2863
28-09-2026,LOMBARDIA,VARESE,012056,CREMENAGA,792
28-09-2026,LOMBARDIA,VARESE,012057,CROSIO DELLA VALLE,624
28-09-2026,LOMBARDIA,VARESE,012058,CUASSO AL MONTE,3568
28-09-2026,LOMBARDIA,VARESE,012059,CUGLIATE-FABIASCO,3181
28-09-2026,LOMBARDIA,VARESE,012060,CUNARDO,2889
28-09-2026,LOMBARDIA,VARESE,012061,CURIGLIA CON MONTEVIASCO,135
28-09-2026,LOMBARDIA,VARESE,012062,CUVEGLIO,3414
28-09-2026,LOMBARDIA,VARESE,012063,CUVIO,1773
28-09-2026,LOMBARDIA,VARESE,012064,DAVERIO,3045
28-09-2026,LOMBARDIA,VARESE,012065,DUMENZA,1451
28-09-2026,LOMBARDIA,VARESE,012066,DUNO,161
28-09-2026,LOMBARDIA,VARESE,012067,FAGNANO OLONA,12417
28-09-2026,LOMBARDIA,VARESE,012068,FERNO,6806
28-09-2026,LOMBARDIA,VARESE,012069,FERRERA DI VARESE,701
28-09-2026,LOMBARDIA,VARESE,012070,GALLARATE,54145
28-09-2026,LOMBARDIA,VARESE,012071,GALLIATE LOMBARDO,1053
28-09-2026,LOMBARDIA,VARESE,012072,GAVIRATE,9154
28-09-2026,LOMBARDIA,VARESE,012073,GAZZADA SCHIANNO,4659
28-09-2026,LOMBARDIA,VARESE,012074,GEMONIO,2866
28-09-2026,LOMBARDIA,VARESE,012075,GERENZANO,11242
28-09-2026,LOMBARDIA,VARESE,012076,GERMIGNAGA,3784
28-09-2026,LOMBARDIA,VARESE,012077,GOLASECCA,2607
28-09-2026,LOMBARDIA,VARESE,012078,GORLA MAGGIORE,4767
28-09-2026,LOMBARDIA,VARESE,012079,GORLA MINORE,8277
28-09-2026,LOMBARDIA,VARESE,012080,GORNATE OLONA,2229
28-09-2026,LOMBARDIA,VARESE,012081,GRANTOLA,1228
28-09-2026,LOMBARDIA,VARESE,012082,INARZO,1082
28-09-2026,LOMBARDIA,VARESE,012083,INDUNO OLONA,10409
28-09-2026,LOMBARDIA,VARESE,012084,ISPRA,5404
28-09-2026,LOMBARDIA,VARESE,012085,JERAGO CON ORAGO,5186
28-09-2026,LOMBARDIA,VARESE,012086,LAVENA PONTE TRESA,5753
28-09-2026,LOMBARDIA,VARESE,012087,LAVENO-MOMBELLO,8361
28-09-2026,LOMBARDIA,VARESE,012088,LEGGIUNO,3588
28-09-2026,LOMBARDIA,VARESE,012089,LONATE CEPPINO,5207
28-09-2026,LOMBARDIA,VARESE,012090,LONATE POZZOLO,11389
28-09-2026,LOMBARDIA,VARESE,012091,LOZZA,1219
28-09-2026,LOMBARDIA,VARESE,012092,LUINO,14058
28-09-2026,LOMBARDIA,VARESE,012093,LUVINATE,1359
28-09-2026,LOMBARDIA,VARESE,012142,MACCAGNO CON PINO E VEDDASCA,2314
28-09-2026,LOMBARDIA,VARESE,012096,MALNATE,16732
28-09-2026,LOMBARDIA,VARESE,012097,MARCHIROLO,3619
28-09-2026,LOMBARDIA,VARESE,012098,MARNATE,8149
28-09-2026,LOMBARDIA,VARESE,012099,MARZIO,316
28-09-2026,LOMBARDIA,VARESE,012100,MASCIAGO PRIMO,269
28-09-2026,LOMBARDIA,VARESE,012101,MERCALLO,1761
28-09-2026,LOMBARDIA,VARESE,012102,MESENZANA,1849
28-09-2026,LOMBARDIA,VARESE,012103,MONTEGRINO VALTRAVAGLIA,1520
28-09-2026,LOMBARDIA,VARESE,012104,MONVALLE,1889
28-09-2026,LOMBARDIA,VARESE,012105,MORAZZONE,4350
28-09-2026,LOMBARDIA,VARESE,012106,MORNAGO,4856
28-09-2026,LOMBARDIA,VARESE,012107,OGGIONA CON SANTO STEFANO,4397
28-09-2026,LOMBARDIA,VARESE,012108,OLGIATE OLONA,13098
28-09-2026,LOMBARDIA,VARESE,012109,ORIGGIO,8092
28-09-2026,LOMBARDIA,VARESE,012110,ORINO,853
28-09-2026,LOMBARDIA,VARESE,012113,PORTO CERESIO,2793
28-09-2026,LOMBARDIA,VARESE,012114,PORTO VALTRAVAGLIA,2291
28-09-2026,LOMBARDIA,VARESE,012115,RANCIO VALCUVIA,893
28-09-2026,LOMBARDIA,VARESE,012116,RANCO,1254
28-09-2026,LOMBARDIA,VARESE,012117,SALTRIO,3032
28-09-2026,LOMBARDIA,VARESE,012118,SAMARATE,16458
28-09-2026,LOMBARDIA,VARESE,012141,SANGIANO,1434
28-09-2026,LOMBARDIA,VARESE,012119,SARONNO,39209
28-09-2026,LOMBARDIA,VARESE,012120,SESTO CALENDE,11045
28-09-2026,LOMBARDIA,VARESE,012121,SOLBIATE ARNO,4083
28-09-2026,LOMBARDIA,VARESE,012122,SOLBIATE OLONA,5393
28-09-2026,LOMBARDIA,VARESE,012123,SOMMA LOMBARDO,17985
28-09-2026,LOMBARDIA,VARESE,012124,SUMIRAGO,5984
28-09-2026,LOMBARDIA,VARESE,012125,TAINO,3609
28-09-2026,LOMBARDIA,VARESE,012126,TERNATE,2581
28-09-2026,LOMBARDIA,VARESE,012127,TRADATE,19229
28-09-2026,LOMBARDIA,VARESE,012128,TRAVEDONA-MONATE,3887
28-09-2026,LOMBARDIA,VARESE,012129,TRONZANO LAGO MAGGIORE,218
28-09-2026,LOMBARDIA,VARESE,012130,UBOLDO,11371
28-09-2026,LOMBARDIA,VARESE,012131,VALGANNA,1617
28-09-2026,LOMBARDIA,VARESE,012132,VARANO BORGHI,2503
28-09-2026,LOMBARDIA,VARESE,012133,VARESE,80089
28-09-2026,LOMBARDIA,VARESE,012134,VEDANO OLONA,7478
28-09-2026,LOMBARDIA,VARESE,012136,VENEGONO INFERIORE,5961
28-09-2026,LOMBARDIA,VARESE,012137,VENEGONO SUPERIORE,7484
28-09-2026,LOMBARDIA,VARESE,012138,VERGIATE,8630
28-09-2026,LOMBARDIA,VARESE,012139,VIGGIÙ,5148
28-09-2026,LOMBARDIA,VARESE,012140,VIZZOLA TICINO,593
28-09-2026,MARCHE,ANCONA,042001,AGUGLIANO,4641
28-09-2026,MARCHE,ANCONA,042002,ANCONA,101854
28-09-2026,MARCHE,ANCONA,042003,ARCEVIA,4171
28-09-2026,MARCHE,ANCONA,042004,BARBARA,1268
28-09-2026,MARCHE,ANCONA,042005,BELVEDERE OSTRENSE,2115
28-09-2026,MARCHE,ANCONA,042006,CAMERANO,6977
28-09-2026,MARCHE,ANCONA,042007,CAMERATA PICENA,2461
28-09-2026,MARCHE,ANCONA,042008,CASTELBELLINO,4947
28-09-2026,MARCHE,ANCONA,042010,CASTELFIDARDO,18386
28-09-2026,MARCHE,ANCONA,042011,CASTELLEONE DI SUASA,1539
28-09-2026,MARCHE,ANCONA,042012,CASTELPLANIO,3607
28-09-2026,MARCHE,ANCONA,042013,CERRETO D'ESI,3345
28-09-2026,MARCHE,ANCONA,042014,CHIARAVALLE,14279
28-09-2026,MARCHE,ANCONA,042015,CORINALDO,4762
28-09-2026,MARCHE,ANCONA,042016,CUPRAMONTANA,4353
28-09-2026,MARCHE,ANCONA,042017,FABRIANO,28695
28-09-2026,MARCHE,ANCONA,042018,FALCONARA MARITTIMA,26377
28-09-2026,MARCHE,ANCONA,042019,FILOTTRANO,8857
28-09-2026,MARCHE,ANCONA,042020,GENGA,1598
28-09-2026,MARCHE,ANCONA,042021,JESI,39782
28-09-2026,MARCHE,ANCONA,042022,LORETO,13121
28-09-2026,MARCHE,ANCONA,042023,MAIOLATI SPONTINI,5929
28-09-2026,MARCHE,ANCONA,042024,MERGO,968
28-09-2026,MARCHE,ANCONA,042025,MONSANO,3195
28-09-2026,MARCHE,ANCONA,042029,MONTE ROBERTO,2974
28-09-2026,MARCHE,ANCONA,042030,MONTE SAN VITO,6666
28-09-2026,MARCHE,ANCONA,042026,MONTECAROTTO,1900
28-09-2026,MARCHE,ANCONA,042027,MONTEMARCIANO,9790
28-09-2026,MARCHE,ANCONA,042031,MORRO D'ALBA,1804
28-09-2026,MARCHE,ANCONA,042032,NUMANA,3745
28-09-2026,MARCHE,ANCONA,042033,OFFAGNA,2126
28-09-2026,MARCHE,ANCONA,042034,OSIMO,34919
28-09-2026,MARCHE,ANCONA,042035,OSTRA,6225
28-09-2026,MARCHE,ANCONA,042036,OSTRA VETERE,3045
28-09-2026,MARCHE,ANCONA,042037,POGGIO SAN MARCELLO,683
28-09-2026,MARCHE,ANCONA,042038,POLVERIGI,4547
28-09-2026,MARCHE,ANCONA,042040,ROSORA,1802
28-09-2026,MARCHE,ANCONA,042041,SAN MARCELLO,1979
28-09-2026,MARCHE,ANCONA,042042,SAN PAOLO DI JESI,891
28-09-2026,MARCHE,ANCONA,042043,SANTA MARIA NUOVA,3903
28-09-2026,MARCHE,ANCONA,042044,SASSOFERRATO,6704
28-09-2026,MARCHE,ANCONA,042045,SENIGALLIA,44006
28-09-2026,MARCHE,ANCONA,042046,SERRA DE' CONTI,3576
28-09-2026,MARCHE,ANCONA,042047,SERRA SAN QUIRICO,2523
28-09-2026,MARCHE,ANCONA,042048,SIROLO,4090
28-09-2026,MARCHE,ANCONA,042049,STAFFOLO,2221
28-09-2026,MARCHE,ANCONA,042050,TRECASTELLI,7628
28-09-2026,MARCHE,ASCOLI PICENO,044001,ACQUASANTA TERME,2406
28-09-2026,MARCHE,ASCOLI PICENO,044002,ACQUAVIVA PICENA,3588
28-09-2026,MARCHE,ASCOLI PICENO,044005,APPIGNANO DEL TRONTO,1642
28-09-2026,MARCHE,ASCOLI PICENO,044006,ARQUATA DEL TRONTO,905
28-09-2026,MARCHE,ASCOLI PICENO,044007,ASCOLI PICENO,45552
28-09-2026,MARCHE,ASCOLI PICENO,044010,CARASSAI,1028
28-09-2026,MARCHE,ASCOLI PICENO,044011,CASTEL DI LAMA,8404
28-09-2026,MARCHE,ASCOLI PICENO,044012,CASTIGNANO,2486
28-09-2026,MARCHE,ASCOLI PICENO,044013,CASTORANO,2281
28-09-2026,MARCHE,ASCOLI PICENO,044014,COLLI DEL TRONTO,3692
28-09-2026,MARCHE,ASCOLI PICENO,044015,COMUNANZA,2940
28-09-2026,MARCHE,ASCOLI PICENO,044016,COSSIGNANO,871
28-09-2026,MARCHE,ASCOLI PICENO,044017,CUPRA MARITTIMA,5349
28-09-2026,MARCHE,ASCOLI PICENO,044020,FOLIGNANO,8628
28-09-2026,MARCHE,ASCOLI PICENO,044021,FORCE,1061
28-09-2026,MARCHE,ASCOLI PICENO,044023,GROTTAMMARE,15909
28-09-2026,MARCHE,ASCOLI PICENO,044027,MALTIGNANO,2162
28-09-2026,MARCHE,ASCOLI PICENO,044029,MASSIGNANO,1622
28-09-2026,MARCHE,ASCOLI PICENO,044031,MONSAMPOLO DEL TRONTO,4349
28-09-2026,MARCHE,ASCOLI PICENO,044032,MONTALTO DELLE MARCHE,1811
28-09-2026,MARCHE,ASCOLI PICENO,044034,MONTEDINOVE,442
28-09-2026,MARCHE,ASCOLI PICENO,044036,MONTEFIORE DELL'ASO,1965
28-09-2026,MARCHE,ASCOLI PICENO,044038,MONTEGALLO,370
28-09-2026,MARCHE,ASCOLI PICENO,044044,MONTEMONACO,523
28-09-2026,MARCHE,ASCOLI PICENO,044045,MONTEPRANDONE,13151
28-09-2026,MARCHE,ASCOLI PICENO,044054,OFFIDA,4604
28-09-2026,MARCHE,ASCOLI PICENO,044056,PALMIANO,149
28-09-2026,MARCHE,ASCOLI PICENO,044063,RIPATRANSONE,4079
28-09-2026,MARCHE,ASCOLI PICENO,044064,ROCCAFLUVIONE,1842
28-09-2026,MARCHE,ASCOLI PICENO,044065,ROTELLA,755
28-09-2026,MARCHE,ASCOLI PICENO,044066,SAN BENEDETTO DEL TRONTO,47712
28-09-2026,MARCHE,ASCOLI PICENO,044071,SPINETOLI,7228
28-09-2026,MARCHE,ASCOLI PICENO,044073,VENAROTTA,1849
28-09-2026,MARCHE,FERMO,109001,ALTIDONA,3817
28-09-2026,MARCHE,FERMO,109002,AMANDOLA,3213
28-09-2026,MARCHE,FERMO,109003,BELMONTE PICENO,536
28-09-2026,MARCHE,FERMO,109004,CAMPOFILONE,1929
28-09-2026,MARCHE,FERMO,109005,FALERONE,3194
28-09-2026,MARCHE,FERMO,109006,FERMO,36067
28-09-2026,MARCHE,FERMO,109007,FRANCAVILLA D'ETE,904
28-09-2026,MARCHE,FERMO,109008,GROTTAZZOLINA,3233
28-09-2026,MARCHE,FERMO,109009,LAPEDONA,1120
28-09-2026,MARCHE,FERMO,109010,MAGLIANO DI TENNA,1401
28-09-2026,MARCHE,FERMO,109011,MASSA FERMANA,809
28-09-2026,MARCHE,FERMO,109012,MONSAMPIETRO MORICO,586
28-09-2026,MARCHE,FERMO,109013,MONTAPPONE,1534
28-09-2026,MARCHE,FERMO,109016,MONTE GIBERTO,733
28-09-2026,MARCHE,FERMO,109021,MONTE RINALDO,288
28-09-2026,MARCHE,FERMO,109023,MONTE SAN PIETRANGELI,2139
28-09-2026,MARCHE,FERMO,109024,MONTE URANO,7795
28-09-2026,MARCHE,FERMO,109025,MONTE VIDON COMBATTE,386
28-09-2026,MARCHE,FERMO,109026,MONTE VIDON CORRADO,646
28-09-2026,MARCHE,FERMO,109014,MONTEFALCONE APPENNINO,352
28-09-2026,MARCHE,FERMO,109015,MONTEFORTINO,1014
28-09-2026,MARCHE,FERMO,109017,MONTEGIORGIO,6246
28-09-2026,MARCHE,FERMO,109018,MONTEGRANARO,12436
28-09-2026,MARCHE,FERMO,109019,MONTELEONE DI FERMO,358
28-09-2026,MARCHE,FERMO,109020,MONTELPARO,693
28-09-2026,MARCHE,FERMO,109022,MONTERUBBIANO,1956
28-09-2026,MARCHE,FERMO,109027,MONTOTTONE,892
28-09-2026,MARCHE,FERMO,109028,MORESCO,502
28-09-2026,MARCHE,FERMO,109029,ORTEZZANO,761
28-09-2026,MARCHE,FERMO,109030,PEDASO,2847
28-09-2026,MARCHE,FERMO,109031,PETRITOLI,2124
28-09-2026,MARCHE,FERMO,109032,PONZANO DI FERMO,1610
28-09-2026,MARCHE,FERMO,109033,PORTO SAN GIORGIO,15660
28-09-2026,MARCHE,FERMO,109034,PORTO SANT'ELPIDIO,25942
28-09-2026,MARCHE,FERMO,109035,RAPAGNANO,1929
28-09-2026,MARCHE,FERMO,109037,SANT'ELPIDIO A MARE,16515
28-09-2026,MARCHE,FERMO,109036,SANTA VITTORIA IN MATENANO,1125
28-09-2026,MARCHE,FERMO,109038,SERVIGLIANO,2240
28-09-2026,MARCHE,FERMO,109039,SMERILLO,325
28-09-2026,MARCHE,FERMO,109040,TORRE SAN PATRIZIO,1769
28-09-2026,MARCHE,MACERATA,043002,APIRO,2021
28-09-2026,MARCHE,MACERATA,043003,APPIGNANO,4106
28-09-2026,MARCHE,MACERATA,043004,BELFORTE DEL CHIENTI,1859
28-09-2026,MARCHE,MACERATA,043005,BOLOGNOLA,150
28-09-2026,MARCHE,MACERATA,043006,CALDAROLA,1623
28-09-2026,MARCHE,MACERATA,043007,CAMERINO,5987
28-09-2026,MARCHE,MACERATA,043008,CAMPOROTONDO DI FIASTRONE,460
28-09-2026,MARCHE,MACERATA,043009,CASTELRAIMONDO,4162
28-09-2026,MARCHE,MACERATA,043010,CASTELSANTANGELO SUL NERA,195
28-09-2026,MARCHE,MACERATA,043011,CESSAPALOMBO,414
28-09-2026,MARCHE,MACERATA,043012,CINGOLI,9451
28-09-2026,MARCHE,MACERATA,043013,CIVITANOVA MARCHE,42319
28-09-2026,MARCHE,MACERATA,043014,COLMURANO,1126
28-09-2026,MARCHE,MACERATA,043015,CORRIDONIA,14749
28-09-2026,MARCHE,MACERATA,043016,ESANATOGLIA,1865
28-09-2026,MARCHE,MACERATA,043017,FIASTRA,611
28-09-2026,MARCHE,MACERATA,043019,FIUMINATA,1214
28-09-2026,MARCHE,MACERATA,043020,GAGLIOLE,519
28-09-2026,MARCHE,MACERATA,043021,GUALDO,699
28-09-2026,MARCHE,MACERATA,043022,LORO PICENO,2157
28-09-2026,MARCHE,MACERATA,043023,MACERATA,40836
28-09-2026,MARCHE,MACERATA,043024,MATELICA,9011
28-09-2026,MARCHE,MACERATA,043025,MOGLIANO,4258
28-09-2026,MARCHE,MACERATA,043027,MONTE CAVALLO,97
28-09-2026,MARCHE,MACERATA,043031,MONTE SAN GIUSTO,7354
28-09-2026,MARCHE,MACERATA,043032,MONTE SAN MARTINO,655
28-09-2026,MARCHE,MACERATA,043026,MONTECASSIANO,6731
28-09-2026,MARCHE,MACERATA,043028,MONTECOSARO,7387
28-09-2026,MARCHE,MACERATA,043029,MONTEFANO,3303
28-09-2026,MARCHE,MACERATA,043030,MONTELUPONE,3431
28-09-2026,MARCHE,MACERATA,043033,MORROVALLE,9814
28-09-2026,MARCHE,MACERATA,043034,MUCCIA,786
28-09-2026,MARCHE,MACERATA,043035,PENNA SAN GIOVANNI,898
28-09-2026,MARCHE,MACERATA,043036,PETRIOLO,1847
28-09-2026,MARCHE,MACERATA,043038,PIEVE TORINA,1218
28-09-2026,MARCHE,MACERATA,043039,PIORACO,927
28-09-2026,MARCHE,MACERATA,043040,POGGIO SAN VICINO,193
28-09-2026,MARCHE,MACERATA,043041,POLLENZA,6144
28-09-2026,MARCHE,MACERATA,043042,PORTO RECANATI,13059
28-09-2026,MARCHE,MACERATA,043043,POTENZA PICENA,15324
28-09-2026,MARCHE,MACERATA,043044,RECANATI,20607
28-09-2026,MARCHE,MACERATA,043045,RIPE SAN GINESIO,792
28-09-2026,MARCHE,MACERATA,043046,SAN GINESIO,3056
28-09-2026,MARCHE,MACERATA,043047,SAN SEVERINO MARCHE,11778
28-09-2026,MARCHE,MACERATA,043048,SANT'ANGELO IN PONTANO,1261
28-09-2026,MARCHE,MACERATA,043049,SARNANO,3092
28-09-2026,MARCHE,MACERATA,043050,SEFRO,412
28-09-2026,MARCHE,MACERATA,043051,SERRAPETRONA,838
28-09-2026,MARCHE,MACERATA,043052,SERRAVALLE DI CHIENTI,1077
28-09-2026,MARCHE,MACERATA,043053,TOLENTINO,17470
28-09-2026,MARCHE,MACERATA,043054,TREIA,8910
28-09-2026,MARCHE,MACERATA,043055,URBISAGLIA,2379
28-09-2026,MARCHE,MACERATA,043056,USSITA,323
28-09-2026,MARCHE,MACERATA,043058,VALFORNACE,873
28-09-2026,MARCHE,MACERATA,043057,VISSO,917
28-09-2026,MARCHE,PESARO E URBINO,041001,ACQUALAGNA,4142
28-09-2026,MARCHE,PESARO E URBINO,041002,APECCHIO,1654
28-09-2026,MARCHE,PESARO E URBINO,041005,BELFORTE ALL'ISAURO,726
28-09-2026,MARCHE,PESARO E URBINO,041006,BORGO PACE,513
28-09-2026,MARCHE,PESARO E URBINO,041007,CAGLI,7922
28-09-2026,MARCHE,PESARO E URBINO,041008,CANTIANO,1957
28-09-2026,MARCHE,PESARO E URBINO,041009,CARPEGNA,1709
28-09-2026,MARCHE,PESARO E URBINO,041010,CARTOCETO,8019
28-09-2026,MARCHE,PESARO E URBINO,041069,COLLI AL METAURO,12361
28-09-2026,MARCHE,PESARO E URBINO,041013,FANO,59959
28-09-2026,MARCHE,PESARO E URBINO,041014,FERMIGNANO,8309
28-09-2026,MARCHE,PESARO E URBINO,041015,FOSSOMBRONE,9043
28-09-2026,MARCHE,PESARO E URBINO,041016,FRATTE ROSA,812
28-09-2026,MARCHE,PESARO E URBINO,041017,FRONTINO,299
28-09-2026,MARCHE,PESARO E URBINO,041018,FRONTONE,1201
28-09-2026,MARCHE,PESARO E URBINO,041019,GABICCE MARE,5454
28-09-2026,MARCHE,PESARO E URBINO,041020,GRADARA,4903
28-09-2026,MARCHE,PESARO E URBINO,041021,ISOLA DEL PIANO,518
28-09-2026,MARCHE,PESARO E URBINO,041022,LUNANO,1405
28-09-2026,MARCHE,PESARO E URBINO,041023,MACERATA FELTRIA,1927
28-09-2026,MARCHE,PESARO E URBINO,041025,MERCATELLO SUL METAURO,1339
28-09-2026,MARCHE,PESARO E URBINO,041026,MERCATINO CONCA,1100
28-09-2026,MARCHE,PESARO E URBINO,041027,MOMBAROCCIO,2188
28-09-2026,MARCHE,PESARO E URBINO,041028,MONDAVIO,3603
28-09-2026,MARCHE,PESARO E URBINO,041029,MONDOLFO,14475
28-09-2026,MARCHE,PESARO E URBINO,041031,MONTE CERIGNONE,566
28-09-2026,MARCHE,PESARO E URBINO,041035,MONTE GRIMANO TERME,1150
28-09-2026,MARCHE,PESARO E URBINO,041038,MONTE PORZIO,2847
28-09-2026,MARCHE,PESARO E URBINO,041030,MONTECALVO IN FOGLIA,2815
28-09-2026,MARCHE,PESARO E URBINO,041034,MONTEFELCINO,2433
28-09-2026,MARCHE,PESARO E URBINO,041036,MONTELABBATE,7106
28-09-2026,MARCHE,PESARO E URBINO,041041,PEGLIO,704
28-09-2026,MARCHE,PESARO E URBINO,041043,PERGOLA,5754
28-09-2026,MARCHE,PESARO E URBINO,041044,PESARO,95221
28-09-2026,MARCHE,PESARO E URBINO,041045,PETRIANO,2852
28-09-2026,MARCHE,PESARO E URBINO,041047,PIANDIMELETO,2050
28-09-2026,MARCHE,PESARO E URBINO,041048,PIETRARUBBIA,639
28-09-2026,MARCHE,PESARO E URBINO,041049,PIOBBICO,1816
28-09-2026,MARCHE,PESARO E URBINO,041051,SAN COSTANZO,4670
28-09-2026,MARCHE,PESARO E URBINO,041054,SAN LORENZO IN CAMPO,3192
28-09-2026,MARCHE,PESARO E URBINO,041057,SANT'ANGELO IN VADO,3939
28-09-2026,MARCHE,PESARO E URBINO,041058,SANT'IPPOLITO,1506
28-09-2026,MARCHE,PESARO E URBINO,041071,SASSOCORVARO AUDITORE,4896
28-09-2026,MARCHE,PESARO E URBINO,041061,SERRA SANT'ABBONDIO,840
28-09-2026,MARCHE,PESARO E URBINO,041064,TAVOLETO,812
28-09-2026,MARCHE,PESARO E URBINO,041065,TAVULLIA,8020
28-09-2026,MARCHE,PESARO E URBINO,041070,TERRE ROVERESCHE,5199
28-09-2026,MARCHE,PESARO E URBINO,041066,URBANIA,6874
28-09-2026,MARCHE,PESARO E URBINO,041067,URBINO,14013
28-09-2026,MARCHE,PESARO E URBINO,041068,VALLEFOGLIA,14921
28-09-2026,MOLISE,CAMPOBASSO,070001,ACQUAVIVA COLLECROCE,528
28-09-2026,MOLISE,CAMPOBASSO,070002,BARANELLO,2414
28-09-2026,MOLISE,CAMPOBASSO,070003,BOJANO,7528
28-09-2026,MOLISE,CAMPOBASSO,070004,BONEFRO,1117
28-09-2026,MOLISE,CAMPOBASSO,070005,BUSSO,1153
28-09-2026,MOLISE,CAMPOBASSO,070006,CAMPOBASSO,48063
28-09-2026,MOLISE,CAMPOBASSO,070007,CAMPOCHIARO,558
28-09-2026,MOLISE,CAMPOBASSO,070008,CAMPODIPIETRA,2412
28-09-2026,MOLISE,CAMPOBASSO,070009,CAMPOLIETO,787
28-09-2026,MOLISE,CAMPOBASSO,070010,CAMPOMARINO,8239
28-09-2026,MOLISE,CAMPOBASSO,070011,CASACALENDA,1843
28-09-2026,MOLISE,CAMPOBASSO,070012,CASALCIPRANO,424
28-09-2026,MOLISE,CAMPOBASSO,070013,CASTELBOTTACCIO,210
28-09-2026,MOLISE,CAMPOBASSO,070014,CASTELLINO DEL BIFERNO,415
28-09-2026,MOLISE,CAMPOBASSO,070015,CASTELMAURO,1076
28-09-2026,MOLISE,CAMPOBASSO,070016,CASTROPIGNANO,844
28-09-2026,MOLISE,CAMPOBASSO,070017,CERCEMAGGIORE,3493
28-09-2026,MOLISE,CAMPOBASSO,070018,CERCEPICCOLA,654
28-09-2026,MOLISE,CAMPOBASSO,070019,CIVITACAMPOMARANO,275
28-09-2026,MOLISE,CAMPOBASSO,070020,COLLE D'ANCHISE,703
28-09-2026,MOLISE,CAMPOBASSO,070021,COLLETORTO,1607
28-09-2026,MOLISE,CAMPOBASSO,070022,DURONIA,366
28-09-2026,MOLISE,CAMPOBASSO,070023,FERRAZZANO,3364
28-09-2026,MOLISE,CAMPOBASSO,070024,FOSSALTO,1092
28-09-2026,MOLISE,CAMPOBASSO,070025,GAMBATESA,1200
28-09-2026,MOLISE,CAMPOBASSO,070026,GILDONE,692
28-09-2026,MOLISE,CAMPOBASSO,070027,GUARDIALFIERA,944
28-09-2026,MOLISE,CAMPOBASSO,070028,GUARDIAREGIA,676
28-09-2026,MOLISE,CAMPOBASSO,070029,GUGLIONESI,4928
28-09-2026,MOLISE,CAMPOBASSO,070030,JELSI,1499
28-09-2026,MOLISE,CAMPOBASSO,070031,LARINO,6249
28-09-2026,MOLISE,CAMPOBASSO,070032,LIMOSANO,644
28-09-2026,MOLISE,CAMPOBASSO,070033,LUCITO,605
28-09-2026,MOLISE,CAMPOBASSO,070034,LUPARA,384
28-09-2026,MOLISE,CAMPOBASSO,070035,MACCHIA VALFORTORE,426
28-09-2026,MOLISE,CAMPOBASSO,070036,MAFALDA,1079
28-09-2026,MOLISE,CAMPOBASSO,070037,MATRICE,1021
28-09-2026,MOLISE,CAMPOBASSO,070038,MIRABELLO SANNITICO,2049
28-09-2026,MOLISE,CAMPOBASSO,070039,MOLISE,144
28-09-2026,MOLISE,CAMPOBASSO,070040,MONACILIONI,432
28-09-2026,MOLISE,CAMPOBASSO,070041,MONTAGANO,953
28-09-2026,MOLISE,CAMPOBASSO,070042,MONTECILFONE,1209
28-09-2026,MOLISE,CAMPOBASSO,070043,MONTEFALCONE NEL SANNIO,1285
28-09-2026,MOLISE,CAMPOBASSO,070044,MONTELONGO,278
28-09-2026,MOLISE,CAMPOBASSO,070045,MONTEMITRO,276
28-09-2026,MOLISE,CAMPOBASSO,070046,MONTENERO DI BISACCIA,6199
28-09-2026,MOLISE,CAMPOBASSO,070047,MONTORIO NEI FRENTANI,338
28-09-2026,MOLISE,CAMPOBASSO,070048,MORRONE DEL SANNIO,507
28-09-2026,MOLISE,CAMPOBASSO,070049,ORATINO,1672
28-09-2026,MOLISE,CAMPOBASSO,070050,PALATA,1452
28-09-2026,MOLISE,CAMPOBASSO,070051,PETACCIATO,3566
28-09-2026,MOLISE,CAMPOBASSO,070052,PETRELLA TIFERNINA,1014
28-09-2026,MOLISE,CAMPOBASSO,070053,PIETRACATELLA,1189
28-09-2026,MOLISE,CAMPOBASSO,070054,PIETRACUPA,185
28-09-2026,MOLISE,CAMPOBASSO,070055,PORTOCANNONE,2357
28-09-2026,MOLISE,CAMPOBASSO,070056,PROVVIDENTI,97
28-09-2026,MOLISE,CAMPOBASSO,070057,RICCIA,4632
28-09-2026,MOLISE,CAMPOBASSO,070058,RIPABOTTONI,400
28-09-2026,MOLISE,CAMPOBASSO,070059,RIPALIMOSANI,2930
28-09-2026,MOLISE,CAMPOBASSO,070060,ROCCAVIVARA,556
28-09-2026,MOLISE,CAMPOBASSO,070061,ROTELLO,1113
28-09-2026,MOLISE,CAMPOBASSO,070062,SALCITO,636
28-09-2026,MOLISE,CAMPOBASSO,070063,SAN BIASE,111
28-09-2026,MOLISE,CAMPOBASSO,070064,SAN FELICE DEL MOLISE,521
28-09-2026,MOLISE,CAMPOBASSO,070065,SAN GIACOMO DEGLI SCHIAVONI,1369
28-09-2026,MOLISE,CAMPOBASSO,070066,SAN GIOVANNI IN GALDO,491
28-09-2026,MOLISE,CAMPOBASSO,070067,SAN GIULIANO DEL SANNIO,933
28-09-2026,MOLISE,CAMPOBASSO,070068,SAN GIULIANO DI PUGLIA,950
28-09-2026,MOLISE,CAMPOBASSO,070069,SAN MARTINO IN PENSILIS,4394
28-09-2026,MOLISE,CAMPOBASSO,070070,SAN MASSIMO,828
28-09-2026,MOLISE,CAMPOBASSO,070071,SAN POLO MATESE,474
28-09-2026,MOLISE,CAMPOBASSO,070073,SANT'ANGELO LIMOSANO,305
28-09-2026,MOLISE,CAMPOBASSO,070074,SANT'ELIA A PIANISI,1478
28-09-2026,MOLISE,CAMPOBASSO,070072,SANTA CROCE DI MAGLIANO,3839
28-09-2026,MOLISE,CAMPOBASSO,070075,SEPINO,1798
28-09-2026,MOLISE,CAMPOBASSO,070076,SPINETE,1121
28-09-2026,MOLISE,CAMPOBASSO,070077,TAVENNA,543
28-09-2026,MOLISE,CAMPOBASSO,070078,TERMOLI,32076
28-09-2026,MOLISE,CAMPOBASSO,070079,TORELLA DEL SANNIO,683
28-09-2026,MOLISE,CAMPOBASSO,070080,TORO,1226
28-09-2026,MOLISE,CAMPOBASSO,070081,TRIVENTO,4225
28-09-2026,MOLISE,CAMPOBASSO,070082,TUFARA,721
28-09-2026,MOLISE,CAMPOBASSO,070083,URURI,2303
28-09-2026,MOLISE,CAMPOBASSO,070084,VINCHIATURO,3332
28-09-2026,MOLISE,ISERNIA,094001,ACQUAVIVA D'ISERNIA,339
28-09-2026,MOLISE,ISERNIA,094002,AGNONE,4488
28-09-2026,MOLISE,ISERNIA,094003,BAGNOLI DEL TRIGNO,604
28-09-2026,MOLISE,ISERNIA,094004,BELMONTE DEL SANNIO,588
28-09-2026,MOLISE,ISERNIA,094005,CANTALUPO NEL SANNIO,735
28-09-2026,MOLISE,ISERNIA,094006,CAPRACOTTA,748
28-09-2026,MOLISE,ISERNIA,094007,CAROVILLI,1237
28-09-2026,MOLISE,ISERNIA,094008,CARPINONE,987
28-09-2026,MOLISE,ISERNIA,094009,CASTEL DEL GIUDICE,323
28-09-2026,MOLISE,ISERNIA,094012,CASTEL SAN VINCENZO,419
28-09-2026,MOLISE,ISERNIA,094010,CASTELPETROSO,1484
28-09-2026,MOLISE,ISERNIA,094011,CASTELPIZZUTO,134
28-09-2026,MOLISE,ISERNIA,094013,CASTELVERRINO,86
28-09-2026,MOLISE,ISERNIA,094014,CERRO AL VOLTURNO,1101
28-09-2026,MOLISE,ISERNIA,094015,CHIAUCI,189
28-09-2026,MOLISE,ISERNIA,094016,CIVITANOVA DEL SANNIO,867
28-09-2026,MOLISE,ISERNIA,094017,COLLI A VOLTURNO,1278
28-09-2026,MOLISE,ISERNIA,094018,CONCA CASALE,161
28-09-2026,MOLISE,ISERNIA,094019,FILIGNANO,564
28-09-2026,MOLISE,ISERNIA,094020,FORLÌ DEL SANNIO,609
28-09-2026,MOLISE,ISERNIA,094021,FORNELLI,1810
28-09-2026,MOLISE,ISERNIA,094022,FROSOLONE,2724
28-09-2026,MOLISE,ISERNIA,094023,ISERNIA,20688
28-09-2026,MOLISE,ISERNIA,094024,LONGANO,613
28-09-2026,MOLISE,ISERNIA,094025,MACCHIA D'ISERNIA,1030
28-09-2026,MOLISE,ISERNIA,094026,MACCHIAGODENA,1662
28-09-2026,MOLISE,ISERNIA,094027,MIRANDA,912
28-09-2026,MOLISE,ISERNIA,094028,MONTAQUILA,2243
28-09-2026,MOLISE,ISERNIA,094029,MONTENERO VAL COCCHIARA,467
28-09-2026,MOLISE,ISERNIA,094030,MONTERODUNI,2022
28-09-2026,MOLISE,ISERNIA,094031,PESCHE,1485
28-09-2026,MOLISE,ISERNIA,094032,PESCOLANCIANO,769
28-09-2026,MOLISE,ISERNIA,094033,PESCOPENNATARO,221
28-09-2026,MOLISE,ISERNIA,094034,PETTORANELLO DEL MOLISE,461
28-09-2026,MOLISE,ISERNIA,094035,PIETRABBONDANTE,545
28-09-2026,MOLISE,ISERNIA,094036,PIZZONE,299
28-09-2026,MOLISE,ISERNIA,094037,POGGIO SANNITA,516
28-09-2026,MOLISE,ISERNIA,094038,POZZILLI,2143
28-09-2026,MOLISE,ISERNIA,094039,RIONERO SANNITICO,945
28-09-2026,MOLISE,ISERNIA,094040,ROCCAMANDOLFI,791
28-09-2026,MOLISE,ISERNIA,094041,ROCCASICURA,446
28-09-2026,MOLISE,ISERNIA,094042,ROCCHETTA A VOLTURNO,1079
28-09-2026,MOLISE,ISERNIA,094043,SAN PIETRO AVELLANA,399
28-09-2026,MOLISE,ISERNIA,094044,SANT'AGAPITO,1351
28-09-2026,MOLISE,ISERNIA,094046,SANT'ANGELO DEL PESCO,296
28-09-2026,MOLISE,ISERNIA,094047,SANT'ELENA SANNITA,304
28-09-2026,MOLISE,ISERNIA,094045,SANTA MARIA DEL MOLISE,636
28-09-2026,MOLISE,ISERNIA,094048,SCAPOLI,553
28-09-2026,MOLISE,ISERNIA,094049,SESSANO DEL MOLISE,653
28-09-2026,MOLISE,ISERNIA,094050,SESTO CAMPANO,2173
28-09-2026,MOLISE,ISERNIA,094051,VASTOGIRARDI,599
28-09-2026,MOLISE,ISERNIA,094052,VENAFRO,10674
28-09-2026,PIEMONTE,ALESSANDRIA,006001,ACQUI TERME,19090
28-09-2026,PIEMONTE,ALESSANDRIA,006002,ALBERA LIGURE,290
28-09-2026,PIEMONTE,ALESSANDRIA,006003,ALESSANDRIA,95427
28-09-2026,PIEMONTE,ALESSANDRIA,006004,ALFIANO NATTA,678
28-09-2026,PIEMONTE,ALESSANDRIA,006005,ALICE BEL COLLE,634
28-09-2026,PIEMONTE,ALESSANDRIA,006192,ALLUVIONI PIOVERA,1584
28-09-2026,PIEMONTE,ALESSANDRIA,006007,ALTAVILLA MONFERRATO,385
28-09-2026,PIEMONTE,ALESSANDRIA,006008,ALZANO SCRIVIA,343
28-09-2026,PIEMONTE,ALESSANDRIA,006009,ARQUATA SCRIVIA,6372
28-09-2026,PIEMONTE,ALESSANDRIA,006010,AVOLASCA,248
28-09-2026,PIEMONTE,ALESSANDRIA,006011,BALZOLA,1272
28-09-2026,PIEMONTE,ALESSANDRIA,006012,BASALUZZO,2004
28-09-2026,PIEMONTE,ALESSANDRIA,006013,BASSIGNANA,1581
28-09-2026,PIEMONTE,ALESSANDRIA,006014,BELFORTE MONFERRATO,494
28-09-2026,PIEMONTE,ALESSANDRIA,006015,BERGAMASCO,674
28-09-2026,PIEMONTE,ALESSANDRIA,006016,BERZANO DI TORTONA,160
28-09-2026,PIEMONTE,ALESSANDRIA,006017,BISTAGNO,1732
28-09-2026,PIEMONTE,ALESSANDRIA,006018,BORGHETTO DI BORBERA,1902
28-09-2026,PIEMONTE,ALESSANDRIA,006020,BORGO SAN MARTINO,1346
28-09-2026,PIEMONTE,ALESSANDRIA,006019,BORGORATTO ALESSANDRINO,520
28-09-2026,PIEMONTE,ALESSANDRIA,006021,BOSCO MARENGO,2144
28-09-2026,PIEMONTE,ALESSANDRIA,006022,BOSIO,1075
28-09-2026,PIEMONTE,ALESSANDRIA,006023,BOZZOLE,344
28-09-2026,PIEMONTE,ALESSANDRIA,006024,BRIGNANO-FRASCATA,418
28-09-2026,PIEMONTE,ALESSANDRIA,006025,CABELLA LIGURE,456
28-09-2026,PIEMONTE,ALESSANDRIA,006026,CAMAGNA MONFERRATO,460
28-09-2026,PIEMONTE,ALESSANDRIA,006027,CAMINO,742
28-09-2026,PIEMONTE,ALESSANDRIA,006028,CANTALUPO LIGURE,427
28-09-2026,PIEMONTE,ALESSANDRIA,006029,CAPRIATA D'ORBA,1783
28-09-2026,PIEMONTE,ALESSANDRIA,006030,CARBONARA SCRIVIA,1115
28-09-2026,PIEMONTE,ALESSANDRIA,006031,CARENTINO,308
28-09-2026,PIEMONTE,ALESSANDRIA,006032,CAREZZANO,433
28-09-2026,PIEMONTE,ALESSANDRIA,006033,CARPENETO,851
28-09-2026,PIEMONTE,ALESSANDRIA,006034,CARREGA LIGURE,79
28-09-2026,PIEMONTE,ALESSANDRIA,006035,CARROSIO,497
28-09-2026,PIEMONTE,ALESSANDRIA,006036,CARTOSIO,702
28-09-2026,PIEMONTE,ALESSANDRIA,006037,CASAL CERMELLI,1176
28-09-2026,PIEMONTE,ALESSANDRIA,006039,CASALE MONFERRATO,32942
28-09-2026,PIEMONTE,ALESSANDRIA,006038,CASALEGGIO BOIRO,330
28-09-2026,PIEMONTE,ALESSANDRIA,006040,CASALNOCETO,941
28-09-2026,PIEMONTE,ALESSANDRIA,006041,CASASCO,118
28-09-2026,PIEMONTE,ALESSANDRIA,006191,CASSANO SPINOLA,1789
28-09-2026,PIEMONTE,ALESSANDRIA,006043,CASSINE,2807
28-09-2026,PIEMONTE,ALESSANDRIA,006044,CASSINELLE,842
28-09-2026,PIEMONTE,ALESSANDRIA,006045,CASTELLANIA COPPI,85
28-09-2026,PIEMONTE,ALESSANDRIA,006046,CASTELLAR GUIDOBONO,431
28-09-2026,PIEMONTE,ALESSANDRIA,006047,CASTELLAZZO BORMIDA,4533
28-09-2026,PIEMONTE,ALESSANDRIA,006048,CASTELLETTO D'ERRO,115
28-09-2026,PIEMONTE,ALESSANDRIA,006049,CASTELLETTO D'ORBA,1821
28-09-2026,PIEMONTE,ALESSANDRIA,006050,CASTELLETTO MERLI,431
28-09-2026,PIEMONTE,ALESSANDRIA,006051,CASTELLETTO MONFERRATO,1455
28-09-2026,PIEMONTE,ALESSANDRIA,006052,CASTELNUOVO BORMIDA,650
28-09-2026,PIEMONTE,ALESSANDRIA,006053,CASTELNUOVO SCRIVIA,4815
28-09-2026,PIEMONTE,ALESSANDRIA,006054,CASTELSPINA,384
28-09-2026,PIEMONTE,ALESSANDRIA,006055,CAVATORE,259
28-09-2026,PIEMONTE,ALESSANDRIA,006056,CELLA MONTE,454
28-09-2026,PIEMONTE,ALESSANDRIA,006057,CERESETO,354
28-09-2026,PIEMONTE,ALESSANDRIA,006058,CERRETO GRUE,282
28-09-2026,PIEMONTE,ALESSANDRIA,006059,CERRINA MONFERRATO,1272
28-09-2026,PIEMONTE,ALESSANDRIA,006060,CONIOLO,412
28-09-2026,PIEMONTE,ALESSANDRIA,006061,CONZANO,902
28-09-2026,PIEMONTE,ALESSANDRIA,006062,COSTA VESCOVATO,308
28-09-2026,PIEMONTE,ALESSANDRIA,006063,CREMOLINO,1010
28-09-2026,PIEMONTE,ALESSANDRIA,006065,DENICE,153
28-09-2026,PIEMONTE,ALESSANDRIA,006066,DERNICE,166
28-09-2026,PIEMONTE,ALESSANDRIA,006067,FABBRICA CURONE,525
28-09-2026,PIEMONTE,ALESSANDRIA,006068,FELIZZANO,2081
28-09-2026,PIEMONTE,ALESSANDRIA,006069,FRACONALTO,299
28-09-2026,PIEMONTE,ALESSANDRIA,006070,FRANCAVILLA BISIO,481
28-09-2026,PIEMONTE,ALESSANDRIA,006071,FRASCARO,427
28-09-2026,PIEMONTE,ALESSANDRIA,006072,FRASSINELLO MONFERRATO,454
28-09-2026,PIEMONTE,ALESSANDRIA,006073,FRASSINETO PO,1388
28-09-2026,PIEMONTE,ALESSANDRIA,006074,FRESONARA,632
28-09-2026,PIEMONTE,ALESSANDRIA,006075,FRUGAROLO,1892
28-09-2026,PIEMONTE,ALESSANDRIA,006076,FUBINE MONFERRATO,1596
28-09-2026,PIEMONTE,ALESSANDRIA,006077,GABIANO,1020
28-09-2026,PIEMONTE,ALESSANDRIA,006078,GAMALERO,780
28-09-2026,PIEMONTE,ALESSANDRIA,006079,GARBAGNA,631
28-09-2026,PIEMONTE,ALESSANDRIA,006081,GAVI,4407
28-09-2026,PIEMONTE,ALESSANDRIA,006082,GIAROLE,691
28-09-2026,PIEMONTE,ALESSANDRIA,006083,GREMIASCO,275
28-09-2026,PIEMONTE,ALESSANDRIA,006084,GROGNARDO,228
28-09-2026,PIEMONTE,ALESSANDRIA,006085,GRONDONA,476
28-09-2026,PIEMONTE,ALESSANDRIA,006086,GUAZZORA,299
28-09-2026,PIEMONTE,ALESSANDRIA,006087,ISOLA SANT'ANTONIO,661
28-09-2026,PIEMONTE,ALESSANDRIA,006088,LERMA,781
28-09-2026,PIEMONTE,ALESSANDRIA,006193,LU E CUCCARO MONFERRATO,1270
28-09-2026,PIEMONTE,ALESSANDRIA,006090,MALVICINO,78
28-09-2026,PIEMONTE,ALESSANDRIA,006091,MASIO,1281
28-09-2026,PIEMONTE,ALESSANDRIA,006092,MELAZZO,1242
28-09-2026,PIEMONTE,ALESSANDRIA,006093,MERANA,174
28-09-2026,PIEMONTE,ALESSANDRIA,006094,MIRABELLO MONFERRATO,1208
28-09-2026,PIEMONTE,ALESSANDRIA,006095,MOLARE,1982
28-09-2026,PIEMONTE,ALESSANDRIA,006096,MOLINO DEI TORTI,572
28-09-2026,PIEMONTE,ALESSANDRIA,006097,MOMBELLO MONFERRATO,919
28-09-2026,PIEMONTE,ALESSANDRIA,006098,MOMPERONE,202
28-09-2026,PIEMONTE,ALESSANDRIA,006099,MONCESTINO,202
28-09-2026,PIEMONTE,ALESSANDRIA,006100,MONGIARDINO LIGURE,139
28-09-2026,PIEMONTE,ALESSANDRIA,006101,MONLEALE,557
28-09-2026,PIEMONTE,ALESSANDRIA,006102,MONTACUTO,236
28-09-2026,PIEMONTE,ALESSANDRIA,006103,MONTALDEO,201
28-09-2026,PIEMONTE,ALESSANDRIA,006104,MONTALDO BORMIDA,589
28-09-2026,PIEMONTE,ALESSANDRIA,006105,MONTECASTELLO,279
28-09-2026,PIEMONTE,ALESSANDRIA,006106,MONTECHIARO D'ACQUI,519
28-09-2026,PIEMONTE,ALESSANDRIA,006107,MONTEGIOCO,277
28-09-2026,PIEMONTE,ALESSANDRIA,006108,MONTEMARZINO,310
28-09-2026,PIEMONTE,ALESSANDRIA,006109,MORANO SUL PO,1298
28-09-2026,PIEMONTE,ALESSANDRIA,006110,MORBELLO,364
28-09-2026,PIEMONTE,ALESSANDRIA,006111,MORNESE,658
28-09-2026,PIEMONTE,ALESSANDRIA,006112,MORSASCO,586
28-09-2026,PIEMONTE,ALESSANDRIA,006113,MURISENGO MONFERRATO,1214
28-09-2026,PIEMONTE,ALESSANDRIA,006114,NOVI LIGURE,27764
28-09-2026,PIEMONTE,ALESSANDRIA,006115,OCCIMIANO,1181
28-09-2026,PIEMONTE,ALESSANDRIA,006116,ODALENGO GRANDE,400
28-09-2026,PIEMONTE,ALESSANDRIA,006117,ODALENGO PICCOLO,202
28-09-2026,PIEMONTE,ALESSANDRIA,006118,OLIVOLA,104
28-09-2026,PIEMONTE,ALESSANDRIA,006119,ORSARA BORMIDA,379
28-09-2026,PIEMONTE,ALESSANDRIA,006120,OTTIGLIO,532
28-09-2026,PIEMONTE,ALESSANDRIA,006121,OVADA,10956
28-09-2026,PIEMONTE,ALESSANDRIA,006122,OVIGLIO,1248
28-09-2026,PIEMONTE,ALESSANDRIA,006123,OZZANO MONFERRATO,1330
28-09-2026,PIEMONTE,ALESSANDRIA,006124,PADERNA,210
28-09-2026,PIEMONTE,ALESSANDRIA,006125,PARETO,515
28-09-2026,PIEMONTE,ALESSANDRIA,006126,PARODI LIGURE,600
28-09-2026,PIEMONTE,ALESSANDRIA,006127,PASTURANA,1267
28-09-2026,PIEMONTE,ALESSANDRIA,006128,PECETTO DI VALENZA,1159
28-09-2026,PIEMONTE,ALESSANDRIA,006129,PIETRA MARAZZI,862
28-09-2026,PIEMONTE,ALESSANDRIA,006131,POMARO MONFERRATO,304
28-09-2026,PIEMONTE,ALESSANDRIA,006132,PONTECURONE,3603
28-09-2026,PIEMONTE,ALESSANDRIA,006133,PONTESTURA,1334
28-09-2026,PIEMONTE,ALESSANDRIA,006134,PONTI,496
28-09-2026,PIEMONTE,ALESSANDRIA,006135,PONZANO MONFERRATO,327
28-09-2026,PIEMONTE,ALESSANDRIA,006136,PONZONE,1004
28-09-2026,PIEMONTE,ALESSANDRIA,006137,POZZOL GROPPO,305
28-09-2026,PIEMONTE,ALESSANDRIA,006138,POZZOLO FORMIGARO,4552
28-09-2026,PIEMONTE,ALESSANDRIA,006139,PRASCO,496
28-09-2026,PIEMONTE,ALESSANDRIA,006140,PREDOSA,1847
28-09-2026,PIEMONTE,ALESSANDRIA,006141,QUARGNENTO,1405
28-09-2026,PIEMONTE,ALESSANDRIA,006142,QUATTORDIO,1419
28-09-2026,PIEMONTE,ALESSANDRIA,006143,RICALDONE,585
28-09-2026,PIEMONTE,ALESSANDRIA,006144,RIVALTA BORMIDA,1379
28-09-2026,PIEMONTE,ALESSANDRIA,006145,RIVARONE,391
28-09-2026,PIEMONTE,ALESSANDRIA,006147,ROCCA GRIMALDA,1384
28-09-2026,PIEMONTE,ALESSANDRIA,006146,ROCCAFORTE LIGURE,110
28-09-2026,PIEMONTE,ALESSANDRIA,006148,ROCCHETTA LIGURE,226
28-09-2026,PIEMONTE,ALESSANDRIA,006149,ROSIGNANO MONFERRATO,1395
28-09-2026,PIEMONTE,ALESSANDRIA,006150,SALA MONFERRATO,331
28-09-2026,PIEMONTE,ALESSANDRIA,006151,SALE,3949
28-09-2026,PIEMONTE,ALESSANDRIA,006152,SAN CRISTOFORO,539
28-09-2026,PIEMONTE,ALESSANDRIA,006153,SAN GIORGIO MONFERRATO,1224
28-09-2026,PIEMONTE,ALESSANDRIA,006154,SAN SALVATORE MONFERRATO,4045
28-09-2026,PIEMONTE,ALESSANDRIA,006155,SAN SEBASTIANO CURONE,503
28-09-2026,PIEMONTE,ALESSANDRIA,006156,SANT'AGATA FOSSILI,347
28-09-2026,PIEMONTE,ALESSANDRIA,006157,SARDIGLIANO,380
28-09-2026,PIEMONTE,ALESSANDRIA,006158,SAREZZANO,1106
28-09-2026,PIEMONTE,ALESSANDRIA,006159,SERRALUNGA DI CREA,514
28-09-2026,PIEMONTE,ALESSANDRIA,006160,SERRAVALLE SCRIVIA,6082
28-09-2026,PIEMONTE,ALESSANDRIA,006161,SEZZADIO,1186
28-09-2026,PIEMONTE,ALESSANDRIA,006162,SILVANO D'ORBA,1839
28-09-2026,PIEMONTE,ALESSANDRIA,006163,SOLERO,1611
28-09-2026,PIEMONTE,ALESSANDRIA,006164,SOLONGHELLO,185
28-09-2026,PIEMONTE,ALESSANDRIA,006165,SPIGNO MONFERRATO,875
28-09-2026,PIEMONTE,ALESSANDRIA,006166,SPINETO SCRIVIA,361
28-09-2026,PIEMONTE,ALESSANDRIA,006167,STAZZANO,2308
28-09-2026,PIEMONTE,ALESSANDRIA,006168,STREVI,1988
28-09-2026,PIEMONTE,ALESSANDRIA,006169,TAGLIOLO MONFERRATO,1484
28-09-2026,PIEMONTE,ALESSANDRIA,006170,TASSAROLO,599
28-09-2026,PIEMONTE,ALESSANDRIA,006171,TERRUGGIA,843
28-09-2026,PIEMONTE,ALESSANDRIA,006172,TERZO,811
28-09-2026,PIEMONTE,ALESSANDRIA,006173,TICINETO,1305
28-09-2026,PIEMONTE,ALESSANDRIA,006174,TORTONA,27035
28-09-2026,PIEMONTE,ALESSANDRIA,006175,TREVILLE,265
28-09-2026,PIEMONTE,ALESSANDRIA,006176,TRISOBBIO,621
28-09-2026,PIEMONTE,ALESSANDRIA,006177,VALENZA,18406
28-09-2026,PIEMONTE,ALESSANDRIA,006178,VALMACCA,975
28-09-2026,PIEMONTE,ALESSANDRIA,006179,VIGNALE MONFERRATO,913
28-09-2026,PIEMONTE,ALESSANDRIA,006180,VIGNOLE BORBERA,2061
28-09-2026,PIEMONTE,ALESSANDRIA,006181,VIGUZZOLO,3151
28-09-2026,PIEMONTE,ALESSANDRIA,006182,VILLADEATI,441
28-09-2026,PIEMONTE,ALESSANDRIA,006183,VILLALVERNIA,851
28-09-2026,PIEMONTE,ALESSANDRIA,006184,VILLAMIROGLIO,286
28-09-2026,PIEMONTE,ALESSANDRIA,006185,VILLANOVA MONFERRATO,1694
28-09-2026,PIEMONTE,ALESSANDRIA,006186,VILLAROMAGNANO,644
28-09-2026,PIEMONTE,ALESSANDRIA,006187,VISONE,1194
28-09-2026,PIEMONTE,ALESSANDRIA,006188,VOLPEDO,1151
28-09-2026,PIEMONTE,ALESSANDRIA,006189,VOLPEGLINO,125
28-09-2026,PIEMONTE,ALESSANDRIA,006190,VOLTAGGIO,660
28-09-2026,PIEMONTE,ASTI,005001,AGLIANO TERME,1541
28-09-2026,PIEMONTE,ASTI,005002,ALBUGNANO,525
28-09-2026,PIEMONTE,ASTI,005003,ANTIGNANO,969
28-09-2026,PIEMONTE,ASTI,005004,ARAMENGO,577
28-09-2026,PIEMONTE,ASTI,005005,ASTI,73870
28-09-2026,PIEMONTE,ASTI,005006,AZZANO D'ASTI,375
28-09-2026,PIEMONTE,ASTI,005007,BALDICHIERI D'ASTI,1140
28-09-2026,PIEMONTE,ASTI,005008,BELVEGLIO,312
28-09-2026,PIEMONTE,ASTI,005009,BERZANO DI SAN PIETRO,401
28-09-2026,PIEMONTE,ASTI,005010,BRUNO,304
28-09-2026,PIEMONTE,ASTI,005011,BUBBIO,769
28-09-2026,PIEMONTE,ASTI,005012,BUTTIGLIERA D'ASTI,2528
28-09-2026,PIEMONTE,ASTI,005013,CALAMANDRANA,1641
28-09-2026,PIEMONTE,ASTI,005014,CALLIANO MONFERRATO,1238
28-09-2026,PIEMONTE,ASTI,005015,CALOSSO,1103
28-09-2026,PIEMONTE,ASTI,005016,CAMERANO CASASCO,425
28-09-2026,PIEMONTE,ASTI,005017,CANELLI,10075
28-09-2026,PIEMONTE,ASTI,005018,CANTARANA,974
28-09-2026,PIEMONTE,ASTI,005019,CAPRIGLIO,309
28-09-2026,PIEMONTE,ASTI,005020,CASORZO MONFERRATO,590
28-09-2026,PIEMONTE,ASTI,005021,CASSINASCO,570
28-09-2026,PIEMONTE,ASTI,005022,CASTAGNOLE DELLE LANZE,3683
28-09-2026,PIEMONTE,ASTI,005023,CASTAGNOLE MONFERRATO,1117
28-09-2026,PIEMONTE,ASTI,005024,CASTEL BOGLIONE,584
28-09-2026,PIEMONTE,ASTI,005032,CASTEL ROCCHERO,350
28-09-2026,PIEMONTE,ASTI,005025,CASTELL'ALFERO,2580
28-09-2026,PIEMONTE,ASTI,005026,CASTELLERO,283
28-09-2026,PIEMONTE,ASTI,005027,CASTELLETTO MOLINA,140
28-09-2026,PIEMONTE,ASTI,005028,CASTELLO DI ANNONE,1883
28-09-2026,PIEMONTE,ASTI,005029,CASTELNUOVO BELBO,796
28-09-2026,PIEMONTE,ASTI,005030,CASTELNUOVO CALCEA,669
28-09-2026,PIEMONTE,ASTI,005031,CASTELNUOVO DON BOSCO,3127
28-09-2026,PIEMONTE,ASTI,005033,CELLARENGO,726
28-09-2026,PIEMONTE,ASTI,005034,CELLE ENOMONDO,433
28-09-2026,PIEMONTE,ASTI,005035,CERRETO D'ASTI,215
28-09-2026,PIEMONTE,ASTI,005036,CERRO TANARO,593
28-09-2026,PIEMONTE,ASTI,005037,CESSOLE,318
28-09-2026,PIEMONTE,ASTI,005038,CHIUSANO D'ASTI,236
28-09-2026,PIEMONTE,ASTI,005039,CINAGLIO,434
28-09-2026,PIEMONTE,ASTI,005040,CISTERNA D'ASTI,1210
28-09-2026,PIEMONTE,ASTI,005041,COAZZOLO,285
28-09-2026,PIEMONTE,ASTI,005042,COCCONATO,1424
28-09-2026,PIEMONTE,ASTI,005044,CORSIONE,198
28-09-2026,PIEMONTE,ASTI,005045,CORTANDONE,307
28-09-2026,PIEMONTE,ASTI,005046,CORTANZE,252
28-09-2026,PIEMONTE,ASTI,005047,CORTAZZONE,599
28-09-2026,PIEMONTE,ASTI,005048,CORTIGLIONE,501
28-09-2026,PIEMONTE,ASTI,005049,COSSOMBRATO,485
28-09-2026,PIEMONTE,ASTI,005050,COSTIGLIOLE D'ASTI,5663
28-09-2026,PIEMONTE,ASTI,005051,CUNICO,428
28-09-2026,PIEMONTE,ASTI,005052,DUSINO SAN MICHELE,1094
28-09-2026,PIEMONTE,ASTI,005053,FERRERE,1501
28-09-2026,PIEMONTE,ASTI,005054,FONTANILE,472
28-09-2026,PIEMONTE,ASTI,005055,FRINCO,712
28-09-2026,PIEMONTE,ASTI,005056,GRANA MONFERRATO,508
28-09-2026,PIEMONTE,ASTI,005057,GRAZZANO BADOGLIO,532
28-09-2026,PIEMONTE,ASTI,005058,INCISA SCAPACCINO,2007
28-09-2026,PIEMONTE,ASTI,005059,ISOLA D'ASTI,1875
28-09-2026,PIEMONTE,ASTI,005060,LOAZZOLO,301
28-09-2026,PIEMONTE,ASTI,005061,MARANZANA,203
28-09-2026,PIEMONTE,ASTI,005062,MARETTO,369
28-09-2026,PIEMONTE,ASTI,005063,MOASCA,506
28-09-2026,PIEMONTE,ASTI,005064,MOMBALDONE,202
28-09-2026,PIEMONTE,ASTI,005065,MOMBARUZZO,900
28-09-2026,PIEMONTE,ASTI,005066,MOMBERCELLI,2035
28-09-2026,PIEMONTE,ASTI,005067,MONALE,972
28-09-2026,PIEMONTE,ASTI,005068,MONASTERO BORMIDA,821
28-09-2026,PIEMONTE,ASTI,005069,MONCALVO,2723
28-09-2026,PIEMONTE,ASTI,005070,MONCUCCO TORINESE,869
28-09-2026,PIEMONTE,ASTI,005071,MONGARDINO,836
28-09-2026,PIEMONTE,ASTI,005072,MONTABONE,313
28-09-2026,PIEMONTE,ASTI,005073,MONTAFIA,942
28-09-2026,PIEMONTE,ASTI,005074,MONTALDO SCARAMPI,718
28-09-2026,PIEMONTE,ASTI,005075,MONTECHIARO D'ASTI,1265
28-09-2026,PIEMONTE,ASTI,005076,MONTEGROSSO D'ASTI,2341
28-09-2026,PIEMONTE,ASTI,005077,MONTEMAGNO MONFERRATO,1035
28-09-2026,PIEMONTE,ASTI,005121,MONTIGLIO MONFERRATO,1516
28-09-2026,PIEMONTE,ASTI,005122,MORANSENGO-TONENGO,424
28-09-2026,PIEMONTE,ASTI,005080,NIZZA MONFERRATO,10144
28-09-2026,PIEMONTE,ASTI,005081,OLMO GENTILE,67
28-09-2026,PIEMONTE,ASTI,005082,PASSERANO MARMORITO,431
28-09-2026,PIEMONTE,ASTI,005083,PENANGO,425
28-09-2026,PIEMONTE,ASTI,005084,PIEA,489
28-09-2026,PIEMONTE,ASTI,005085,PINO D'ASTI,210
28-09-2026,PIEMONTE,ASTI,005086,PIOVÀ MASSAIA,559
28-09-2026,PIEMONTE,ASTI,005087,PORTACOMARO,1867
28-09-2026,PIEMONTE,ASTI,005088,QUARANTI,150
28-09-2026,PIEMONTE,ASTI,005089,REFRANCORE,1545
28-09-2026,PIEMONTE,ASTI,005090,REVIGLIASCO D'ASTI,762
28-09-2026,PIEMONTE,ASTI,005091,ROATTO,352
28-09-2026,PIEMONTE,ASTI,005092,ROBELLA,451
28-09-2026,PIEMONTE,ASTI,005093,ROCCA D'ARAZZO,927
28-09-2026,PIEMONTE,ASTI,005094,ROCCAVERANO,353
28-09-2026,PIEMONTE,ASTI,005095,ROCCHETTA PALAFEA,314
28-09-2026,PIEMONTE,ASTI,005096,ROCCHETTA TANARO,1369
28-09-2026,PIEMONTE,ASTI,005097,SAN DAMIANO D'ASTI,8077
28-09-2026,PIEMONTE,ASTI,005098,SAN GIORGIO SCARAMPI,97
28-09-2026,PIEMONTE,ASTI,005099,SAN MARTINO ALFIERI,663
28-09-2026,PIEMONTE,ASTI,005100,SAN MARZANO OLIVETO,918
28-09-2026,PIEMONTE,ASTI,005101,SAN PAOLO SOLBRITO,1161
28-09-2026,PIEMONTE,ASTI,005103,SCURZOLENGO,530
28-09-2026,PIEMONTE,ASTI,005104,SEROLE,96
28-09-2026,PIEMONTE,ASTI,005105,SESSAME,221
28-09-2026,PIEMONTE,ASTI,005106,SETTIME,531
28-09-2026,PIEMONTE,ASTI,005107,SOGLIO,124
28-09-2026,PIEMONTE,ASTI,005108,TIGLIOLE,1732
28-09-2026,PIEMONTE,ASTI,005109,TONCO,791
28-09-2026,PIEMONTE,ASTI,005111,VAGLIO SERRA,256
28-09-2026,PIEMONTE,ASTI,005112,VALFENERA,2478
28-09-2026,PIEMONTE,ASTI,005113,VESIME,576
28-09-2026,PIEMONTE,ASTI,005114,VIALE,220
28-09-2026,PIEMONTE,ASTI,005115,VIARIGI,800
28-09-2026,PIEMONTE,ASTI,005116,VIGLIANO D'ASTI,801
28-09-2026,PIEMONTE,ASTI,005119,VILLA SAN SECONDO,379
28-09-2026,PIEMONTE,ASTI,005117,VILLAFRANCA D'ASTI,2932
28-09-2026,PIEMONTE,ASTI,005118,VILLANOVA D'ASTI,5586
28-09-2026,PIEMONTE,ASTI,005120,VINCHIO,528
28-09-2026,PIEMONTE,BIELLA,096001,AILOCHE,289
28-09-2026,PIEMONTE,BIELLA,096002,ANDORNO MICCA,3042
28-09-2026,PIEMONTE,BIELLA,096003,BENNA,1157
28-09-2026,PIEMONTE,BIELLA,096004,BIELLA,43578
28-09-2026,PIEMONTE,BIELLA,096005,BIOGLIO,864
28-09-2026,PIEMONTE,BIELLA,096006,BORRIANA,862
28-09-2026,PIEMONTE,BIELLA,096007,BRUSNENGO,1842
28-09-2026,PIEMONTE,BIELLA,096008,CALLABIANA,139
28-09-2026,PIEMONTE,BIELLA,096009,CAMANDONA,312
28-09-2026,PIEMONTE,BIELLA,096010,CAMBURZANO,1143
28-09-2026,PIEMONTE,BIELLA,096086,CAMPIGLIA CERVO,503
28-09-2026,PIEMONTE,BIELLA,096012,CANDELO,7249
28-09-2026,PIEMONTE,BIELLA,096013,CAPRILE,192
28-09-2026,PIEMONTE,BIELLA,096014,CASAPINTA,363
28-09-2026,PIEMONTE,BIELLA,096015,CASTELLETTO CERVO,755
28-09-2026,PIEMONTE,BIELLA,096016,CAVAGLIÀ,3460
28-09-2026,PIEMONTE,BIELLA,096018,CERRIONE,2727
28-09-2026,PIEMONTE,BIELLA,096019,COGGIOLA,1622
28-09-2026,PIEMONTE,BIELLA,096020,COSSATO,13887
28-09-2026,PIEMONTE,BIELLA,096021,CREVACUORE,1387
28-09-2026,PIEMONTE,BIELLA,096023,CURINO,452
28-09-2026,PIEMONTE,BIELLA,096024,DONATO,678
28-09-2026,PIEMONTE,BIELLA,096025,DORZANO,518
28-09-2026,PIEMONTE,BIELLA,096026,GAGLIANICO,3808
28-09-2026,PIEMONTE,BIELLA,096027,GIFFLENGA,114
28-09-2026,PIEMONTE,BIELLA,096028,GRAGLIA,1451
28-09-2026,PIEMONTE,BIELLA,096085,LESSONA,2564
28-09-2026,PIEMONTE,BIELLA,096030,MAGNANO,343
28-09-2026,PIEMONTE,BIELLA,096031,MASSAZZA,529
28-09-2026,PIEMONTE,BIELLA,096032,MASSERANO,1882
28-09-2026,PIEMONTE,BIELLA,096033,MEZZANA MORTIGLIENGO,471
28-09-2026,PIEMONTE,BIELLA,096034,MIAGLIANO,530
28-09-2026,PIEMONTE,BIELLA,096035,MONGRANDO,3531
28-09-2026,PIEMONTE,BIELLA,096037,MOTTALCIATA,1275
28-09-2026,PIEMONTE,BIELLA,096038,MUZZANO,549
28-09-2026,PIEMONTE,BIELLA,096039,NETRO,891
28-09-2026,PIEMONTE,BIELLA,096040,OCCHIEPPO INFERIORE,3800
28-09-2026,PIEMONTE,BIELLA,096041,OCCHIEPPO SUPERIORE,2563
28-09-2026,PIEMONTE,BIELLA,096042,PETTINENGO,1423
28-09-2026,PIEMONTE,BIELLA,096043,PIATTO,470
28-09-2026,PIEMONTE,BIELLA,096044,PIEDICAVALLO,166
28-09-2026,PIEMONTE,BIELLA,096046,POLLONE,1921
28-09-2026,PIEMONTE,BIELLA,096047,PONDERANO,3621
28-09-2026,PIEMONTE,BIELLA,096048,PORTULA,1064
28-09-2026,PIEMONTE,BIELLA,096049,PRALUNGO,2320
28-09-2026,PIEMONTE,BIELLA,096050,PRAY,1952
28-09-2026,PIEMONTE,BIELLA,096087,QUAREGNA CERRETO,2043
28-09-2026,PIEMONTE,BIELLA,096053,RONCO BIELLESE,1422
28-09-2026,PIEMONTE,BIELLA,096054,ROPPOLO,796
28-09-2026,PIEMONTE,BIELLA,096055,ROSAZZA,103
28-09-2026,PIEMONTE,BIELLA,096056,SAGLIANO MICCA,1642
28-09-2026,PIEMONTE,BIELLA,096057,SALA BIELLESE,531
28-09-2026,PIEMONTE,BIELLA,096058,SALUSSOLA,1853
28-09-2026,PIEMONTE,BIELLA,096059,SANDIGLIANO,2562
28-09-2026,PIEMONTE,BIELLA,096063,SORDEVOLO,1272
28-09-2026,PIEMONTE,BIELLA,096064,SOSTEGNO,714
28-09-2026,PIEMONTE,BIELLA,096065,STRONA,933
28-09-2026,PIEMONTE,BIELLA,096066,TAVIGLIANO,886
28-09-2026,PIEMONTE,BIELLA,096067,TERNENGO,251
28-09-2026,PIEMONTE,BIELLA,096068,TOLLEGNO,2347
28-09-2026,PIEMONTE,BIELLA,096069,TORRAZZO,197
28-09-2026,PIEMONTE,BIELLA,096071,VALDENGO,2361
28-09-2026,PIEMONTE,BIELLA,096088,VALDILANA,9977
28-09-2026,PIEMONTE,BIELLA,096072,VALLANZENGO,196
28-09-2026,PIEMONTE,BIELLA,096074,VALLE SAN NICOLAO,832
28-09-2026,PIEMONTE,BIELLA,096075,VEGLIO,439
28-09-2026,PIEMONTE,BIELLA,096076,VERRONE,1152
28-09-2026,PIEMONTE,BIELLA,096077,VIGLIANO BIELLESE,7593
28-09-2026,PIEMONTE,BIELLA,096078,VILLA DEL BOSCO,323
28-09-2026,PIEMONTE,BIELLA,096079,VILLANOVA BIELLESE,163
28-09-2026,PIEMONTE,BIELLA,096080,VIVERONE,1312
28-09-2026,PIEMONTE,BIELLA,096081,ZIMONE,378
28-09-2026,PIEMONTE,BIELLA,096082,ZUBIENA,1139
28-09-2026,PIEMONTE,BIELLA,096083,ZUMAGLIA,960
28-09-2026,PIEMONTE,CUNEO,004001,ACCEGLIO,173
28-09-2026,PIEMONTE,CUNEO,004002,AISONE,206
28-09-2026,PIEMONTE,CUNEO,004003,ALBA,30993
28-09-2026,PIEMONTE,CUNEO,004004,ALBARETTO DELLA TORRE,201
28-09-2026,PIEMONTE,CUNEO,004005,ALTO,160
28-09-2026,PIEMONTE,CUNEO,004006,ARGENTERA,72
28-09-2026,PIEMONTE,CUNEO,004007,ARGUELLO,178
28-09-2026,PIEMONTE,CUNEO,004008,BAGNASCO,962
28-09-2026,PIEMONTE,CUNEO,004009,BAGNOLO PIEMONTE,5663
28-09-2026,PIEMONTE,CUNEO,004010,BALDISSERO D'ALBA,1045
28-09-2026,PIEMONTE,CUNEO,004011,BARBARESCO,587
28-09-2026,PIEMONTE,CUNEO,004012,BARGE,7443
28-09-2026,PIEMONTE,CUNEO,004013,BAROLO,611
28-09-2026,PIEMONTE,CUNEO,004014,BASTIA MONDOVÌ,625
28-09-2026,PIEMONTE,CUNEO,004015,BATTIFOLLO,225
28-09-2026,PIEMONTE,CUNEO,004016,BEINETTE,3588
28-09-2026,PIEMONTE,CUNEO,004017,BELLINO,95
28-09-2026,PIEMONTE,CUNEO,004018,BELVEDERE LANGHE,337
28-09-2026,PIEMONTE,CUNEO,004019,BENE VAGIENNA,3629
28-09-2026,PIEMONTE,CUNEO,004020,BENEVELLO,466
28-09-2026,PIEMONTE,CUNEO,004021,BERGOLO,48
28-09-2026,PIEMONTE,CUNEO,004022,BERNEZZO,4287
28-09-2026,PIEMONTE,CUNEO,004023,BONVICINO,99
28-09-2026,PIEMONTE,CUNEO,004025,BORGO SAN DALMAZZO,12612
28-09-2026,PIEMONTE,CUNEO,004024,BORGOMALE,370
28-09-2026,PIEMONTE,CUNEO,004026,BOSIA,173
28-09-2026,PIEMONTE,CUNEO,004027,BOSSOLASCO,670
28-09-2026,PIEMONTE,CUNEO,004028,BOVES,9645
28-09-2026,PIEMONTE,CUNEO,004029,BRA,30057
28-09-2026,PIEMONTE,CUNEO,004030,BRIAGLIA,303
28-09-2026,PIEMONTE,CUNEO,004031,BRIGA ALTA,43
28-09-2026,PIEMONTE,CUNEO,004032,BRONDELLO,269
28-09-2026,PIEMONTE,CUNEO,004033,BROSSASCO,981
28-09-2026,PIEMONTE,CUNEO,004034,BUSCA,10295
28-09-2026,PIEMONTE,CUNEO,004035,CAMERANA,556
28-09-2026,PIEMONTE,CUNEO,004037,CANALE,5389
28-09-2026,PIEMONTE,CUNEO,004038,CANOSIO,74
28-09-2026,PIEMONTE,CUNEO,004039,CAPRAUNA,73
28-09-2026,PIEMONTE,CUNEO,004040,CARAGLIO,6895
28-09-2026,PIEMONTE,CUNEO,004041,CARAMAGNA PIEMONTE,3044
28-09-2026,PIEMONTE,CUNEO,004042,CARDÈ,1167
28-09-2026,PIEMONTE,CUNEO,004043,CARRÙ,4429
28-09-2026,PIEMONTE,CUNEO,004044,CARTIGNANO,166
28-09-2026,PIEMONTE,CUNEO,004045,CASALGRASSO,1455
28-09-2026,PIEMONTE,CUNEO,004046,CASTAGNITO,2308
28-09-2026,PIEMONTE,CUNEO,004047,CASTELDELFINO,146
28-09-2026,PIEMONTE,CUNEO,004049,CASTELLETTO STURA,1390
28-09-2026,PIEMONTE,CUNEO,004050,CASTELLETTO UZZONE,273
28-09-2026,PIEMONTE,CUNEO,004051,CASTELLINALDO D'ALBA,917
28-09-2026,PIEMONTE,CUNEO,004052,CASTELLINO TANARO,281
28-09-2026,PIEMONTE,CUNEO,004053,CASTELMAGNO,53
28-09-2026,PIEMONTE,CUNEO,004054,CASTELNUOVO DI CEVA,106
28-09-2026,PIEMONTE,CUNEO,004055,CASTIGLIONE FALLETTO,665
28-09-2026,PIEMONTE,CUNEO,004056,CASTIGLIONE TINELLA,744
28-09-2026,PIEMONTE,CUNEO,004057,CASTINO,440
28-09-2026,PIEMONTE,CUNEO,004058,CAVALLERLEONE,675
28-09-2026,PIEMONTE,CUNEO,004059,CAVALLERMAGGIORE,5349
28-09-2026,PIEMONTE,CUNEO,004060,CELLE DI MACRA,83
28-09-2026,PIEMONTE,CUNEO,004061,CENTALLO,6967
28-09-2026,PIEMONTE,CUNEO,004062,CERESOLE ALBA,1966
28-09-2026,PIEMONTE,CUNEO,004063,CERRETTO LANGHE,385
28-09-2026,PIEMONTE,CUNEO,004064,CERVASCA,5175
28-09-2026,PIEMONTE,CUNEO,004065,CERVERE,2295
28-09-2026,PIEMONTE,CUNEO,004066,CEVA,5942
28-09-2026,PIEMONTE,CUNEO,004067,CHERASCO,9763
28-09-2026,PIEMONTE,CUNEO,004068,CHIUSA DI PESIO,3696
28-09-2026,PIEMONTE,CUNEO,004069,CIGLIÈ,195
28-09-2026,PIEMONTE,CUNEO,004070,CISSONE,77
28-09-2026,PIEMONTE,CUNEO,004071,CLAVESANA,771
28-09-2026,PIEMONTE,CUNEO,004072,CORNELIANO D'ALBA,2145
28-09-2026,PIEMONTE,CUNEO,004073,CORTEMILIA,2077
28-09-2026,PIEMONTE,CUNEO,004074,COSSANO BELBO,844
28-09-2026,PIEMONTE,CUNEO,004075,COSTIGLIOLE SALUZZO,3342
28-09-2026,PIEMONTE,CUNEO,004076,CRAVANZANA,351
28-09-2026,PIEMONTE,CUNEO,004077,CRISSOLO,129
28-09-2026,PIEMONTE,CUNEO,004078,CUNEO,56041
28-09-2026,PIEMONTE,CUNEO,004079,DEMONTE,1842
28-09-2026,PIEMONTE,CUNEO,004080,DIANO D'ALBA,3529
28-09-2026,PIEMONTE,CUNEO,004081,DOGLIANI,4626
28-09-2026,PIEMONTE,CUNEO,004082,DRONERO,7066
28-09-2026,PIEMONTE,CUNEO,004083,ELVA,83
28-09-2026,PIEMONTE,CUNEO,004084,ENTRACQUE,752
28-09-2026,PIEMONTE,CUNEO,004085,ENVIE,1957
28-09-2026,PIEMONTE,CUNEO,004086,FARIGLIANO,1699
28-09-2026,PIEMONTE,CUNEO,004087,FAULE,478
28-09-2026,PIEMONTE,CUNEO,004088,FEISOGLIO,289
28-09-2026,PIEMONTE,CUNEO,004089,FOSSANO,24103
28-09-2026,PIEMONTE,CUNEO,004090,FRABOSA SOPRANA,707
28-09-2026,PIEMONTE,CUNEO,004091,FRABOSA SOTTANA,1688
28-09-2026,PIEMONTE,CUNEO,004092,FRASSINO,249
28-09-2026,PIEMONTE,CUNEO,004093,GAIOLA,578
28-09-2026,PIEMONTE,CUNEO,004094,GAMBASCA,370
28-09-2026,PIEMONTE,CUNEO,004095,GARESSIO,2868
28-09-2026,PIEMONTE,CUNEO,004096,GENOLA,2544
28-09-2026,PIEMONTE,CUNEO,004097,GORZEGNO,238
28-09-2026,PIEMONTE,CUNEO,004098,GOTTASECCA,116
28-09-2026,PIEMONTE,CUNEO,004099,GOVONE,2275
28-09-2026,PIEMONTE,CUNEO,004100,GRINZANE CAVOUR,1934
28-09-2026,PIEMONTE,CUNEO,004101,GUARENE,3531
28-09-2026,PIEMONTE,CUNEO,004102,IGLIANO,63
28-09-2026,PIEMONTE,CUNEO,004103,ISASCA,63
28-09-2026,PIEMONTE,CUNEO,004105,LA MORRA,2641
28-09-2026,PIEMONTE,CUNEO,004104,LAGNASCO,1367
28-09-2026,PIEMONTE,CUNEO,004106,LEQUIO BERRIA,417
28-09-2026,PIEMONTE,CUNEO,004107,LEQUIO TANARO,746
28-09-2026,PIEMONTE,CUNEO,004108,LESEGNO,863
28-09-2026,PIEMONTE,CUNEO,004109,LEVICE,171
28-09-2026,PIEMONTE,CUNEO,004110,LIMONE PIEMONTE,1347
28-09-2026,PIEMONTE,CUNEO,004111,LISIO,176
28-09-2026,PIEMONTE,CUNEO,004112,MACRA,43
28-09-2026,PIEMONTE,CUNEO,004113,MAGLIANO ALFIERI,2124
28-09-2026,PIEMONTE,CUNEO,004114,MAGLIANO ALPI,2165
28-09-2026,PIEMONTE,CUNEO,004115,MANGO,1233
28-09-2026,PIEMONTE,CUNEO,004116,MANTA,3876
28-09-2026,PIEMONTE,CUNEO,004117,MARENE,3394
28-09-2026,PIEMONTE,CUNEO,004118,MARGARITA,1447
28-09-2026,PIEMONTE,CUNEO,004119,MARMORA,53
28-09-2026,PIEMONTE,CUNEO,004120,MARSAGLIA,214
28-09-2026,PIEMONTE,CUNEO,004121,MARTINIANA PO,835
28-09-2026,PIEMONTE,CUNEO,004122,MELLE,302
28-09-2026,PIEMONTE,CUNEO,004123,MOIOLA,217
28-09-2026,PIEMONTE,CUNEO,004124,MOMBARCARO,264
28-09-2026,PIEMONTE,CUNEO,004125,MOMBASIGLIO,560
28-09-2026,PIEMONTE,CUNEO,004126,MONASTERO DI VASCO,1271
28-09-2026,PIEMONTE,CUNEO,004127,MONASTEROLO CASOTTO,85
28-09-2026,PIEMONTE,CUNEO,004128,MONASTEROLO DI SAVIGLIANO,1312
28-09-2026,PIEMONTE,CUNEO,004129,MONCHIERO,585
28-09-2026,PIEMONTE,CUNEO,004130,MONDOVÌ,22534
28-09-2026,PIEMONTE,CUNEO,004131,MONESIGLIO,577
28-09-2026,PIEMONTE,CUNEO,004132,MONFORTE D'ALBA,1857
28-09-2026,PIEMONTE,CUNEO,004134,MONTALDO DI MONDOVÌ,555
28-09-2026,PIEMONTE,CUNEO,004135,MONTALDO ROERO,898
28-09-2026,PIEMONTE,CUNEO,004136,MONTANERA,688
28-09-2026,PIEMONTE,CUNEO,004137,MONTELUPO ALBESE,472
28-09-2026,PIEMONTE,CUNEO,004138,MONTEMALE DI CUNEO,237
28-09-2026,PIEMONTE,CUNEO,004139,MONTEROSSO GRANA,532
28-09-2026,PIEMONTE,CUNEO,004140,MONTEU ROERO,1587
28-09-2026,PIEMONTE,CUNEO,004141,MONTEZEMOLO,231
28-09-2026,PIEMONTE,CUNEO,004142,MONTICELLO D'ALBA,2369
28-09-2026,PIEMONTE,CUNEO,004133,MONTÀ,4667
28-09-2026,PIEMONTE,CUNEO,004143,MORETTA,4064
28-09-2026,PIEMONTE,CUNEO,004144,MOROZZO,2030
28-09-2026,PIEMONTE,CUNEO,004145,MURAZZANO,867
28-09-2026,PIEMONTE,CUNEO,004146,MURELLO,941
28-09-2026,PIEMONTE,CUNEO,004147,NARZOLE,3517
28-09-2026,PIEMONTE,CUNEO,004148,NEIVE,3197
28-09-2026,PIEMONTE,CUNEO,004149,NEVIGLIE,351
28-09-2026,PIEMONTE,CUNEO,004150,NIELLA BELBO,308
28-09-2026,PIEMONTE,CUNEO,004151,NIELLA TANARO,945
28-09-2026,PIEMONTE,CUNEO,004152,NOVELLO,920
28-09-2026,PIEMONTE,CUNEO,004153,NUCETTO,382
28-09-2026,PIEMONTE,CUNEO,004154,ONCINO,83
28-09-2026,PIEMONTE,CUNEO,004155,ORMEA,1483
28-09-2026,PIEMONTE,CUNEO,004156,OSTANA,76
28-09-2026,PIEMONTE,CUNEO,004157,PAESANA,2660
28-09-2026,PIEMONTE,CUNEO,004158,PAGNO,566
28-09-2026,PIEMONTE,CUNEO,004159,PAMPARATO,259
28-09-2026,PIEMONTE,CUNEO,004160,PAROLDO,182
28-09-2026,PIEMONTE,CUNEO,004161,PERLETTO,253
28-09-2026,PIEMONTE,CUNEO,004162,PERLO,109
28-09-2026,PIEMONTE,CUNEO,004163,PEVERAGNO,5521
28-09-2026,PIEMONTE,CUNEO,004164,PEZZOLO VALLE UZZONE,273
28-09-2026,PIEMONTE,CUNEO,004165,PIANFEI,2060
28-09-2026,PIEMONTE,CUNEO,004166,PIASCO,2749
28-09-2026,PIEMONTE,CUNEO,004167,PIETRAPORZIO,68
28-09-2026,PIEMONTE,CUNEO,004168,PIOBESI D'ALBA,1484
28-09-2026,PIEMONTE,CUNEO,004169,PIOZZO,1003
28-09-2026,PIEMONTE,CUNEO,004170,POCAPAGLIA,3299
28-09-2026,PIEMONTE,CUNEO,004171,POLONGHERA,1146
28-09-2026,PIEMONTE,CUNEO,004172,PONTECHIANALE,186
28-09-2026,PIEMONTE,CUNEO,004173,PRADLEVES,276
28-09-2026,PIEMONTE,CUNEO,004174,PRAZZO,159
28-09-2026,PIEMONTE,CUNEO,004175,PRIERO,502
28-09-2026,PIEMONTE,CUNEO,004176,PRIOCCA,2037
28-09-2026,PIEMONTE,CUNEO,004177,PRIOLA,596
28-09-2026,PIEMONTE,CUNEO,004178,PRUNETTO,365
28-09-2026,PIEMONTE,CUNEO,004179,RACCONIGI,9668
28-09-2026,PIEMONTE,CUNEO,004180,REVELLO,4210
28-09-2026,PIEMONTE,CUNEO,004181,RIFREDDO,1028
28-09-2026,PIEMONTE,CUNEO,004182,RITTANA,94
28-09-2026,PIEMONTE,CUNEO,004183,ROASCHIA,87
28-09-2026,PIEMONTE,CUNEO,004184,ROASCIO,81
28-09-2026,PIEMONTE,CUNEO,004185,ROBILANTE,2119
28-09-2026,PIEMONTE,CUNEO,004186,ROBURENT,491
28-09-2026,PIEMONTE,CUNEO,004188,ROCCA CIGLIÈ,114
28-09-2026,PIEMONTE,CUNEO,004189,ROCCA DE' BALDI,1607
28-09-2026,PIEMONTE,CUNEO,004187,ROCCABRUNA,1523
28-09-2026,PIEMONTE,CUNEO,004190,ROCCAFORTE MONDOVÌ,2134
28-09-2026,PIEMONTE,CUNEO,004191,ROCCASPARVERA,747
28-09-2026,PIEMONTE,CUNEO,004192,ROCCAVIONE,2644
28-09-2026,PIEMONTE,CUNEO,004193,ROCCHETTA BELBO,154
28-09-2026,PIEMONTE,CUNEO,004194,RODDI,1594
28-09-2026,PIEMONTE,CUNEO,004195,RODDINO,400
28-09-2026,PIEMONTE,CUNEO,004196,RODELLO,944
28-09-2026,PIEMONTE,CUNEO,004197,ROSSANA,840
28-09-2026,PIEMONTE,CUNEO,004198,RUFFIA,362
28-09-2026,PIEMONTE,CUNEO,004199,SALE DELLE LANGHE,474
28-09-2026,PIEMONTE,CUNEO,004200,SALE SAN GIOVANNI,151
28-09-2026,PIEMONTE,CUNEO,004201,SALICETO,1156
28-09-2026,PIEMONTE,CUNEO,004202,SALMOUR,729
28-09-2026,PIEMONTE,CUNEO,004203,SALUZZO,17672
28-09-2026,PIEMONTE,CUNEO,004204,SAMBUCO,83
28-09-2026,PIEMONTE,CUNEO,004205,SAMPEYRE,978
28-09-2026,PIEMONTE,CUNEO,004206,SAN BENEDETTO BELBO,140
28-09-2026,PIEMONTE,CUNEO,004207,SAN DAMIANO MACRA,394
28-09-2026,PIEMONTE,CUNEO,004210,SAN MICHELE MONDOVÌ,1868
28-09-2026,PIEMONTE,CUNEO,004209,SANFRONT,2253
28-09-2026,PIEMONTE,CUNEO,004208,SANFRÈ,3006
28-09-2026,PIEMONTE,CUNEO,004211,SANT'ALBANO STURA,2429
28-09-2026,PIEMONTE,CUNEO,004212,SANTA VITTORIA D'ALBA,2919
28-09-2026,PIEMONTE,CUNEO,004213,SANTO STEFANO BELBO,3710
28-09-2026,PIEMONTE,CUNEO,004214,SANTO STEFANO ROERO,1356
28-09-2026,PIEMONTE,CUNEO,004215,SAVIGLIANO,21817
28-09-2026,PIEMONTE,CUNEO,004216,SCAGNELLO,162
28-09-2026,PIEMONTE,CUNEO,004217,SCARNAFIGI,2102
28-09-2026,PIEMONTE,CUNEO,004218,SERRALUNGA D'ALBA,479
28-09-2026,PIEMONTE,CUNEO,004219,SERRAVALLE LANGHE,326
28-09-2026,PIEMONTE,CUNEO,004220,SINIO,469
28-09-2026,PIEMONTE,CUNEO,004221,SOMANO,308
28-09-2026,PIEMONTE,CUNEO,004222,SOMMARIVA DEL BOSCO,6334
28-09-2026,PIEMONTE,CUNEO,004223,SOMMARIVA PERNO,2714
28-09-2026,PIEMONTE,CUNEO,004224,STROPPO,102
28-09-2026,PIEMONTE,CUNEO,004225,TARANTASCA,2216
28-09-2026,PIEMONTE,CUNEO,004226,TORRE BORMIDA,193
28-09-2026,PIEMONTE,CUNEO,004227,TORRE MONDOVÌ,533
28-09-2026,PIEMONTE,CUNEO,004228,TORRE SAN GIORGIO,698
28-09-2026,PIEMONTE,CUNEO,004229,TORRESINA,48
28-09-2026,PIEMONTE,CUNEO,004230,TREISO,747
28-09-2026,PIEMONTE,CUNEO,004231,TREZZO TINELLA,287
28-09-2026,PIEMONTE,CUNEO,004232,TRINITÀ,2375
28-09-2026,PIEMONTE,CUNEO,004233,VALDIERI,913
28-09-2026,PIEMONTE,CUNEO,004234,VALGRANA,791
28-09-2026,PIEMONTE,CUNEO,004235,VALLORIATE,93
28-09-2026,PIEMONTE,CUNEO,004237,VENASCA,1338
28-09-2026,PIEMONTE,CUNEO,004238,VERDUNO,557
28-09-2026,PIEMONTE,CUNEO,004239,VERNANTE,1092
28-09-2026,PIEMONTE,CUNEO,004240,VERZUOLO,6541
28-09-2026,PIEMONTE,CUNEO,004241,VEZZA D'ALBA,2406
28-09-2026,PIEMONTE,CUNEO,004242,VICOFORTE,3197
28-09-2026,PIEMONTE,CUNEO,004243,VIGNOLO,2666
28-09-2026,PIEMONTE,CUNEO,004244,VILLAFALLETTO,2912
28-09-2026,PIEMONTE,CUNEO,004245,VILLANOVA MONDOVÌ,6004
28-09-2026,PIEMONTE,CUNEO,004246,VILLANOVA SOLARO,731
28-09-2026,PIEMONTE,CUNEO,004247,VILLAR SAN COSTANZO,1531
28-09-2026,PIEMONTE,CUNEO,004248,VINADIO,565
28-09-2026,PIEMONTE,CUNEO,004249,VIOLA,380
28-09-2026,PIEMONTE,CUNEO,004250,VOTTIGNASCO,515
28-09-2026,PIEMONTE,NOVARA,003001,AGRATE CONTURBIA,1603
28-09-2026,PIEMONTE,NOVARA,003002,AMENO,857
28-09-2026,PIEMONTE,NOVARA,003006,ARMENO,2083
28-09-2026,PIEMONTE,NOVARA,003008,ARONA,13781
28-09-2026,PIEMONTE,NOVARA,003012,BARENGO,734
28-09-2026,PIEMONTE,NOVARA,003016,BELLINZAGO NOVARESE,9377
28-09-2026,PIEMONTE,NOVARA,003018,BIANDRATE,1405
28-09-2026,PIEMONTE,NOVARA,003019,BOCA,1150
28-09-2026,PIEMONTE,NOVARA,003021,BOGOGNO,1347
28-09-2026,PIEMONTE,NOVARA,003022,BOLZANO NOVARESE,1123
28-09-2026,PIEMONTE,NOVARA,003025,BORGO TICINO,5198
28-09-2026,PIEMONTE,NOVARA,003023,BORGOLAVEZZARO,2055
28-09-2026,PIEMONTE,NOVARA,003024,BORGOMANERO,21370
28-09-2026,PIEMONTE,NOVARA,003026,BRIGA NOVARESE,2729
28-09-2026,PIEMONTE,NOVARA,003027,BRIONA,1127
28-09-2026,PIEMONTE,NOVARA,003030,CALTIGNAGA,2465
28-09-2026,PIEMONTE,NOVARA,003032,CAMERI,10996
28-09-2026,PIEMONTE,NOVARA,003036,CARPIGNANO SESIA,2507
28-09-2026,PIEMONTE,NOVARA,003037,CASALBELTRAME,1044
28-09-2026,PIEMONTE,NOVARA,003039,CASALEGGIO NOVARA,924
28-09-2026,PIEMONTE,NOVARA,003040,CASALINO,1599
28-09-2026,PIEMONTE,NOVARA,003041,CASALVOLONE,875
28-09-2026,PIEMONTE,NOVARA,003042,CASTELLAZZO NOVARESE,336
28-09-2026,PIEMONTE,NOVARA,003043,CASTELLETTO SOPRA TICINO,9853
28-09-2026,PIEMONTE,NOVARA,003044,CAVAGLIETTO,396
28-09-2026,PIEMONTE,NOVARA,003045,CAVAGLIO D'AGOGNA,1167
28-09-2026,PIEMONTE,NOVARA,003047,CAVALLIRIO,1276
28-09-2026,PIEMONTE,NOVARA,003049,CERANO,7181
28-09-2026,PIEMONTE,NOVARA,003051,COLAZZA,550
28-09-2026,PIEMONTE,NOVARA,003052,COMIGNAGO,1273
28-09-2026,PIEMONTE,NOVARA,003055,CRESSA,1565
28-09-2026,PIEMONTE,NOVARA,003058,CUREGGIO,2618
28-09-2026,PIEMONTE,NOVARA,003060,DIVIGNANO,1403
28-09-2026,PIEMONTE,NOVARA,003062,DORMELLETTO,2552
28-09-2026,PIEMONTE,NOVARA,003065,FARA NOVARESE,2018
28-09-2026,PIEMONTE,NOVARA,003066,FONTANETO D'AGOGNA,2654
28-09-2026,PIEMONTE,NOVARA,003068,GALLIATE,16090
28-09-2026,PIEMONTE,NOVARA,003069,GARBAGNA NOVARESE,1382
28-09-2026,PIEMONTE,NOVARA,003070,GARGALLO,1742
28-09-2026,PIEMONTE,NOVARA,003166,GATTICO-VERUNO,5337
28-09-2026,PIEMONTE,NOVARA,003073,GHEMME,3423
28-09-2026,PIEMONTE,NOVARA,003076,GOZZANO,5481
28-09-2026,PIEMONTE,NOVARA,003077,GRANOZZO CON MONTICELLO,1314
28-09-2026,PIEMONTE,NOVARA,003079,GRIGNASCO,4329
28-09-2026,PIEMONTE,NOVARA,003082,INVORIO,4314
28-09-2026,PIEMONTE,NOVARA,003083,LANDIONA,523
28-09-2026,PIEMONTE,NOVARA,003084,LESA,2218
28-09-2026,PIEMONTE,NOVARA,003088,MAGGIORA,1651
28-09-2026,PIEMONTE,NOVARA,003090,MANDELLO VITTA,214
28-09-2026,PIEMONTE,NOVARA,003091,MARANO TICINO,1664
28-09-2026,PIEMONTE,NOVARA,003093,MASSINO VISCONTI,1131
28-09-2026,PIEMONTE,NOVARA,003095,MEINA,2330
28-09-2026,PIEMONTE,NOVARA,003097,MEZZOMERICO,1215
28-09-2026,PIEMONTE,NOVARA,003098,MIASINO,816
28-09-2026,PIEMONTE,NOVARA,003100,MOMO,2429
28-09-2026,PIEMONTE,NOVARA,003103,NEBBIUNO,1898
28-09-2026,PIEMONTE,NOVARA,003104,NIBBIOLA,827
28-09-2026,PIEMONTE,NOVARA,003106,NOVARA,104856
28-09-2026,PIEMONTE,NOVARA,003108,OLEGGIO,14347
28-09-2026,PIEMONTE,NOVARA,003109,OLEGGIO CASTELLO,2225
28-09-2026,PIEMONTE,NOVARA,003112,ORTA SAN GIULIO,1086
28-09-2026,PIEMONTE,NOVARA,003114,PARUZZARO,2107
28-09-2026,PIEMONTE,NOVARA,003115,PELLA,853
28-09-2026,PIEMONTE,NOVARA,003116,PETTENASCO,1289
28-09-2026,PIEMONTE,NOVARA,003119,PISANO,799
28-09-2026,PIEMONTE,NOVARA,003120,POGNO,1366
28-09-2026,PIEMONTE,NOVARA,003121,POMBIA,2098
28-09-2026,PIEMONTE,NOVARA,003122,PRATO SESIA,1822
28-09-2026,PIEMONTE,NOVARA,003129,RECETTO,1074
28-09-2026,PIEMONTE,NOVARA,003130,ROMAGNANO SESIA,3765
28-09-2026,PIEMONTE,NOVARA,003131,ROMENTINO,5664
28-09-2026,PIEMONTE,NOVARA,003133,SAN MAURIZIO D'OPAGLIO,2939
28-09-2026,PIEMONTE,NOVARA,003134,SAN NAZZARO SESIA,701
28-09-2026,PIEMONTE,NOVARA,003135,SAN PIETRO MOSEZZO,1969
28-09-2026,PIEMONTE,NOVARA,003138,SILLAVENGO,577
28-09-2026,PIEMONTE,NOVARA,003139,SIZZANO,1315
28-09-2026,PIEMONTE,NOVARA,003140,SORISO,722
28-09-2026,PIEMONTE,NOVARA,003141,SOZZAGO,1100
28-09-2026,PIEMONTE,NOVARA,003143,SUNO,2700
28-09-2026,PIEMONTE,NOVARA,003144,TERDOBBIATE,460
28-09-2026,PIEMONTE,NOVARA,003146,TORNACO,872
28-09-2026,PIEMONTE,NOVARA,003149,TRECATE,21669
28-09-2026,PIEMONTE,NOVARA,003153,VAPRIO D'AGOGNA,966
28-09-2026,PIEMONTE,NOVARA,003154,VARALLO POMBIA,5053
28-09-2026,PIEMONTE,NOVARA,003158,VESPOLATE,2100
28-09-2026,PIEMONTE,NOVARA,003159,VICOLUNGO,840
28-09-2026,PIEMONTE,NOVARA,003164,VINZAGLIO,568
28-09-2026,PIEMONTE,TORINO,001001,AGLIÈ,2607
28-09-2026,PIEMONTE,TORINO,001002,AIRASCA,3677
28-09-2026,PIEMONTE,TORINO,001003,ALA DI STURA,488
28-09-2026,PIEMONTE,TORINO,001004,ALBIANO D'IVREA,1632
28-09-2026,PIEMONTE,TORINO,001006,ALMESE,6273
28-09-2026,PIEMONTE,TORINO,001007,ALPETTE,231
28-09-2026,PIEMONTE,TORINO,001008,ALPIGNANO,16521
28-09-2026,PIEMONTE,TORINO,001009,ANDEZENO,1963
28-09-2026,PIEMONTE,TORINO,001010,ANDRATE,476
28-09-2026,PIEMONTE,TORINO,001011,ANGROGNA,799
28-09-2026,PIEMONTE,TORINO,001012,ARIGNANO,1075
28-09-2026,PIEMONTE,TORINO,001013,AVIGLIANA,12118
28-09-2026,PIEMONTE,TORINO,001014,AZEGLIO,1229
28-09-2026,PIEMONTE,TORINO,001015,BAIRO,795
28-09-2026,PIEMONTE,TORINO,001016,BALANGERO,3130
28-09-2026,PIEMONTE,TORINO,001017,BALDISSERO CANAVESE,505
28-09-2026,PIEMONTE,TORINO,001018,BALDISSERO TORINESE,3745
28-09-2026,PIEMONTE,TORINO,001019,BALME,95
28-09-2026,PIEMONTE,TORINO,001020,BANCHETTE,3135
28-09-2026,PIEMONTE,TORINO,001021,BARBANIA,1580
28-09-2026,PIEMONTE,TORINO,001022,BARDONECCHIA,2867
28-09-2026,PIEMONTE,TORINO,001023,BARONE CANAVESE,529
28-09-2026,PIEMONTE,TORINO,001024,BEINASCO,17355
28-09-2026,PIEMONTE,TORINO,001025,BIBIANA,3380
28-09-2026,PIEMONTE,TORINO,001026,BOBBIO PELLICE,520
28-09-2026,PIEMONTE,TORINO,001027,BOLLENGO,2094
28-09-2026,PIEMONTE,TORINO,001028,BORGARO TORINESE,11554
28-09-2026,PIEMONTE,TORINO,001029,BORGIALLO,587
28-09-2026,PIEMONTE,TORINO,001030,BORGOFRANCO D'IVREA,3440
28-09-2026,PIEMONTE,TORINO,001031,BORGOMASINO,780
28-09-2026,PIEMONTE,TORINO,001032,BORGONE SUSA,2289
28-09-2026,PIEMONTE,TORINO,001033,BOSCONERO,3077
28-09-2026,PIEMONTE,TORINO,001034,BRANDIZZO,8797
28-09-2026,PIEMONTE,TORINO,001035,BRICHERASIO,4659
28-09-2026,PIEMONTE,TORINO,001036,BROSSO,399
28-09-2026,PIEMONTE,TORINO,001037,BROZOLO,426
28-09-2026,PIEMONTE,TORINO,001038,BRUINO,8325
28-09-2026,PIEMONTE,TORINO,001039,BRUSASCO,1493
28-09-2026,PIEMONTE,TORINO,001040,BRUZOLO,1514
28-09-2026,PIEMONTE,TORINO,001041,BURIASCO,1297
28-09-2026,PIEMONTE,TORINO,001042,BUROLO,1100
28-09-2026,PIEMONTE,TORINO,001043,BUSANO,1596
28-09-2026,PIEMONTE,TORINO,001044,BUSSOLENO,5796
28-09-2026,PIEMONTE,TORINO,001045,BUTTIGLIERA ALTA,6252
28-09-2026,PIEMONTE,TORINO,001046,CAFASSE,3382
28-09-2026,PIEMONTE,TORINO,001047,CALUSO,7428
28-09-2026,PIEMONTE,TORINO,001048,CAMBIANO,5908
28-09-2026,PIEMONTE,TORINO,001049,CAMPIGLIONE FENILE,1294
28-09-2026,PIEMONTE,TORINO,001050,CANDIA CANAVESE,1140
28-09-2026,PIEMONTE,TORINO,001051,CANDIOLO,5588
28-09-2026,PIEMONTE,TORINO,001052,CANISCHIO,269
28-09-2026,PIEMONTE,TORINO,001053,CANTALUPA,2580
28-09-2026,PIEMONTE,TORINO,001054,CANTOIRA,646
28-09-2026,PIEMONTE,TORINO,001055,CAPRIE,2011
28-09-2026,PIEMONTE,TORINO,001056,CARAVINO,902
28-09-2026,PIEMONTE,TORINO,001057,CAREMA,707
28-09-2026,PIEMONTE,TORINO,001058,CARIGNANO,9260
28-09-2026,PIEMONTE,TORINO,001059,CARMAGNOLA,28044
28-09-2026,PIEMONTE,TORINO,001060,CASALBORGONE,1870
28-09-2026,PIEMONTE,TORINO,001061,CASCINETTE D'IVREA,1517
28-09-2026,PIEMONTE,TORINO,001062,CASELETTE,3052
28-09-2026,PIEMONTE,TORINO,001063,CASELLE TORINESE,13829
28-09-2026,PIEMONTE,TORINO,001064,CASTAGNETO PO,1737
28-09-2026,PIEMONTE,TORINO,001065,CASTAGNOLE PIEMONTE,2174
28-09-2026,PIEMONTE,TORINO,001066,CASTELLAMONTE,9926
28-09-2026,PIEMONTE,TORINO,001067,CASTELNUOVO NIGRA,410
28-09-2026,PIEMONTE,TORINO,001068,CASTIGLIONE TORINESE,6518
28-09-2026,PIEMONTE,TORINO,001069,CAVAGNOLO,2385
28-09-2026,PIEMONTE,TORINO,001070,CAVOUR,5407
28-09-2026,PIEMONTE,TORINO,001071,CERCENASCO,1795
28-09-2026,PIEMONTE,TORINO,001072,CERES,954
28-09-2026,PIEMONTE,TORINO,001073,CERESOLE REALE,142
28-09-2026,PIEMONTE,TORINO,001074,CESANA TORINESE,888
28-09-2026,PIEMONTE,TORINO,001075,CHIALAMBERTO,340
28-09-2026,PIEMONTE,TORINO,001076,CHIANOCCO,1474
28-09-2026,PIEMONTE,TORINO,001077,CHIAVERANO,1940
28-09-2026,PIEMONTE,TORINO,001078,CHIERI,36078
28-09-2026,PIEMONTE,TORINO,001079,CHIESANUOVA,228
28-09-2026,PIEMONTE,TORINO,001080,CHIOMONTE,857
28-09-2026,PIEMONTE,TORINO,001081,CHIUSA DI SAN MICHELE,1516
28-09-2026,PIEMONTE,TORINO,001082,CHIVASSO,26175
28-09-2026,PIEMONTE,TORINO,001083,CICONIO,353
28-09-2026,PIEMONTE,TORINO,001084,CINTANO,221
28-09-2026,PIEMONTE,TORINO,001085,CINZANO,344
28-09-2026,PIEMONTE,TORINO,001086,CIRIÈ,18181
28-09-2026,PIEMONTE,TORINO,001087,CLAVIERE,191
28-09-2026,PIEMONTE,TORINO,001088,COASSOLO TORINESE,1469
28-09-2026,PIEMONTE,TORINO,001089,COAZZE,3421
28-09-2026,PIEMONTE,TORINO,001090,COLLEGNO,47603
28-09-2026,PIEMONTE,TORINO,001091,COLLERETTO CASTELNUOVO,345
28-09-2026,PIEMONTE,TORINO,001092,COLLERETTO GIACOSA,561
28-09-2026,PIEMONTE,TORINO,001093,CONDOVE,4427
28-09-2026,PIEMONTE,TORINO,001094,CORIO,3151
28-09-2026,PIEMONTE,TORINO,001095,COSSANO CANAVESE,409
28-09-2026,PIEMONTE,TORINO,001096,CUCEGLIO,945
28-09-2026,PIEMONTE,TORINO,001097,CUMIANA,7862
28-09-2026,PIEMONTE,TORINO,001098,CUORGNÈ,9462
28-09-2026,PIEMONTE,TORINO,001099,DRUENTO,8941
28-09-2026,PIEMONTE,TORINO,001100,EXILLES,243
28-09-2026,PIEMONTE,TORINO,001101,FAVRIA,4937
28-09-2026,PIEMONTE,TORINO,001102,FELETTO,2194
28-09-2026,PIEMONTE,TORINO,001103,FENESTRELLE,466
28-09-2026,PIEMONTE,TORINO,001104,FIANO,2635
28-09-2026,PIEMONTE,TORINO,001105,FIORANO CANAVESE,718
28-09-2026,PIEMONTE,TORINO,001106,FOGLIZZO,2288
28-09-2026,PIEMONTE,TORINO,001107,FORNO CANAVESE,3087
28-09-2026,PIEMONTE,TORINO,001108,FRASSINETTO,281
28-09-2026,PIEMONTE,TORINO,001109,FRONT,1600
28-09-2026,PIEMONTE,TORINO,001110,FROSSASCO,2850
28-09-2026,PIEMONTE,TORINO,001111,GARZIGLIANA,557
28-09-2026,PIEMONTE,TORINO,001112,GASSINO TORINESE,9231
28-09-2026,PIEMONTE,TORINO,001113,GERMAGNANO,1119
28-09-2026,PIEMONTE,TORINO,001114,GIAGLIONE,589
28-09-2026,PIEMONTE,TORINO,001115,GIAVENO,16596
28-09-2026,PIEMONTE,TORINO,001116,GIVOLETTO,4076
28-09-2026,PIEMONTE,TORINO,001117,GRAVERE,687
28-09-2026,PIEMONTE,TORINO,001118,GROSCAVALLO,186
28-09-2026,PIEMONTE,TORINO,001119,GROSSO,1006
28-09-2026,PIEMONTE,TORINO,001120,GRUGLIASCO,36164
28-09-2026,PIEMONTE,TORINO,001121,INGRIA,42
28-09-2026,PIEMONTE,TORINO,001122,INVERSO PINASCA,670
28-09-2026,PIEMONTE,TORINO,001123,ISOLABELLA,346
28-09-2026,PIEMONTE,TORINO,001124,ISSIGLIO,428
28-09-2026,PIEMONTE,TORINO,001125,IVREA,22721
28-09-2026,PIEMONTE,TORINO,001126,LA CASSA,1756
28-09-2026,PIEMONTE,TORINO,001127,LA LOGGIA,8688
28-09-2026,PIEMONTE,TORINO,001128,LANZO TORINESE,5141
28-09-2026,PIEMONTE,TORINO,001129,LAURIANO,1368
28-09-2026,PIEMONTE,TORINO,001130,LEINI,16554
28-09-2026,PIEMONTE,TORINO,001131,LEMIE,153
28-09-2026,PIEMONTE,TORINO,001132,LESSOLO,1745
28-09-2026,PIEMONTE,TORINO,001133,LEVONE,481
28-09-2026,PIEMONTE,TORINO,001134,LOCANA,1274
28-09-2026,PIEMONTE,TORINO,001135,LOMBARDORE,1754
28-09-2026,PIEMONTE,TORINO,001136,LOMBRIASCO,1091
28-09-2026,PIEMONTE,TORINO,001137,LORANZÈ,1185
28-09-2026,PIEMONTE,TORINO,001139,LUSERNA SAN GIOVANNI,7173
28-09-2026,PIEMONTE,TORINO,001140,LUSERNETTA,506
28-09-2026,PIEMONTE,TORINO,001141,LUSIGLIÈ,551
28-09-2026,PIEMONTE,TORINO,001142,MACELLO,1181
28-09-2026,PIEMONTE,TORINO,001143,MAGLIONE,416
28-09-2026,PIEMONTE,TORINO,001316,MAPPANO,7254
28-09-2026,PIEMONTE,TORINO,001144,MARENTINO,1267
28-09-2026,PIEMONTE,TORINO,001145,MASSELLO,58
28-09-2026,PIEMONTE,TORINO,001146,MATHI,3724
28-09-2026,PIEMONTE,TORINO,001147,MATTIE,683
28-09-2026,PIEMONTE,TORINO,001148,MAZZÈ,4313
28-09-2026,PIEMONTE,TORINO,001149,MEANA DI SUSA,789
28-09-2026,PIEMONTE,TORINO,001150,MERCENASCO,1348
28-09-2026,PIEMONTE,TORINO,001152,MEZZENILE,730
28-09-2026,PIEMONTE,TORINO,001153,MOMBELLO DI TORINO,383
28-09-2026,PIEMONTE,TORINO,001154,MOMPANTERO,613
28-09-2026,PIEMONTE,TORINO,001155,MONASTERO DI LANZO,366
28-09-2026,PIEMONTE,TORINO,001156,MONCALIERI,56220
28-09-2026,PIEMONTE,TORINO,001157,MONCENISIO,45
28-09-2026,PIEMONTE,TORINO,001158,MONTALDO TORINESE,708
28-09-2026,PIEMONTE,TORINO,001159,MONTALENGHE,980
28-09-2026,PIEMONTE,TORINO,001160,MONTALTO DORA,3304
28-09-2026,PIEMONTE,TORINO,001161,MONTANARO,5084
28-09-2026,PIEMONTE,TORINO,001162,MONTEU DA PO,823
28-09-2026,PIEMONTE,TORINO,001163,MORIONDO TORINESE,826
28-09-2026,PIEMONTE,TORINO,001164,NICHELINO,45828
28-09-2026,PIEMONTE,TORINO,001165,NOASCA,99
28-09-2026,PIEMONTE,TORINO,001166,NOLE,6646
28-09-2026,PIEMONTE,TORINO,001167,NOMAGLIO,272
28-09-2026,PIEMONTE,TORINO,001168,NONE,7612
28-09-2026,PIEMONTE,TORINO,001169,NOVALESA,513
28-09-2026,PIEMONTE,TORINO,001170,OGLIANICO,1413
28-09-2026,PIEMONTE,TORINO,001171,ORBASSANO,22772
28-09-2026,PIEMONTE,TORINO,001172,ORIO CANAVESE,729
28-09-2026,PIEMONTE,TORINO,001173,OSASCO,1163
28-09-2026,PIEMONTE,TORINO,001174,OSASIO,891
28-09-2026,PIEMONTE,TORINO,001175,OULX,3320
28-09-2026,PIEMONTE,TORINO,001176,OZEGNA,1167
28-09-2026,PIEMONTE,TORINO,001177,PALAZZO CANAVESE,841
28-09-2026,PIEMONTE,TORINO,001178,PANCALIERI,1974
28-09-2026,PIEMONTE,TORINO,001179,PARELLA,388
28-09-2026,PIEMONTE,TORINO,001180,PAVAROLO,1184
28-09-2026,PIEMONTE,TORINO,001181,PAVONE CANAVESE,3642
28-09-2026,PIEMONTE,TORINO,001183,PECETTO TORINESE,4005
28-09-2026,PIEMONTE,TORINO,001184,PEROSA ARGENTINA,3155
28-09-2026,PIEMONTE,TORINO,001185,PEROSA CANAVESE,498
28-09-2026,PIEMONTE,TORINO,001186,PERRERO,531
28-09-2026,PIEMONTE,TORINO,001187,PERTUSIO,739
28-09-2026,PIEMONTE,TORINO,001188,PESSINETTO,599
28-09-2026,PIEMONTE,TORINO,001189,PIANEZZA,15723
28-09-2026,PIEMONTE,TORINO,001190,PINASCA,2754
28-09-2026,PIEMONTE,TORINO,001191,PINEROLO,35866
28-09-2026,PIEMONTE,TORINO,001192,PINO TORINESE,8388
28-09-2026,PIEMONTE,TORINO,001193,PIOBESI TORINESE,3792
28-09-2026,PIEMONTE,TORINO,001194,PIOSSASCO,17764
28-09-2026,PIEMONTE,TORINO,001195,PISCINA,3273
28-09-2026,PIEMONTE,TORINO,001196,PIVERONE,1237
28-09-2026,PIEMONTE,TORINO,001197,POIRINO,10159
28-09-2026,PIEMONTE,TORINO,001198,POMARETTO,934
28-09-2026,PIEMONTE,TORINO,001199,PONT CANAVESE,3066
28-09-2026,PIEMONTE,TORINO,001200,PORTE,1106
28-09-2026,PIEMONTE,TORINO,001201,PRAGELATO,628
28-09-2026,PIEMONTE,TORINO,001202,PRALI,254
28-09-2026,PIEMONTE,TORINO,001203,PRALORMO,1841
28-09-2026,PIEMONTE,TORINO,001204,PRAMOLLO,219
28-09-2026,PIEMONTE,TORINO,001205,PRAROSTINO,1234
28-09-2026,PIEMONTE,TORINO,001206,PRASCORSANO,672
28-09-2026,PIEMONTE,TORINO,001207,PRATIGLIONE,445
28-09-2026,PIEMONTE,TORINO,001208,QUAGLIUZZO,339
28-09-2026,PIEMONTE,TORINO,001209,QUASSOLO,316
28-09-2026,PIEMONTE,TORINO,001210,QUINCINETTO,970
28-09-2026,PIEMONTE,TORINO,001211,REANO,1784
28-09-2026,PIEMONTE,TORINO,001212,RIBORDONE,42
28-09-2026,PIEMONTE,TORINO,001215,RIVA PRESSO CHIERI,4685
28-09-2026,PIEMONTE,TORINO,001213,RIVALBA,1120
28-09-2026,PIEMONTE,TORINO,001214,RIVALTA DI TORINO,20106
28-09-2026,PIEMONTE,TORINO,001216,RIVARA,2430
28-09-2026,PIEMONTE,TORINO,001217,RIVAROLO CANAVESE,12359
28-09-2026,PIEMONTE,TORINO,001218,RIVAROSSA,1554
28-09-2026,PIEMONTE,TORINO,001219,RIVOLI,46602
28-09-2026,PIEMONTE,TORINO,001220,ROBASSOMERO,3060
28-09-2026,PIEMONTE,TORINO,001221,ROCCA CANAVESE,1727
28-09-2026,PIEMONTE,TORINO,001222,ROLETTO,1966
28-09-2026,PIEMONTE,TORINO,001223,ROMANO CANAVESE,2694
28-09-2026,PIEMONTE,TORINO,001224,RONCO CANAVESE,389
28-09-2026,PIEMONTE,TORINO,001225,RONDISSONE,1904
28-09-2026,PIEMONTE,TORINO,001226,RORÀ,220
28-09-2026,PIEMONTE,TORINO,001228,ROSTA,5063
28-09-2026,PIEMONTE,TORINO,001227,ROURE,748
28-09-2026,PIEMONTE,TORINO,001229,RUBIANA,2574
28-09-2026,PIEMONTE,TORINO,001230,RUEGLIO,778
28-09-2026,PIEMONTE,TORINO,001231,SALASSA,1859
28-09-2026,PIEMONTE,TORINO,001232,SALBERTRAND,628
28-09-2026,PIEMONTE,TORINO,001233,SALERANO CANAVESE,474
28-09-2026,PIEMONTE,TORINO,001234,SALZA DI PINEROLO,65
28-09-2026,PIEMONTE,TORINO,001235,SAMONE,1536
28-09-2026,PIEMONTE,TORINO,001236,SAN BENIGNO CANAVESE,6107
28-09-2026,PIEMONTE,TORINO,001237,SAN CARLO CANAVESE,4013
28-09-2026,PIEMONTE,TORINO,001238,SAN COLOMBANO BELMONTE,357
28-09-2026,PIEMONTE,TORINO,001239,SAN DIDERO,501
28-09-2026,PIEMONTE,TORINO,001240,SAN FRANCESCO AL CAMPO,4809
28-09-2026,PIEMONTE,TORINO,001242,SAN GERMANO CHISONE,1713
28-09-2026,PIEMONTE,TORINO,001243,SAN GILLIO,3335
28-09-2026,PIEMONTE,TORINO,001244,SAN GIORGIO CANAVESE,2533
28-09-2026,PIEMONTE,TORINO,001245,SAN GIORIO DI SUSA,937
28-09-2026,PIEMONTE,TORINO,001246,SAN GIUSTO CANAVESE,3309
28-09-2026,PIEMONTE,TORINO,001247,SAN MARTINO CANAVESE,814
28-09-2026,PIEMONTE,TORINO,001248,SAN MAURIZIO CANAVESE,10285
28-09-2026,PIEMONTE,TORINO,001249,SAN MAURO TORINESE,18318
28-09-2026,PIEMONTE,TORINO,001250,SAN PIETRO VAL LEMINA,1433
28-09-2026,PIEMONTE,TORINO,001251,SAN PONSO,238
28-09-2026,PIEMONTE,TORINO,001252,SAN RAFFAELE CIMENA,3152
28-09-2026,PIEMONTE,TORINO,001253,SAN SEBASTIANO DA PO,1861
28-09-2026,PIEMONTE,TORINO,001254,SAN SECONDO DI PINEROLO,3644
28-09-2026,PIEMONTE,TORINO,001241,SANGANO,3623
28-09-2026,PIEMONTE,TORINO,001255,SANT'AMBROGIO DI TORINO,4494
28-09-2026,PIEMONTE,TORINO,001256,SANT'ANTONINO DI SUSA,4095
28-09-2026,PIEMONTE,TORINO,001257,SANTENA,10535
28-09-2026,PIEMONTE,TORINO,001259,SAUZE D'OULX,992
28-09-2026,PIEMONTE,TORINO,001258,SAUZE DI CESANA,225
28-09-2026,PIEMONTE,TORINO,001260,SCALENGHE,3241
28-09-2026,PIEMONTE,TORINO,001261,SCARMAGNO,788
28-09-2026,PIEMONTE,TORINO,001262,SCIOLZE,1421
28-09-2026,PIEMONTE,TORINO,001263,SESTRIERE,864
28-09-2026,PIEMONTE,TORINO,001264,SETTIMO ROTTARO,475
28-09-2026,PIEMONTE,TORINO,001265,SETTIMO TORINESE,45742
28-09-2026,PIEMONTE,TORINO,001266,SETTIMO VITTONE,1514
28-09-2026,PIEMONTE,TORINO,001267,SPARONE,903
28-09-2026,PIEMONTE,TORINO,001268,STRAMBINELLO,234
28-09-2026,PIEMONTE,TORINO,001269,STRAMBINO,6074
28-09-2026,PIEMONTE,TORINO,001270,SUSA,5840
28-09-2026,PIEMONTE,TORINO,001271,TAVAGNASCO,745
28-09-2026,PIEMONTE,TORINO,001272,TORINO,861503
28-09-2026,PIEMONTE,TORINO,001273,TORRAZZA PIEMONTE,3029
28-09-2026,PIEMONTE,TORINO,001274,TORRE CANAVESE,578
28-09-2026,PIEMONTE,TORINO,001275,TORRE PELLICE,4597
28-09-2026,PIEMONTE,TORINO,001276,TRANA,3781
28-09-2026,PIEMONTE,TORINO,001278,TRAVERSELLA,310
28-09-2026,PIEMONTE,TORINO,001279,TRAVES,510
28-09-2026,PIEMONTE,TORINO,001280,TROFARELLO,10546
28-09-2026,PIEMONTE,TORINO,001281,USSEAUX,175
28-09-2026,PIEMONTE,TORINO,001282,USSEGLIO,175
28-09-2026,PIEMONTE,TORINO,001283,VAIE,1320
28-09-2026,PIEMONTE,TORINO,001284,VAL DELLA TORRE,3966
28-09-2026,PIEMONTE,TORINO,001317,VAL DI CHY,1209
28-09-2026,PIEMONTE,TORINO,001318,VALCHIUSA,1019
28-09-2026,PIEMONTE,TORINO,001285,VALGIOIE,985
28-09-2026,PIEMONTE,TORINO,001286,VALLO TORINESE,774
28-09-2026,PIEMONTE,TORINO,001287,VALPERGA,2973
28-09-2026,PIEMONTE,TORINO,001288,VALPRATO SOANA,89
28-09-2026,PIEMONTE,TORINO,001289,VARISELLA,829
28-09-2026,PIEMONTE,TORINO,001290,VAUDA CANAVESE,1424
28-09-2026,PIEMONTE,TORINO,001292,VENARIA REALE,31907
28-09-2026,PIEMONTE,TORINO,001291,VENAUS,838
28-09-2026,PIEMONTE,TORINO,001293,VEROLENGO,4786
28-09-2026,PIEMONTE,TORINO,001294,VERRUA SAVOIA,1339
28-09-2026,PIEMONTE,TORINO,001295,VESTIGNÈ,736
28-09-2026,PIEMONTE,TORINO,001296,VIALFRÈ,256
28-09-2026,PIEMONTE,TORINO,001298,VIDRACCO,455
28-09-2026,PIEMONTE,TORINO,001299,VIGONE,5106
28-09-2026,PIEMONTE,TORINO,001300,VILLAFRANCA PIEMONTE,4594
28-09-2026,PIEMONTE,TORINO,001301,VILLANOVA CANAVESE,1203
28-09-2026,PIEMONTE,TORINO,001303,VILLAR DORA,2785
28-09-2026,PIEMONTE,TORINO,001305,VILLAR FOCCHIARDO,1953
28-09-2026,PIEMONTE,TORINO,001306,VILLAR PELLICE,1026
28-09-2026,PIEMONTE,TORINO,001307,VILLAR PEROSA,3889
28-09-2026,PIEMONTE,TORINO,001302,VILLARBASSE,3560
28-09-2026,PIEMONTE,TORINO,001304,VILLAREGGIA,982
28-09-2026,PIEMONTE,TORINO,001308,VILLASTELLONE,4336
28-09-2026,PIEMONTE,TORINO,001309,VINOVO,15271
28-09-2026,PIEMONTE,TORINO,001310,VIRLE PIEMONTE,1166
28-09-2026,PIEMONTE,TORINO,001311,VISCHE,1223
28-09-2026,PIEMONTE,TORINO,001312,VISTRORIO,516
28-09-2026,PIEMONTE,TORINO,001313,VIÙ,1104
28-09-2026,PIEMONTE,TORINO,001314,VOLPIANO,15106
28-09-2026,PIEMONTE,TORINO,001315,VOLVERA,8447
28-09-2026,PIEMONTE,VERBANO-CUSIO-OSSOLA,103001,ANTRONA SCHIERANCO,385
28-09-2026,PIEMONTE,VERBANO-CUSIO-OSSOLA,103002,ANZOLA D'OSSOLA,366
28-09-2026,PIEMONTE,VERBANO-CUSIO-OSSOLA,103003,ARIZZANO,1942
28-09-2026,PIEMONTE,VERBANO-CUSIO-OSSOLA,103004,AROLA,241
28-09-2026,PIEMONTE,VERBANO-CUSIO-OSSOLA,103005,AURANO,109
28-09-2026,PIEMONTE,VERBANO-CUSIO-OSSOLA,103006,BACENO,854
28-09-2026,PIEMONTE,VERBANO-CUSIO-OSSOLA,103007,BANNIO ANZINO,443
28-09-2026,PIEMONTE,VERBANO-CUSIO-OSSOLA,103008,BAVENO,4516
28-09-2026,PIEMONTE,VERBANO-CUSIO-OSSOLA,103009,BEE,775
28-09-2026,PIEMONTE,VERBANO-CUSIO-OSSOLA,103010,BELGIRATE,457
28-09-2026,PIEMONTE,VERBANO-CUSIO-OSSOLA,103011,BEURA-CARDEZZA,1426
28-09-2026,PIEMONTE,VERBANO-CUSIO-OSSOLA,103012,BOGNANCO,200
28-09-2026,PIEMONTE,VERBANO-CUSIO-OSSOLA,103078,BORGOMEZZAVALLE,272
28-09-2026,PIEMONTE,VERBANO-CUSIO-OSSOLA,103013,BROVELLO-CARPUGNINO,818
28-09-2026,PIEMONTE,VERBANO-CUSIO-OSSOLA,103014,CALASCA-CASTIGLIONE,573
28-09-2026,PIEMONTE,VERBANO-CUSIO-OSSOLA,103015,CAMBIASCA,1645
28-09-2026,PIEMONTE,VERBANO-CUSIO-OSSOLA,103016,CANNERO RIVIERA,883
28-09-2026,PIEMONTE,VERBANO-CUSIO-OSSOLA,103017,CANNOBIO,5085
28-09-2026,PIEMONTE,VERBANO-CUSIO-OSSOLA,103018,CAPREZZO,175
28-09-2026,PIEMONTE,VERBANO-CUSIO-OSSOLA,103019,CASALE CORTE CERRO,3277
28-09-2026,PIEMONTE,VERBANO-CUSIO-OSSOLA,103021,CEPPO MORELLI,281
28-09-2026,PIEMONTE,VERBANO-CUSIO-OSSOLA,103022,CESARA,615
28-09-2026,PIEMONTE,VERBANO-CUSIO-OSSOLA,103023,COSSOGNO,665
28-09-2026,PIEMONTE,VERBANO-CUSIO-OSSOLA,103024,CRAVEGGIA,776
28-09-2026,PIEMONTE,VERBANO-CUSIO-OSSOLA,103025,CREVOLADOSSOLA,4399
28-09-2026,PIEMONTE,VERBANO-CUSIO-OSSOLA,103026,CRODO,1431
28-09-2026,PIEMONTE,VERBANO-CUSIO-OSSOLA,103028,DOMODOSSOLA,17542
28-09-2026,PIEMONTE,VERBANO-CUSIO-OSSOLA,103029,DRUOGNO,1030
28-09-2026,PIEMONTE,VERBANO-CUSIO-OSSOLA,103031,FORMAZZA,396
28-09-2026,PIEMONTE,VERBANO-CUSIO-OSSOLA,103032,GERMAGNO,182
28-09-2026,PIEMONTE,VERBANO-CUSIO-OSSOLA,103033,GHIFFA,2185
28-09-2026,PIEMONTE,VERBANO-CUSIO-OSSOLA,103034,GIGNESE,1125
28-09-2026,PIEMONTE,VERBANO-CUSIO-OSSOLA,103035,GRAVELLONA TOCE,7672
28-09-2026,PIEMONTE,VERBANO-CUSIO-OSSOLA,103036,GURRO,155
28-09-2026,PIEMONTE,VERBANO-CUSIO-OSSOLA,103037,INTRAGNA,86
28-09-2026,PIEMONTE,VERBANO-CUSIO-OSSOLA,103038,LOREGLIA,196
28-09-2026,PIEMONTE,VERBANO-CUSIO-OSSOLA,103039,MACUGNAGA,487
28-09-2026,PIEMONTE,VERBANO-CUSIO-OSSOLA,103040,MADONNA DEL SASSO,358
28-09-2026,PIEMONTE,VERBANO-CUSIO-OSSOLA,103041,MALESCO,1364
28-09-2026,PIEMONTE,VERBANO-CUSIO-OSSOLA,103042,MASERA,1504
28-09-2026,PIEMONTE,VERBANO-CUSIO-OSSOLA,103043,MASSIOLA,103
28-09-2026,PIEMONTE,VERBANO-CUSIO-OSSOLA,103044,MERGOZZO,2100
28-09-2026,PIEMONTE,VERBANO-CUSIO-OSSOLA,103045,MIAZZINA,399
28-09-2026,PIEMONTE,VERBANO-CUSIO-OSSOLA,103046,MONTECRESTESE,1241
28-09-2026,PIEMONTE,VERBANO-CUSIO-OSSOLA,103047,MONTESCHENO,371
28-09-2026,PIEMONTE,VERBANO-CUSIO-OSSOLA,103048,NONIO,817
28-09-2026,PIEMONTE,VERBANO-CUSIO-OSSOLA,103049,OGGEBBIO,780
28-09-2026,PIEMONTE,VERBANO-CUSIO-OSSOLA,103050,OMEGNA,14174
28-09-2026,PIEMONTE,VERBANO-CUSIO-OSSOLA,103051,ORNAVASSO,3297
28-09-2026,PIEMONTE,VERBANO-CUSIO-OSSOLA,103052,PALLANZENO,1064
28-09-2026,PIEMONTE,VERBANO-CUSIO-OSSOLA,103053,PIEDIMULERA,1454
28-09-2026,PIEMONTE,VERBANO-CUSIO-OSSOLA,103054,PIEVE VERGONTE,2387
28-09-2026,PIEMONTE,VERBANO-CUSIO-OSSOLA,103055,PREMENO,739
28-09-2026,PIEMONTE,VERBANO-CUSIO-OSSOLA,103056,PREMIA,556
28-09-2026,PIEMONTE,VERBANO-CUSIO-OSSOLA,103057,PREMOSELLO-CHIOVENDA,1884
28-09-2026,PIEMONTE,VERBANO-CUSIO-OSSOLA,103058,QUARNA SOPRA,244
28-09-2026,PIEMONTE,VERBANO-CUSIO-OSSOLA,103059,QUARNA SOTTO,368
28-09-2026,PIEMONTE,VERBANO-CUSIO-OSSOLA,103060,RE,678
28-09-2026,PIEMONTE,VERBANO-CUSIO-OSSOLA,103061,SAN BERNARDINO VERBANO,1219
28-09-2026,PIEMONTE,VERBANO-CUSIO-OSSOLA,103062,SANTA MARIA MAGGIORE,1322
28-09-2026,PIEMONTE,VERBANO-CUSIO-OSSOLA,103064,STRESA,4659
28-09-2026,PIEMONTE,VERBANO-CUSIO-OSSOLA,103065,TOCENO,754
28-09-2026,PIEMONTE,VERBANO-CUSIO-OSSOLA,103066,TRAREGO VIGGIONA,390
28-09-2026,PIEMONTE,VERBANO-CUSIO-OSSOLA,103067,TRASQUERA,166
28-09-2026,PIEMONTE,VERBANO-CUSIO-OSSOLA,103068,TRONTANO,1656
28-09-2026,PIEMONTE,VERBANO-CUSIO-OSSOLA,103079,VALLE CANNOBINA,413
28-09-2026,PIEMONTE,VERBANO-CUSIO-OSSOLA,103069,VALSTRONA,1112
28-09-2026,PIEMONTE,VERBANO-CUSIO-OSSOLA,103070,VANZONE CON SAN CARLO,395
28-09-2026,PIEMONTE,VERBANO-CUSIO-OSSOLA,103071,VARZO,1872
28-09-2026,PIEMONTE,VERBANO-CUSIO-OSSOLA,103072,VERBANIA,29943
28-09-2026,PIEMONTE,VERBANO-CUSIO-OSSOLA,103074,VIGNONE,1199
28-09-2026,PIEMONTE,VERBANO-CUSIO-OSSOLA,103075,VILLADOSSOLA,6265
28-09-2026,PIEMONTE,VERBANO-CUSIO-OSSOLA,103076,VILLETTE,277
28-09-2026,PIEMONTE,VERBANO-CUSIO-OSSOLA,103077,VOGOGNA,1675
28-09-2026,PIEMONTE,VERCELLI,002002,ALAGNA VALSESIA,733
28-09-2026,PIEMONTE,VERCELLI,002003,ALBANO VERCELLESE,340
28-09-2026,PIEMONTE,VERCELLI,002004,ALICE CASTELLO,2492
28-09-2026,PIEMONTE,VERCELLI,002170,ALTO SERMENZA,135
28-09-2026,PIEMONTE,VERCELLI,002006,ARBORIO,851
28-09-2026,PIEMONTE,VERCELLI,002007,ASIGLIANO VERCELLESE,1396
28-09-2026,PIEMONTE,VERCELLI,002008,BALMUCCIA,112
28-09-2026,PIEMONTE,VERCELLI,002009,BALOCCO,204
28-09-2026,PIEMONTE,VERCELLI,002011,BIANZÈ,1862
28-09-2026,PIEMONTE,VERCELLI,002014,BOCCIOLETO,169
28-09-2026,PIEMONTE,VERCELLI,002015,BORGO D'ALE,2226
28-09-2026,PIEMONTE,VERCELLI,002017,BORGO VERCELLI,2202
28-09-2026,PIEMONTE,VERCELLI,002016,BORGOSESIA,11965
28-09-2026,PIEMONTE,VERCELLI,002021,BURONZO,853
28-09-2026,PIEMONTE,VERCELLI,002025,CAMPERTOGNO,220
28-09-2026,PIEMONTE,VERCELLI,002029,CARCOFORO,80
28-09-2026,PIEMONTE,VERCELLI,002030,CARESANA,1006
28-09-2026,PIEMONTE,VERCELLI,002031,CARESANABLOT,1120
28-09-2026,PIEMONTE,VERCELLI,002032,CARISIO,753
28-09-2026,PIEMONTE,VERCELLI,002033,CASANOVA ELVO,219
28-09-2026,PIEMONTE,VERCELLI,002171,CELLIO CON BREIA,948
28-09-2026,PIEMONTE,VERCELLI,002041,CERVATTO,46
28-09-2026,PIEMONTE,VERCELLI,002042,CIGLIANO,4280
28-09-2026,PIEMONTE,VERCELLI,002043,CIVIASCO,219
28-09-2026,PIEMONTE,VERCELLI,002045,COLLOBIANO,63
28-09-2026,PIEMONTE,VERCELLI,002047,COSTANZANA,823
28-09-2026,PIEMONTE,VERCELLI,002048,CRAVAGLIANA,232
28-09-2026,PIEMONTE,VERCELLI,002049,CRESCENTINO,7565
28-09-2026,PIEMONTE,VERCELLI,002052,CROVA,352
28-09-2026,PIEMONTE,VERCELLI,002054,DESANA,1093
28-09-2026,PIEMONTE,VERCELLI,002057,FOBELLO,186
28-09-2026,PIEMONTE,VERCELLI,002058,FONTANETTO PO,1047
28-09-2026,PIEMONTE,VERCELLI,002059,FORMIGLIANA,482
28-09-2026,PIEMONTE,VERCELLI,002061,GATTINARA,7525
28-09-2026,PIEMONTE,VERCELLI,002062,GHISLARENGO,824
28-09-2026,PIEMONTE,VERCELLI,002065,GREGGIO,320
28-09-2026,PIEMONTE,VERCELLI,002066,GUARDABOSONE,299
28-09-2026,PIEMONTE,VERCELLI,002067,LAMPORO,463
28-09-2026,PIEMONTE,VERCELLI,002068,LENTA,762
28-09-2026,PIEMONTE,VERCELLI,002070,LIGNANA,547
28-09-2026,PIEMONTE,VERCELLI,002071,LIVORNO FERRARIS,4223
28-09-2026,PIEMONTE,VERCELLI,002072,LOZZOLO,749
28-09-2026,PIEMONTE,VERCELLI,002078,MOLLIA,97
28-09-2026,PIEMONTE,VERCELLI,002079,MONCRIVELLO,1363
28-09-2026,PIEMONTE,VERCELLI,002082,MOTTA DE' CONTI,728
28-09-2026,PIEMONTE,VERCELLI,002088,OLCENENGO,798
28-09-2026,PIEMONTE,VERCELLI,002089,OLDENICO,244
28-09-2026,PIEMONTE,VERCELLI,002090,PALAZZOLO VERCELLESE,1108
28-09-2026,PIEMONTE,VERCELLI,002091,PERTENGO,337
28-09-2026,PIEMONTE,VERCELLI,002093,PEZZANA,1302
28-09-2026,PIEMONTE,VERCELLI,002096,PILA,143
28-09-2026,PIEMONTE,VERCELLI,002097,PIODE,196
28-09-2026,PIEMONTE,VERCELLI,002102,POSTUA,510
28-09-2026,PIEMONTE,VERCELLI,002104,PRAROLO,745
28-09-2026,PIEMONTE,VERCELLI,002107,QUARONA,3715
28-09-2026,PIEMONTE,VERCELLI,002108,QUINTO VERCELLESE,389
28-09-2026,PIEMONTE,VERCELLI,002110,RASSA,68
28-09-2026,PIEMONTE,VERCELLI,002113,RIMELLA,138
28-09-2026,PIEMONTE,VERCELLI,002115,RIVE,418
28-09-2026,PIEMONTE,VERCELLI,002116,ROASIO,2135
28-09-2026,PIEMONTE,VERCELLI,002118,RONSECCO,570
28-09-2026,PIEMONTE,VERCELLI,002121,ROSSA,161
28-09-2026,PIEMONTE,VERCELLI,002122,ROVASENDA,893
28-09-2026,PIEMONTE,VERCELLI,002126,SALASCO,183
28-09-2026,PIEMONTE,VERCELLI,002127,SALI VERCELLESE,86
28-09-2026,PIEMONTE,VERCELLI,002128,SALUGGIA,3782
28-09-2026,PIEMONTE,VERCELLI,002131,SAN GERMANO VERCELLESE,1646
28-09-2026,PIEMONTE,VERCELLI,002035,SAN GIACOMO VERCELLESE,265
28-09-2026,PIEMONTE,VERCELLI,002133,SANTHIÀ,8169
28-09-2026,PIEMONTE,VERCELLI,002134,SCOPA,379
28-09-2026,PIEMONTE,VERCELLI,002135,SCOPELLO,385
28-09-2026,PIEMONTE,VERCELLI,002137,SERRAVALLE SESIA,4669
28-09-2026,PIEMONTE,VERCELLI,002142,STROPPIANA,1223
28-09-2026,PIEMONTE,VERCELLI,002147,TRICERRO,672
28-09-2026,PIEMONTE,VERCELLI,002148,TRINO,6841
28-09-2026,PIEMONTE,VERCELLI,002150,TRONZANO VERCELLESE,3288
28-09-2026,PIEMONTE,VERCELLI,002152,VALDUGGIA,1797
28-09-2026,PIEMONTE,VERCELLI,002156,VARALLO,6824
28-09-2026,PIEMONTE,VERCELLI,002158,VERCELLI,46989
28-09-2026,PIEMONTE,VERCELLI,002163,VILLARBOIT,366
28-09-2026,PIEMONTE,VERCELLI,002164,VILLATA,1511
28-09-2026,PIEMONTE,VERCELLI,002166,VOCCA,159
28-09-2026,PUGLIA,BARI,072001,ACQUAVIVA DELLE FONTI,19736
28-09-2026,PUGLIA,BARI,072002,ADELFIA,16447
28-09-2026,PUGLIA,BARI,072003,ALBEROBELLO,9965
28-09-2026,PUGLIA,BARI,072004,ALTAMURA,70676
28-09-2026,PUGLIA,BARI,072006,BARI,318693
28-09-2026,PUGLIA,BARI,072008,BINETTO,2197
28-09-2026,PUGLIA,BARI,072010,BITETTO,11749
28-09-2026,PUGLIA,BARI,072011,BITONTO,53097
28-09-2026,PUGLIA,BARI,072012,BITRITTO,11518
28-09-2026,PUGLIA,BARI,072014,CAPURSO,15206
28-09-2026,PUGLIA,BARI,072015,CASAMASSIMA,19045
28-09-2026,PUGLIA,BARI,072016,CASSANO DELLE MURGE,15455
28-09-2026,PUGLIA,BARI,072017,CASTELLANA GROTTE,19728
28-09-2026,PUGLIA,BARI,072018,CELLAMARE,5823
28-09-2026,PUGLIA,BARI,072019,CONVERSANO,26110
28-09-2026,PUGLIA,BARI,072020,CORATO,46975
28-09-2026,PUGLIA,BARI,072021,GIOIA DEL COLLE,26357
28-09-2026,PUGLIA,BARI,072022,GIOVINAZZO,19199
28-09-2026,PUGLIA,BARI,072023,GRAVINA IN PUGLIA,42153
28-09-2026,PUGLIA,BARI,072024,GRUMO APPULA,12046
28-09-2026,PUGLIA,BARI,072025,LOCOROTONDO,13779
28-09-2026,PUGLIA,BARI,072027,MODUGNO,36215
28-09-2026,PUGLIA,BARI,072028,MOLA DI BARI,24181
28-09-2026,PUGLIA,BARI,072029,MOLFETTA,57503
28-09-2026,PUGLIA,BARI,072030,MONOPOLI,47815
28-09-2026,PUGLIA,BARI,072031,NOCI,18118
28-09-2026,PUGLIA,BARI,072032,NOICATTARO,25863
28-09-2026,PUGLIA,BARI,072033,PALO DEL COLLE,20269
28-09-2026,PUGLIA,BARI,072034,POGGIORSINI,1257
28-09-2026,PUGLIA,BARI,072035,POLIGNANO A MARE,17307
28-09-2026,PUGLIA,BARI,072036,PUTIGNANO,25676
28-09-2026,PUGLIA,BARI,072037,RUTIGLIANO,18411
28-09-2026,PUGLIA,BARI,072038,RUVO DI PUGLIA,24275
28-09-2026,PUGLIA,BARI,072039,SAMMICHELE DI BARI,5919
28-09-2026,PUGLIA,BARI,072040,SANNICANDRO DI BARI,9757
28-09-2026,PUGLIA,BARI,072041,SANTERAMO IN COLLE,25645
28-09-2026,PUGLIA,BARI,072043,TERLIZZI,26028
28-09-2026,PUGLIA,BARI,072044,TORITTO,7966
28-09-2026,PUGLIA,BARI,072046,TRIGGIANO,25642
28-09-2026,PUGLIA,BARI,072047,TURI,13076
28-09-2026,PUGLIA,BARI,072048,VALENZANO,17178
28-09-2026,PUGLIA,BARLETTA-ANDRIA-TRANI,110001,ANDRIA,96924
28-09-2026,PUGLIA,BARLETTA-ANDRIA-TRANI,110002,BARLETTA,92402
28-09-2026,PUGLIA,BARLETTA-ANDRIA-TRANI,110003,BISCEGLIE,53361
28-09-2026,PUGLIA,BARLETTA-ANDRIA-TRANI,110004,CANOSA DI PUGLIA,27404
28-09-2026,PUGLIA,BARLETTA-ANDRIA-TRANI,110005,MARGHERITA DI SAVOIA,11072
28-09-2026,PUGLIA,BARLETTA-ANDRIA-TRANI,110006,MINERVINO MURGE,7812
28-09-2026,PUGLIA,BARLETTA-ANDRIA-TRANI,110007,SAN FERDINANDO DI PUGLIA,14017
28-09-2026,PUGLIA,BARLETTA-ANDRIA-TRANI,110008,SPINAZZOLA,5806
28-09-2026,PUGLIA,BARLETTA-ANDRIA-TRANI,110009,TRANI,55214
28-09-2026,PUGLIA,BARLETTA-ANDRIA-TRANI,110010,TRINITAPOLI,13548
28-09-2026,PUGLIA,BRINDISI,074001,BRINDISI,81884
28-09-2026,PUGLIA,BRINDISI,074002,CAROVIGNO,17319
28-09-2026,PUGLIA,BRINDISI,074003,CEGLIE MESSAPICA,18454
28-09-2026,PUGLIA,BRINDISI,074004,CELLINO SAN MARCO,5888
28-09-2026,PUGLIA,BRINDISI,074005,CISTERNINO,10938
28-09-2026,PUGLIA,BRINDISI,074006,ERCHIE,8017
28-09-2026,PUGLIA,BRINDISI,074007,FASANO,39108
28-09-2026,PUGLIA,BRINDISI,074008,FRANCAVILLA FONTANA,34466
28-09-2026,PUGLIA,BRINDISI,074009,LATIANO,13266
28-09-2026,PUGLIA,BRINDISI,074010,MESAGNE,25876
28-09-2026,PUGLIA,BRINDISI,074011,ORIA,14290
28-09-2026,PUGLIA,BRINDISI,074012,OSTUNI,30142
28-09-2026,PUGLIA,BRINDISI,074013,SAN DONACI,6048
28-09-2026,PUGLIA,BRINDISI,074014,SAN MICHELE SALENTINO,6012
28-09-2026,PUGLIA,BRINDISI,074015,SAN PANCRAZIO SALENTINO,8904
28-09-2026,PUGLIA,BRINDISI,074016,SAN PIETRO VERNOTICO,12868
28-09-2026,PUGLIA,BRINDISI,074017,SAN VITO DEI NORMANNI,17926
28-09-2026,PUGLIA,BRINDISI,074018,TORCHIAROLO,5320
28-09-2026,PUGLIA,BRINDISI,074019,TORRE SANTA SUSANNA,10113
28-09-2026,PUGLIA,BRINDISI,074020,VILLA CASTELLI,8967
28-09-2026,PUGLIA,FOGGIA,071001,ACCADIA,2244
28-09-2026,PUGLIA,FOGGIA,071002,ALBERONA,827
28-09-2026,PUGLIA,FOGGIA,071003,ANZANO DI PUGLIA,1053
28-09-2026,PUGLIA,FOGGIA,071004,APRICENA,12667
28-09-2026,PUGLIA,FOGGIA,071005,ASCOLI SATRIANO,5683
28-09-2026,PUGLIA,FOGGIA,071006,BICCARI,2556
28-09-2026,PUGLIA,FOGGIA,071007,BOVINO,2862
28-09-2026,PUGLIA,FOGGIA,071008,CAGNANO VARANO,6621
28-09-2026,PUGLIA,FOGGIA,071009,CANDELA,2797
28-09-2026,PUGLIA,FOGGIA,071010,CARAPELLE,6506
28-09-2026,PUGLIA,FOGGIA,071011,CARLANTINO,726
28-09-2026,PUGLIA,FOGGIA,071012,CARPINO,3722
28-09-2026,PUGLIA,FOGGIA,071013,CASALNUOVO MONTEROTARO,1390
28-09-2026,PUGLIA,FOGGIA,071014,CASALVECCHIO DI PUGLIA,1617
28-09-2026,PUGLIA,FOGGIA,071015,CASTELLUCCIO DEI SAURI,1965
28-09-2026,PUGLIA,FOGGIA,071016,CASTELLUCCIO VALMAGGIORE,1169
28-09-2026,PUGLIA,FOGGIA,071017,CASTELNUOVO DELLA DAUNIA,1200
28-09-2026,PUGLIA,FOGGIA,071018,CELENZA VALFORTORE,1265
28-09-2026,PUGLIA,FOGGIA,071019,CELLE DI SAN VITO,137
28-09-2026,PUGLIA,FOGGIA,071020,CERIGNOLA,57516
28-09-2026,PUGLIA,FOGGIA,071021,CHIEUTI,1490
28-09-2026,PUGLIA,FOGGIA,071022,DELICETO,3417
28-09-2026,PUGLIA,FOGGIA,071023,FAETO,637
28-09-2026,PUGLIA,FOGGIA,071024,FOGGIA,145554
28-09-2026,PUGLIA,FOGGIA,071025,ISCHITELLA,4063
28-09-2026,PUGLIA,FOGGIA,071026,ISOLE TREMITI,463
28-09-2026,PUGLIA,FOGGIA,071027,LESINA,6383
28-09-2026,PUGLIA,FOGGIA,071028,LUCERA,30394
28-09-2026,PUGLIA,FOGGIA,071029,MANFREDONIA,53283
28-09-2026,PUGLIA,FOGGIA,071031,MATTINATA,5890
28-09-2026,PUGLIA,FOGGIA,071033,MONTE SANT'ANGELO,10878
28-09-2026,PUGLIA,FOGGIA,071032,MONTELEONE DI PUGLIA,910
28-09-2026,PUGLIA,FOGGIA,071034,MOTTA MONTECORVINO,577
28-09-2026,PUGLIA,FOGGIA,071063,ORDONA,3065
28-09-2026,PUGLIA,FOGGIA,071035,ORSARA DI PUGLIA,2476
28-09-2026,PUGLIA,FOGGIA,071036,ORTA NOVA,16599
28-09-2026,PUGLIA,FOGGIA,071037,PANNI,668
28-09-2026,PUGLIA,FOGGIA,071038,PESCHICI,4369
28-09-2026,PUGLIA,FOGGIA,071039,PIETRAMONTECORVINO,2342
28-09-2026,PUGLIA,FOGGIA,071040,POGGIO IMPERIALE,2625
28-09-2026,PUGLIA,FOGGIA,071041,RIGNANO GARGANICO,1720
28-09-2026,PUGLIA,FOGGIA,071042,ROCCHETTA SANT'ANTONIO,1585
28-09-2026,PUGLIA,FOGGIA,071043,RODI GARGANICO,3383
28-09-2026,PUGLIA,FOGGIA,071044,ROSETO VALFORTORE,969
28-09-2026,PUGLIA,FOGGIA,071046,SAN GIOVANNI ROTONDO,26506
28-09-2026,PUGLIA,FOGGIA,071047,SAN MARCO IN LAMIS,12251
28-09-2026,PUGLIA,FOGGIA,071048,SAN MARCO LA CATOLA,793
28-09-2026,PUGLIA,FOGGIA,071049,SAN NICANDRO GARGANICO,13518
28-09-2026,PUGLIA,FOGGIA,071050,SAN PAOLO DI CIVITATE,5387
28-09-2026,PUGLIA,FOGGIA,071051,SAN SEVERO,49368
28-09-2026,PUGLIA,FOGGIA,071052,SANT'AGATA DI PUGLIA,1751
28-09-2026,PUGLIA,FOGGIA,071053,SERRACAPRIOLA,3471
28-09-2026,PUGLIA,FOGGIA,071054,STORNARA,5962
28-09-2026,PUGLIA,FOGGIA,071055,STORNARELLA,5395
28-09-2026,PUGLIA,FOGGIA,071056,TORREMAGGIORE,16515
28-09-2026,PUGLIA,FOGGIA,071058,TROIA,6416
28-09-2026,PUGLIA,FOGGIA,071059,VICO DEL GARGANO,7110
28-09-2026,PUGLIA,FOGGIA,071060,VIESTE,13492
28-09-2026,PUGLIA,FOGGIA,071061,VOLTURARA APPULA,330
28-09-2026,PUGLIA,FOGGIA,071062,VOLTURINO,1527
28-09-2026,PUGLIA,FOGGIA,071064,ZAPPONETA,3227
28-09-2026,PUGLIA,LECCE,075002,ALESSANO,5992
28-09-2026,PUGLIA,LECCE,075003,ALEZIO,5683
28-09-2026,PUGLIA,LECCE,075004,ALLISTE,6388
28-09-2026,PUGLIA,LECCE,075005,ANDRANO,4410
28-09-2026,PUGLIA,LECCE,075006,ARADEO,8854
28-09-2026,PUGLIA,LECCE,075007,ARNESANO,3868
28-09-2026,PUGLIA,LECCE,075008,BAGNOLO DEL SALENTO,1707
28-09-2026,PUGLIA,LECCE,075009,BOTRUGNO,2559
28-09-2026,PUGLIA,LECCE,075010,CALIMERA,6645
28-09-2026,PUGLIA,LECCE,075011,CAMPI SALENTINA,9660
28-09-2026,PUGLIA,LECCE,075012,CANNOLE,1562
28-09-2026,PUGLIA,LECCE,075013,CAPRARICA DI LECCE,2241
28-09-2026,PUGLIA,LECCE,075014,CARMIANO,11650
28-09-2026,PUGLIA,LECCE,075015,CARPIGNANO SALENTINO,3614
28-09-2026,PUGLIA,LECCE,075016,CASARANO,18999
28-09-2026,PUGLIA,LECCE,075017,CASTRI DI LECCE,2695
28-09-2026,PUGLIA,LECCE,075018,CASTRIGNANO DE' GRECI,3662
28-09-2026,PUGLIA,LECCE,075019,CASTRIGNANO DEL CAPO,5061
28-09-2026,PUGLIA,LECCE,075096,CASTRO,2259
28-09-2026,PUGLIA,LECCE,075020,CAVALLINO,13087
28-09-2026,PUGLIA,LECCE,075021,COLLEPASSO,5459
28-09-2026,PUGLIA,LECCE,075022,COPERTINO,22732
28-09-2026,PUGLIA,LECCE,075023,CORIGLIANO D'OTRANTO,5515
28-09-2026,PUGLIA,LECCE,075024,CORSANO,5066
28-09-2026,PUGLIA,LECCE,075025,CURSI,3784
28-09-2026,PUGLIA,LECCE,075026,CUTROFIANO,8713
28-09-2026,PUGLIA,LECCE,075027,DISO,2801
28-09-2026,PUGLIA,LECCE,075028,GAGLIANO DEL CAPO,4832
28-09-2026,PUGLIA,LECCE,075029,GALATINA,25233
28-09-2026,PUGLIA,LECCE,075030,GALATONE,15004
28-09-2026,PUGLIA,LECCE,075031,GALLIPOLI,19013
28-09-2026,PUGLIA,LECCE,075032,GIUGGIANELLO,1118
28-09-2026,PUGLIA,LECCE,075033,GIURDIGNANO,1935
28-09-2026,PUGLIA,LECCE,075034,GUAGNANO,5298
28-09-2026,PUGLIA,LECCE,075035,LECCE,95815
28-09-2026,PUGLIA,LECCE,075036,LEQUILE,8687
28-09-2026,PUGLIA,LECCE,075037,LEVERANO,13299
28-09-2026,PUGLIA,LECCE,075038,LIZZANELLO,12073
28-09-2026,PUGLIA,LECCE,075039,MAGLIE,13071
28-09-2026,PUGLIA,LECCE,075040,MARTANO,8429
28-09-2026,PUGLIA,LECCE,075041,MARTIGNANO,1516
28-09-2026,PUGLIA,LECCE,075042,MATINO,10793
28-09-2026,PUGLIA,LECCE,075043,MELENDUGNO,10184
28-09-2026,PUGLIA,LECCE,075044,MELISSANO,6545
28-09-2026,PUGLIA,LECCE,075045,MELPIGNANO,2173
28-09-2026,PUGLIA,LECCE,075046,MIGGIANO,3241
28-09-2026,PUGLIA,LECCE,075047,MINERVINO DI LECCE,3384
28-09-2026,PUGLIA,LECCE,075048,MONTERONI DI LECCE,13253
28-09-2026,PUGLIA,LECCE,075049,MONTESANO SALENTINO,2602
28-09-2026,PUGLIA,LECCE,075050,MORCIANO DI LEUCA,3053
28-09-2026,PUGLIA,LECCE,075051,MURO LECCESE,4586
28-09-2026,PUGLIA,LECCE,075052,NARDÒ,30996
28-09-2026,PUGLIA,LECCE,075053,NEVIANO,4751
28-09-2026,PUGLIA,LECCE,075054,NOCIGLIA,2076
28-09-2026,PUGLIA,LECCE,075055,NOVOLI,7461
28-09-2026,PUGLIA,LECCE,075056,ORTELLE,2203
28-09-2026,PUGLIA,LECCE,075057,OTRANTO,5630
28-09-2026,PUGLIA,LECCE,075058,PALMARIGGI,1337
28-09-2026,PUGLIA,LECCE,075059,PARABITA,8705
28-09-2026,PUGLIA,LECCE,075060,PATÙ,1630
28-09-2026,PUGLIA,LECCE,075061,POGGIARDO,5780
28-09-2026,PUGLIA,LECCE,075097,PORTO CESAREO,6578
28-09-2026,PUGLIA,LECCE,075098,PRESICCE-ACQUARICA,9121
28-09-2026,PUGLIA,LECCE,075063,RACALE,10757
28-09-2026,PUGLIA,LECCE,075064,RUFFANO,9215
28-09-2026,PUGLIA,LECCE,075065,SALICE SALENTINO,7550
28-09-2026,PUGLIA,LECCE,075066,SALVE,4655
28-09-2026,PUGLIA,LECCE,075095,SAN CASSIANO,1942
28-09-2026,PUGLIA,LECCE,075068,SAN CESARIO DI LECCE,7787
28-09-2026,PUGLIA,LECCE,075069,SAN DONATO DI LECCE,5387
28-09-2026,PUGLIA,LECCE,075071,SAN PIETRO IN LAMA,3344
28-09-2026,PUGLIA,LECCE,075067,SANARICA,1487
28-09-2026,PUGLIA,LECCE,075070,SANNICOLA,5581
28-09-2026,PUGLIA,LECCE,075072,SANTA CESAREA TERME,2787
28-09-2026,PUGLIA,LECCE,075073,SCORRANO,6594
28-09-2026,PUGLIA,LECCE,075074,SECLÌ,1785
28-09-2026,PUGLIA,LECCE,075075,SOGLIANO CAVOUR,3797
28-09-2026,PUGLIA,LECCE,075076,SOLETO,5078
28-09-2026,PUGLIA,LECCE,075077,SPECCHIA,4497
28-09-2026,PUGLIA,LECCE,075078,SPONGANO,3424
28-09-2026,PUGLIA,LECCE,075079,SQUINZANO,13281
28-09-2026,PUGLIA,LECCE,075080,STERNATIA,2059
28-09-2026,PUGLIA,LECCE,075081,SUPERSANO,4085
28-09-2026,PUGLIA,LECCE,075082,SURANO,1463
28-09-2026,PUGLIA,LECCE,075083,SURBO,14476
28-09-2026,PUGLIA,LECCE,075084,TAURISANO,11104
28-09-2026,PUGLIA,LECCE,075085,TAVIANO,11377
28-09-2026,PUGLIA,LECCE,075086,TIGGIANO,2820
28-09-2026,PUGLIA,LECCE,075087,TREPUZZI,13822
28-09-2026,PUGLIA,LECCE,075088,TRICASE,16963
28-09-2026,PUGLIA,LECCE,075089,TUGLIE,5007
28-09-2026,PUGLIA,LECCE,075090,UGENTO,12193
28-09-2026,PUGLIA,LECCE,075091,UGGIANO LA CHIESA,4358
28-09-2026,PUGLIA,LECCE,075092,VEGLIE,13097
28-09-2026,PUGLIA,LECCE,075093,VERNOLE,6526
28-09-2026,PUGLIA,LECCE,075094,ZOLLINO,1804
28-09-2026,PUGLIA,TARANTO,073001,AVETRANA,6127
28-09-2026,PUGLIA,TARANTO,073002,CAROSINO,6389
28-09-2026,PUGLIA,TARANTO,073003,CASTELLANETA,15899
28-09-2026,PUGLIA,TARANTO,073004,CRISPIANO,12832
28-09-2026,PUGLIA,TARANTO,073005,FAGGIANO,3370
28-09-2026,PUGLIA,TARANTO,073006,FRAGAGNANO,4861
28-09-2026,PUGLIA,TARANTO,073007,GINOSA,21895
28-09-2026,PUGLIA,TARANTO,073008,GROTTAGLIE,30119
28-09-2026,PUGLIA,TARANTO,073009,LATERZA,14600
28-09-2026,PUGLIA,TARANTO,073010,LEPORANO,8327
28-09-2026,PUGLIA,TARANTO,073011,LIZZANO,9408
28-09-2026,PUGLIA,TARANTO,073012,MANDURIA,29695
28-09-2026,PUGLIA,TARANTO,073013,MARTINA FRANCA,46966
28-09-2026,PUGLIA,TARANTO,073014,MARUGGIO,5166
28-09-2026,PUGLIA,TARANTO,073015,MASSAFRA,32235
28-09-2026,PUGLIA,TARANTO,073016,MONTEIASI,5176
28-09-2026,PUGLIA,TARANTO,073017,MONTEMESOLA,3469
28-09-2026,PUGLIA,TARANTO,073018,MONTEPARANO,2255
28-09-2026,PUGLIA,TARANTO,073019,MOTTOLA,15127
28-09-2026,PUGLIA,TARANTO,073020,PALAGIANELLO,7419
28-09-2026,PUGLIA,TARANTO,073021,PALAGIANO,15783
28-09-2026,PUGLIA,TARANTO,073022,PULSANO,11274
28-09-2026,PUGLIA,TARANTO,073023,ROCCAFORZATA,1732
28-09-2026,PUGLIA,TARANTO,073024,SAN GIORGIO IONICO,13862
28-09-2026,PUGLIA,TARANTO,073025,SAN MARZANO DI SAN GIUSEPPE,8749
28-09-2026,PUGLIA,TARANTO,073026,SAVA,15045
28-09-2026,PUGLIA,TARANTO,073029,STATTE,12539
28-09-2026,PUGLIA,TARANTO,073027,TARANTO,185692
28-09-2026,PUGLIA,TARANTO,073028,TORRICELLA,4124
28-09-2026,SARDEGNA,CAGLIARI,092003,ASSEMINI,25704
28-09-2026,SARDEGNA,CAGLIARI,092009,CAGLIARI,147503
28-09-2026,SARDEGNA,CAGLIARI,092011,CAPOTERRA,23215
28-09-2026,SARDEGNA,CAGLIARI,092015,DECIMOMANNU,8432
28-09-2026,SARDEGNA,CAGLIARI,092108,ELMAS,9437
28-09-2026,SARDEGNA,CAGLIARI,092037,MARACALAGONIS,7915
28-09-2026,SARDEGNA,CAGLIARI,092109,MONSERRATO,18498
28-09-2026,SARDEGNA,CAGLIARI,092050,PULA,7085
28-09-2026,SARDEGNA,CAGLIARI,092051,QUARTU SANT'ELENA,68411
28-09-2026,SARDEGNA,CAGLIARI,092105,QUARTUCCIU,12793
28-09-2026,SARDEGNA,CAGLIARI,092066,SARROCH,5006
28-09-2026,SARDEGNA,CAGLIARI,092068,SELARGIUS,28464
28-09-2026,SARDEGNA,CAGLIARI,092074,SESTU,20709
28-09-2026,SARDEGNA,CAGLIARI,092075,SETTIMO SAN PIETRO,6988
28-09-2026,SARDEGNA,CAGLIARI,092080,SINNAI,17385
28-09-2026,SARDEGNA,CAGLIARI,092090,UTA,8928
28-09-2026,SARDEGNA,CAGLIARI,092099,VILLA SAN PIETRO,2096
28-09-2026,SARDEGNA,NUORO,091001,ARITZO,1194
28-09-2026,SARDEGNA,NUORO,091002,ARZANA,2217
28-09-2026,SARDEGNA,NUORO,091003,ATZARA,977
28-09-2026,SARDEGNA,NUORO,091004,AUSTIS,700
28-09-2026,SARDEGNA,NUORO,091005,BARI SARDO,3803
28-09-2026,SARDEGNA,NUORO,091006,BAUNEI,3360
28-09-2026,SARDEGNA,NUORO,091007,BELVÌ,510
28-09-2026,SARDEGNA,NUORO,091008,BIRORI,479
28-09-2026,SARDEGNA,NUORO,091009,BITTI,2452
28-09-2026,SARDEGNA,NUORO,091010,BOLOTANA,2244
28-09-2026,SARDEGNA,NUORO,091011,BORORE,1896
28-09-2026,SARDEGNA,NUORO,091012,BORTIGALI,1212
28-09-2026,SARDEGNA,NUORO,091103,CARDEDU,2037
28-09-2026,SARDEGNA,NUORO,091016,DESULO,1978
28-09-2026,SARDEGNA,NUORO,091017,DORGALI,8277
28-09-2026,SARDEGNA,NUORO,091018,DUALCHI,557
28-09-2026,SARDEGNA,NUORO,091019,ELINI,548
28-09-2026,SARDEGNA,NUORO,091024,FONNI,3547
28-09-2026,SARDEGNA,NUORO,091025,GADONI,624
28-09-2026,SARDEGNA,NUORO,091026,GAIRO,1267
28-09-2026,SARDEGNA,NUORO,091027,GALTELLÌ,2404
28-09-2026,SARDEGNA,NUORO,091028,GAVOI,2398
28-09-2026,SARDEGNA,NUORO,091031,GIRASOLE,1395
28-09-2026,SARDEGNA,NUORO,091032,ILBONO,1955
28-09-2026,SARDEGNA,NUORO,091033,IRGOLI,2214
28-09-2026,SARDEGNA,NUORO,091035,JERZU,2934
28-09-2026,SARDEGNA,NUORO,091037,LANUSEI,4943
28-09-2026,SARDEGNA,NUORO,091038,LEI,435
28-09-2026,SARDEGNA,NUORO,091039,LOCERI,1372
28-09-2026,SARDEGNA,NUORO,091040,LOCULI,460
28-09-2026,SARDEGNA,NUORO,091104,LODINE,296
28-09-2026,SARDEGNA,NUORO,091041,LODÈ,1436
28-09-2026,SARDEGNA,NUORO,091042,LOTZORAI,2135
28-09-2026,SARDEGNA,NUORO,091043,LULA,1222
28-09-2026,SARDEGNA,NUORO,091044,MACOMER,8865
28-09-2026,SARDEGNA,NUORO,091046,MAMOIADA,2344
28-09-2026,SARDEGNA,NUORO,091047,MEANA SARDO,1486
28-09-2026,SARDEGNA,NUORO,091050,NORAGUGUME,269
28-09-2026,SARDEGNA,NUORO,091051,NUORO,32957
28-09-2026,SARDEGNA,NUORO,091055,OLIENA,6371
28-09-2026,SARDEGNA,NUORO,091056,OLLOLAI,1138
28-09-2026,SARDEGNA,NUORO,091057,OLZAI,758
28-09-2026,SARDEGNA,NUORO,091058,ONANÌ,342
28-09-2026,SARDEGNA,NUORO,091059,ONIFAI,721
28-09-2026,SARDEGNA,NUORO,091060,ONIFERI,830
28-09-2026,SARDEGNA,NUORO,091061,ORANI,2565
28-09-2026,SARDEGNA,NUORO,091062,ORGOSOLO,3788
28-09-2026,SARDEGNA,NUORO,091063,OROSEI,6956
28-09-2026,SARDEGNA,NUORO,091064,OROTELLI,1827
28-09-2026,SARDEGNA,NUORO,091066,ORTUERI,954
28-09-2026,SARDEGNA,NUORO,091067,ORUNE,2013
28-09-2026,SARDEGNA,NUORO,091068,OSIDDA,201
28-09-2026,SARDEGNA,NUORO,091069,OSINI,672
28-09-2026,SARDEGNA,NUORO,091070,OTTANA,2134
28-09-2026,SARDEGNA,NUORO,091071,OVODDA,1419
28-09-2026,SARDEGNA,NUORO,091072,PERDASDEFOGU,1686
28-09-2026,SARDEGNA,NUORO,091073,POSADA,3164
28-09-2026,SARDEGNA,NUORO,091077,SARULE,1458
28-09-2026,SARDEGNA,NUORO,091083,SILANUS,1871
28-09-2026,SARDEGNA,NUORO,091084,SINDIA,1555
28-09-2026,SARDEGNA,NUORO,091085,SINISCOLA,11356
28-09-2026,SARDEGNA,NUORO,091086,SORGONO,1432
28-09-2026,SARDEGNA,NUORO,091088,TALANA,910
28-09-2026,SARDEGNA,NUORO,091089,TERTENIA,3868
28-09-2026,SARDEGNA,NUORO,091090,TETI,546
28-09-2026,SARDEGNA,NUORO,091091,TIANA,406
28-09-2026,SARDEGNA,NUORO,091093,TONARA,1713
28-09-2026,SARDEGNA,NUORO,091094,TORPÈ,2827
28-09-2026,SARDEGNA,NUORO,091095,TORTOLÌ,11058
28-09-2026,SARDEGNA,NUORO,091097,TRIEI,1064
28-09-2026,SARDEGNA,NUORO,091098,ULASSAI,1358
28-09-2026,SARDEGNA,NUORO,091099,URZULEI,1028
28-09-2026,SARDEGNA,NUORO,091100,USSASSAI,430
28-09-2026,SARDEGNA,NUORO,091101,VILLAGRANDE STRISAILI,2804
28-09-2026,SARDEGNA,ORISTANO,095001,ABBASANTA,2523
28-09-2026,SARDEGNA,ORISTANO,095002,AIDOMAGGIORE,364
28-09-2026,SARDEGNA,ORISTANO,095003,ALBAGIARA,219
28-09-2026,SARDEGNA,ORISTANO,095004,ALES,1229
28-09-2026,SARDEGNA,ORISTANO,095005,ALLAI,333
28-09-2026,SARDEGNA,ORISTANO,095006,ARBOREA,3708
28-09-2026,SARDEGNA,ORISTANO,095007,ARDAULI,725
28-09-2026,SARDEGNA,ORISTANO,095008,ASSOLO,321
28-09-2026,SARDEGNA,ORISTANO,095009,ASUNI,293
28-09-2026,SARDEGNA,ORISTANO,095010,BARADILI,79
28-09-2026,SARDEGNA,ORISTANO,095011,BARATILI SAN PIETRO,1178
28-09-2026,SARDEGNA,ORISTANO,095012,BARESSA,525
28-09-2026,SARDEGNA,ORISTANO,095013,BAULADU,611
28-09-2026,SARDEGNA,ORISTANO,095014,BIDONÌ,108
28-09-2026,SARDEGNA,ORISTANO,095015,BONARCADO,1513
28-09-2026,SARDEGNA,ORISTANO,095016,BORONEDDU,144
28-09-2026,SARDEGNA,ORISTANO,095079,BOSA,7283
28-09-2026,SARDEGNA,ORISTANO,095017,BUSACHI,1092
28-09-2026,SARDEGNA,ORISTANO,095018,CABRAS,8774
28-09-2026,SARDEGNA,ORISTANO,095019,CUGLIERI,2397
28-09-2026,SARDEGNA,ORISTANO,095077,CURCURIS,285
28-09-2026,SARDEGNA,ORISTANO,095080,FLUSSIO,383
28-09-2026,SARDEGNA,ORISTANO,095020,FORDONGIANUS,785
28-09-2026,SARDEGNA,ORISTANO,095021,GHILARZA,4036
28-09-2026,SARDEGNA,ORISTANO,095022,GONNOSCODINA,418
28-09-2026,SARDEGNA,ORISTANO,095023,GONNOSNÒ,672
28-09-2026,SARDEGNA,ORISTANO,095024,GONNOSTRAMATZA,762
28-09-2026,SARDEGNA,ORISTANO,095082,LACONI,1580
28-09-2026,SARDEGNA,ORISTANO,095083,MAGOMADAS,609
28-09-2026,SARDEGNA,ORISTANO,095025,MARRUBIU,4471
28-09-2026,SARDEGNA,ORISTANO,095026,MASULLAS,974
28-09-2026,SARDEGNA,ORISTANO,095027,MILIS,1401
28-09-2026,SARDEGNA,ORISTANO,095084,MODOLO,168
28-09-2026,SARDEGNA,ORISTANO,095028,MOGORELLA,388
28-09-2026,SARDEGNA,ORISTANO,095029,MOGORO,3765
28-09-2026,SARDEGNA,ORISTANO,095085,MONTRESTA,432
28-09-2026,SARDEGNA,ORISTANO,095030,MORGONGIORI,598
28-09-2026,SARDEGNA,ORISTANO,095031,NARBOLIA,1618
28-09-2026,SARDEGNA,ORISTANO,095032,NEONELI,586
28-09-2026,SARDEGNA,ORISTANO,095033,NORBELLO,1103
28-09-2026,SARDEGNA,ORISTANO,095034,NUGHEDU SANTA VITTORIA,410
28-09-2026,SARDEGNA,ORISTANO,095035,NURACHI,1641
28-09-2026,SARDEGNA,ORISTANO,095036,NURECI,282
28-09-2026,SARDEGNA,ORISTANO,095037,OLLASTRA,1079
28-09-2026,SARDEGNA,ORISTANO,095038,ORISTANO,29997
28-09-2026,SARDEGNA,ORISTANO,095039,PALMAS ARBOREA,1495
28-09-2026,SARDEGNA,ORISTANO,095040,PAU,270
28-09-2026,SARDEGNA,ORISTANO,095041,PAULILATINO,2038
28-09-2026,SARDEGNA,ORISTANO,095042,POMPU,212
28-09-2026,SARDEGNA,ORISTANO,095043,RIOLA SARDO,1962
28-09-2026,SARDEGNA,ORISTANO,095044,RUINAS,570
28-09-2026,SARDEGNA,ORISTANO,095086,SAGAMA,186
28-09-2026,SARDEGNA,ORISTANO,095045,SAMUGHEO,2621
28-09-2026,SARDEGNA,ORISTANO,095046,SAN NICOLÒ D'ARCIDANO,2384
28-09-2026,SARDEGNA,ORISTANO,095050,SAN VERO MILIS,2415
28-09-2026,SARDEGNA,ORISTANO,095047,SANTA GIUSTA,4547
28-09-2026,SARDEGNA,ORISTANO,095049,SANTU LUSSURGIU,2130
28-09-2026,SARDEGNA,ORISTANO,095051,SCANO DI MONTIFERRO,1365
28-09-2026,SARDEGNA,ORISTANO,095052,SEDILO,1902
28-09-2026,SARDEGNA,ORISTANO,095053,SENEGHE,1586
28-09-2026,SARDEGNA,ORISTANO,095054,SENIS,364
28-09-2026,SARDEGNA,ORISTANO,095055,SENNARIOLO,158
28-09-2026,SARDEGNA,ORISTANO,095056,SIAMAGGIORE,834
28-09-2026,SARDEGNA,ORISTANO,095057,SIAMANNA,749
28-09-2026,SARDEGNA,ORISTANO,095076,SIAPICCIA,323
28-09-2026,SARDEGNA,ORISTANO,095058,SIMALA,277
28-09-2026,SARDEGNA,ORISTANO,095059,SIMAXIS,2114
28-09-2026,SARDEGNA,ORISTANO,095060,SINI,514
28-09-2026,SARDEGNA,ORISTANO,095061,SIRIS,227
28-09-2026,SARDEGNA,ORISTANO,095078,SODDÌ,115
28-09-2026,SARDEGNA,ORISTANO,095062,SOLARUSSA,2203
28-09-2026,SARDEGNA,ORISTANO,095063,SORRADILE,337
28-09-2026,SARDEGNA,ORISTANO,095087,SUNI,967
28-09-2026,SARDEGNA,ORISTANO,095064,TADASUNI,123
28-09-2026,SARDEGNA,ORISTANO,095065,TERRALBA,9523
28-09-2026,SARDEGNA,ORISTANO,095088,TINNURA,236
28-09-2026,SARDEGNA,ORISTANO,095066,TRAMATZA,878
28-09-2026,SARDEGNA,ORISTANO,095067,TRESNURAGHES,1063
28-09-2026,SARDEGNA,ORISTANO,095068,ULÀ TIRSO,446
28-09-2026,SARDEGNA,ORISTANO,095069,URAS,2596
28-09-2026,SARDEGNA,ORISTANO,095070,USELLUS,638
28-09-2026,SARDEGNA,ORISTANO,095048,VILLA SANT'ANTONIO,305
28-09-2026,SARDEGNA,ORISTANO,095073,VILLA VERDE,252
28-09-2026,SARDEGNA,ORISTANO,095071,VILLANOVA TRUSCHEDU,275
28-09-2026,SARDEGNA,ORISTANO,095072,VILLAURBANA,1427
28-09-2026,SARDEGNA,ORISTANO,095074,ZEDDIANI,1103
28-09-2026,SARDEGNA,ORISTANO,095075,ZERFALIU,962
28-09-2026,SARDEGNA,SASSARI,090001,AGGIUS,1372
28-09-2026,SARDEGNA,SASSARI,090062,AGLIENTU,1216
28-09-2026,SARDEGNA,SASSARI,090003,ALGHERO,42392
28-09-2026,SARDEGNA,SASSARI,090002,ALÀ DEI SARDI,1734
28-09-2026,SARDEGNA,SASSARI,090004,ANELA,548
28-09-2026,SARDEGNA,SASSARI,090005,ARDARA,683
28-09-2026,SARDEGNA,SASSARI,090006,ARZACHENA,13944
28-09-2026,SARDEGNA,SASSARI,090081,BADESI,1814
28-09-2026,SARDEGNA,SASSARI,090007,BANARI,502
28-09-2026,SARDEGNA,SASSARI,090008,BENETUTTI,1622
28-09-2026,SARDEGNA,SASSARI,090009,BERCHIDDA,2598
28-09-2026,SARDEGNA,SASSARI,090010,BESSUDE,380
28-09-2026,SARDEGNA,SASSARI,090011,BONNANARO,891
28-09-2026,SARDEGNA,SASSARI,090012,BONO,3233
28-09-2026,SARDEGNA,SASSARI,090013,BONORVA,3033
28-09-2026,SARDEGNA,SASSARI,090014,BORTIGIADAS,681
28-09-2026,SARDEGNA,SASSARI,090015,BORUTTA,247
28-09-2026,SARDEGNA,SASSARI,090016,BOTTIDDA,622
28-09-2026,SARDEGNA,SASSARI,090017,BUDDUSÒ,3489
28-09-2026,SARDEGNA,SASSARI,090091,BUDONI,5789
28-09-2026,SARDEGNA,SASSARI,090018,BULTEI,766
28-09-2026,SARDEGNA,SASSARI,090019,BULZI,511
28-09-2026,SARDEGNA,SASSARI,090020,BURGOS,822
28-09-2026,SARDEGNA,SASSARI,090021,CALANGIANUS,3708
28-09-2026,SARDEGNA,SASSARI,090022,CARGEGHE,578
28-09-2026,SARDEGNA,SASSARI,090023,CASTELSARDO,5741
28-09-2026,SARDEGNA,SASSARI,090024,CHEREMULE,382
28-09-2026,SARDEGNA,SASSARI,090025,CHIARAMONTI,1501
28-09-2026,SARDEGNA,SASSARI,090026,CODRONGIANOS,1266
28-09-2026,SARDEGNA,SASSARI,090027,COSSOINE,729
28-09-2026,SARDEGNA,SASSARI,090088,ERULA,704
28-09-2026,SARDEGNA,SASSARI,090028,ESPORLATU,357
28-09-2026,SARDEGNA,SASSARI,090029,FLORINAS,1486
28-09-2026,SARDEGNA,SASSARI,090030,GIAVE,465
28-09-2026,SARDEGNA,SASSARI,090083,GOLFO ARANCI,2405
28-09-2026,SARDEGNA,SASSARI,090031,ILLORAI,690
28-09-2026,SARDEGNA,SASSARI,090032,ITTIREDDU,454
28-09-2026,SARDEGNA,SASSARI,090033,ITTIRI,7673
28-09-2026,SARDEGNA,SASSARI,090035,LA MADDALENA,10656
28-09-2026,SARDEGNA,SASSARI,090034,LAERRU,850
28-09-2026,SARDEGNA,SASSARI,090084,LOIRI PORTO SAN PAOLO,4023
28-09-2026,SARDEGNA,SASSARI,090036,LUOGOSANTO,1876
28-09-2026,SARDEGNA,SASSARI,090037,LURAS,2362
28-09-2026,SARDEGNA,SASSARI,090038,MARA,516
28-09-2026,SARDEGNA,SASSARI,090039,MARTIS,458
28-09-2026,SARDEGNA,SASSARI,090040,MONTELEONE ROCCA DORIA,113
28-09-2026,SARDEGNA,SASSARI,090041,MONTI,2434
28-09-2026,SARDEGNA,SASSARI,090042,MORES,1673
28-09-2026,SARDEGNA,SASSARI,090043,MUROS,818
28-09-2026,SARDEGNA,SASSARI,090044,NUGHEDU SAN NICOLÒ,704
28-09-2026,SARDEGNA,SASSARI,090045,NULE,1246
28-09-2026,SARDEGNA,SASSARI,090046,NULVI,2600
28-09-2026,SARDEGNA,SASSARI,090047,OLBIA,62962
28-09-2026,SARDEGNA,SASSARI,090048,OLMEDO,4267
28-09-2026,SARDEGNA,SASSARI,090049,OSCHIRI,2887
28-09-2026,SARDEGNA,SASSARI,090050,OSILO,2736
28-09-2026,SARDEGNA,SASSARI,090051,OSSI,5339
28-09-2026,SARDEGNA,SASSARI,090052,OZIERI,9534
28-09-2026,SARDEGNA,SASSARI,090053,PADRIA,577
28-09-2026,SARDEGNA,SASSARI,090090,PADRU,2154
28-09-2026,SARDEGNA,SASSARI,090054,PALAU,4221
28-09-2026,SARDEGNA,SASSARI,090055,PATTADA,2759
28-09-2026,SARDEGNA,SASSARI,090056,PERFUGAS,2220
28-09-2026,SARDEGNA,SASSARI,090057,PLOAGHE,4205
28-09-2026,SARDEGNA,SASSARI,090058,PORTO TORRES,20605
28-09-2026,SARDEGNA,SASSARI,090059,POZZOMAGGIORE,2281
28-09-2026,SARDEGNA,SASSARI,090060,PUTIFIGARI,659
28-09-2026,SARDEGNA,SASSARI,090061,ROMANA,444
28-09-2026,SARDEGNA,SASSARI,090092,SAN TEODORO,5338
28-09-2026,SARDEGNA,SASSARI,090085,SANT'ANTONIO DI GALLURA,1454
28-09-2026,SARDEGNA,SASSARI,090087,SANTA MARIA COGHINAS,1352
28-09-2026,SARDEGNA,SASSARI,090063,SANTA TERESA GALLURA,5403
28-09-2026,SARDEGNA,SASSARI,090064,SASSARI,121048
28-09-2026,SARDEGNA,SASSARI,090065,SEDINI,1203
28-09-2026,SARDEGNA,SASSARI,090066,SEMESTENE,124
28-09-2026,SARDEGNA,SASSARI,090067,SENNORI,6652
28-09-2026,SARDEGNA,SASSARI,090068,SILIGO,738
28-09-2026,SARDEGNA,SASSARI,090069,SORSO,14472
28-09-2026,SARDEGNA,SASSARI,090089,STINTINO,1591
28-09-2026,SARDEGNA,SASSARI,090080,TELTI,2336
28-09-2026,SARDEGNA,SASSARI,090070,TEMPIO PAUSANIA,12936
28-09-2026,SARDEGNA,SASSARI,090086,TERGU,608
28-09-2026,SARDEGNA,SASSARI,090071,THIESI,2635
28-09-2026,SARDEGNA,SASSARI,090072,TISSI,2363
28-09-2026,SARDEGNA,SASSARI,090073,TORRALBA,856
28-09-2026,SARDEGNA,SASSARI,090074,TRINITÀ D'AGULTU E VIGNOLA,2632
28-09-2026,SARDEGNA,SASSARI,090075,TULA,1418
28-09-2026,SARDEGNA,SASSARI,090076,URI,2850
28-09-2026,SARDEGNA,SASSARI,090077,USINI,4098
28-09-2026,SARDEGNA,SASSARI,090079,VALLEDORIA,4484
28-09-2026,SARDEGNA,SASSARI,090082,VIDDALBA,1587
28-09-2026,SARDEGNA,SASSARI,090078,VILLANOVA MONTELEONE,2042
28-09-2026,SARDEGNA,SUD SARDEGNA,111001,ARBUS,5511
28-09-2026,SARDEGNA,SUD SARDEGNA,111002,ARMUNGIA,394
28-09-2026,SARDEGNA,SUD SARDEGNA,111003,BALLAO,703
28-09-2026,SARDEGNA,SUD SARDEGNA,111004,BARRALI,1083
28-09-2026,SARDEGNA,SUD SARDEGNA,111005,BARUMINI,1075
28-09-2026,SARDEGNA,SUD SARDEGNA,111006,BUGGERRU,986
28-09-2026,SARDEGNA,SUD SARDEGNA,111007,BURCEI,2544
28-09-2026,SARDEGNA,SUD SARDEGNA,111008,CALASETTA,2776
28-09-2026,SARDEGNA,SUD SARDEGNA,111009,CARBONIA,25506
28-09-2026,SARDEGNA,SUD SARDEGNA,111010,CARLOFORTE,5815
28-09-2026,SARDEGNA,SUD SARDEGNA,111011,CASTIADAS,1769
28-09-2026,SARDEGNA,SUD SARDEGNA,111012,COLLINAS,727
28-09-2026,SARDEGNA,SUD SARDEGNA,111013,DECIMOPUTZU,4184
28-09-2026,SARDEGNA,SUD SARDEGNA,111014,DOLIANOVA,9382
28-09-2026,SARDEGNA,SUD SARDEGNA,111015,DOMUS DE MARIA,1650
28-09-2026,SARDEGNA,SUD SARDEGNA,111016,DOMUSNOVAS,5680
28-09-2026,SARDEGNA,SUD SARDEGNA,111017,DONORI,1915
28-09-2026,SARDEGNA,SUD SARDEGNA,111018,ESCALAPLANO,2023
28-09-2026,SARDEGNA,SUD SARDEGNA,111019,ESCOLCA,527
28-09-2026,SARDEGNA,SUD SARDEGNA,111020,ESTERZILI,526
28-09-2026,SARDEGNA,SUD SARDEGNA,111021,FLUMINIMAGGIORE,2574
28-09-2026,SARDEGNA,SUD SARDEGNA,111022,FURTEI,1472
28-09-2026,SARDEGNA,SUD SARDEGNA,111023,GENONI,712
28-09-2026,SARDEGNA,SUD SARDEGNA,111024,GENURI,286
28-09-2026,SARDEGNA,SUD SARDEGNA,111025,GERGEI,1109
28-09-2026,SARDEGNA,SUD SARDEGNA,111026,GESICO,686
28-09-2026,SARDEGNA,SUD SARDEGNA,111027,GESTURI,1099
28-09-2026,SARDEGNA,SUD SARDEGNA,111028,GIBA,1878
28-09-2026,SARDEGNA,SUD SARDEGNA,111029,GONI,431
28-09-2026,SARDEGNA,SUD SARDEGNA,111030,GONNESA,4449
28-09-2026,SARDEGNA,SUD SARDEGNA,111031,GONNOSFANADIGA,5964
28-09-2026,SARDEGNA,SUD SARDEGNA,111032,GUAMAGGIORE,853
28-09-2026,SARDEGNA,SUD SARDEGNA,111033,GUASILA,2442
28-09-2026,SARDEGNA,SUD SARDEGNA,111034,GUSPINI,10510
28-09-2026,SARDEGNA,SUD SARDEGNA,111035,IGLESIAS,24570
28-09-2026,SARDEGNA,SUD SARDEGNA,111036,ISILI,2429
28-09-2026,SARDEGNA,SUD SARDEGNA,111037,LAS PLASSAS,209
28-09-2026,SARDEGNA,SUD SARDEGNA,111038,LUNAMATRONA,1586
28-09-2026,SARDEGNA,SUD SARDEGNA,111039,MANDAS,1904
28-09-2026,SARDEGNA,SUD SARDEGNA,111040,MASAINAS,1186
28-09-2026,SARDEGNA,SUD SARDEGNA,111041,MONASTIR,4686
28-09-2026,SARDEGNA,SUD SARDEGNA,111042,MURAVERA,4972
28-09-2026,SARDEGNA,SUD SARDEGNA,111043,MUSEI,1505
28-09-2026,SARDEGNA,SUD SARDEGNA,111044,NARCAO,2944
28-09-2026,SARDEGNA,SUD SARDEGNA,111045,NURAGUS,790
28-09-2026,SARDEGNA,SUD SARDEGNA,111046,NURALLAO,1078
28-09-2026,SARDEGNA,SUD SARDEGNA,111047,NURAMINIS,2356
28-09-2026,SARDEGNA,SUD SARDEGNA,111048,NURRI,1972
28-09-2026,SARDEGNA,SUD SARDEGNA,111049,NUXIS,1390
28-09-2026,SARDEGNA,SUD SARDEGNA,111050,ORROLI,1904
28-09-2026,SARDEGNA,SUD SARDEGNA,111051,ORTACESUS,862
28-09-2026,SARDEGNA,SUD SARDEGNA,111052,PABILLONIS,2397
28-09-2026,SARDEGNA,SUD SARDEGNA,111053,PAULI ARBAREI,516
28-09-2026,SARDEGNA,SUD SARDEGNA,111054,PERDAXIUS,1274
28-09-2026,SARDEGNA,SUD SARDEGNA,111055,PIMENTEL,1072
28-09-2026,SARDEGNA,SUD SARDEGNA,111056,PISCINAS,753
28-09-2026,SARDEGNA,SUD SARDEGNA,111057,PORTOSCUSO,4622
28-09-2026,SARDEGNA,SUD SARDEGNA,111058,SADALI,761
28-09-2026,SARDEGNA,SUD SARDEGNA,111059,SAMASSI,4694
28-09-2026,SARDEGNA,SUD SARDEGNA,111060,SAMATZAI,1507
28-09-2026,SARDEGNA,SUD SARDEGNA,111061,SAN BASILIO,1067
28-09-2026,SARDEGNA,SUD SARDEGNA,111062,SAN GAVINO MONREALE,7798
28-09-2026,SARDEGNA,SUD SARDEGNA,111063,SAN GIOVANNI SUERGIU,5538
28-09-2026,SARDEGNA,SUD SARDEGNA,111064,SAN NICOLÒ GERREI,715
28-09-2026,SARDEGNA,SUD SARDEGNA,111065,SAN SPERATE,8679
28-09-2026,SARDEGNA,SUD SARDEGNA,111066,SAN VITO,3392
28-09-2026,SARDEGNA,SUD SARDEGNA,111067,SANLURI,8026
28-09-2026,SARDEGNA,SUD SARDEGNA,111069,SANT'ANDREA FRIUS,1660
28-09-2026,SARDEGNA,SUD SARDEGNA,111070,SANT'ANNA ARRESI,2593
28-09-2026,SARDEGNA,SUD SARDEGNA,111071,SANT'ANTIOCO,10390
28-09-2026,SARDEGNA,SUD SARDEGNA,111068,SANTADI,3032
28-09-2026,SARDEGNA,SUD SARDEGNA,111072,SARDARA,3707
28-09-2026,SARDEGNA,SUD SARDEGNA,111073,SEGARIU,1082
28-09-2026,SARDEGNA,SUD SARDEGNA,111074,SELEGAS,1266
28-09-2026,SARDEGNA,SUD SARDEGNA,111075,SENORBÌ,4806
28-09-2026,SARDEGNA,SUD SARDEGNA,111076,SERDIANA,2650
28-09-2026,SARDEGNA,SUD SARDEGNA,111077,SERRAMANNA,8414
28-09-2026,SARDEGNA,SUD SARDEGNA,111078,SERRENTI,4449
28-09-2026,SARDEGNA,SUD SARDEGNA,111079,SERRI,592
28-09-2026,SARDEGNA,SUD SARDEGNA,111080,SETZU,124
28-09-2026,SARDEGNA,SUD SARDEGNA,111081,SEUI,1133
28-09-2026,SARDEGNA,SUD SARDEGNA,111082,SEULO,744
28-09-2026,SARDEGNA,SUD SARDEGNA,111083,SIDDI,545
28-09-2026,SARDEGNA,SUD SARDEGNA,111084,SILIQUA,3446
28-09-2026,SARDEGNA,SUD SARDEGNA,111085,SILIUS,990
28-09-2026,SARDEGNA,SUD SARDEGNA,111086,SIURGUS DONIGALA,1839
28-09-2026,SARDEGNA,SUD SARDEGNA,111087,SOLEMINIS,1922
28-09-2026,SARDEGNA,SUD SARDEGNA,111088,SUELLI,1066
28-09-2026,SARDEGNA,SUD SARDEGNA,111089,TEULADA,3147
28-09-2026,SARDEGNA,SUD SARDEGNA,111090,TRATALIAS,979
28-09-2026,SARDEGNA,SUD SARDEGNA,111091,TUILI,874
28-09-2026,SARDEGNA,SUD SARDEGNA,111092,TURRI,374
28-09-2026,SARDEGNA,SUD SARDEGNA,111093,USSANA,4018
28-09-2026,SARDEGNA,SUD SARDEGNA,111094,USSARAMANNA,458
28-09-2026,SARDEGNA,SUD SARDEGNA,111095,VALLERMOSA,1763
28-09-2026,SARDEGNA,SUD SARDEGNA,111096,VILLACIDRO,12823
28-09-2026,SARDEGNA,SUD SARDEGNA,111097,VILLAMAR,2399
28-09-2026,SARDEGNA,SUD SARDEGNA,111098,VILLAMASSARGIA,3294
28-09-2026,SARDEGNA,SUD SARDEGNA,111099,VILLANOVA TULO,972
28-09-2026,SARDEGNA,SUD SARDEGNA,111100,VILLANOVAFORRU,673
28-09-2026,SARDEGNA,SUD SARDEGNA,111101,VILLANOVAFRANCA,1122
28-09-2026,SARDEGNA,SUD SARDEGNA,111102,VILLAPERUCCIO,1006
28-09-2026,SARDEGNA,SUD SARDEGNA,111103,VILLAPUTZU,4388
28-09-2026,SARDEGNA,SUD SARDEGNA,111104,VILLASALTO,862
28-09-2026,SARDEGNA,SUD SARDEGNA,111105,VILLASIMIUS,3776
28-09-2026,SARDEGNA,SUD SARDEGNA,111106,VILLASOR,6499
28-09-2026,SARDEGNA,SUD SARDEGNA,111107,VILLASPECIOSA,2701
28-09-2026,SICILIA,AGRIGENTO,084001,AGRIGENTO,55703
28-09-2026,SICILIA,AGRIGENTO,084002,ALESSANDRIA DELLA ROCCA,2321
28-09-2026,SICILIA,AGRIGENTO,084003,ARAGONA,8648
28-09-2026,SICILIA,AGRIGENTO,084004,BIVONA,3034
28-09-2026,SICILIA,AGRIGENTO,084005,BURGIO,2406
28-09-2026,SICILIA,AGRIGENTO,084006,CALAMONACI,1138
28-09-2026,SICILIA,AGRIGENTO,084007,CALTABELLOTTA,3026
28-09-2026,SICILIA,AGRIGENTO,084008,CAMASTRA,1977
28-09-2026,SICILIA,AGRIGENTO,084009,CAMMARATA,5826
28-09-2026,SICILIA,AGRIGENTO,084010,CAMPOBELLO DI LICATA,8882
28-09-2026,SICILIA,AGRIGENTO,084011,CANICATTÌ,34644
28-09-2026,SICILIA,AGRIGENTO,084012,CASTELTERMINI,7003
28-09-2026,SICILIA,AGRIGENTO,084013,CASTROFILIPPO,2569
28-09-2026,SICILIA,AGRIGENTO,084014,CATTOLICA ERACLEA,3261
28-09-2026,SICILIA,AGRIGENTO,084015,CIANCIANA,3048
28-09-2026,SICILIA,AGRIGENTO,084016,COMITINI,842
28-09-2026,SICILIA,AGRIGENTO,084017,FAVARA,31317
28-09-2026,SICILIA,AGRIGENTO,084018,GROTTE,5011
28-09-2026,SICILIA,AGRIGENTO,084019,JOPPOLO GIANCAXIO,1066
28-09-2026,SICILIA,AGRIGENTO,084020,LAMPEDUSA E LINOSA,6582
28-09-2026,SICILIA,AGRIGENTO,084021,LICATA,34694
28-09-2026,SICILIA,AGRIGENTO,084022,LUCCA SICULA,1688
28-09-2026,SICILIA,AGRIGENTO,084023,MENFI,11846
28-09-2026,SICILIA,AGRIGENTO,084024,MONTALLEGRO,2343
28-09-2026,SICILIA,AGRIGENTO,084025,MONTEVAGO,2694
28-09-2026,SICILIA,AGRIGENTO,084026,NARO,6759
28-09-2026,SICILIA,AGRIGENTO,084027,PALMA DI MONTECHIARO,21518
28-09-2026,SICILIA,AGRIGENTO,084028,PORTO EMPEDOCLE,15464
28-09-2026,SICILIA,AGRIGENTO,084029,RACALMUTO,7608
28-09-2026,SICILIA,AGRIGENTO,084030,RAFFADALI,11776
28-09-2026,SICILIA,AGRIGENTO,084031,RAVANUSA,10310
28-09-2026,SICILIA,AGRIGENTO,084032,REALMONTE,4436
28-09-2026,SICILIA,AGRIGENTO,084033,RIBERA,17904
28-09-2026,SICILIA,AGRIGENTO,084034,SAMBUCA DI SICILIA,5231
28-09-2026,SICILIA,AGRIGENTO,084035,SAN BIAGIO PLATANI,2755
28-09-2026,SICILIA,AGRIGENTO,084036,SAN GIOVANNI GEMINI,7338
28-09-2026,SICILIA,AGRIGENTO,084039,SANT'ANGELO MUXARO,1102
28-09-2026,SICILIA,AGRIGENTO,084037,SANTA ELISABETTA,2162
28-09-2026,SICILIA,AGRIGENTO,084038,SANTA MARGHERITA DI BELICE,5930
28-09-2026,SICILIA,AGRIGENTO,084040,SANTO STEFANO QUISQUINA,3853
28-09-2026,SICILIA,AGRIGENTO,084041,SCIACCA,38576
28-09-2026,SICILIA,AGRIGENTO,084042,SICULIANA,4155
28-09-2026,SICILIA,AGRIGENTO,084043,VILLAFRANCA SICULA,1282
28-09-2026,SICILIA,CALTANISSETTA,085001,ACQUAVIVA PLATANI,807
28-09-2026,SICILIA,CALTANISSETTA,085002,BOMPENSIERE,467
28-09-2026,SICILIA,CALTANISSETTA,085003,BUTERA,4053
28-09-2026,SICILIA,CALTANISSETTA,085004,CALTANISSETTA,58361
28-09-2026,SICILIA,CALTANISSETTA,085005,CAMPOFRANCO,2507
28-09-2026,SICILIA,CALTANISSETTA,085006,DELIA,3907
28-09-2026,SICILIA,CALTANISSETTA,085007,GELA,70242
28-09-2026,SICILIA,CALTANISSETTA,085008,MARIANOPOLI,1484
28-09-2026,SICILIA,CALTANISSETTA,085009,MAZZARINO,10512
28-09-2026,SICILIA,CALTANISSETTA,085010,MILENA,2573
28-09-2026,SICILIA,CALTANISSETTA,085011,MONTEDORO,1311
28-09-2026,SICILIA,CALTANISSETTA,085012,MUSSOMELI,9734
28-09-2026,SICILIA,CALTANISSETTA,085013,NISCEMI,24754
28-09-2026,SICILIA,CALTANISSETTA,085014,RESUTTANO,1666
28-09-2026,SICILIA,CALTANISSETTA,085015,RIESI,10255
28-09-2026,SICILIA,CALTANISSETTA,085016,SAN CATALDO,20253
28-09-2026,SICILIA,CALTANISSETTA,085017,SANTA CATERINA VILLARMOSA,4432
28-09-2026,SICILIA,CALTANISSETTA,085018,SERRADIFALCO,5322
28-09-2026,SICILIA,CALTANISSETTA,085019,SOMMATINO,6243
28-09-2026,SICILIA,CALTANISSETTA,085020,SUTERA,1076
28-09-2026,SICILIA,CALTANISSETTA,085021,VALLELUNGA PRATAMENO,3043
28-09-2026,SICILIA,CALTANISSETTA,085022,VILLALBA,1340
28-09-2026,SICILIA,CATANIA,087001,ACI BONACCORSI,3588
28-09-2026,SICILIA,CATANIA,087002,ACI CASTELLO,17521
28-09-2026,SICILIA,CATANIA,087003,ACI CATENA,27512
28-09-2026,SICILIA,CATANIA,087005,ACI SANT'ANTONIO,18209
28-09-2026,SICILIA,CATANIA,087004,ACIREALE,50861
28-09-2026,SICILIA,CATANIA,087006,ADRANO,34039
28-09-2026,SICILIA,CATANIA,087007,BELPASSO,28553
28-09-2026,SICILIA,CATANIA,087008,BIANCAVILLA,23141
28-09-2026,SICILIA,CATANIA,087009,BRONTE,18137
28-09-2026,SICILIA,CATANIA,087010,CALATABIANO,5211
28-09-2026,SICILIA,CATANIA,087011,CALTAGIRONE,35742
28-09-2026,SICILIA,CATANIA,087012,CAMPOROTONDO ETNEO,5236
28-09-2026,SICILIA,CATANIA,087013,CASTEL DI IUDICA,4176
28-09-2026,SICILIA,CATANIA,087014,CASTIGLIONE DI SICILIA,2825
28-09-2026,SICILIA,CATANIA,087015,CATANIA,302141
28-09-2026,SICILIA,CATANIA,087016,FIUMEFREDDO DI SICILIA,9054
28-09-2026,SICILIA,CATANIA,087017,GIARRE,26922
28-09-2026,SICILIA,CATANIA,087018,GRAMMICHELE,12426
28-09-2026,SICILIA,CATANIA,087019,GRAVINA DI CATANIA,25375
28-09-2026,SICILIA,CATANIA,087020,LICODIA EUBEA,2917
28-09-2026,SICILIA,CATANIA,087021,LINGUAGLOSSA,5037
28-09-2026,SICILIA,CATANIA,087022,MALETTO,3496
28-09-2026,SICILIA,CATANIA,087057,MANIACE,3750
28-09-2026,SICILIA,CATANIA,087023,MASCALI,14672
28-09-2026,SICILIA,CATANIA,087024,MASCALUCIA,32391
28-09-2026,SICILIA,CATANIA,087056,MAZZARRONE,4015
28-09-2026,SICILIA,CATANIA,087025,MILITELLO IN VAL DI CATANIA,6623
28-09-2026,SICILIA,CATANIA,087026,MILO,1025
28-09-2026,SICILIA,CATANIA,087027,MINEO,4367
28-09-2026,SICILIA,CATANIA,087028,MIRABELLA IMBACCARI,4220
28-09-2026,SICILIA,CATANIA,087029,MISTERBIANCO,48928
28-09-2026,SICILIA,CATANIA,087030,MOTTA SANT'ANASTASIA,12299
28-09-2026,SICILIA,CATANIA,087031,NICOLOSI,7714
28-09-2026,SICILIA,CATANIA,087032,PALAGONIA,15552
28-09-2026,SICILIA,CATANIA,087033,PATERNÒ,44605
28-09-2026,SICILIA,CATANIA,087034,PEDARA,15585
28-09-2026,SICILIA,CATANIA,087035,PIEDIMONTE ETNEO,3941
28-09-2026,SICILIA,CATANIA,087036,RADDUSA,2769
28-09-2026,SICILIA,CATANIA,087058,RAGALNA,4462
28-09-2026,SICILIA,CATANIA,087037,RAMACCA,10111
28-09-2026,SICILIA,CATANIA,087038,RANDAZZO,10022
28-09-2026,SICILIA,CATANIA,087039,RIPOSTO,14079
28-09-2026,SICILIA,CATANIA,087040,SAN CONO,2473
28-09-2026,SICILIA,CATANIA,087041,SAN GIOVANNI LA PUNTA,24840
28-09-2026,SICILIA,CATANIA,087042,SAN GREGORIO DI CATANIA,11573
28-09-2026,SICILIA,CATANIA,087043,SAN MICHELE DI GANZARIA,2847
28-09-2026,SICILIA,CATANIA,087044,SAN PIETRO CLARENZA,8458
28-09-2026,SICILIA,CATANIA,087045,SANT'AGATA LI BATTIATI,9308
28-09-2026,SICILIA,CATANIA,087046,SANT'ALFIO,1494
28-09-2026,SICILIA,CATANIA,087047,SANTA MARIA DI LICODIA,7758
28-09-2026,SICILIA,CATANIA,087048,SANTA VENERINA,8599
28-09-2026,SICILIA,CATANIA,087049,SCORDIA,16032
28-09-2026,SICILIA,CATANIA,087050,TRECASTAGNI,11596
28-09-2026,SICILIA,CATANIA,087051,TREMESTIERI ETNEO,19196
28-09-2026,SICILIA,CATANIA,087052,VALVERDE,7828
28-09-2026,SICILIA,CATANIA,087053,VIAGRANDE,9107
28-09-2026,SICILIA,CATANIA,087054,VIZZINI,5643
28-09-2026,SICILIA,CATANIA,087055,ZAFFERANA ETNEA,9433
28-09-2026,SICILIA,ENNA,086001,AGIRA,7561
28-09-2026,SICILIA,ENNA,086002,AIDONE,4269
28-09-2026,SICILIA,ENNA,086003,ASSORO,4751
28-09-2026,SICILIA,ENNA,086004,BARRAFRANCA,11497
28-09-2026,SICILIA,ENNA,086005,CALASCIBETTA,3926
28-09-2026,SICILIA,ENNA,086006,CATENANUOVA,4451
28-09-2026,SICILIA,ENNA,086007,CENTURIPE,4975
28-09-2026,SICILIA,ENNA,086008,CERAMI,1879
28-09-2026,SICILIA,ENNA,086009,ENNA,24875
28-09-2026,SICILIA,ENNA,086010,GAGLIANO CASTELFERRATO,3102
28-09-2026,SICILIA,ENNA,086011,LEONFORTE,12103
28-09-2026,SICILIA,ENNA,086012,NICOSIA,12402
28-09-2026,SICILIA,ENNA,086013,NISSORIA,2805
28-09-2026,SICILIA,ENNA,086014,PIAZZA ARMERINA,20859
28-09-2026,SICILIA,ENNA,086015,PIETRAPERZIA,6201
28-09-2026,SICILIA,ENNA,086016,REGALBUTO,6681
28-09-2026,SICILIA,ENNA,086017,SPERLINGA,641
28-09-2026,SICILIA,ENNA,086018,TROINA,8186
28-09-2026,SICILIA,ENNA,086019,VALGUARNERA CAROPEPE,6734
28-09-2026,SICILIA,ENNA,086020,VILLAROSA,4274
28-09-2026,SICILIA,MESSINA,083107,ACQUEDOLCI,5512
28-09-2026,SICILIA,MESSINA,083001,ALCARA LI FUSI,1582
28-09-2026,SICILIA,MESSINA,083002,ALÌ,582
28-09-2026,SICILIA,MESSINA,083003,ALÌ TERME,2308
28-09-2026,SICILIA,MESSINA,083004,ANTILLO,754
28-09-2026,SICILIA,MESSINA,083005,BARCELLONA POZZO DI GOTTO,40153
28-09-2026,SICILIA,MESSINA,083006,BASICÒ,607
28-09-2026,SICILIA,MESSINA,083007,BROLO,5752
28-09-2026,SICILIA,MESSINA,083008,CAPIZZI,2692
28-09-2026,SICILIA,MESSINA,083009,CAPO D'ORLANDO,13129
28-09-2026,SICILIA,MESSINA,083010,CAPRI LEONE,4436
28-09-2026,SICILIA,MESSINA,083011,CARONIA,2913
28-09-2026,SICILIA,MESSINA,083012,CASALVECCHIO SICULO,665
28-09-2026,SICILIA,MESSINA,083013,CASTEL DI LUCIO,1239
28-09-2026,SICILIA,MESSINA,083014,CASTELL'UMBERTO,2734
28-09-2026,SICILIA,MESSINA,083015,CASTELMOLA,1074
28-09-2026,SICILIA,MESSINA,083016,CASTROREALE,2238
28-09-2026,SICILIA,MESSINA,083017,CESARÒ,2044
28-09-2026,SICILIA,MESSINA,083018,CONDRÒ,491
28-09-2026,SICILIA,MESSINA,083019,FALCONE,2794
28-09-2026,SICILIA,MESSINA,083020,FICARRA,1250
28-09-2026,SICILIA,MESSINA,083021,FIUMEDINISI,1240
28-09-2026,SICILIA,MESSINA,083022,FLORESTA,463
28-09-2026,SICILIA,MESSINA,083023,FONDACHELLI-FANTINA,1035
28-09-2026,SICILIA,MESSINA,083024,FORZA D'AGRÒ,847
28-09-2026,SICILIA,MESSINA,083025,FRANCAVILLA DI SICILIA,3463
28-09-2026,SICILIA,MESSINA,083026,FRAZZANÒ,516
28-09-2026,SICILIA,MESSINA,083027,FURCI SICULO,3280
28-09-2026,SICILIA,MESSINA,083028,FURNARI,4300
28-09-2026,SICILIA,MESSINA,083029,GAGGI,3168
28-09-2026,SICILIA,MESSINA,083030,GALATI MAMERTINO,2076
28-09-2026,SICILIA,MESSINA,083031,GALLODORO,321
28-09-2026,SICILIA,MESSINA,083032,GIARDINI-NAXOS,9826
28-09-2026,SICILIA,MESSINA,083033,GIOIOSA MAREA,6716
28-09-2026,SICILIA,MESSINA,083034,GRANITI,1450
28-09-2026,SICILIA,MESSINA,083035,GUALTIERI SICAMINÒ,1541
28-09-2026,SICILIA,MESSINA,083036,ITALA,1513
28-09-2026,SICILIA,MESSINA,083037,LENI,673
28-09-2026,SICILIA,MESSINA,083038,LETOJANNI,3043
28-09-2026,SICILIA,MESSINA,083039,LIBRIZZI,1523
28-09-2026,SICILIA,MESSINA,083040,LIMINA,695
28-09-2026,SICILIA,MESSINA,083041,LIPARI,13123
28-09-2026,SICILIA,MESSINA,083042,LONGI,1238
28-09-2026,SICILIA,MESSINA,083043,MALFA,1012
28-09-2026,SICILIA,MESSINA,083044,MALVAGNA,589
28-09-2026,SICILIA,MESSINA,083045,MANDANICI,458
28-09-2026,SICILIA,MESSINA,083046,MAZZARRÀ SANT'ANDREA,1374
28-09-2026,SICILIA,MESSINA,083047,MERÌ,2406
28-09-2026,SICILIA,MESSINA,083048,MESSINA,219663
28-09-2026,SICILIA,MESSINA,083049,MILAZZO,29958
28-09-2026,SICILIA,MESSINA,083050,MILITELLO ROSMARINO,1197
28-09-2026,SICILIA,MESSINA,083051,MIRTO,850
28-09-2026,SICILIA,MESSINA,083052,MISTRETTA,4167
28-09-2026,SICILIA,MESSINA,083053,MOIO ALCANTARA,669
28-09-2026,SICILIA,MESSINA,083054,MONFORTE SAN GIORGIO,2376
28-09-2026,SICILIA,MESSINA,083055,MONGIUFFI MELIA,511
28-09-2026,SICILIA,MESSINA,083056,MONTAGNAREALE,1346
28-09-2026,SICILIA,MESSINA,083057,MONTALBANO ELICONA,2076
28-09-2026,SICILIA,MESSINA,083058,MOTTA CAMASTRA,763
28-09-2026,SICILIA,MESSINA,083059,MOTTA D'AFFERMO,642
28-09-2026,SICILIA,MESSINA,083060,NASO,3340
28-09-2026,SICILIA,MESSINA,083061,NIZZA DI SICILIA,3532
28-09-2026,SICILIA,MESSINA,083062,NOVARA DI SICILIA,1044
28-09-2026,SICILIA,MESSINA,083063,OLIVERI,2200
28-09-2026,SICILIA,MESSINA,083064,PACE DEL MELA,5995
28-09-2026,SICILIA,MESSINA,083065,PAGLIARA,1109
28-09-2026,SICILIA,MESSINA,083066,PATTI,12765
28-09-2026,SICILIA,MESSINA,083067,PETTINEO,1219
28-09-2026,SICILIA,MESSINA,083068,PIRAINO,3702
28-09-2026,SICILIA,MESSINA,083069,RACCUJA,832
28-09-2026,SICILIA,MESSINA,083070,REITANO,694
28-09-2026,SICILIA,MESSINA,083071,ROCCAFIORITA,154
28-09-2026,SICILIA,MESSINA,083072,ROCCALUMERA,4210
28-09-2026,SICILIA,MESSINA,083073,ROCCAVALDINA,953
28-09-2026,SICILIA,MESSINA,083074,ROCCELLA VALDEMONE,523
28-09-2026,SICILIA,MESSINA,083075,RODÌ MILICI,1943
28-09-2026,SICILIA,MESSINA,083076,ROMETTA,6510
28-09-2026,SICILIA,MESSINA,083077,SAN FILIPPO DEL MELA,6580
28-09-2026,SICILIA,MESSINA,083078,SAN FRATELLO,3123
28-09-2026,SICILIA,MESSINA,083079,SAN MARCO D'ALUNZIO,1777
28-09-2026,SICILIA,MESSINA,083080,SAN PIER NICETO,2548
28-09-2026,SICILIA,MESSINA,083081,SAN PIERO PATTI,2514
28-09-2026,SICILIA,MESSINA,083082,SAN SALVATORE DI FITALIA,1091
28-09-2026,SICILIA,MESSINA,083090,SAN TEODORO,1178
28-09-2026,SICILIA,MESSINA,083084,SANT'AGATA DI MILITELLO,12180
28-09-2026,SICILIA,MESSINA,083085,SANT'ALESSIO SICULO,1562
28-09-2026,SICILIA,MESSINA,083088,SANT'ANGELO DI BROLO,2583
28-09-2026,SICILIA,MESSINA,083083,SANTA DOMENICA VITTORIA,831
28-09-2026,SICILIA,MESSINA,083086,SANTA LUCIA DEL MELA,4322
28-09-2026,SICILIA,MESSINA,083087,SANTA MARINA SALINA,869
28-09-2026,SICILIA,MESSINA,083089,SANTA TERESA DI RIVA,9311
28-09-2026,SICILIA,MESSINA,083091,SANTO STEFANO DI CAMASTRA,4323
28-09-2026,SICILIA,MESSINA,083092,SAPONARA,3631
28-09-2026,SICILIA,MESSINA,083093,SAVOCA,1778
28-09-2026,SICILIA,MESSINA,083094,SCALETTA ZANCLEA,1841
28-09-2026,SICILIA,MESSINA,083095,SINAGRA,2449
28-09-2026,SICILIA,MESSINA,083096,SPADAFORA,4639
28-09-2026,SICILIA,MESSINA,083097,TAORMINA,10577
28-09-2026,SICILIA,MESSINA,083106,TERME VIGLIATORE,7369
28-09-2026,SICILIA,MESSINA,083098,TORREGROTTA,7294
28-09-2026,SICILIA,MESSINA,083108,TORRENOVA,4528
28-09-2026,SICILIA,MESSINA,083099,TORTORICI,5394
28-09-2026,SICILIA,MESSINA,083100,TRIPI - ABAKAINON,685
28-09-2026,SICILIA,MESSINA,083101,TUSA,2468
28-09-2026,SICILIA,MESSINA,083102,UCRIA,838
28-09-2026,SICILIA,MESSINA,083103,VALDINA,1252
28-09-2026,SICILIA,MESSINA,083104,VENETICO,4009
28-09-2026,SICILIA,MESSINA,083105,VILLAFRANCA TIRRENA,7687
28-09-2026,SICILIA,PALERMO,082001,ALIA,3142
28-09-2026,SICILIA,PALERMO,082002,ALIMENA,1836
28-09-2026,SICILIA,PALERMO,082003,ALIMINUSA,1002
28-09-2026,SICILIA,PALERMO,082004,ALTAVILLA MILICIA,9326
28-09-2026,SICILIA,PALERMO,082005,ALTOFONTE,9787
28-09-2026,SICILIA,PALERMO,082006,BAGHERIA,53559
28-09-2026,SICILIA,PALERMO,082007,BALESTRATE,6444
28-09-2026,SICILIA,PALERMO,082008,BAUCINA,1861
28-09-2026,SICILIA,PALERMO,082009,BELMONTE MEZZAGNO,10716
28-09-2026,SICILIA,PALERMO,082010,BISACQUINO,3913
28-09-2026,SICILIA,PALERMO,082082,BLUFI,811
28-09-2026,SICILIA,PALERMO,082011,BOLOGNETTA,4119
28-09-2026,SICILIA,PALERMO,082012,BOMPIETRO,1127
28-09-2026,SICILIA,PALERMO,082013,BORGETTO,7219
28-09-2026,SICILIA,PALERMO,082014,CACCAMO,7504
28-09-2026,SICILIA,PALERMO,082015,CALTAVUTURO,3298
28-09-2026,SICILIA,PALERMO,082016,CAMPOFELICE DI FITALIA,407
28-09-2026,SICILIA,PALERMO,082017,CAMPOFELICE DI ROCCELLA,8015
28-09-2026,SICILIA,PALERMO,082018,CAMPOFIORITO,1136
28-09-2026,SICILIA,PALERMO,082019,CAMPOREALE,2835
28-09-2026,SICILIA,PALERMO,082020,CAPACI,11580
28-09-2026,SICILIA,PALERMO,082021,CARINI,42041
28-09-2026,SICILIA,PALERMO,082022,CASTELBUONO,7927
28-09-2026,SICILIA,PALERMO,082023,CASTELDACCIA,11883
28-09-2026,SICILIA,PALERMO,082024,CASTELLANA SICULA,2853
28-09-2026,SICILIA,PALERMO,082025,CASTRONOVO DI SICILIA,2737
28-09-2026,SICILIA,PALERMO,082026,CEFALÀ DIANA,948
28-09-2026,SICILIA,PALERMO,082027,CEFALÙ,13878
28-09-2026,SICILIA,PALERMO,082028,CERDA,4743
28-09-2026,SICILIA,PALERMO,082029,CHIUSA SCLAFANI,2374
28-09-2026,SICILIA,PALERMO,082030,CIMINNA,3335
28-09-2026,SICILIA,PALERMO,082031,CINISI,12406
28-09-2026,SICILIA,PALERMO,082032,COLLESANO,3655
28-09-2026,SICILIA,PALERMO,082033,CONTESSA ENTELLINA,1438
28-09-2026,SICILIA,PALERMO,082034,CORLEONE,10170
28-09-2026,SICILIA,PALERMO,082035,FICARAZZI,13122
28-09-2026,SICILIA,PALERMO,082036,GANGI,5878
28-09-2026,SICILIA,PALERMO,082037,GERACI SICULO,1631
28-09-2026,SICILIA,PALERMO,082038,GIARDINELLO,2227
28-09-2026,SICILIA,PALERMO,082039,GIULIANA,1607
28-09-2026,SICILIA,PALERMO,082040,GODRANO,960
28-09-2026,SICILIA,PALERMO,082041,GRATTERI,833
28-09-2026,SICILIA,PALERMO,082042,ISNELLO,1412
28-09-2026,SICILIA,PALERMO,082043,ISOLA DELLE FEMMINE,7049
28-09-2026,SICILIA,PALERMO,082044,LASCARI,3823
28-09-2026,SICILIA,PALERMO,082045,LERCARA FRIDDI,6033
28-09-2026,SICILIA,PALERMO,082046,MARINEO,5928
28-09-2026,SICILIA,PALERMO,082047,MEZZOJUSO,2482
28-09-2026,SICILIA,PALERMO,082048,MISILMERI,29474
28-09-2026,SICILIA,PALERMO,082049,MONREALE,39078
28-09-2026,SICILIA,PALERMO,082050,MONTELEPRE,5675
28-09-2026,SICILIA,PALERMO,082051,MONTEMAGGIORE BELSITO,2731
28-09-2026,SICILIA,PALERMO,082052,PALAZZO ADRIANO,1669
28-09-2026,SICILIA,PALERMO,082053,PALERMO,631170
28-09-2026,SICILIA,PALERMO,082054,PARTINICO,31285
28-09-2026,SICILIA,PALERMO,082055,PETRALIA SOPRANA,2783
28-09-2026,SICILIA,PALERMO,082056,PETRALIA SOTTANA,2341
28-09-2026,SICILIA,PALERMO,082057,PIANA DEGLI ALBANESI,5248
28-09-2026,SICILIA,PALERMO,082058,POLIZZI GENEROSA,2745
28-09-2026,SICILIA,PALERMO,082059,POLLINA,2811
28-09-2026,SICILIA,PALERMO,082060,PRIZZI,3972
28-09-2026,SICILIA,PALERMO,082061,ROCCAMENA,1272
28-09-2026,SICILIA,PALERMO,082062,ROCCAPALUMBA,2108
28-09-2026,SICILIA,PALERMO,082063,SAN CIPIRELLO,4789
28-09-2026,SICILIA,PALERMO,082064,SAN GIUSEPPE JATO,7929
28-09-2026,SICILIA,PALERMO,082065,SAN MAURO CASTELVERDE,1267
28-09-2026,SICILIA,PALERMO,082066,SANTA CRISTINA GELA,1015
28-09-2026,SICILIA,PALERMO,082067,SANTA FLAVIA,11095
28-09-2026,SICILIA,PALERMO,082068,SCIARA,2456
28-09-2026,SICILIA,PALERMO,082081,SCILLATO,578
28-09-2026,SICILIA,PALERMO,082069,SCLAFANI BAGNI,340
28-09-2026,SICILIA,PALERMO,082070,TERMINI IMERESE,24819
28-09-2026,SICILIA,PALERMO,082071,TERRASINI,13385
28-09-2026,SICILIA,PALERMO,082072,TORRETTA,4491
28-09-2026,SICILIA,PALERMO,082073,TRABIA,10974
28-09-2026,SICILIA,PALERMO,082074,TRAPPETO,3165
28-09-2026,SICILIA,PALERMO,082075,USTICA,1333
28-09-2026,SICILIA,PALERMO,082076,VALLEDOLMO,3019
28-09-2026,SICILIA,PALERMO,082077,VENTIMIGLIA DI SICILIA,1706
28-09-2026,SICILIA,PALERMO,082078,VICARI,2350
28-09-2026,SICILIA,PALERMO,082079,VILLABATE,19598
28-09-2026,SICILIA,PALERMO,082080,VILLAFRATI,3098
28-09-2026,SICILIA,RAGUSA,088001,ACATE,11667
28-09-2026,SICILIA,RAGUSA,088002,CHIARAMONTE GULFI,8263
28-09-2026,SICILIA,RAGUSA,088003,COMISO,30760
28-09-2026,SICILIA,RAGUSA,088004,GIARRATANA,2954
28-09-2026,SICILIA,RAGUSA,088005,ISPICA,17139
28-09-2026,SICILIA,RAGUSA,088006,MODICA,54080
28-09-2026,SICILIA,RAGUSA,088007,MONTEROSSO ALMO,2700
28-09-2026,SICILIA,RAGUSA,088008,POZZALLO,19070
28-09-2026,SICILIA,RAGUSA,088009,RAGUSA,75116
28-09-2026,SICILIA,RAGUSA,088010,SANTA CROCE CAMERINA,11949
28-09-2026,SICILIA,RAGUSA,088011,SCICLI,27203
28-09-2026,SICILIA,RAGUSA,088012,VITTORIA,67492
28-09-2026,SICILIA,SIRACUSA,089001,AUGUSTA,35213
28-09-2026,SICILIA,SIRACUSA,089002,AVOLA,30860
28-09-2026,SICILIA,SIRACUSA,089003,BUCCHERI,1677
28-09-2026,SICILIA,SIRACUSA,089004,BUSCEMI,922
28-09-2026,SICILIA,SIRACUSA,089005,CANICATTINI BAGNI,6535
28-09-2026,SICILIA,SIRACUSA,089006,CARLENTINI,16907
28-09-2026,SICILIA,SIRACUSA,089007,CASSARO,711
28-09-2026,SICILIA,SIRACUSA,089008,FERLA,2204
28-09-2026,SICILIA,SIRACUSA,089009,FLORIDIA,21292
28-09-2026,SICILIA,SIRACUSA,089010,FRANCOFONTE,11572
28-09-2026,SICILIA,SIRACUSA,089011,LENTINI,21275
28-09-2026,SICILIA,SIRACUSA,089012,MELILLI,13248
28-09-2026,SICILIA,SIRACUSA,089013,NOTO,24887
28-09-2026,SICILIA,SIRACUSA,089014,PACHINO,22940
28-09-2026,SICILIA,SIRACUSA,089015,PALAZZOLO ACREIDE,7932
28-09-2026,SICILIA,SIRACUSA,089020,PORTOPALO DI CAPO PASSERO,3928
28-09-2026,SICILIA,SIRACUSA,089021,PRIOLO GARGALLO,11049
28-09-2026,SICILIA,SIRACUSA,089016,ROSOLINI,20766
28-09-2026,SICILIA,SIRACUSA,089017,SIRACUSA,116535
28-09-2026,SICILIA,SIRACUSA,089018,SOLARINO,7535
28-09-2026,SICILIA,SIRACUSA,089019,SORTINO,7950
28-09-2026,SICILIA,TRAPANI,081001,ALCAMO,44784
28-09-2026,SICILIA,TRAPANI,081002,BUSETO PALIZZOLO,2764
28-09-2026,SICILIA,TRAPANI,081003,CALATAFIMI-SEGESTA,5951
28-09-2026,SICILIA,TRAPANI,081004,CAMPOBELLO DI MAZARA,11296
28-09-2026,SICILIA,TRAPANI,081005,CASTELLAMMARE DEL GOLFO,15009
28-09-2026,SICILIA,TRAPANI,081006,CASTELVETRANO,29947
28-09-2026,SICILIA,TRAPANI,081007,CUSTONACI,5315
28-09-2026,SICILIA,TRAPANI,081008,ERICE,25738
28-09-2026,SICILIA,TRAPANI,081009,FAVIGNANA,4575
28-09-2026,SICILIA,TRAPANI,081010,GIBELLINA,3657
28-09-2026,SICILIA,TRAPANI,081011,MARSALA,80070
28-09-2026,SICILIA,TRAPANI,081012,MAZARA DEL VALLO,50479
28-09-2026,SICILIA,TRAPANI,081025,MISILISCEMI,8347
28-09-2026,SICILIA,TRAPANI,081013,PACECO,10566
28-09-2026,SICILIA,TRAPANI,081014,PANTELLERIA,7280
28-09-2026,SICILIA,TRAPANI,081015,PARTANNA,9899
28-09-2026,SICILIA,TRAPANI,081024,PETROSINO,8025
28-09-2026,SICILIA,TRAPANI,081016,POGGIOREALE,1278
28-09-2026,SICILIA,TRAPANI,081017,SALAPARUTA,1565
28-09-2026,SICILIA,TRAPANI,081018,SALEMI,9739
28-09-2026,SICILIA,TRAPANI,081020,SAN VITO LO CAPO,4916
28-09-2026,SICILIA,TRAPANI,081019,SANTA NINFA,4701
28-09-2026,SICILIA,TRAPANI,081021,TRAPANI,55213
28-09-2026,SICILIA,TRAPANI,081022,VALDERICE,11272
28-09-2026,SICILIA,TRAPANI,081023,VITA,1686
28-09-2026,TOSCANA,AREZZO,051001,ANGHIARI,5319
28-09-2026,TOSCANA,AREZZO,051002,AREZZO,97866
28-09-2026,TOSCANA,AREZZO,051003,BADIA TEDALDA,948
28-09-2026,TOSCANA,AREZZO,051004,BIBBIENA,11940
28-09-2026,TOSCANA,AREZZO,051005,BUCINE,9937
28-09-2026,TOSCANA,AREZZO,051006,CAPOLONA,5197
28-09-2026,TOSCANA,AREZZO,051007,CAPRESE MICHELANGELO,1341
28-09-2026,TOSCANA,AREZZO,051008,CASTEL FOCOGNANO,2920
28-09-2026,TOSCANA,AREZZO,051010,CASTEL SAN NICCOLÒ,2458
28-09-2026,TOSCANA,AREZZO,051040,CASTELFRANCO PIANDISCÒ,9785
28-09-2026,TOSCANA,AREZZO,051011,CASTIGLION FIBOCCHI,2092
28-09-2026,TOSCANA,AREZZO,051012,CASTIGLION FIORENTINO,12879
28-09-2026,TOSCANA,AREZZO,051013,CAVRIGLIA,9523
28-09-2026,TOSCANA,AREZZO,051014,CHITIGNANO,877
28-09-2026,TOSCANA,AREZZO,051015,CHIUSI DELLA VERNA,1882
28-09-2026,TOSCANA,AREZZO,051016,CIVITELLA IN VAL DI CHIANA,8627
28-09-2026,TOSCANA,AREZZO,051017,CORTONA,20764
28-09-2026,TOSCANA,AREZZO,051018,FOIANO DELLA CHIANA,9014
28-09-2026,TOSCANA,AREZZO,051042,LATERINA PERGINE VALDARNO,6309
28-09-2026,TOSCANA,AREZZO,051020,LORO CIUFFENNA,5876
28-09-2026,TOSCANA,AREZZO,051021,LUCIGNANO,3417
28-09-2026,TOSCANA,AREZZO,051022,MARCIANO DELLA CHIANA,3535
28-09-2026,TOSCANA,AREZZO,051025,MONTE SAN SAVINO,8649
28-09-2026,TOSCANA,AREZZO,051023,MONTEMIGNAIO,506
28-09-2026,TOSCANA,AREZZO,051024,MONTERCHI,1708
28-09-2026,TOSCANA,AREZZO,051026,MONTEVARCHI,24381
28-09-2026,TOSCANA,AREZZO,051027,ORTIGNANO RAGGIOLO,830
28-09-2026,TOSCANA,AREZZO,051030,PIEVE SANTO STEFANO,2963
28-09-2026,TOSCANA,AREZZO,051031,POPPI,5745
28-09-2026,TOSCANA,AREZZO,051041,PRATOVECCHIO STIA,5444
28-09-2026,TOSCANA,AREZZO,051033,SAN GIOVANNI VALDARNO,16765
28-09-2026,TOSCANA,AREZZO,051034,SANSEPOLCRO,15238
28-09-2026,TOSCANA,AREZZO,051035,SESTINO,1150
28-09-2026,TOSCANA,AREZZO,051037,SUBBIANO,6466
28-09-2026,TOSCANA,AREZZO,051038,TALLA,971
28-09-2026,TOSCANA,AREZZO,051039,TERRANUOVA BRACCIOLINI,12163
28-09-2026,TOSCANA,FIRENZE,048001,BAGNO A RIPOLI,24894
28-09-2026,TOSCANA,FIRENZE,048002,BARBERINO DI MUGELLO,11090
28-09-2026,TOSCANA,FIRENZE,048054,BARBERINO TAVARNELLE,12004
28-09-2026,TOSCANA,FIRENZE,048004,BORGO SAN LORENZO,18530
28-09-2026,TOSCANA,FIRENZE,048005,CALENZANO,17955
28-09-2026,TOSCANA,FIRENZE,048006,CAMPI BISENZIO,48302
28-09-2026,TOSCANA,FIRENZE,048008,CAPRAIA E LIMITE,7799
28-09-2026,TOSCANA,FIRENZE,048010,CASTELFIORENTINO,17575
28-09-2026,TOSCANA,FIRENZE,048011,CERRETO GUIDI,10744
28-09-2026,TOSCANA,FIRENZE,048012,CERTALDO,15770
28-09-2026,TOSCANA,FIRENZE,048013,DICOMANO,5669
28-09-2026,TOSCANA,FIRENZE,048014,EMPOLI,50186
28-09-2026,TOSCANA,FIRENZE,048015,FIESOLE,13950
28-09-2026,TOSCANA,FIRENZE,048052,FIGLINE E INCISA VALDARNO,23487
28-09-2026,TOSCANA,FIRENZE,048017,FIRENZE,362297
28-09-2026,TOSCANA,FIRENZE,048018,FIRENZUOLA,4444
28-09-2026,TOSCANA,FIRENZE,048019,FUCECCHIO,23034
28-09-2026,TOSCANA,FIRENZE,048020,GAMBASSI TERME,4847
28-09-2026,TOSCANA,FIRENZE,048021,GREVE IN CHIANTI,13441
28-09-2026,TOSCANA,FIRENZE,048022,IMPRUNETA,14242
28-09-2026,TOSCANA,FIRENZE,048024,LASTRA A SIGNA,20101
28-09-2026,TOSCANA,FIRENZE,048025,LONDA,1860
28-09-2026,TOSCANA,FIRENZE,048026,MARRADI,2822
28-09-2026,TOSCANA,FIRENZE,048027,MONTAIONE,3483
28-09-2026,TOSCANA,FIRENZE,048028,MONTELUPO FIORENTINO,14354
28-09-2026,TOSCANA,FIRENZE,048030,MONTESPERTOLI,13274
28-09-2026,TOSCANA,FIRENZE,048031,PALAZZUOLO SUL SENIO,1100
28-09-2026,TOSCANA,FIRENZE,048032,PELAGO,7977
28-09-2026,TOSCANA,FIRENZE,048033,PONTASSIEVE,20362
28-09-2026,TOSCANA,FIRENZE,048035,REGGELLO,16665
28-09-2026,TOSCANA,FIRENZE,048036,RIGNANO SULL'ARNO,8449
28-09-2026,TOSCANA,FIRENZE,048037,RUFINA,7112
28-09-2026,TOSCANA,FIRENZE,048038,SAN CASCIANO IN VAL DI PESA,16323
28-09-2026,TOSCANA,FIRENZE,048039,SAN GODENZO,1147
28-09-2026,TOSCANA,FIRENZE,048041,SCANDICCI,49589
28-09-2026,TOSCANA,FIRENZE,048053,SCARPERIA E SAN PIERO,11944
28-09-2026,TOSCANA,FIRENZE,048043,SESTO FIORENTINO,49205
28-09-2026,TOSCANA,FIRENZE,048044,SIGNA,18934
28-09-2026,TOSCANA,FIRENZE,048046,VAGLIA,5263
28-09-2026,TOSCANA,FIRENZE,048049,VICCHIO,8144
28-09-2026,TOSCANA,FIRENZE,048050,VINCI,14585
28-09-2026,TOSCANA,GROSSETO,053001,ARCIDOSSO,4322
28-09-2026,TOSCANA,GROSSETO,053002,CAMPAGNATICO,2352
28-09-2026,TOSCANA,GROSSETO,053003,CAPALBIO,3660
28-09-2026,TOSCANA,GROSSETO,053004,CASTEL DEL PIANO,4853
28-09-2026,TOSCANA,GROSSETO,053005,CASTELL'AZZARA,1276
28-09-2026,TOSCANA,GROSSETO,053006,CASTIGLIONE DELLA PESCAIA,7145
28-09-2026,TOSCANA,GROSSETO,053007,CINIGIANO,2531
28-09-2026,TOSCANA,GROSSETO,053008,CIVITELLA PAGANICO,2965
28-09-2026,TOSCANA,GROSSETO,053009,FOLLONICA,20012
28-09-2026,TOSCANA,GROSSETO,053010,GAVORRANO,8470
28-09-2026,TOSCANA,GROSSETO,053011,GROSSETO,81977
28-09-2026,TOSCANA,GROSSETO,053012,ISOLA DEL GIGLIO,1298
28-09-2026,TOSCANA,GROSSETO,053013,MAGLIANO IN TOSCANA,3243
28-09-2026,TOSCANA,GROSSETO,053014,MANCIANO,6855
28-09-2026,TOSCANA,GROSSETO,053015,MASSA MARITTIMA,8165
28-09-2026,TOSCANA,GROSSETO,053016,MONTE ARGENTARIO,11679
28-09-2026,TOSCANA,GROSSETO,053027,MONTEROTONDO MARITTIMO,1272
28-09-2026,TOSCANA,GROSSETO,053017,MONTIERI,1208
28-09-2026,TOSCANA,GROSSETO,053018,ORBETELLO,13960
28-09-2026,TOSCANA,GROSSETO,053019,PITIGLIANO,3520
28-09-2026,TOSCANA,GROSSETO,053020,ROCCALBEGNA,902
28-09-2026,TOSCANA,GROSSETO,053021,ROCCASTRADA,8842
28-09-2026,TOSCANA,GROSSETO,053022,SANTA FIORA,2540
28-09-2026,TOSCANA,GROSSETO,053023,SCANSANO,4316
28-09-2026,TOSCANA,GROSSETO,053024,SCARLINO,3717
28-09-2026,TOSCANA,GROSSETO,053025,SEGGIANO,1046
28-09-2026,TOSCANA,GROSSETO,053028,SEMPRONIANO,995
28-09-2026,TOSCANA,GROSSETO,053026,SORANO,2980
28-09-2026,TOSCANA,LIVORNO,049001,BIBBONA,3221
28-09-2026,TOSCANA,LIVORNO,049002,CAMPIGLIA MARITTIMA,12285
28-09-2026,TOSCANA,LIVORNO,049003,CAMPO NELL'ELBA,4684
28-09-2026,TOSCANA,LIVORNO,049004,CAPOLIVERI,4251
28-09-2026,TOSCANA,LIVORNO,049005,CAPRAIA ISOLA,364
28-09-2026,TOSCANA,LIVORNO,049006,CASTAGNETO CARDUCCI,8670
28-09-2026,TOSCANA,LIVORNO,049007,CECINA,28281
28-09-2026,TOSCANA,LIVORNO,049008,COLLESALVETTI,16337
28-09-2026,TOSCANA,LIVORNO,049009,LIVORNO,153096
28-09-2026,TOSCANA,LIVORNO,049010,MARCIANA,2053
28-09-2026,TOSCANA,LIVORNO,049011,MARCIANA MARINA,1883
28-09-2026,TOSCANA,LIVORNO,049012,PIOMBINO,32363
28-09-2026,TOSCANA,LIVORNO,049013,PORTO AZZURRO,3686
28-09-2026,TOSCANA,LIVORNO,049014,PORTOFERRAIO,11802
28-09-2026,TOSCANA,LIVORNO,049021,RIO,3529
28-09-2026,TOSCANA,LIVORNO,049017,ROSIGNANO MARITTIMO,30321
28-09-2026,TOSCANA,LIVORNO,049018,SAN VINCENZO,6312
28-09-2026,TOSCANA,LIVORNO,049019,SASSETTA,538
28-09-2026,TOSCANA,LIVORNO,049020,SUVERETO,2913
28-09-2026,TOSCANA,LUCCA,046001,ALTOPASCIO,16365
28-09-2026,TOSCANA,LUCCA,046002,BAGNI DI LUCCA,5535
28-09-2026,TOSCANA,LUCCA,046003,BARGA,9576
28-09-2026,TOSCANA,LUCCA,046004,BORGO A MOZZANO,6767
28-09-2026,TOSCANA,LUCCA,046005,CAMAIORE,31961
28-09-2026,TOSCANA,LUCCA,046006,CAMPORGIANO,1982
28-09-2026,TOSCANA,LUCCA,046007,CAPANNORI,47187
28-09-2026,TOSCANA,LUCCA,046008,CAREGGINE,496
28-09-2026,TOSCANA,LUCCA,046009,CASTELNUOVO DI GARFAGNANA,5688
28-09-2026,TOSCANA,LUCCA,046010,CASTIGLIONE DI GARFAGNANA,1687
28-09-2026,TOSCANA,LUCCA,046011,COREGLIA ANTELMINELLI,5084
28-09-2026,TOSCANA,LUCCA,046036,FABBRICHE DI VERGEMOLI,671
28-09-2026,TOSCANA,LUCCA,046013,FORTE DEI MARMI,6523
28-09-2026,TOSCANA,LUCCA,046014,FOSCIANDORA,559
28-09-2026,TOSCANA,LUCCA,046015,GALLICANO,3616
28-09-2026,TOSCANA,LUCCA,046017,LUCCA,89452
28-09-2026,TOSCANA,LUCCA,046018,MASSAROSA,21844
28-09-2026,TOSCANA,LUCCA,046019,MINUCCIANO,1717
28-09-2026,TOSCANA,LUCCA,046020,MOLAZZANA,953
28-09-2026,TOSCANA,LUCCA,046021,MONTECARLO,4297
28-09-2026,TOSCANA,LUCCA,046022,PESCAGLIA,3253
28-09-2026,TOSCANA,LUCCA,046023,PIAZZA AL SERCHIO,2028
28-09-2026,TOSCANA,LUCCA,046024,PIETRASANTA,22756
28-09-2026,TOSCANA,LUCCA,046025,PIEVE FOSCIANA,2216
28-09-2026,TOSCANA,LUCCA,046026,PORCARI,8927
28-09-2026,TOSCANA,LUCCA,046027,SAN ROMANO IN GARFAGNANA,1291
28-09-2026,TOSCANA,LUCCA,046028,SERAVEZZA,12329
28-09-2026,TOSCANA,LUCCA,046037,SILLANO GIUNCUGNANO,941
28-09-2026,TOSCANA,LUCCA,046030,STAZZEMA,2879
28-09-2026,TOSCANA,LUCCA,046031,VAGLI SOTTO,749
28-09-2026,TOSCANA,LUCCA,046033,VIAREGGIO,61060
28-09-2026,TOSCANA,LUCCA,046034,VILLA BASILICA,1472
28-09-2026,TOSCANA,LUCCA,046035,VILLA COLLEMANDINA,1164
28-09-2026,TOSCANA,MASSA E CARRARA,045001,AULLA,11037
28-09-2026,TOSCANA,MASSA E CARRARA,045002,BAGNONE,1709
28-09-2026,TOSCANA,MASSA E CARRARA,045003,CARRARA,60586
28-09-2026,TOSCANA,MASSA E CARRARA,045004,CASOLA IN LUNIGIANA,879
28-09-2026,TOSCANA,MASSA E CARRARA,045005,COMANO,643
28-09-2026,TOSCANA,MASSA E CARRARA,045006,FILATTIERA,2162
28-09-2026,TOSCANA,MASSA E CARRARA,045007,FIVIZZANO,6862
28-09-2026,TOSCANA,MASSA E CARRARA,045008,FOSDINOVO,4628
28-09-2026,TOSCANA,MASSA E CARRARA,045009,LICCIANA NARDI,4744
28-09-2026,TOSCANA,MASSA E CARRARA,045010,MASSA,66430
28-09-2026,TOSCANA,MASSA E CARRARA,045011,MONTIGNOSO,10067
28-09-2026,TOSCANA,MASSA E CARRARA,045012,MULAZZO,2269
28-09-2026,TOSCANA,MASSA E CARRARA,045013,PODENZANA,2158
28-09-2026,TOSCANA,MASSA E CARRARA,045014,PONTREMOLI,6906
28-09-2026,TOSCANA,MASSA E CARRARA,045015,TRESANA,1879
28-09-2026,TOSCANA,MASSA E CARRARA,045016,VILLAFRANCA IN LUNIGIANA,4800
28-09-2026,TOSCANA,MASSA E CARRARA,045017,ZERI,865
28-09-2026,TOSCANA,PISA,050001,BIENTINA,8719
28-09-2026,TOSCANA,PISA,050002,BUTI,5525
28-09-2026,TOSCANA,PISA,050003,CALCI,6280
28-09-2026,TOSCANA,PISA,050004,CALCINAIA,12845
28-09-2026,TOSCANA,PISA,050005,CAPANNOLI,6331
28-09-2026,TOSCANA,PISA,050006,CASALE MARITTIMO,1046
28-09-2026,TOSCANA,PISA,050040,CASCIANA TERME LARI,12275
28-09-2026,TOSCANA,PISA,050008,CASCINA,44911
28-09-2026,TOSCANA,PISA,050009,CASTELFRANCO DI SOTTO,13850
28-09-2026,TOSCANA,PISA,050010,CASTELLINA MARITTIMA,1991
28-09-2026,TOSCANA,PISA,050011,CASTELNUOVO DI VAL DI CECINA,2098
28-09-2026,TOSCANA,PISA,050012,CHIANNI,1283
28-09-2026,TOSCANA,PISA,050041,CRESPINA LORENZANA,5356
28-09-2026,TOSCANA,PISA,050014,FAUGLIA,3644
28-09-2026,TOSCANA,PISA,050015,GUARDISTALLO,1226
28-09-2026,TOSCANA,PISA,050016,LAJATICO,1239
28-09-2026,TOSCANA,PISA,050019,MONTECATINI VAL DI CECINA,1705
28-09-2026,TOSCANA,PISA,050020,MONTESCUDAIO,2209
28-09-2026,TOSCANA,PISA,050021,MONTEVERDI MARITTIMO,798
28-09-2026,TOSCANA,PISA,050022,MONTOPOLI IN VAL D'ARNO,11317
28-09-2026,TOSCANA,PISA,050023,ORCIANO PISANO,628
28-09-2026,TOSCANA,PISA,050024,PALAIA,4570
28-09-2026,TOSCANA,PISA,050025,PECCIOLI,4601
28-09-2026,TOSCANA,PISA,050026,PISA,92233
28-09-2026,TOSCANA,PISA,050027,POMARANCE,5331
28-09-2026,TOSCANA,PISA,050028,PONSACCO,15940
28-09-2026,TOSCANA,PISA,050029,PONTEDERA,30530
28-09-2026,TOSCANA,PISA,050030,RIPARBELLA,1706
28-09-2026,TOSCANA,PISA,050031,SAN GIULIANO TERME,31084
28-09-2026,TOSCANA,PISA,050032,SAN MINIATO,27890
28-09-2026,TOSCANA,PISA,050033,SANTA CROCE SULL'ARNO,15189
28-09-2026,TOSCANA,PISA,050034,SANTA LUCE,1591
28-09-2026,TOSCANA,PISA,050035,SANTA MARIA A MONTE,13525
28-09-2026,TOSCANA,PISA,050036,TERRICCIOLA,4378
28-09-2026,TOSCANA,PISA,050037,VECCHIANO,11945
28-09-2026,TOSCANA,PISA,050038,VICOPISANO,8601
28-09-2026,TOSCANA,PISA,050039,VOLTERRA,9257
28-09-2026,TOSCANA,PISTOIA,047023,ABETONE CUTIGLIANO,1800
28-09-2026,TOSCANA,PISTOIA,047002,AGLIANA,17998
28-09-2026,TOSCANA,PISTOIA,047003,BUGGIANO,8785
28-09-2026,TOSCANA,PISTOIA,047022,CHIESINA UZZANESE,4652
28-09-2026,TOSCANA,PISTOIA,047005,LAMPORECCHIO,7407
28-09-2026,TOSCANA,PISTOIA,047006,LARCIANO,6334
28-09-2026,TOSCANA,PISTOIA,047007,MARLIANA,3404
28-09-2026,TOSCANA,PISTOIA,047008,MASSA E COZZILE,7811
28-09-2026,TOSCANA,PISTOIA,047009,MONSUMMANO TERME,20968
28-09-2026,TOSCANA,PISTOIA,047010,MONTALE,10424
28-09-2026,TOSCANA,PISTOIA,047011,MONTECATINI-TERME,22147
28-09-2026,TOSCANA,PISTOIA,047012,PESCIA,19471
28-09-2026,TOSCANA,PISTOIA,047013,PIEVE A NIEVOLE,9325
28-09-2026,TOSCANA,PISTOIA,047014,PISTOIA,89639
28-09-2026,TOSCANA,PISTOIA,047016,PONTE BUGGIANESE,8937
28-09-2026,TOSCANA,PISTOIA,047017,QUARRATA,27098
28-09-2026,TOSCANA,PISTOIA,047018,SAMBUCA PISTOIESE,1442
28-09-2026,TOSCANA,PISTOIA,047024,SAN MARCELLO PITEGLIO,7445
28-09-2026,TOSCANA,PISTOIA,047020,SERRAVALLE PISTOIESE,11847
28-09-2026,TOSCANA,PISTOIA,047021,UZZANO,5648
28-09-2026,TOSCANA,PRATO,100001,CANTAGALLO,3093
28-09-2026,TOSCANA,PRATO,100002,CARMIGNANO,14486
28-09-2026,TOSCANA,PRATO,100003,MONTEMURLO,19179
28-09-2026,TOSCANA,PRATO,100004,POGGIO A CAIANO,9794
28-09-2026,TOSCANA,PRATO,100005,PRATO,197619
28-09-2026,TOSCANA,PRATO,100006,VAIANO,10129
28-09-2026,TOSCANA,PRATO,100007,VERNIO,6245
28-09-2026,TOSCANA,SIENA,052001,ABBADIA SAN SALVATORE,6249
28-09-2026,TOSCANA,SIENA,052002,ASCIANO,6760
28-09-2026,TOSCANA,SIENA,052003,BUONCONVENTO,2966
28-09-2026,TOSCANA,SIENA,052004,CASOLE D'ELSA,3634
28-09-2026,TOSCANA,SIENA,052005,CASTELLINA IN CHIANTI,2675
28-09-2026,TOSCANA,SIENA,052006,CASTELNUOVO BERARDENGA,8751
28-09-2026,TOSCANA,SIENA,052007,CASTIGLIONE D'ORCIA,2041
28-09-2026,TOSCANA,SIENA,052008,CETONA,2412
28-09-2026,TOSCANA,SIENA,052009,CHIANCIANO TERME,7193
28-09-2026,TOSCANA,SIENA,052010,CHIUSDINO,1765
28-09-2026,TOSCANA,SIENA,052011,CHIUSI,8093
28-09-2026,TOSCANA,SIENA,052012,COLLE DI VAL D'ELSA,21613
28-09-2026,TOSCANA,SIENA,052013,GAIOLE IN CHIANTI,2446
28-09-2026,TOSCANA,SIENA,052037,MONTALCINO,5567
28-09-2026,TOSCANA,SIENA,052015,MONTEPULCIANO,12988
28-09-2026,TOSCANA,SIENA,052016,MONTERIGGIONI,10084
28-09-2026,TOSCANA,SIENA,052017,MONTERONI D'ARBIA,9063
28-09-2026,TOSCANA,SIENA,052018,MONTICIANO,1652
28-09-2026,TOSCANA,SIENA,052019,MURLO,2492
28-09-2026,TOSCANA,SIENA,052020,PIANCASTAGNAIO,3823
28-09-2026,TOSCANA,SIENA,052021,PIENZA,1879
28-09-2026,TOSCANA,SIENA,052022,POGGIBONSI,28044
28-09-2026,TOSCANA,SIENA,052023,RADDA IN CHIANTI,1430
28-09-2026,TOSCANA,SIENA,052024,RADICOFANI,1015
28-09-2026,TOSCANA,SIENA,052025,RADICONDOLI,949
28-09-2026,TOSCANA,SIENA,052026,RAPOLANO TERME,5199
28-09-2026,TOSCANA,SIENA,052027,SAN CASCIANO DEI BAGNI,1428
28-09-2026,TOSCANA,SIENA,052028,SAN GIMIGNANO,7490
28-09-2026,TOSCANA,SIENA,052030,SAN QUIRICO D'ORCIA,2546
28-09-2026,TOSCANA,SIENA,052031,SARTEANO,4496
28-09-2026,TOSCANA,SIENA,052032,SIENA,53593
28-09-2026,TOSCANA,SIENA,052033,SINALUNGA,12241
28-09-2026,TOSCANA,SIENA,052034,SOVICILLE,9855
28-09-2026,TOSCANA,SIENA,052035,TORRITA DI SIENA,6996
28-09-2026,TOSCANA,SIENA,052036,TREQUANDA,1094
28-09-2026,TRENTINO ALTO ADIGE,BOLZANO/BOZEN,021001,ALDINO,1595
28-09-2026,TRENTINO ALTO ADIGE,BOLZANO/BOZEN,021002,ANDRIANO,1045
28-09-2026,TRENTINO ALTO ADIGE,BOLZANO/BOZEN,021003,ANTERIVO,387
28-09-2026,TRENTINO ALTO ADIGE,BOLZANO/BOZEN,021004,APPIANO SULLA STRADA DEL VINO,15085
28-09-2026,TRENTINO ALTO ADIGE,BOLZANO/BOZEN,021005,AVELENGO,831
28-09-2026,TRENTINO ALTO ADIGE,BOLZANO/BOZEN,021006,BADIA,3495
28-09-2026,TRENTINO ALTO ADIGE,BOLZANO/BOZEN,021007,BARBIANO,1804
28-09-2026,TRENTINO ALTO ADIGE,BOLZANO/BOZEN,021008,BOLZANO,107276
28-09-2026,TRENTINO ALTO ADIGE,BOLZANO/BOZEN,021009,BRAIES,700
28-09-2026,TRENTINO ALTO ADIGE,BOLZANO/BOZEN,021010,BRENNERO,2440
28-09-2026,TRENTINO ALTO ADIGE,BOLZANO/BOZEN,021011,BRESSANONE,23509
28-09-2026,TRENTINO ALTO ADIGE,BOLZANO/BOZEN,021012,BRONZOLO,2811
28-09-2026,TRENTINO ALTO ADIGE,BOLZANO/BOZEN,021013,BRUNICO,17255
28-09-2026,TRENTINO ALTO ADIGE,BOLZANO/BOZEN,021014,CAINES,374
28-09-2026,TRENTINO ALTO ADIGE,BOLZANO/BOZEN,021015,CALDARO SULLA STRADA DEL VINO,8321
28-09-2026,TRENTINO ALTO ADIGE,BOLZANO/BOZEN,021016,CAMPO DI TRENS,2769
28-09-2026,TRENTINO ALTO ADIGE,BOLZANO/BOZEN,021017,CAMPO TURES,5932
28-09-2026,TRENTINO ALTO ADIGE,BOLZANO/BOZEN,021018,CASTELBELLO-CIARDES,2395
28-09-2026,TRENTINO ALTO ADIGE,BOLZANO/BOZEN,021019,CASTELROTTO,7074
28-09-2026,TRENTINO ALTO ADIGE,BOLZANO/BOZEN,021020,CERMES,1641
28-09-2026,TRENTINO ALTO ADIGE,BOLZANO/BOZEN,021021,CHIENES,3079
28-09-2026,TRENTINO ALTO ADIGE,BOLZANO/BOZEN,021022,CHIUSA,5209
28-09-2026,TRENTINO ALTO ADIGE,BOLZANO/BOZEN,021023,CORNEDO ALL'ISARCO,3462
28-09-2026,TRENTINO ALTO ADIGE,BOLZANO/BOZEN,021024,CORTACCIA SULLA STRADA DEL VINO,2255
28-09-2026,TRENTINO ALTO ADIGE,BOLZANO/BOZEN,021025,CORTINA SULLA STRADA DEL VINO,699
28-09-2026,TRENTINO ALTO ADIGE,BOLZANO/BOZEN,021026,CORVARA IN BADIA,1359
28-09-2026,TRENTINO ALTO ADIGE,BOLZANO/BOZEN,021027,CURON VENOSTA,2407
28-09-2026,TRENTINO ALTO ADIGE,BOLZANO/BOZEN,021028,DOBBIACO,3471
28-09-2026,TRENTINO ALTO ADIGE,BOLZANO/BOZEN,021029,EGNA,5505
28-09-2026,TRENTINO ALTO ADIGE,BOLZANO/BOZEN,021030,FALZES,3221
28-09-2026,TRENTINO ALTO ADIGE,BOLZANO/BOZEN,021031,FIÈ ALLO SCILIAR,3762
28-09-2026,TRENTINO ALTO ADIGE,BOLZANO/BOZEN,021032,FORTEZZA,1171
28-09-2026,TRENTINO ALTO ADIGE,BOLZANO/BOZEN,021033,FUNES,2567
28-09-2026,TRENTINO ALTO ADIGE,BOLZANO/BOZEN,021034,GAIS,3314
28-09-2026,TRENTINO ALTO ADIGE,BOLZANO/BOZEN,021035,GARGAZZONE,1801
28-09-2026,TRENTINO ALTO ADIGE,BOLZANO/BOZEN,021036,GLORENZA,939
28-09-2026,TRENTINO ALTO ADIGE,BOLZANO/BOZEN,021117,LA VALLE,1425
28-09-2026,TRENTINO ALTO ADIGE,BOLZANO/BOZEN,021037,LACES,5296
28-09-2026,TRENTINO ALTO ADIGE,BOLZANO/BOZEN,021038,LAGUNDO,5026
28-09-2026,TRENTINO ALTO ADIGE,BOLZANO/BOZEN,021039,LAION,2899
28-09-2026,TRENTINO ALTO ADIGE,BOLZANO/BOZEN,021040,LAIVES,18780
28-09-2026,TRENTINO ALTO ADIGE,BOLZANO/BOZEN,021041,LANA,12718
28-09-2026,TRENTINO ALTO ADIGE,BOLZANO/BOZEN,021042,LASA,4205
28-09-2026,TRENTINO ALTO ADIGE,BOLZANO/BOZEN,021043,LAUREGNO,309
28-09-2026,TRENTINO ALTO ADIGE,BOLZANO/BOZEN,021044,LUSON,1585
28-09-2026,TRENTINO ALTO ADIGE,BOLZANO/BOZEN,021045,MAGRÈ SULLA STRADA DEL VINO,1307
28-09-2026,TRENTINO ALTO ADIGE,BOLZANO/BOZEN,021046,MALLES VENOSTA,5283
28-09-2026,TRENTINO ALTO ADIGE,BOLZANO/BOZEN,021047,MAREBBE,3205
28-09-2026,TRENTINO ALTO ADIGE,BOLZANO/BOZEN,021048,MARLENGO,2881
28-09-2026,TRENTINO ALTO ADIGE,BOLZANO/BOZEN,021049,MARTELLO,848
28-09-2026,TRENTINO ALTO ADIGE,BOLZANO/BOZEN,021050,MELTINA,1733
28-09-2026,TRENTINO ALTO ADIGE,BOLZANO/BOZEN,021051,MERANO,42293
28-09-2026,TRENTINO ALTO ADIGE,BOLZANO/BOZEN,021052,MONGUELFO-TESIDO,2916
28-09-2026,TRENTINO ALTO ADIGE,BOLZANO/BOZEN,021053,MONTAGNA SULLA STRADA DEL VINO,1791
28-09-2026,TRENTINO ALTO ADIGE,BOLZANO/BOZEN,021054,MOSO IN PASSIRIA,2033
28-09-2026,TRENTINO ALTO ADIGE,BOLZANO/BOZEN,021055,NALLES,2111
28-09-2026,TRENTINO ALTO ADIGE,BOLZANO/BOZEN,021056,NATURNO,6117
28-09-2026,TRENTINO ALTO ADIGE,BOLZANO/BOZEN,021057,NAZ-SCIAVES,3523
28-09-2026,TRENTINO ALTO ADIGE,BOLZANO/BOZEN,021058,NOVA LEVANTE,2117
28-09-2026,TRENTINO ALTO ADIGE,BOLZANO/BOZEN,021059,NOVA PONENTE,4123
28-09-2026,TRENTINO ALTO ADIGE,BOLZANO/BOZEN,021060,ORA,3885
28-09-2026,TRENTINO ALTO ADIGE,BOLZANO/BOZEN,021061,ORTISEI,4684
28-09-2026,TRENTINO ALTO ADIGE,BOLZANO/BOZEN,021062,PARCINES,4013
28-09-2026,TRENTINO ALTO ADIGE,BOLZANO/BOZEN,021063,PERCA,1783
28-09-2026,TRENTINO ALTO ADIGE,BOLZANO/BOZEN,021064,PLAUS,757
28-09-2026,TRENTINO ALTO ADIGE,BOLZANO/BOZEN,021065,PONTE GARDENA,277
28-09-2026,TRENTINO ALTO ADIGE,BOLZANO/BOZEN,021066,POSTAL,2061
28-09-2026,TRENTINO ALTO ADIGE,BOLZANO/BOZEN,021067,PRATO ALLO STELVIO,3864
28-09-2026,TRENTINO ALTO ADIGE,BOLZANO/BOZEN,021068,PREDOI,508
28-09-2026,TRENTINO ALTO ADIGE,BOLZANO/BOZEN,021069,PROVES,245
28-09-2026,TRENTINO ALTO ADIGE,BOLZANO/BOZEN,021070,RACINES,4698
28-09-2026,TRENTINO ALTO ADIGE,BOLZANO/BOZEN,021071,RASUN-ANTERSELVA,2909
28-09-2026,TRENTINO ALTO ADIGE,BOLZANO/BOZEN,021072,RENON,8414
28-09-2026,TRENTINO ALTO ADIGE,BOLZANO/BOZEN,021073,RIFIANO,1406
28-09-2026,TRENTINO ALTO ADIGE,BOLZANO/BOZEN,021074,RIO DI PUSTERIA,3295
28-09-2026,TRENTINO ALTO ADIGE,BOLZANO/BOZEN,021075,RODENGO,1296
28-09-2026,TRENTINO ALTO ADIGE,BOLZANO/BOZEN,021076,SALORNO SULLA STRADA DEL VINO,3832
28-09-2026,TRENTINO ALTO ADIGE,BOLZANO/BOZEN,021077,SAN CANDIDO,3311
28-09-2026,TRENTINO ALTO ADIGE,BOLZANO/BOZEN,021079,SAN GENESIO ATESINO,3077
28-09-2026,TRENTINO ALTO ADIGE,BOLZANO/BOZEN,021080,SAN LEONARDO IN PASSIRIA,3687
28-09-2026,TRENTINO ALTO ADIGE,BOLZANO/BOZEN,021081,SAN LORENZO DI SEBATO,3997
28-09-2026,TRENTINO ALTO ADIGE,BOLZANO/BOZEN,021082,SAN MARTINO IN BADIA,1794
28-09-2026,TRENTINO ALTO ADIGE,BOLZANO/BOZEN,021083,SAN MARTINO IN PASSIRIA,3333
28-09-2026,TRENTINO ALTO ADIGE,BOLZANO/BOZEN,021084,SAN PANCRAZIO,1562
28-09-2026,TRENTINO ALTO ADIGE,BOLZANO/BOZEN,021085,SANTA CRISTINA VALGARDENA,2030
28-09-2026,TRENTINO ALTO ADIGE,BOLZANO/BOZEN,021086,SARENTINO,7287
28-09-2026,TRENTINO ALTO ADIGE,BOLZANO/BOZEN,021087,SCENA,3054
28-09-2026,TRENTINO ALTO ADIGE,BOLZANO/BOZEN,021088,SELVA DEI MOLINI,1351
28-09-2026,TRENTINO ALTO ADIGE,BOLZANO/BOZEN,021089,SELVA DI VAL GARDENA,2546
28-09-2026,TRENTINO ALTO ADIGE,BOLZANO/BOZEN,021118,SENALE-SAN FELICE,818
28-09-2026,TRENTINO ALTO ADIGE,BOLZANO/BOZEN,021091,SENALES,1234
28-09-2026,TRENTINO ALTO ADIGE,BOLZANO/BOZEN,021092,SESTO,1772
28-09-2026,TRENTINO ALTO ADIGE,BOLZANO/BOZEN,021093,SILANDRO,6453
28-09-2026,TRENTINO ALTO ADIGE,BOLZANO/BOZEN,021094,SLUDERNO,1911
28-09-2026,TRENTINO ALTO ADIGE,BOLZANO/BOZEN,021095,STELVIO,1156
28-09-2026,TRENTINO ALTO ADIGE,BOLZANO/BOZEN,021096,TERENTO,1834
28-09-2026,TRENTINO ALTO ADIGE,BOLZANO/BOZEN,021097,TERLANO,5019
28-09-2026,TRENTINO ALTO ADIGE,BOLZANO/BOZEN,021098,TERMENO SULLA STRADA DEL VINO,3352
28-09-2026,TRENTINO ALTO ADIGE,BOLZANO/BOZEN,021099,TESIMO,2138
28-09-2026,TRENTINO ALTO ADIGE,BOLZANO/BOZEN,021100,TIRES,1044
28-09-2026,TRENTINO ALTO ADIGE,BOLZANO/BOZEN,021101,TIROLO,2473
28-09-2026,TRENTINO ALTO ADIGE,BOLZANO/BOZEN,021102,TRODENA NEL PARCO NATURALE,1078
28-09-2026,TRENTINO ALTO ADIGE,BOLZANO/BOZEN,021103,TUBRE,964
28-09-2026,TRENTINO ALTO ADIGE,BOLZANO/BOZEN,021104,ULTIMO,2935
28-09-2026,TRENTINO ALTO ADIGE,BOLZANO/BOZEN,021105,VADENA,1084
28-09-2026,TRENTINO ALTO ADIGE,BOLZANO/BOZEN,021107,VAL DI VIZZE,3132
28-09-2026,TRENTINO ALTO ADIGE,BOLZANO/BOZEN,021106,VALDAORA,3283
28-09-2026,TRENTINO ALTO ADIGE,BOLZANO/BOZEN,021108,VALLE AURINA,6034
28-09-2026,TRENTINO ALTO ADIGE,BOLZANO/BOZEN,021109,VALLE DI CASIES,2356
28-09-2026,TRENTINO ALTO ADIGE,BOLZANO/BOZEN,021110,VANDOIES,3382
28-09-2026,TRENTINO ALTO ADIGE,BOLZANO/BOZEN,021111,VARNA,5088
28-09-2026,TRENTINO ALTO ADIGE,BOLZANO/BOZEN,021116,VELTURNO,3104
28-09-2026,TRENTINO ALTO ADIGE,BOLZANO/BOZEN,021112,VERANO,1007
28-09-2026,TRENTINO ALTO ADIGE,BOLZANO/BOZEN,021113,VILLABASSA,1621
28-09-2026,TRENTINO ALTO ADIGE,BOLZANO/BOZEN,021114,VILLANDRO,1886
28-09-2026,TRENTINO ALTO ADIGE,BOLZANO/BOZEN,021115,VIPITENO,7101
28-09-2026,TRENTINO ALTO ADIGE,TRENTO,022001,ALA,9027
28-09-2026,TRENTINO ALTO ADIGE,TRENTO,022002,ALBIANO,1557
28-09-2026,TRENTINO ALTO ADIGE,TRENTO,022003,ALDENO,3386
28-09-2026,TRENTINO ALTO ADIGE,TRENTO,022235,ALTAVALLE,1646
28-09-2026,TRENTINO ALTO ADIGE,TRENTO,022236,ALTOPIANO DELLA VIGOLANA,5239
28-09-2026,TRENTINO ALTO ADIGE,TRENTO,022237,AMBLAR-DON,557
28-09-2026,TRENTINO ALTO ADIGE,TRENTO,022005,ANDALO,1161
28-09-2026,TRENTINO ALTO ADIGE,TRENTO,022006,ARCO,17786
28-09-2026,TRENTINO ALTO ADIGE,TRENTO,022007,AVIO,4125
28-09-2026,TRENTINO ALTO ADIGE,TRENTO,022009,BASELGA DI PINÈ,5357
28-09-2026,TRENTINO ALTO ADIGE,TRENTO,022011,BEDOLLO,1506
28-09-2026,TRENTINO ALTO ADIGE,TRENTO,022013,BESENELLO,2856
28-09-2026,TRENTINO ALTO ADIGE,TRENTO,022015,BIENO,491
28-09-2026,TRENTINO ALTO ADIGE,TRENTO,022017,BLEGGIO SUPERIORE,1567
28-09-2026,TRENTINO ALTO ADIGE,TRENTO,022018,BOCENAGO,411
28-09-2026,TRENTINO ALTO ADIGE,TRENTO,022021,BONDONE,625
28-09-2026,TRENTINO ALTO ADIGE,TRENTO,022238,BORGO CHIESE,1933
28-09-2026,TRENTINO ALTO ADIGE,TRENTO,022252,BORGO D'ANAUNIA,2616
28-09-2026,TRENTINO ALTO ADIGE,TRENTO,022239,BORGO LARES,739
28-09-2026,TRENTINO ALTO ADIGE,TRENTO,022022,BORGO VALSUGANA,7293
28-09-2026,TRENTINO ALTO ADIGE,TRENTO,022025,BRENTONICO,4161
28-09-2026,TRENTINO ALTO ADIGE,TRENTO,022026,BRESIMO,236
28-09-2026,TRENTINO ALTO ADIGE,TRENTO,022029,CADERZONE TERME,688
28-09-2026,TRENTINO ALTO ADIGE,TRENTO,022032,CALCERANICA AL LAGO,1400
28-09-2026,TRENTINO ALTO ADIGE,TRENTO,022033,CALDES,1117
28-09-2026,TRENTINO ALTO ADIGE,TRENTO,022034,CALDONAZZO,4086
28-09-2026,TRENTINO ALTO ADIGE,TRENTO,022035,CALLIANO,2039
28-09-2026,TRENTINO ALTO ADIGE,TRENTO,022036,CAMPITELLO DI FASSA,664
28-09-2026,TRENTINO ALTO ADIGE,TRENTO,022037,CAMPODENNO,1510
28-09-2026,TRENTINO ALTO ADIGE,TRENTO,022038,CANAL SAN BOVO,1455
28-09-2026,TRENTINO ALTO ADIGE,TRENTO,022039,CANAZEI,1797
28-09-2026,TRENTINO ALTO ADIGE,TRENTO,022040,CAPRIANA,603
28-09-2026,TRENTINO ALTO ADIGE,TRENTO,022042,CARISOLO,877
28-09-2026,TRENTINO ALTO ADIGE,TRENTO,022043,CARZANO,513
28-09-2026,TRENTINO ALTO ADIGE,TRENTO,022045,CASTEL CONDINO,208
28-09-2026,TRENTINO ALTO ADIGE,TRENTO,022240,CASTEL IVANO,3312
28-09-2026,TRENTINO ALTO ADIGE,TRENTO,022048,CASTELLO TESINO,1185
28-09-2026,TRENTINO ALTO ADIGE,TRENTO,022047,CASTELLO-MOLINA DI FIEMME,2361
28-09-2026,TRENTINO ALTO ADIGE,TRENTO,022049,CASTELNUOVO,1092
28-09-2026,TRENTINO ALTO ADIGE,TRENTO,022050,CAVALESE,4049
28-09-2026,TRENTINO ALTO ADIGE,TRENTO,022051,CAVARENO,1144
28-09-2026,TRENTINO ALTO ADIGE,TRENTO,022052,CAVEDAGO,612
28-09-2026,TRENTINO ALTO ADIGE,TRENTO,022053,CAVEDINE,3089
28-09-2026,TRENTINO ALTO ADIGE,TRENTO,022054,CAVIZZANA,230
28-09-2026,TRENTINO ALTO ADIGE,TRENTO,022241,CEMBRA LISIGNAGO,2401
28-09-2026,TRENTINO ALTO ADIGE,TRENTO,022058,CIMONE,743
28-09-2026,TRENTINO ALTO ADIGE,TRENTO,022059,CINTE TESINO,357
28-09-2026,TRENTINO ALTO ADIGE,TRENTO,022060,CIS,304
28-09-2026,TRENTINO ALTO ADIGE,TRENTO,022061,CIVEZZANO,4173
28-09-2026,TRENTINO ALTO ADIGE,TRENTO,022062,CLES,7519
28-09-2026,TRENTINO ALTO ADIGE,TRENTO,022228,COMANO TERME,3091
28-09-2026,TRENTINO ALTO ADIGE,TRENTO,022064,COMMEZZADURA,1000
28-09-2026,TRENTINO ALTO ADIGE,TRENTO,022242,CONTÀ,1420
28-09-2026,TRENTINO ALTO ADIGE,TRENTO,022068,CROVIANA,675
28-09-2026,TRENTINO ALTO ADIGE,TRENTO,022071,DAMBEL,386
28-09-2026,TRENTINO ALTO ADIGE,TRENTO,022074,DENNO,1250
28-09-2026,TRENTINO ALTO ADIGE,TRENTO,022233,DIMARO FOLGARIDA,2088
28-09-2026,TRENTINO ALTO ADIGE,TRENTO,022078,DRENA,607
28-09-2026,TRENTINO ALTO ADIGE,TRENTO,022079,DRO,5113
28-09-2026,TRENTINO ALTO ADIGE,TRENTO,022081,FAI DELLA PAGANELLA,961
28-09-2026,TRENTINO ALTO ADIGE,TRENTO,022083,FIAVÈ,1113
28-09-2026,TRENTINO ALTO ADIGE,TRENTO,022085,FIEROZZO,452
28-09-2026,TRENTINO ALTO ADIGE,TRENTO,022087,FOLGARIA,3169
28-09-2026,TRENTINO ALTO ADIGE,TRENTO,022089,FORNACE,1369
28-09-2026,TRENTINO ALTO ADIGE,TRENTO,022090,FRASSILONGO,338
28-09-2026,TRENTINO ALTO ADIGE,TRENTO,022091,GARNIGA TERME,433
28-09-2026,TRENTINO ALTO ADIGE,TRENTO,022092,GIOVO,2531
28-09-2026,TRENTINO ALTO ADIGE,TRENTO,022093,GIUSTINO,757
28-09-2026,TRENTINO ALTO ADIGE,TRENTO,022095,GRIGNO,2056
28-09-2026,TRENTINO ALTO ADIGE,TRENTO,022097,IMER,1136
28-09-2026,TRENTINO ALTO ADIGE,TRENTO,022098,ISERA,2826
28-09-2026,TRENTINO ALTO ADIGE,TRENTO,022102,LAVARONE,1203
28-09-2026,TRENTINO ALTO ADIGE,TRENTO,022103,LAVIS,9194
28-09-2026,TRENTINO ALTO ADIGE,TRENTO,022229,LEDRO,5484
28-09-2026,TRENTINO ALTO ADIGE,TRENTO,022104,LEVICO TERME,8431
28-09-2026,TRENTINO ALTO ADIGE,TRENTO,022106,LIVO,776
28-09-2026,TRENTINO ALTO ADIGE,TRENTO,022108,LONA-LASES,899
28-09-2026,TRENTINO ALTO ADIGE,TRENTO,022109,LUSERNA,263
28-09-2026,TRENTINO ALTO ADIGE,TRENTO,022243,MADRUZZO,3020
28-09-2026,TRENTINO ALTO ADIGE,TRENTO,022110,MALÉ,2280
28-09-2026,TRENTINO ALTO ADIGE,TRENTO,022112,MASSIMENO,136
28-09-2026,TRENTINO ALTO ADIGE,TRENTO,022113,MAZZIN,614
28-09-2026,TRENTINO ALTO ADIGE,TRENTO,022114,MEZZANA,877
28-09-2026,TRENTINO ALTO ADIGE,TRENTO,022115,MEZZANO,1591
28-09-2026,TRENTINO ALTO ADIGE,TRENTO,022116,MEZZOCORONA,5459
28-09-2026,TRENTINO ALTO ADIGE,TRENTO,022117,MEZZOLOMBARDO,7851
28-09-2026,TRENTINO ALTO ADIGE,TRENTO,022118,MOENA,2488
28-09-2026,TRENTINO ALTO ADIGE,TRENTO,022120,MOLVENO,1094
28-09-2026,TRENTINO ALTO ADIGE,TRENTO,022123,MORI,10427
28-09-2026,TRENTINO ALTO ADIGE,TRENTO,022124,NAGO-TORBOLE,2713
28-09-2026,TRENTINO ALTO ADIGE,TRENTO,022127,NOGAREDO,2119
28-09-2026,TRENTINO ALTO ADIGE,TRENTO,022128,NOMI,1348
28-09-2026,TRENTINO ALTO ADIGE,TRENTO,022129,NOVALEDO,1163
28-09-2026,TRENTINO ALTO ADIGE,TRENTO,022253,NOVELLA,3564
28-09-2026,TRENTINO ALTO ADIGE,TRENTO,022130,OSPEDALETTO,800
28-09-2026,TRENTINO ALTO ADIGE,TRENTO,022131,OSSANA,824
28-09-2026,TRENTINO ALTO ADIGE,TRENTO,022133,PALÙ DEL FERSINA,172
28-09-2026,TRENTINO ALTO ADIGE,TRENTO,022134,PANCHIÀ,822
28-09-2026,TRENTINO ALTO ADIGE,TRENTO,022136,PEIO,1769
28-09-2026,TRENTINO ALTO ADIGE,TRENTO,022137,PELLIZZANO,740
28-09-2026,TRENTINO ALTO ADIGE,TRENTO,022138,PELUGO,391
28-09-2026,TRENTINO ALTO ADIGE,TRENTO,022139,PERGINE VALSUGANA,21630
28-09-2026,TRENTINO ALTO ADIGE,TRENTO,022234,PIEVE DI BONO-PREZZO,1478
28-09-2026,TRENTINO ALTO ADIGE,TRENTO,022142,PIEVE TESINO,654
28-09-2026,TRENTINO ALTO ADIGE,TRENTO,022143,PINZOLO,3010
28-09-2026,TRENTINO ALTO ADIGE,TRENTO,022144,POMAROLO,2439
28-09-2026,TRENTINO ALTO ADIGE,TRENTO,022244,PORTE DI RENDENA,1861
28-09-2026,TRENTINO ALTO ADIGE,TRENTO,022230,PREDAIA,7052
28-09-2026,TRENTINO ALTO ADIGE,TRENTO,022147,PREDAZZO,4481
28-09-2026,TRENTINO ALTO ADIGE,TRENTO,022245,PRIMIERO SAN MARTINO DI CASTROZZA,5094
28-09-2026,TRENTINO ALTO ADIGE,TRENTO,022150,RABBI,1381
28-09-2026,TRENTINO ALTO ADIGE,TRENTO,022153,RIVA DEL GARDA,17754
28-09-2026,TRENTINO ALTO ADIGE,TRENTO,022155,ROMENO,1561
28-09-2026,TRENTINO ALTO ADIGE,TRENTO,022156,RONCEGNO TERME,3016
28-09-2026,TRENTINO ALTO ADIGE,TRENTO,022157,RONCHI VALSUGANA,456
28-09-2026,TRENTINO ALTO ADIGE,TRENTO,022135,RONZO-CHIENIS,1011
28-09-2026,TRENTINO ALTO ADIGE,TRENTO,022159,RONZONE,516
28-09-2026,TRENTINO ALTO ADIGE,TRENTO,022161,ROVERETO,40724
28-09-2026,TRENTINO ALTO ADIGE,TRENTO,022160,ROVERÈ DELLA LUNA,1650
28-09-2026,TRENTINO ALTO ADIGE,TRENTO,022162,RUFFRÈ-MENDOLA,395
28-09-2026,TRENTINO ALTO ADIGE,TRENTO,022163,RUMO,792
28-09-2026,TRENTINO ALTO ADIGE,TRENTO,022164,SAGRON MIS,170
28-09-2026,TRENTINO ALTO ADIGE,TRENTO,022165,SAMONE,541
28-09-2026,TRENTINO ALTO ADIGE,TRENTO,022250,SAN GIOVANNI DI FASSA-SÈN JAN,3574
28-09-2026,TRENTINO ALTO ADIGE,TRENTO,022231,SAN LORENZO DORSINO,1573
28-09-2026,TRENTINO ALTO ADIGE,TRENTO,022167,SAN MICHELE ALL'ADIGE,4060
28-09-2026,TRENTINO ALTO ADIGE,TRENTO,022168,SANT'ORSOLA TERME,1157
28-09-2026,TRENTINO ALTO ADIGE,TRENTO,022169,SANZENO,907
28-09-2026,TRENTINO ALTO ADIGE,TRENTO,022170,SARNONICO,765
28-09-2026,TRENTINO ALTO ADIGE,TRENTO,022171,SCURELLE,1412
28-09-2026,TRENTINO ALTO ADIGE,TRENTO,022172,SEGONZANO,1411
28-09-2026,TRENTINO ALTO ADIGE,TRENTO,022246,SELLA GIUDICARIE,3030
28-09-2026,TRENTINO ALTO ADIGE,TRENTO,022173,SFRUZ,380
28-09-2026,TRENTINO ALTO ADIGE,TRENTO,022176,SORAGA DI FASSA,717
28-09-2026,TRENTINO ALTO ADIGE,TRENTO,022177,SOVER,812
28-09-2026,TRENTINO ALTO ADIGE,TRENTO,022179,SPIAZZO,1267
28-09-2026,TRENTINO ALTO ADIGE,TRENTO,022180,SPORMAGGIORE,1283
28-09-2026,TRENTINO ALTO ADIGE,TRENTO,022181,SPORMINORE,739
28-09-2026,TRENTINO ALTO ADIGE,TRENTO,022182,STENICO,1181
28-09-2026,TRENTINO ALTO ADIGE,TRENTO,022183,STORO,4498
28-09-2026,TRENTINO ALTO ADIGE,TRENTO,022184,STREMBO,568
28-09-2026,TRENTINO ALTO ADIGE,TRENTO,022188,TELVE,1951
28-09-2026,TRENTINO ALTO ADIGE,TRENTO,022189,TELVE DI SOPRA,623
28-09-2026,TRENTINO ALTO ADIGE,TRENTO,022190,TENNA,1064
28-09-2026,TRENTINO ALTO ADIGE,TRENTO,022191,TENNO,2060
28-09-2026,TRENTINO ALTO ADIGE,TRENTO,022193,TERRAGNOLO,718
28-09-2026,TRENTINO ALTO ADIGE,TRENTO,022251,TERRE D'ADIGE,3100
28-09-2026,TRENTINO ALTO ADIGE,TRENTO,022195,TERZOLAS,634
28-09-2026,TRENTINO ALTO ADIGE,TRENTO,022196,TESERO,2987
28-09-2026,TRENTINO ALTO ADIGE,TRENTO,022199,TIONE DI TRENTO,3813
28-09-2026,TRENTINO ALTO ADIGE,TRENTO,022200,TON,1329
28-09-2026,TRENTINO ALTO ADIGE,TRENTO,022202,TORCEGNO,707
28-09-2026,TRENTINO ALTO ADIGE,TRENTO,022203,TRAMBILENO,1542
28-09-2026,TRENTINO ALTO ADIGE,TRENTO,022247,TRE VILLE,1352
28-09-2026,TRENTINO ALTO ADIGE,TRENTO,022205,TRENTO,119988
28-09-2026,TRENTINO ALTO ADIGE,TRENTO,022232,VALDAONE,1169
28-09-2026,TRENTINO ALTO ADIGE,TRENTO,022209,VALFLORIANA,468
28-09-2026,TRENTINO ALTO ADIGE,TRENTO,022210,VALLARSA,1392
28-09-2026,TRENTINO ALTO ADIGE,TRENTO,022248,VALLELAGHI,5246
28-09-2026,TRENTINO ALTO ADIGE,TRENTO,022213,VERMIGLIO,1731
28-09-2026,TRENTINO ALTO ADIGE,TRENTO,022216,VIGNOLA-FALESINA,213
28-09-2026,TRENTINO ALTO ADIGE,TRENTO,022222,VILLA LAGARINA,3929
28-09-2026,TRENTINO ALTO ADIGE,TRENTO,022249,VILLE D'ANAUNIA,4651
28-09-2026,TRENTINO ALTO ADIGE,TRENTO,022254,VILLE DI FIEMME,2645
28-09-2026,TRENTINO ALTO ADIGE,TRENTO,022224,VOLANO,3223
28-09-2026,TRENTINO ALTO ADIGE,TRENTO,022226,ZIANO DI FIEMME,1756
28-09-2026,UMBRIA,PERUGIA,054001,ASSISI,27731
28-09-2026,UMBRIA,PERUGIA,054002,BASTIA UMBRA,21445
28-09-2026,UMBRIA,PERUGIA,054003,BETTONA,4251
28-09-2026,UMBRIA,PERUGIA,054004,BEVAGNA,4736
28-09-2026,UMBRIA,PERUGIA,054005,CAMPELLO SUL CLITUNNO,2305
28-09-2026,UMBRIA,PERUGIA,054006,CANNARA,4178
28-09-2026,UMBRIA,PERUGIA,054007,CASCIA,2966
28-09-2026,UMBRIA,PERUGIA,054008,CASTEL RITALDI,3029
28-09-2026,UMBRIA,PERUGIA,054009,CASTIGLIONE DEL LAGO,15338
28-09-2026,UMBRIA,PERUGIA,054010,CERRETO DI SPOLETO,939
28-09-2026,UMBRIA,PERUGIA,054011,CITERNA,3402
28-09-2026,UMBRIA,PERUGIA,054012,CITTÀ DELLA PIEVE,7399
28-09-2026,UMBRIA,PERUGIA,054013,CITTÀ DI CASTELLO,38031
28-09-2026,UMBRIA,PERUGIA,054014,COLLAZZONE,3278
28-09-2026,UMBRIA,PERUGIA,054015,CORCIANO,21628
28-09-2026,UMBRIA,PERUGIA,054016,COSTACCIARO,1031
28-09-2026,UMBRIA,PERUGIA,054017,DERUTA,9716
28-09-2026,UMBRIA,PERUGIA,054018,FOLIGNO,55860
28-09-2026,UMBRIA,PERUGIA,054019,FOSSATO DI VICO,2662
28-09-2026,UMBRIA,PERUGIA,054020,FRATTA TODINA,1869
28-09-2026,UMBRIA,PERUGIA,054021,GIANO DELL'UMBRIA,3737
28-09-2026,UMBRIA,PERUGIA,054022,GUALDO CATTANEO,5654
28-09-2026,UMBRIA,PERUGIA,054023,GUALDO TADINO,14178
28-09-2026,UMBRIA,PERUGIA,054024,GUBBIO,30221
28-09-2026,UMBRIA,PERUGIA,054025,LISCIANO NICCONE,596
28-09-2026,UMBRIA,PERUGIA,054026,MAGIONE,14729
28-09-2026,UMBRIA,PERUGIA,054027,MARSCIANO,18158
28-09-2026,UMBRIA,PERUGIA,054028,MASSA MARTANA,3564
28-09-2026,UMBRIA,PERUGIA,054029,MONTE CASTELLO DI VIBIO,1365
28-09-2026,UMBRIA,PERUGIA,054032,MONTE SANTA MARIA TIBERINA,1047
28-09-2026,UMBRIA,PERUGIA,054030,MONTEFALCO,5333
28-09-2026,UMBRIA,PERUGIA,054031,MONTELEONE DI SPOLETO,530
28-09-2026,UMBRIA,PERUGIA,054033,MONTONE,1565
28-09-2026,UMBRIA,PERUGIA,054034,NOCERA UMBRA,5445
28-09-2026,UMBRIA,PERUGIA,054035,NORCIA,4464
28-09-2026,UMBRIA,PERUGIA,054036,PACIANO,904
28-09-2026,UMBRIA,PERUGIA,054037,PANICALE,5311
28-09-2026,UMBRIA,PERUGIA,054038,PASSIGNANO SUL TRASIMENO,5760
28-09-2026,UMBRIA,PERUGIA,054039,PERUGIA,163916
28-09-2026,UMBRIA,PERUGIA,054040,PIEGARO,3395
28-09-2026,UMBRIA,PERUGIA,054041,PIETRALUNGA,2012
28-09-2026,UMBRIA,PERUGIA,054042,POGGIODOMO,83
28-09-2026,UMBRIA,PERUGIA,054043,PRECI,676
28-09-2026,UMBRIA,PERUGIA,054044,SAN GIUSTINO,11051
28-09-2026,UMBRIA,PERUGIA,054045,SANT'ANATOLIA DI NARCO,489
28-09-2026,UMBRIA,PERUGIA,054046,SCHEGGIA E PASCELUPO,1243
28-09-2026,UMBRIA,PERUGIA,054047,SCHEGGINO,419
28-09-2026,UMBRIA,PERUGIA,054048,SELLANO,908
28-09-2026,UMBRIA,PERUGIA,054049,SIGILLO,2256
28-09-2026,UMBRIA,PERUGIA,054050,SPELLO,8174
28-09-2026,UMBRIA,PERUGIA,054051,SPOLETO,36478
28-09-2026,UMBRIA,PERUGIA,054052,TODI,15555
28-09-2026,UMBRIA,PERUGIA,054053,TORGIANO,6711
28-09-2026,UMBRIA,PERUGIA,054054,TREVI,8005
28-09-2026,UMBRIA,PERUGIA,054055,TUORO SUL TRASIMENO,3817
28-09-2026,UMBRIA,PERUGIA,054056,UMBERTIDE,16246
28-09-2026,UMBRIA,PERUGIA,054057,VALFABBRICA,3271
28-09-2026,UMBRIA,PERUGIA,054058,VALLO DI NERA,320
28-09-2026,UMBRIA,PERUGIA,054059,VALTOPINA,1262
28-09-2026,UMBRIA,TERNI,055001,ACQUASPARTA,4393
28-09-2026,UMBRIA,TERNI,055002,ALLERONA,1655
28-09-2026,UMBRIA,TERNI,055003,ALVIANO,1304
28-09-2026,UMBRIA,TERNI,055004,AMELIA,11493
28-09-2026,UMBRIA,TERNI,055005,ARRONE,2535
28-09-2026,UMBRIA,TERNI,055006,ATTIGLIANO,1977
28-09-2026,UMBRIA,TERNI,055033,AVIGLIANO UMBRO,2309
28-09-2026,UMBRIA,TERNI,055007,BASCHI,2549
28-09-2026,UMBRIA,TERNI,055008,CALVI DELL'UMBRIA,1681
28-09-2026,UMBRIA,TERNI,055009,CASTEL GIORGIO,1999
28-09-2026,UMBRIA,TERNI,055010,CASTEL VISCARDO,2639
28-09-2026,UMBRIA,TERNI,055011,FABRO,2561
28-09-2026,UMBRIA,TERNI,055012,FERENTILLO,1758
28-09-2026,UMBRIA,TERNI,055013,FICULLE,1569
28-09-2026,UMBRIA,TERNI,055014,GIOVE,1863
28-09-2026,UMBRIA,TERNI,055015,GUARDEA,1716
28-09-2026,UMBRIA,TERNI,055016,LUGNANO IN TEVERINA,1386
28-09-2026,UMBRIA,TERNI,055017,MONTECASTRILLI,4776
28-09-2026,UMBRIA,TERNI,055018,MONTECCHIO,1433
28-09-2026,UMBRIA,TERNI,055019,MONTEFRANCO,1249
28-09-2026,UMBRIA,TERNI,055020,MONTEGABBIONE,1116
28-09-2026,UMBRIA,TERNI,055021,MONTELEONE D'ORVIETO,1360
28-09-2026,UMBRIA,TERNI,055022,NARNI,17742
28-09-2026,UMBRIA,TERNI,055023,ORVIETO,19082
28-09-2026,UMBRIA,TERNI,055024,OTRICOLI,1761
28-09-2026,UMBRIA,TERNI,055025,PARRANO,489
28-09-2026,UMBRIA,TERNI,055026,PENNA IN TEVERINA,993
28-09-2026,UMBRIA,TERNI,055027,POLINO,210
28-09-2026,UMBRIA,TERNI,055028,PORANO,1833
28-09-2026,UMBRIA,TERNI,055029,SAN GEMINI,4600
28-09-2026,UMBRIA,TERNI,055030,SAN VENANZO,2161
28-09-2026,UMBRIA,TERNI,055031,STRONCONE,4658
28-09-2026,UMBRIA,TERNI,055032,TERNI,107339
28-09-2026,VALLE D'AOSTA,AOSTA,007001,ALLEIN,198
28-09-2026,VALLE D'AOSTA,AOSTA,007002,ANTEY-SAINT-ANDRÉ,568
28-09-2026,VALLE D'AOSTA,AOSTA,007003,AOSTA,33126
28-09-2026,VALLE D'AOSTA,AOSTA,007004,ARNAD,1209
28-09-2026,VALLE D'AOSTA,AOSTA,007005,ARVIER,816
28-09-2026,VALLE D'AOSTA,AOSTA,007006,AVISE,292
28-09-2026,VALLE D'AOSTA,AOSTA,007007,AYAS,1385
28-09-2026,VALLE D'AOSTA,AOSTA,007008,AYMAVILLES,2073
28-09-2026,VALLE D'AOSTA,AOSTA,007009,BARD,99
28-09-2026,VALLE D'AOSTA,AOSTA,007010,BIONAZ,209
28-09-2026,VALLE D'AOSTA,AOSTA,007011,BRISSOGNE,969
28-09-2026,VALLE D'AOSTA,AOSTA,007012,BRUSSON,838
28-09-2026,VALLE D'AOSTA,AOSTA,007013,CHALLAND-SAINT-ANSELME,723
28-09-2026,VALLE D'AOSTA,AOSTA,007014,CHALLAND-SAINT-VICTOR,589
28-09-2026,VALLE D'AOSTA,AOSTA,007015,CHAMBAVE,880
28-09-2026,VALLE D'AOSTA,AOSTA,007016,CHAMOIS,113
28-09-2026,VALLE D'AOSTA,AOSTA,007017,CHAMPDEPRAZ,703
28-09-2026,VALLE D'AOSTA,AOSTA,007018,CHAMPORCHER,353
28-09-2026,VALLE D'AOSTA,AOSTA,007019,CHARVENSOD,2388
28-09-2026,VALLE D'AOSTA,AOSTA,007020,CHÂTILLON,4261
28-09-2026,VALLE D'AOSTA,AOSTA,007021,COGNE,1341
28-09-2026,VALLE D'AOSTA,AOSTA,007022,COURMAYEUR,2494
28-09-2026,VALLE D'AOSTA,AOSTA,007023,DONNAS,2392
28-09-2026,VALLE D'AOSTA,AOSTA,007024,DOUES,513
28-09-2026,VALLE D'AOSTA,AOSTA,007025,EMARÈSE,231
28-09-2026,VALLE D'AOSTA,AOSTA,007026,ETROUBLES,472
28-09-2026,VALLE D'AOSTA,AOSTA,007028,FONTAINEMORE,435
28-09-2026,VALLE D'AOSTA,AOSTA,007027,FÉNIS,1787
28-09-2026,VALLE D'AOSTA,AOSTA,007029,GABY,409
28-09-2026,VALLE D'AOSTA,AOSTA,007030,GIGNOD,1682
28-09-2026,VALLE D'AOSTA,AOSTA,007031,GRESSAN,3302
28-09-2026,VALLE D'AOSTA,AOSTA,007032,GRESSONEY-LA-TRINITÉ,321
28-09-2026,VALLE D'AOSTA,AOSTA,007033,GRESSONEY-SAINT-JEAN,764
28-09-2026,VALLE D'AOSTA,AOSTA,007034,HÔNE,1161
28-09-2026,VALLE D'AOSTA,AOSTA,007035,INTROD,656
28-09-2026,VALLE D'AOSTA,AOSTA,007036,ISSIME,375
28-09-2026,VALLE D'AOSTA,AOSTA,007037,ISSOGNE,1268
28-09-2026,VALLE D'AOSTA,AOSTA,007038,JOVENÇAN,690
28-09-2026,VALLE D'AOSTA,AOSTA,007039,LA MAGDELEINE,106
28-09-2026,VALLE D'AOSTA,AOSTA,007040,LA SALLE,2054
28-09-2026,VALLE D'AOSTA,AOSTA,007041,LA THUILE,745
28-09-2026,VALLE D'AOSTA,AOSTA,007042,LILLIANES,410
28-09-2026,VALLE D'AOSTA,AOSTA,007043,MONTJOVET,1764
28-09-2026,VALLE D'AOSTA,AOSTA,007044,MORGEX,2084
28-09-2026,VALLE D'AOSTA,AOSTA,007045,NUS,2926
28-09-2026,VALLE D'AOSTA,AOSTA,007046,OLLOMONT,175
28-09-2026,VALLE D'AOSTA,AOSTA,007047,OYACE,204
28-09-2026,VALLE D'AOSTA,AOSTA,007048,PERLOZ,443
28-09-2026,VALLE D'AOSTA,AOSTA,007049,POLLEIN,1449
28-09-2026,VALLE D'AOSTA,AOSTA,007052,PONT-SAINT-MARTIN,3509
28-09-2026,VALLE D'AOSTA,AOSTA,007050,PONTBOSET,172
28-09-2026,VALLE D'AOSTA,AOSTA,007051,PONTEY,765
28-09-2026,VALLE D'AOSTA,AOSTA,007053,PRÉ-SAINT-DIDIER,940
28-09-2026,VALLE D'AOSTA,AOSTA,007054,QUART,4168
28-09-2026,VALLE D'AOSTA,AOSTA,007055,RHÊMES-NOTRE-DAME,76
28-09-2026,VALLE D'AOSTA,AOSTA,007056,RHÊMES-SAINT-GEORGES,162
28-09-2026,VALLE D'AOSTA,AOSTA,007057,ROISAN,973
28-09-2026,VALLE D'AOSTA,AOSTA,007058,SAINT-CHRISTOPHE,3441
28-09-2026,VALLE D'AOSTA,AOSTA,007059,SAINT-DENIS,375
28-09-2026,VALLE D'AOSTA,AOSTA,007060,SAINT-MARCEL,1309
28-09-2026,VALLE D'AOSTA,AOSTA,007061,SAINT-NICOLAS,336
28-09-2026,VALLE D'AOSTA,AOSTA,007062,SAINT-OYEN,202
28-09-2026,VALLE D'AOSTA,AOSTA,007063,SAINT-PIERRE,3261
28-09-2026,VALLE D'AOSTA,AOSTA,007064,SAINT-RHÉMY-EN-BOSSES,347
28-09-2026,VALLE D'AOSTA,AOSTA,007065,SAINT-VINCENT,4468
28-09-2026,VALLE D'AOSTA,AOSTA,007066,SARRE,4763
28-09-2026,VALLE D'AOSTA,AOSTA,007067,TORGNON,578
28-09-2026,VALLE D'AOSTA,AOSTA,007068,VALGRISENCHE,194
28-09-2026,VALLE D'AOSTA,AOSTA,007069,VALPELLINE,593
28-09-2026,VALLE D'AOSTA,AOSTA,007070,VALSAVARENCHE,156
28-09-2026,VALLE D'AOSTA,AOSTA,007071,VALTOURNENCHE,2219
28-09-2026,VALLE D'AOSTA,AOSTA,007072,VERRAYES,1257
28-09-2026,VALLE D'AOSTA,AOSTA,007073,VERRÈS,2559
28-09-2026,VALLE D'AOSTA,AOSTA,007074,VILLENEUVE,1263
28-09-2026,VENETO,BELLUNO,025001,AGORDO,4065
28-09-2026,VENETO,BELLUNO,025003,ALLEGHE,1054
28-09-2026,VENETO,BELLUNO,025072,ALPAGO,6579
28-09-2026,VENETO,BELLUNO,025004,ARSIÈ,2168
28-09-2026,VENETO,BELLUNO,025005,AURONZO DI CADORE,2952
28-09-2026,VENETO,BELLUNO,025006,BELLUNO,35628
28-09-2026,VENETO,BELLUNO,025007,BORCA DI CADORE,785
28-09-2026,VENETO,BELLUNO,025074,BORGO VALBELLUNA,13635
28-09-2026,VENETO,BELLUNO,025008,CALALZO DI CADORE,1815
28-09-2026,VENETO,BELLUNO,025023,CANALE D'AGORDO,1028
28-09-2026,VENETO,BELLUNO,025010,CENCENIGHE AGORDINO,1214
28-09-2026,VENETO,BELLUNO,025011,CESIOMAGGIORE,3957
28-09-2026,VENETO,BELLUNO,025012,CHIES D'ALPAGO,1266
28-09-2026,VENETO,BELLUNO,025013,CIBIANA DI CADORE,313
28-09-2026,VENETO,BELLUNO,025014,COLLE SANTA LUCIA,341
28-09-2026,VENETO,BELLUNO,025015,COMELICO SUPERIORE,2039
28-09-2026,VENETO,BELLUNO,025016,CORTINA D'AMPEZZO,5337
28-09-2026,VENETO,BELLUNO,025017,DANTA DI CADORE,426
28-09-2026,VENETO,BELLUNO,025018,DOMEGGE DI CADORE,2232
28-09-2026,VENETO,BELLUNO,025019,FALCADE,1723
28-09-2026,VENETO,BELLUNO,025021,FELTRE,20673
28-09-2026,VENETO,BELLUNO,025022,FONZASO,2961
28-09-2026,VENETO,BELLUNO,025025,GOSALDO,509
28-09-2026,VENETO,BELLUNO,025027,LA VALLE AGORDINA,1044
28-09-2026,VENETO,BELLUNO,025026,LAMON,2593
28-09-2026,VENETO,BELLUNO,025029,LIMANA,5457
28-09-2026,VENETO,BELLUNO,025030,LIVINALLONGO DEL COL DI LANA,1210
28-09-2026,VENETO,BELLUNO,025071,LONGARONE,4953
28-09-2026,VENETO,BELLUNO,025032,LORENZAGO DI CADORE,522
28-09-2026,VENETO,BELLUNO,025033,LOZZO DI CADORE,1215
28-09-2026,VENETO,BELLUNO,025035,OSPITALE DI CADORE,260
28-09-2026,VENETO,BELLUNO,025036,PEDAVENA,4315
28-09-2026,VENETO,BELLUNO,025037,PERAROLO DI CADORE,359
28-09-2026,VENETO,BELLUNO,025039,PIEVE DI CADORE,3610
28-09-2026,VENETO,BELLUNO,025040,PONTE NELLE ALPI,7890
28-09-2026,VENETO,BELLUNO,025043,RIVAMONTE AGORDINO,597
28-09-2026,VENETO,BELLUNO,025044,ROCCA PIETORE,1111
28-09-2026,VENETO,BELLUNO,025045,SAN GREGORIO NELLE ALPI,1598
28-09-2026,VENETO,BELLUNO,025046,SAN NICOLÒ DI COMELICO,353
28-09-2026,VENETO,BELLUNO,025047,SAN PIETRO DI CADORE,1413
28-09-2026,VENETO,BELLUNO,025049,SAN TOMASO AGORDINO,592
28-09-2026,VENETO,BELLUNO,025051,SAN VITO DI CADORE,1907
28-09-2026,VENETO,BELLUNO,025048,SANTA GIUSTINA,6675
28-09-2026,VENETO,BELLUNO,025050,SANTO STEFANO DI CADORE,2278
28-09-2026,VENETO,BELLUNO,025053,SEDICO,10146
28-09-2026,VENETO,BELLUNO,025054,SELVA DI CADORE,497
28-09-2026,VENETO,BELLUNO,025055,SEREN DEL GRAPPA,2291
28-09-2026,VENETO,BELLUNO,025075,SETTEVILLE,6029
28-09-2026,VENETO,BELLUNO,025056,SOSPIROLO,3139
28-09-2026,VENETO,BELLUNO,025057,SOVERZENE,362
28-09-2026,VENETO,BELLUNO,025058,SOVRAMONTE,1297
28-09-2026,VENETO,BELLUNO,025059,TAIBON AGORDINO,1701
28-09-2026,VENETO,BELLUNO,025060,TAMBRE,1249
28-09-2026,VENETO,BELLUNO,025073,VAL DI ZOLDO,2754
28-09-2026,VENETO,BELLUNO,025062,VALLADA AGORDINA,463
28-09-2026,VENETO,BELLUNO,025063,VALLE DI CADORE,1837
28-09-2026,VENETO,BELLUNO,025065,VIGO DI CADORE,1298
28-09-2026,VENETO,BELLUNO,025066,VODO CADORE,811
28-09-2026,VENETO,BELLUNO,025067,VOLTAGO AGORDINO,785
28-09-2026,VENETO,BELLUNO,025069,ZOPPÈ DI CADORE,178
28-09-2026,VENETO,PADOVA,028001,ABANO TERME,20757
28-09-2026,VENETO,PADOVA,028002,AGNA,3198
28-09-2026,VENETO,PADOVA,028003,ALBIGNASEGO,27818
28-09-2026,VENETO,PADOVA,028004,ANGUILLARA VENETA,4097
28-09-2026,VENETO,PADOVA,028005,ARQUÀ PETRARCA,1780
28-09-2026,VENETO,PADOVA,028006,ARRE,2102
28-09-2026,VENETO,PADOVA,028007,ARZERGRANDE,4904
28-09-2026,VENETO,PADOVA,028008,BAGNOLI DI SOPRA,3328
28-09-2026,VENETO,PADOVA,028009,BAONE,3011
28-09-2026,VENETO,PADOVA,028010,BARBONA,579
28-09-2026,VENETO,PADOVA,028011,BATTAGLIA TERME,3890
28-09-2026,VENETO,PADOVA,028012,BOARA PISANI,2401
28-09-2026,VENETO,PADOVA,028107,BORGO VENETO,7145
28-09-2026,VENETO,PADOVA,028013,BORGORICCO,9138
28-09-2026,VENETO,PADOVA,028014,BOVOLENTA,3415
28-09-2026,VENETO,PADOVA,028015,BRUGINE,7152
28-09-2026,VENETO,PADOVA,028016,CADONEGHE,15821
28-09-2026,VENETO,PADOVA,028020,CAMPO SAN MARTINO,5531
28-09-2026,VENETO,PADOVA,028017,CAMPODARSEGO,15167
28-09-2026,VENETO,PADOVA,028018,CAMPODORO,2739
28-09-2026,VENETO,PADOVA,028019,CAMPOSAMPIERO,11855
28-09-2026,VENETO,PADOVA,028021,CANDIANA,2153
28-09-2026,VENETO,PADOVA,028023,CARMIGNANO DI BRENTA,7599
28-09-2026,VENETO,PADOVA,028026,CARTURA,4557
28-09-2026,VENETO,PADOVA,028027,CASALE DI SCODOSIA,4644
28-09-2026,VENETO,PADOVA,028028,CASALSERUGO,5286
28-09-2026,VENETO,PADOVA,028029,CASTELBALDO,1454
28-09-2026,VENETO,PADOVA,028030,CERVARESE SANTA CROCE,5558
28-09-2026,VENETO,PADOVA,028031,CINTO EUGANEO,1863
28-09-2026,VENETO,PADOVA,028032,CITTADELLA,20098
28-09-2026,VENETO,PADOVA,028033,CODEVIGO,6315
28-09-2026,VENETO,PADOVA,028034,CONSELVE,10033
28-09-2026,VENETO,PADOVA,028035,CORREZZOLA,5264
28-09-2026,VENETO,PADOVA,028036,CURTAROLO,7116
28-09-2026,VENETO,PADOVA,028106,DUE CARRARE,8974
28-09-2026,VENETO,PADOVA,028037,ESTE,15942
28-09-2026,VENETO,PADOVA,028038,FONTANIVA,8139
28-09-2026,VENETO,PADOVA,028039,GALLIERA VENETA,7127
28-09-2026,VENETO,PADOVA,028040,GALZIGNANO TERME,4244
28-09-2026,VENETO,PADOVA,028041,GAZZO,4292
28-09-2026,VENETO,PADOVA,028042,GRANTORTO,4430
28-09-2026,VENETO,PADOVA,028043,GRANZE,1854
28-09-2026,VENETO,PADOVA,028044,LEGNARO,9668
28-09-2026,VENETO,PADOVA,028045,LIMENA,8349
28-09-2026,VENETO,PADOVA,028046,LOREGGIA,7760
28-09-2026,VENETO,PADOVA,028047,LOZZO ATESTINO,3083
28-09-2026,VENETO,PADOVA,028048,MASERÀ DI PADOVA,9296
28-09-2026,VENETO,PADOVA,028049,MASI,1823
28-09-2026,VENETO,PADOVA,028050,MASSANZAGO,6122
28-09-2026,VENETO,PADOVA,028052,MEGLIADINO SAN VITALE,1843
28-09-2026,VENETO,PADOVA,028053,MERLARA,2528
28-09-2026,VENETO,PADOVA,028054,MESTRINO,12049
28-09-2026,VENETO,PADOVA,028055,MONSELICE,17056
28-09-2026,VENETO,PADOVA,028056,MONTAGNANA,9199
28-09-2026,VENETO,PADOVA,028057,MONTEGROTTO TERME,11652
28-09-2026,VENETO,PADOVA,028058,NOVENTA PADOVANA,11293
28-09-2026,VENETO,PADOVA,028059,OSPEDALETTO EUGANEO,5546
28-09-2026,VENETO,PADOVA,028060,PADOVA,212663
28-09-2026,VENETO,PADOVA,028061,PERNUMIA,3728
28-09-2026,VENETO,PADOVA,028062,PIACENZA D'ADIGE,1292
28-09-2026,VENETO,PADOVA,028063,PIAZZOLA SUL BRENTA,11130
28-09-2026,VENETO,PADOVA,028064,PIOMBINO DESE,9549
28-09-2026,VENETO,PADOVA,028065,PIOVE DI SACCO,20235
28-09-2026,VENETO,PADOVA,028066,POLVERARA,3435
28-09-2026,VENETO,PADOVA,028067,PONSO,2422
28-09-2026,VENETO,PADOVA,028069,PONTE SAN NICOLÒ,13064
28-09-2026,VENETO,PADOVA,028068,PONTELONGO,3702
28-09-2026,VENETO,PADOVA,028070,POZZONOVO,3448
28-09-2026,VENETO,PADOVA,028071,ROVOLON,4899
28-09-2026,VENETO,PADOVA,028072,RUBANO,17388
28-09-2026,VENETO,PADOVA,028073,SACCOLONGO,5076
28-09-2026,VENETO,PADOVA,028075,SAN GIORGIO DELLE PERTICHE,10040
28-09-2026,VENETO,PADOVA,028076,SAN GIORGIO IN BOSCO,6352
28-09-2026,VENETO,PADOVA,028077,SAN MARTINO DI LUPARI,13326
28-09-2026,VENETO,PADOVA,028078,SAN PIETRO IN GU,4077
28-09-2026,VENETO,PADOVA,028079,SAN PIETRO VIMINARIO,2970
28-09-2026,VENETO,PADOVA,028082,SANT'ANGELO DI PIOVE DI SACCO,7381
28-09-2026,VENETO,PADOVA,028083,SANT'ELENA,2533
28-09-2026,VENETO,PADOVA,028084,SANT'URBANO,1900
28-09-2026,VENETO,PADOVA,028108,SANTA CATERINA D'ESTE,2302
28-09-2026,VENETO,PADOVA,028080,SANTA GIUSTINA IN COLLE,7150
28-09-2026,VENETO,PADOVA,028085,SAONARA,10926
28-09-2026,VENETO,PADOVA,028086,SELVAZZANO DENTRO,23056
28-09-2026,VENETO,PADOVA,028087,SOLESINO,6814
28-09-2026,VENETO,PADOVA,028088,STANGHELLA,4152
28-09-2026,VENETO,PADOVA,028089,TEOLO,8912
28-09-2026,VENETO,PADOVA,028090,TERRASSA PADOVANA,2683
28-09-2026,VENETO,PADOVA,028091,TOMBOLO,8221
28-09-2026,VENETO,PADOVA,028092,TORREGLIA,6040
28-09-2026,VENETO,PADOVA,028093,TREBASELEGHE,12986
28-09-2026,VENETO,PADOVA,028094,TRIBANO,4199
28-09-2026,VENETO,PADOVA,028095,URBANA,2019
28-09-2026,VENETO,PADOVA,028096,VEGGIANO,4824
28-09-2026,VENETO,PADOVA,028097,VESCOVANA,1679
28-09-2026,VENETO,PADOVA,028099,VIGODARZERE,13228
28-09-2026,VENETO,PADOVA,028100,VIGONZA,23552
28-09-2026,VENETO,PADOVA,028101,VILLA DEL CONTE,5608
28-09-2026,VENETO,PADOVA,028102,VILLA ESTENSE,1999
28-09-2026,VENETO,PADOVA,028103,VILLAFRANCA PADOVANA,10529
28-09-2026,VENETO,PADOVA,028104,VILLANOVA DI CAMPOSAMPIERO,6112
28-09-2026,VENETO,PADOVA,028105,VO',3205
28-09-2026,VENETO,ROVIGO,029001,ADRIA,18917
28-09-2026,VENETO,ROVIGO,029002,ARIANO NEL POLESINE,3737
28-09-2026,VENETO,ROVIGO,029003,ARQUÀ POLESINE,2598
28-09-2026,VENETO,ROVIGO,029004,BADIA POLESINE,10366
28-09-2026,VENETO,ROVIGO,029005,BAGNOLO DI PO,1242
28-09-2026,VENETO,ROVIGO,029006,BERGANTINO,2320
28-09-2026,VENETO,ROVIGO,029007,BOSARO,1458
28-09-2026,VENETO,ROVIGO,029008,CALTO,702
28-09-2026,VENETO,ROVIGO,029009,CANARO,2588
28-09-2026,VENETO,ROVIGO,029010,CANDA,802
28-09-2026,VENETO,ROVIGO,029011,CASTELGUGLIELMO,1523
28-09-2026,VENETO,ROVIGO,029012,CASTELMASSA,4100
28-09-2026,VENETO,ROVIGO,029013,CASTELNOVO BARIANO,2640
28-09-2026,VENETO,ROVIGO,029014,CENESELLI,1581
28-09-2026,VENETO,ROVIGO,029015,CEREGNANO,3357
28-09-2026,VENETO,ROVIGO,029017,CORBOLA,2246
28-09-2026,VENETO,ROVIGO,029018,COSTA DI ROVIGO,2490
28-09-2026,VENETO,ROVIGO,029019,CRESPINO,1822
28-09-2026,VENETO,ROVIGO,029021,FICAROLO,2239
28-09-2026,VENETO,ROVIGO,029022,FIESSO UMBERTIANO,3895
28-09-2026,VENETO,ROVIGO,029023,FRASSINELLE POLESINE,1317
28-09-2026,VENETO,ROVIGO,029024,FRATTA POLESINE,2447
28-09-2026,VENETO,ROVIGO,029025,GAIBA,948
28-09-2026,VENETO,ROVIGO,029026,GAVELLO,1421
28-09-2026,VENETO,ROVIGO,029027,GIACCIANO CON BARUCHELLA,2114
28-09-2026,VENETO,ROVIGO,029028,GUARDA VENETA,1081
28-09-2026,VENETO,ROVIGO,029029,LENDINARA,11540
28-09-2026,VENETO,ROVIGO,029030,LOREO,3157
28-09-2026,VENETO,ROVIGO,029031,LUSIA,3213
28-09-2026,VENETO,ROVIGO,029032,MELARA,1749
28-09-2026,VENETO,ROVIGO,029033,OCCHIOBELLO,12092
28-09-2026,VENETO,ROVIGO,029034,PAPOZZE,1452
28-09-2026,VENETO,ROVIGO,029035,PETTORAZZA GRIMANI,1372
28-09-2026,VENETO,ROVIGO,029036,PINCARA,1065
28-09-2026,VENETO,ROVIGO,029037,POLESELLA,3724
28-09-2026,VENETO,ROVIGO,029038,PONTECCHIO POLESINE,2221
28-09-2026,VENETO,ROVIGO,029039,PORTO TOLLE,8493
28-09-2026,VENETO,ROVIGO,029052,PORTO VIRO,13640
28-09-2026,VENETO,ROVIGO,029040,ROSOLINA,6044
28-09-2026,VENETO,ROVIGO,029041,ROVIGO,50803
28-09-2026,VENETO,ROVIGO,029042,SALARA,1043
28-09-2026,VENETO,ROVIGO,029043,SAN BELLINO,1076
28-09-2026,VENETO,ROVIGO,029044,SAN MARTINO DI VENEZZE,3806
28-09-2026,VENETO,ROVIGO,029045,STIENTA,3016
28-09-2026,VENETO,ROVIGO,029046,TAGLIO DI PO,7811
28-09-2026,VENETO,ROVIGO,029047,TRECENTA,2623
28-09-2026,VENETO,ROVIGO,029048,VILLADOSE,4642
28-09-2026,VENETO,ROVIGO,029049,VILLAMARZANA,1106
28-09-2026,VENETO,ROVIGO,029050,VILLANOVA DEL GHEBBO,1927
28-09-2026,VENETO,ROVIGO,029051,VILLANOVA MARCHESANA,876
28-09-2026,VENETO,TREVISO,026001,ALTIVOLE,7017
28-09-2026,VENETO,TREVISO,026002,ARCADE,4493
28-09-2026,VENETO,TREVISO,026003,ASOLO,8958
28-09-2026,VENETO,TREVISO,026004,BORSO DEL GRAPPA,5975
28-09-2026,VENETO,TREVISO,026005,BREDA DI PIAVE,7629
28-09-2026,VENETO,TREVISO,026006,CAERANO DI SAN MARCO,7848
28-09-2026,VENETO,TREVISO,026007,CAPPELLA MAGGIORE,4711
28-09-2026,VENETO,TREVISO,026008,CARBONERA,11245
28-09-2026,VENETO,TREVISO,026009,CASALE SUL SILE,13134
28-09-2026,VENETO,TREVISO,026010,CASIER,11448
28-09-2026,VENETO,TREVISO,026011,CASTELCUCCO,2342
28-09-2026,VENETO,TREVISO,026012,CASTELFRANCO VENETO,33439
28-09-2026,VENETO,TREVISO,026013,CASTELLO DI GODEGO,6976
28-09-2026,VENETO,TREVISO,026014,CAVASO DEL TOMBA,2936
28-09-2026,VENETO,TREVISO,026015,CESSALTO,3818
28-09-2026,VENETO,TREVISO,026016,CHIARANO,3550
28-09-2026,VENETO,TREVISO,026017,CIMADOLMO,3373
28-09-2026,VENETO,TREVISO,026018,CISON DI VALMARINO,2492
28-09-2026,VENETO,TREVISO,026019,CODOGNÈ,5257
28-09-2026,VENETO,TREVISO,026020,COLLE UMBERTO,4962
28-09-2026,VENETO,TREVISO,026021,CONEGLIANO,35144
28-09-2026,VENETO,TREVISO,026022,CORDIGNANO,6748
28-09-2026,VENETO,TREVISO,026023,CORNUDA,6119
28-09-2026,VENETO,TREVISO,026025,CROCETTA DEL MONTELLO,6074
28-09-2026,VENETO,TREVISO,026026,FARRA DI SOLIGO,8541
28-09-2026,VENETO,TREVISO,026027,FOLLINA,3582
28-09-2026,VENETO,TREVISO,026028,FONTANELLE,5570
28-09-2026,VENETO,TREVISO,026029,FONTE,6005
28-09-2026,VENETO,TREVISO,026030,FREGONA,2746
28-09-2026,VENETO,TREVISO,026031,GAIARINE,5949
28-09-2026,VENETO,TREVISO,026032,GIAVERA DEL MONTELLO,5115
28-09-2026,VENETO,TREVISO,026033,GODEGA DI SANT'URBANO,5987
28-09-2026,VENETO,TREVISO,026034,GORGO AL MONTICANO,3963
28-09-2026,VENETO,TREVISO,026035,ISTRANA,9075
28-09-2026,VENETO,TREVISO,026036,LORIA,9332
28-09-2026,VENETO,TREVISO,026037,MANSUÈ,5009
28-09-2026,VENETO,TREVISO,026038,MARENO DI PIAVE,9331
28-09-2026,VENETO,TREVISO,026039,MASER,5158
28-09-2026,VENETO,TREVISO,026040,MASERADA SUL PIAVE,9213
28-09-2026,VENETO,TREVISO,026041,MEDUNA DI LIVENZA,3005
28-09-2026,VENETO,TREVISO,026042,MIANE,3192
28-09-2026,VENETO,TREVISO,026043,MOGLIANO VENETO,28300
28-09-2026,VENETO,TREVISO,026044,MONASTIER DI TREVISO,4478
28-09-2026,VENETO,TREVISO,026045,MONFUMO,1285
28-09-2026,VENETO,TREVISO,026046,MONTEBELLUNA,31087
28-09-2026,VENETO,TREVISO,026047,MORGANO,4563
28-09-2026,VENETO,TREVISO,026048,MORIAGO DELLA BATTAGLIA,2845
28-09-2026,VENETO,TREVISO,026049,MOTTA DI LIVENZA,10544
28-09-2026,VENETO,TREVISO,026050,NERVESA DELLA BATTAGLIA,6589
28-09-2026,VENETO,TREVISO,026051,ODERZO,20208
28-09-2026,VENETO,TREVISO,026052,ORMELLE,4506
28-09-2026,VENETO,TREVISO,026053,ORSAGO,3707
28-09-2026,VENETO,TREVISO,026055,PAESE,22150
28-09-2026,VENETO,TREVISO,026056,PEDEROBBA,7230
28-09-2026,VENETO,TREVISO,026096,PIEVE DEL GRAPPA,6602
28-09-2026,VENETO,TREVISO,026057,PIEVE DI SOLIGO,11510
28-09-2026,VENETO,TREVISO,026058,PONTE DI PIAVE,8324
28-09-2026,VENETO,TREVISO,026059,PONZANO VENETO,13059
28-09-2026,VENETO,TREVISO,026060,PORTOBUFFOLÈ,736
28-09-2026,VENETO,TREVISO,026061,POSSAGNO,2320
28-09-2026,VENETO,TREVISO,026062,POVEGLIANO,5146
28-09-2026,VENETO,TREVISO,026063,PREGANZIOL,16798
28-09-2026,VENETO,TREVISO,026064,QUINTO DI TREVISO,10090
28-09-2026,VENETO,TREVISO,026065,REFRONTOLO,1682
28-09-2026,VENETO,TREVISO,026066,RESANA,9477
28-09-2026,VENETO,TREVISO,026067,REVINE LAGO,2154
28-09-2026,VENETO,TREVISO,026068,RIESE PIO X,10884
28-09-2026,VENETO,TREVISO,026069,RONCADE,14494
28-09-2026,VENETO,TREVISO,026070,SALGAREDA,6544
28-09-2026,VENETO,TREVISO,026071,SAN BIAGIO DI CALLALTA,12717
28-09-2026,VENETO,TREVISO,026072,SAN FIOR,6803
28-09-2026,VENETO,TREVISO,026073,SAN PIETRO DI FELETTO,5117
28-09-2026,VENETO,TREVISO,026074,SAN POLO DI PIAVE,4776
28-09-2026,VENETO,TREVISO,026076,SAN VENDEMIANO,9726
28-09-2026,VENETO,TREVISO,026077,SAN ZENONE DEGLI EZZELINI,7327
28-09-2026,VENETO,TREVISO,026075,SANTA LUCIA DI PIAVE,9104
28-09-2026,VENETO,TREVISO,026078,SARMEDE,2985
28-09-2026,VENETO,TREVISO,026079,SEGUSINO,1799
28-09-2026,VENETO,TREVISO,026080,SERNAGLIA DELLA BATTAGLIA,6140
28-09-2026,VENETO,TREVISO,026081,SILEA,10581
28-09-2026,VENETO,TREVISO,026082,SPRESIANO,12450
28-09-2026,VENETO,TREVISO,026083,SUSEGANA,11794
28-09-2026,VENETO,TREVISO,026084,TARZO,4111
28-09-2026,VENETO,TREVISO,026085,TREVIGNANO,10646
28-09-2026,VENETO,TREVISO,026086,TREVISO,86841
28-09-2026,VENETO,TREVISO,026087,VALDOBBIADENE,9870
28-09-2026,VENETO,TREVISO,026088,VAZZOLA,6695
28-09-2026,VENETO,TREVISO,026089,VEDELAGO,16702
28-09-2026,VENETO,TREVISO,026090,VIDOR,3565
28-09-2026,VENETO,TREVISO,026091,VILLORBA,17575
28-09-2026,VENETO,TREVISO,026092,VITTORIO VENETO,27429
28-09-2026,VENETO,TREVISO,026093,VOLPAGO DEL MONTELLO,10037
28-09-2026,VENETO,TREVISO,026094,ZENSON DI PIAVE,1770
28-09-2026,VENETO,TREVISO,026095,ZERO BRANCO,11757
28-09-2026,VENETO,VENEZIA,027001,ANNONE VENETO,3936
28-09-2026,VENETO,VENEZIA,027002,CAMPAGNA LUPIA,7088
28-09-2026,VENETO,VENEZIA,027003,CAMPOLONGO MAGGIORE,10673
28-09-2026,VENETO,VENEZIA,027004,CAMPONOGARA,12959
28-09-2026,VENETO,VENEZIA,027005,CAORLE,11069
28-09-2026,VENETO,VENEZIA,027044,CAVALLINO-TREPORTI,13099
28-09-2026,VENETO,VENEZIA,027006,CAVARZERE,12760
28-09-2026,VENETO,VENEZIA,027007,CEGGIA,6307
28-09-2026,VENETO,VENEZIA,027008,CHIOGGIA,47103
28-09-2026,VENETO,VENEZIA,027009,CINTO CAOMAGGIORE,3172
28-09-2026,VENETO,VENEZIA,027010,CONA,2720
28-09-2026,VENETO,VENEZIA,027011,CONCORDIA SAGITTARIA,10200
28-09-2026,VENETO,VENEZIA,027012,DOLO,15094
28-09-2026,VENETO,VENEZIA,027013,ERACLEA,11940
28-09-2026,VENETO,VENEZIA,027014,FIESSO D'ARTICO,8732
28-09-2026,VENETO,VENEZIA,027015,FOSSALTA DI PIAVE,4300
28-09-2026,VENETO,VENEZIA,027016,FOSSALTA DI PORTOGRUARO,5747
28-09-2026,VENETO,VENEZIA,027017,FOSSÒ,7171
28-09-2026,VENETO,VENEZIA,027018,GRUARO,2704
28-09-2026,VENETO,VENEZIA,027019,JESOLO,27361
28-09-2026,VENETO,VENEZIA,027020,MARCON,17683
28-09-2026,VENETO,VENEZIA,027021,MARTELLAGO,21225
28-09-2026,VENETO,VENEZIA,027022,MEOLO,6135
28-09-2026,VENETO,VENEZIA,027023,MIRA,37617
28-09-2026,VENETO,VENEZIA,027024,MIRANO,27113
28-09-2026,VENETO,VENEZIA,027025,MUSILE DI PIAVE,11407
28-09-2026,VENETO,VENEZIA,027026,NOALE,16242
28-09-2026,VENETO,VENEZIA,027027,NOVENTA DI PIAVE,7046
28-09-2026,VENETO,VENEZIA,027028,PIANIGA,12272
28-09-2026,VENETO,VENEZIA,027029,PORTOGRUARO,24263
28-09-2026,VENETO,VENEZIA,027030,PRAMAGGIORE,4731
28-09-2026,VENETO,VENEZIA,027031,QUARTO D'ALTINO,8014
28-09-2026,VENETO,VENEZIA,027032,SALZANO,12816
28-09-2026,VENETO,VENEZIA,027033,SAN DONÀ DI PIAVE,42515
28-09-2026,VENETO,VENEZIA,027034,SAN MICHELE AL TAGLIAMENTO,11378
28-09-2026,VENETO,VENEZIA,027036,SAN STINO DI LIVENZA,12721
28-09-2026,VENETO,VENEZIA,027035,SANTA MARIA DI SALA,17487
28-09-2026,VENETO,VENEZIA,027037,SCORZÈ,19050
28-09-2026,VENETO,VENEZIA,027038,SPINEA,27945
28-09-2026,VENETO,VENEZIA,027039,STRA,7529
28-09-2026,VENETO,VENEZIA,027040,TEGLIO VENETO,2229
28-09-2026,VENETO,VENEZIA,027041,TORRE DI MOSTO,4778
28-09-2026,VENETO,VENEZIA,027042,VENEZIA,252408
28-09-2026,VENETO,VENEZIA,027043,VIGONOVO,9888
28-09-2026,VENETO,VERONA,023001,AFFI,2530
28-09-2026,VENETO,VERONA,023002,ALBAREDO D'ADIGE,5279
28-09-2026,VENETO,VERONA,023003,ANGIARI,2562
28-09-2026,VENETO,VERONA,023004,ARCOLE,6389
28-09-2026,VENETO,VERONA,023005,BADIA CALAVENA,2722
28-09-2026,VENETO,VERONA,023006,BARDOLINO,6897
28-09-2026,VENETO,VERONA,023007,BELFIORE,3412
28-09-2026,VENETO,VERONA,023008,BEVILACQUA,1812
28-09-2026,VENETO,VERONA,023009,BONAVIGO,2062
28-09-2026,VENETO,VERONA,023010,BOSCHI SANT'ANNA,1412
28-09-2026,VENETO,VERONA,023011,BOSCO CHIESANUOVA,3642
28-09-2026,VENETO,VERONA,023012,BOVOLONE,16440
28-09-2026,VENETO,VERONA,023013,BRENTINO BELLUNO,1348
28-09-2026,VENETO,VERONA,023014,BRENZONE SUL GARDA,2427
28-09-2026,VENETO,VERONA,023015,BUSSOLENGO,21051
28-09-2026,VENETO,VERONA,023016,BUTTAPIETRA,7041
28-09-2026,VENETO,VERONA,023017,CALDIERO,8237
28-09-2026,VENETO,VERONA,023018,CAPRINO VERONESE,8859
28-09-2026,VENETO,VERONA,023019,CASALEONE,5697
28-09-2026,VENETO,VERONA,023020,CASTAGNARO,3514
28-09-2026,VENETO,VERONA,023021,CASTEL D'AZZANO,12392
28-09-2026,VENETO,VERONA,023022,CASTELNUOVO DEL GARDA,13429
28-09-2026,VENETO,VERONA,023023,CAVAION VERONESE,6026
28-09-2026,VENETO,VERONA,023024,CAZZANO DI TRAMIGNA,1472
28-09-2026,VENETO,VERONA,023025,CEREA,17338
28-09-2026,VENETO,VERONA,023026,CERRO VERONESE,2722
28-09-2026,VENETO,VERONA,023027,COLOGNA VENETA,8591
28-09-2026,VENETO,VERONA,023028,COLOGNOLA AI COLLI,8835
28-09-2026,VENETO,VERONA,023029,CONCAMARISE,1060
28-09-2026,VENETO,VERONA,023030,COSTERMANO SUL GARDA,4007
28-09-2026,VENETO,VERONA,023031,DOLCÈ,2521
28-09-2026,VENETO,VERONA,023033,ERBEZZO,838
28-09-2026,VENETO,VERONA,023032,ERBÈ,1937
28-09-2026,VENETO,VERONA,023034,FERRARA DI MONTE BALDO,304
28-09-2026,VENETO,VERONA,023035,FUMANE,4259
28-09-2026,VENETO,VERONA,023036,GARDA,4063
28-09-2026,VENETO,VERONA,023037,GAZZO VERONESE,5255
28-09-2026,VENETO,VERONA,023038,GREZZANA,10800
28-09-2026,VENETO,VERONA,023039,ILLASI,5167
28-09-2026,VENETO,VERONA,023040,ISOLA DELLA SCALA,11847
28-09-2026,VENETO,VERONA,023041,ISOLA RIZZA,3310
28-09-2026,VENETO,VERONA,023042,LAVAGNO,8817
28-09-2026,VENETO,VERONA,023043,LAZISE,6755
28-09-2026,VENETO,VERONA,023044,LEGNAGO,26176
28-09-2026,VENETO,VERONA,023045,MALCESINE,3478
28-09-2026,VENETO,VERONA,023046,MARANO DI VALPOLICELLA,3069
28-09-2026,VENETO,VERONA,023047,MEZZANE DI SOTTO,2468
28-09-2026,VENETO,VERONA,023048,MINERBE,4660
28-09-2026,VENETO,VERONA,023049,MONTECCHIA DI CROSARA,4333
28-09-2026,VENETO,VERONA,023050,MONTEFORTE D'ALPONE,9037
28-09-2026,VENETO,VERONA,023051,MOZZECANE,8266
28-09-2026,VENETO,VERONA,023052,NEGRAR DI VALPOLICELLA,16523
28-09-2026,VENETO,VERONA,023053,NOGARA,8618
28-09-2026,VENETO,VERONA,023054,NOGAROLE ROCCA,3968
28-09-2026,VENETO,VERONA,023055,OPPEANO,10487
28-09-2026,VENETO,VERONA,023056,PALÙ,1188
28-09-2026,VENETO,VERONA,023057,PASTRENGO,3079
28-09-2026,VENETO,VERONA,023058,PESCANTINA,17808
28-09-2026,VENETO,VERONA,023059,PESCHIERA DEL GARDA,10974
28-09-2026,VENETO,VERONA,023060,POVEGLIANO VERONESE,7375
28-09-2026,VENETO,VERONA,023061,PRESSANA,2543
28-09-2026,VENETO,VERONA,023062,RIVOLI VERONESE,2373
28-09-2026,VENETO,VERONA,023064,RONCO ALL'ADIGE,6233
28-09-2026,VENETO,VERONA,023063,RONCÀ,3751
28-09-2026,VENETO,VERONA,023065,ROVERCHIARA,2576
28-09-2026,VENETO,VERONA,023066,ROVEREDO DI GUÀ,1645
28-09-2026,VENETO,VERONA,023067,ROVERÈ VERONESE,2211
28-09-2026,VENETO,VERONA,023068,SALIZZOLE,3729
28-09-2026,VENETO,VERONA,023069,SAN BONIFACIO,21562
28-09-2026,VENETO,VERONA,023070,SAN GIOVANNI ILARIONE,4840
28-09-2026,VENETO,VERONA,023071,SAN GIOVANNI LUPATOTO,25629
28-09-2026,VENETO,VERONA,023073,SAN MARTINO BUON ALBERGO,16815
28-09-2026,VENETO,VERONA,023074,SAN MAURO DI SALINE,592
28-09-2026,VENETO,VERONA,023075,SAN PIETRO DI MORUBIO,3182
28-09-2026,VENETO,VERONA,023076,SAN PIETRO IN CARIANO,12990
28-09-2026,VENETO,VERONA,023079,SAN ZENO DI MONTAGNA,1562
28-09-2026,VENETO,VERONA,023072,SANGUINETTO,4407
28-09-2026,VENETO,VERONA,023077,SANT'AMBROGIO DI VALPOLICELLA,11894
28-09-2026,VENETO,VERONA,023078,SANT'ANNA D'ALFAEDO,2690
28-09-2026,VENETO,VERONA,023080,SELVA DI PROGNO,920
28-09-2026,VENETO,VERONA,023081,SOAVE,7206
28-09-2026,VENETO,VERONA,023082,SOMMACAMPAGNA,14554
28-09-2026,VENETO,VERONA,023083,SONA,17776
28-09-2026,VENETO,VERONA,023084,SORGÀ,3011
28-09-2026,VENETO,VERONA,023085,TERRAZZO,2164
28-09-2026,VENETO,VERONA,023086,TORRI DEL BENACO,2881
28-09-2026,VENETO,VERONA,023087,TREGNAGO,5060
28-09-2026,VENETO,VERONA,023088,TREVENZUOLO,2799
28-09-2026,VENETO,VERONA,023089,VALEGGIO SUL MINCIO,16039
28-09-2026,VENETO,VERONA,023090,VELO VERONESE,776
28-09-2026,VENETO,VERONA,023091,VERONA,256009
28-09-2026,VENETO,VERONA,023092,VERONELLA,5285
28-09-2026,VENETO,VERONA,023093,VESTENANOVA,2499
28-09-2026,VENETO,VERONA,023094,VIGASIO,10340
28-09-2026,VENETO,VERONA,023095,VILLA BARTOLOMEA,5892
28-09-2026,VENETO,VERONA,023096,VILLAFRANCA DI VERONA,32844
28-09-2026,VENETO,VERONA,023097,ZEVIO,16000
28-09-2026,VENETO,VERONA,023098,ZIMELLA,4905
28-09-2026,VENETO,VICENZA,024001,AGUGLIARO,1400
28-09-2026,VENETO,VICENZA,024002,ALBETTONE,1957
28-09-2026,VENETO,VICENZA,024003,ALONTE,1550
28-09-2026,VENETO,VICENZA,024004,ALTAVILLA VICENTINA,11730
28-09-2026,VENETO,VICENZA,024005,ALTISSIMO,2161
28-09-2026,VENETO,VICENZA,024006,ARCUGNANO,7605
28-09-2026,VENETO,VICENZA,024007,ARSIERO,3072
28-09-2026,VENETO,VICENZA,024008,ARZIGNANO,26147
28-09-2026,VENETO,VICENZA,024009,ASIAGO,6185
28-09-2026,VENETO,VICENZA,024010,ASIGLIANO VENETO,849
28-09-2026,VENETO,VICENZA,024124,BARBARANO MOSSANO,6300
28-09-2026,VENETO,VICENZA,024012,BASSANO DEL GRAPPA,42595
28-09-2026,VENETO,VICENZA,024013,BOLZANO VICENTINO,6497
28-09-2026,VENETO,VICENZA,024014,BREGANZE,8270
28-09-2026,VENETO,VICENZA,024015,BRENDOLA,6646
28-09-2026,VENETO,VICENZA,024016,BRESSANVIDO,3112
28-09-2026,VENETO,VICENZA,024017,BROGLIANO,4053
28-09-2026,VENETO,VICENZA,024018,CALDOGNO,11337
28-09-2026,VENETO,VICENZA,024019,CALTRANO,2550
28-09-2026,VENETO,VICENZA,024020,CALVENE,1269
28-09-2026,VENETO,VICENZA,024021,CAMISANO VICENTINO,11187
28-09-2026,VENETO,VICENZA,024022,CAMPIGLIA DEI BERICI,1674
28-09-2026,VENETO,VICENZA,024024,CARRÈ,3436
28-09-2026,VENETO,VICENZA,024025,CARTIGLIANO,3690
28-09-2026,VENETO,VICENZA,024026,CASSOLA,15577
28-09-2026,VENETO,VICENZA,024129,CASTEGNERO NANTO,5848
28-09-2026,VENETO,VICENZA,024028,CASTELGOMBERTO,6185
28-09-2026,VENETO,VICENZA,024029,CHIAMPO,12641
28-09-2026,VENETO,VICENZA,024030,CHIUPPANO,2549
28-09-2026,VENETO,VICENZA,024032,COGOLLO DEL CENGIO,3126
28-09-2026,VENETO,VICENZA,024126,COLCERESA,5960
28-09-2026,VENETO,VICENZA,024034,CORNEDO VICENTINO,11805
28-09-2026,VENETO,VICENZA,024035,COSTABISSARA,7690
28-09-2026,VENETO,VICENZA,024036,CREAZZO,11270
28-09-2026,VENETO,VICENZA,024037,CRESPADORO,1270
28-09-2026,VENETO,VICENZA,024038,DUEVILLE,13618
28-09-2026,VENETO,VICENZA,024039,ENEGO,1493
28-09-2026,VENETO,VICENZA,024040,FARA VICENTINO,3688
28-09-2026,VENETO,VICENZA,024041,FOZA,678
28-09-2026,VENETO,VICENZA,024042,GALLIO,2365
28-09-2026,VENETO,VICENZA,024043,GAMBELLARA,3497
28-09-2026,VENETO,VICENZA,024046,GRISIGNANO DI ZOCCO,4298
28-09-2026,VENETO,VICENZA,024047,GRUMOLO DELLE ABBADESSE,3914
28-09-2026,VENETO,VICENZA,024048,ISOLA VICENTINA,10277
28-09-2026,VENETO,VICENZA,024049,LAGHI,139
28-09-2026,VENETO,VICENZA,024050,LASTEBASSE,167
28-09-2026,VENETO,VICENZA,024051,LONGARE,5476
28-09-2026,VENETO,VICENZA,024052,LONIGO,16182
28-09-2026,VENETO,VICENZA,024053,LUGO DI VICENZA,3477
28-09-2026,VENETO,VICENZA,024127,LUSIANA CONCO,4588
28-09-2026,VENETO,VICENZA,024055,MALO,14623
28-09-2026,VENETO,VICENZA,024056,MARANO VICENTINO,9214
28-09-2026,VENETO,VICENZA,024057,MAROSTICA,14154
28-09-2026,VENETO,VICENZA,024063,MONTE DI MALO,2829
28-09-2026,VENETO,VICENZA,024060,MONTEBELLO VICENTINO,6345
28-09-2026,VENETO,VICENZA,024061,MONTECCHIO MAGGIORE,24274
28-09-2026,VENETO,VICENZA,024062,MONTECCHIO PRECALCINO,4848
28-09-2026,VENETO,VICENZA,024064,MONTEGALDA,3328
28-09-2026,VENETO,VICENZA,024065,MONTEGALDELLA,1782
28-09-2026,VENETO,VICENZA,024066,MONTEVIALE,2791
28-09-2026,VENETO,VICENZA,024067,MONTICELLO CONTE OTTO,9108
28-09-2026,VENETO,VICENZA,024068,MONTORSO VICENTINO,3020
28-09-2026,VENETO,VICENZA,024070,MUSSOLENTE,7513
28-09-2026,VENETO,VICENZA,024072,NOGAROLE VICENTINO,1281
28-09-2026,VENETO,VICENZA,024073,NOVE,4868
28-09-2026,VENETO,VICENZA,024074,NOVENTA VICENTINA,9295
28-09-2026,VENETO,VICENZA,024075,ORGIANO,2956
28-09-2026,VENETO,VICENZA,024076,PEDEMONTE,671
28-09-2026,VENETO,VICENZA,024077,PIANEZZE,2229
28-09-2026,VENETO,VICENZA,024078,PIOVENE ROCCHETTE,8404
28-09-2026,VENETO,VICENZA,024079,POJANA MAGGIORE,4276
28-09-2026,VENETO,VICENZA,024080,POSINA,589
28-09-2026,VENETO,VICENZA,024081,POVE DEL GRAPPA,3127
28-09-2026,VENETO,VICENZA,024082,POZZOLEONE,2765
28-09-2026,VENETO,VICENZA,024083,QUINTO VICENTINO,5847
28-09-2026,VENETO,VICENZA,024084,RECOARO TERME,5729
28-09-2026,VENETO,VICENZA,024085,ROANA,4197
28-09-2026,VENETO,VICENZA,024086,ROMANO D'EZZELINO,13975
28-09-2026,VENETO,VICENZA,024088,ROSSANO VENETO,8322
28-09-2026,VENETO,VICENZA,024087,ROSÀ,14646
28-09-2026,VENETO,VICENZA,024089,ROTZO,645
28-09-2026,VENETO,VICENZA,024090,SALCEDO,997
28-09-2026,VENETO,VICENZA,024094,SAN PIETRO MUSSOLINO,1527
28-09-2026,VENETO,VICENZA,024096,SAN VITO DI LEGUZZANO,3518
28-09-2026,VENETO,VICENZA,024091,SANDRIGO,8275
28-09-2026,VENETO,VICENZA,024095,SANTORSO,5605
28-09-2026,VENETO,VICENZA,024097,SARCEDO,5296
28-09-2026,VENETO,VICENZA,024098,SAREGO,6883
28-09-2026,VENETO,VICENZA,024099,SCHIAVON,2637
28-09-2026,VENETO,VICENZA,024100,SCHIO,39115
28-09-2026,VENETO,VICENZA,024101,SOLAGNA,1822
28-09-2026,VENETO,VICENZA,024102,SOSSANO,4136
28-09-2026,VENETO,VICENZA,024128,SOVIZZO,8289
28-09-2026,VENETO,VICENZA,024104,TEZZE SUL BRENTA,13081
28-09-2026,VENETO,VICENZA,024105,THIENE,24623
28-09-2026,VENETO,VICENZA,024106,TONEZZA DEL CIMONE,504
28-09-2026,VENETO,VICENZA,024107,TORREBELVICINO,5833
28-09-2026,VENETO,VICENZA,024108,TORRI DI QUARTESOLO,11666
28-09-2026,VENETO,VICENZA,024110,TRISSINO,8629
28-09-2026,VENETO,VICENZA,024123,VAL LIONA,3104
28-09-2026,VENETO,VICENZA,024125,VALBRENTA,4910
28-09-2026,VENETO,VICENZA,024111,VALDAGNO,25927
28-09-2026,VENETO,VICENZA,024112,VALDASTICO,1177
28-09-2026,VENETO,VICENZA,024113,VALLI DEL PASUBIO,3008
28-09-2026,VENETO,VICENZA,024115,VELO D'ASTICO,2244
28-09-2026,VENETO,VICENZA,024116,VICENZA,111809
28-09-2026,VENETO,VICENZA,024117,VILLAGA,1914
28-09-2026,VENETO,VICENZA,024118,VILLAVERLA,5993
28-09-2026,VENETO,VICENZA,024119,ZANÈ,6471
28-09-2026,VENETO,VICENZA,024120,ZERMEGHEDO,1324
28-09-2026,VENETO,VICENZA,024121,ZOVENCEDO,815
28-09-2026,VENETO,VICENZA,024122,ZUGLIANO,6889